// Korean bitmap font: JetBrains Mono NL (Latin) + Noto Sans KR (Hangul KS X 1001)
// ASCII: 95, Symbols: 46, CJK Punct: 64
// Hangul: 2343, Jamo: 95, Fullwidth: 94
// Render: Latin 48px, CJK 36px -> 18px
// Total: 2749 glyphs, 112709 bytes
// Ported from kuroanji/InkHUD2's font_generator output (KoreanFont18px.h), symbols renamed to KoreanFont18px*

#pragma once

#include <stdint.h>
#ifdef __AVR__
#include <avr/pgmspace.h>
#else
#define PROGMEM
#endif

#include "graphics/niche/Fonts/CJK/CJKFont.h"

namespace NicheGraphics {

const uint8_t KoreanFont18px_Bitmap[] PROGMEM = {
    0x00, 0x00, 0x00, 0x00, 0x00, 0x00, 0x00, 0x00, 0x00, 0x00, 0x00, 0x00, 0x00, 0x00, 0x00, 0x00,
    0x00, 0x00, 0x00, 0x00, 0x00, 0x00, 0x00, 0x00, 0x00, 0x00, 0x00, 0x00, 0x00, 0x00, 0x00, 0x00,
    0x00, 0x00, 0x00, 0x00, 0x00, 0x00, 0x00, 0x00, 0x00, 0x00, 0x00, 0x00, 0x00, 0x00, 0x0C, 0x00,
    0x03, 0x00, 0x00, 0xC0, 0x00, 0x30, 0x00, 0x0C, 0x00, 0x03, 0x00, 0x00, 0xC0, 0x00, 0x30, 0x00,
    0x0C, 0x00, 0x00, 0x00, 0x00, 0x00, 0x00, 0x38, 0x00, 0x0E, 0x00, 0x00, 0x00, 0x00, 0x00, 0x00,
    0x00, 0x00, 0x00, 0x00, 0x00, 0x00, 0x00, 0x33, 0x00, 0x0C, 0xC0, 0x03, 0x30, 0x00, 0xCC, 0x00,
    0x33, 0x00, 0x00, 0x00, 0x00, 0x00, 0x00, 0x00, 0x00, 0x00, 0x00, 0x00, 0x00, 0x00, 0x00, 0x00,
    0x00, 0x00, 0x00, 0x00, 0x00, 0x00, 0x00, 0x00, 0x00, 0x00, 0x00, 0x00, 0x00, 0x00, 0x00, 0x00,
    0x19, 0x80, 0x06, 0x60, 0x01, 0x98, 0x01, 0xFF, 0x00, 0x7F, 0xC0, 0x0C, 0xC0, 0x03, 0x30, 0x00,
    0xCC, 0x00, 0xFF, 0xC0, 0x1F, 0xE0, 0x06, 0x20, 0x01, 0x98, 0x00, 0x66, 0x00, 0x00, 0x00, 0x00,
    0x00, 0x00, 0x00, 0x00, 0x00, 0xC0, 0x00, 0x30, 0x00, 0x3F, 0x00, 0x0F, 0xE0, 0x06, 0xD8, 0x01,
    0xB2, 0x00, 0x7C, 0x00, 0x0F, 0x00, 0x01, 0xF0, 0x00, 0x3E, 0x00, 0x0D, 0x80, 0x1B, 0x70, 0x06,
    0xD8, 0x01, 0xFE, 0x00, 0x3F, 0x00, 0x03, 0x00, 0x00, 0xC0, 0x00, 0x30, 0x00, 0x00, 0x00, 0x00,
    0x00, 0x00, 0x78, 0x60, 0x3F, 0x30, 0x0C, 0xD8, 0x03, 0x36, 0x00, 0xFB, 0x00, 0x1F, 0x80, 0x00,
    0x40, 0x00, 0x3F, 0x00, 0x1B, 0xE0, 0x0D, 0x98, 0x03, 0x66, 0x01, 0x8F, 0x80, 0xC3, 0xC0, 0x00,
    0x00, 0x00, 0x00, 0x00, 0x00, 0x00, 0x00, 0x00, 0x00, 0x00, 0x00, 0x3E, 0x00, 0x1F, 0xC0, 0x06,
    0x30, 0x01, 0x80, 0x00, 0x30, 0x00, 0x1E, 0x00, 0x0F, 0xCC, 0x03, 0x3F, 0x00, 0xC7, 0x80, 0x30,
    0xC0, 0x0C, 0x78, 0x03, 0xF7, 0x00, 0x78, 0xC0, 0x00, 0x00, 0x00, 0x00, 0x00, 0x00, 0x00, 0x00,
    0x00, 0x00, 0x00, 0x00, 0x0C, 0x00, 0x03, 0x00, 0x00, 0xC0, 0x00, 0x30, 0x00, 0x0C, 0x00, 0x00,
    0x00, 0x00, 0x00, 0x00, 0x00, 0x00, 0x00, 0x00, 0x00, 0x00, 0x00, 0x00, 0x00, 0x00, 0x00, 0x00,
    0x00, 0x00, 0x00, 0x00, 0x00, 0x00, 0x00, 0x00, 0x00, 0x70, 0x00, 0x3C, 0x00, 0x1C, 0x00, 0x06,
    0x00, 0x03, 0x80, 0x00, 0xC0, 0x00, 0x30, 0x00, 0x0C, 0x00, 0x03, 0x00, 0x00, 0xC0, 0x00, 0x30,
    0x00, 0x0C, 0x00, 0x03, 0x80, 0x00, 0x60, 0x00, 0x1C, 0x00, 0x03, 0xC0, 0x00, 0x70, 0x00, 0x00,
    0x00, 0x03, 0x80, 0x00, 0x70, 0x00, 0x0E, 0x00, 0x01, 0x80, 0x00, 0x30, 0x00, 0x0C, 0x00, 0x03,
    0x00, 0x00, 0xC0, 0x00, 0x30, 0x00, 0x0C, 0x00, 0x03, 0x00, 0x00, 0xC0, 0x00, 0x30, 0x00, 0x18,
    0x00, 0x0E, 0x00, 0x07, 0x00, 0x03, 0x80, 0x00, 0x00, 0x00, 0x00, 0x00, 0x00, 0x00, 0x00, 0x00,
    0x00, 0x01, 0x00, 0x00, 0x60, 0x00, 0x18, 0x00, 0x64, 0xC0, 0x1F, 0xF0, 0x03, 0xF8, 0x00, 0x38,
    0x00, 0x1B, 0x00, 0x0E, 0xE0, 0x03, 0x18, 0x00, 0x00, 0x00, 0x00, 0x00, 0x00, 0x00, 0x00, 0x00,
    0x00, 0x00, 0x00, 0x00, 0x00, 0x00, 0x00, 0x00, 0x00, 0x00, 0x00, 0x00, 0x00, 0xC0, 0x00, 0x30,
    0x00, 0x0C, 0x00, 0x03, 0x00, 0x07, 0xFC, 0x01, 0xFF, 0x00, 0x0C, 0x00, 0x03, 0x00, 0x00, 0xC0,
    0x00, 0x00, 0x00, 0x00, 0x00, 0x00, 0x00, 0x00, 0x00, 0x00, 0x00, 0x00, 0x00, 0x00, 0x00, 0x00,
    0x00, 0x00, 0x00, 0x00, 0x00, 0x00, 0x00, 0x00, 0x00, 0x00, 0x00, 0x00, 0x00, 0x00, 0x00, 0x00,
    0x00, 0x00, 0x00, 0x00, 0x00, 0x00, 0x00, 0x00, 0x60, 0x00, 0x38, 0x00, 0x0E, 0x00, 0x03, 0x00,
    0x00, 0xC0, 0x00, 0x30, 0x00, 0x00, 0x00, 0x00, 0x00, 0x00, 0x00, 0x00, 0x00, 0x00, 0x00, 0x00,
    0x00, 0x00, 0x00, 0x00, 0x00, 0x00, 0x00, 0x03, 0xF0, 0x00, 0xFC, 0x00, 0x00, 0x00, 0x00, 0x00,
    0x00, 0x00, 0x00, 0x00, 0x00, 0x00, 0x00, 0x00, 0x00, 0x00, 0x00, 0x00, 0x00, 0x00, 0x00, 0x00,
    0x00, 0x00, 0x00, 0x00, 0x00, 0x00, 0x00, 0x00, 0x00, 0x00, 0x00, 0x00, 0x00, 0x00, 0x00, 0x00,
    0x00, 0x00, 0x00, 0x00, 0x00, 0x00, 0x00, 0x00, 0x00, 0x00, 0xE0, 0x00, 0x78, 0x00, 0x0E, 0x00,
    0x00, 0x00, 0x00, 0x00, 0x00, 0x00, 0x00, 0x00, 0x1C, 0x00, 0x06, 0x00, 0x01, 0x80, 0x00, 0xC0,
    0x00, 0x30, 0x00, 0x0C, 0x00, 0x06, 0x00, 0x01, 0x80, 0x00, 0xE0, 0x00, 0x30, 0x00, 0x0C, 0x00,
    0x06, 0x00, 0x01, 0x80, 0x00, 0x60, 0x00, 0x30, 0x00, 0x0C, 0x00, 0x07, 0x00, 0x00, 0x00, 0x00,
    0x00, 0x00, 0x00, 0x00, 0x00, 0x3F, 0x00, 0x0F, 0xE0, 0x06, 0x18, 0x01, 0x86, 0x00, 0x61, 0x80,
    0x1B, 0x60, 0x06, 0xD8, 0x01, 0x86, 0x00, 0x61, 0x80, 0x18, 0x60, 0x06, 0x18, 0x00, 0xFE, 0x00,
    0x1F, 0x00, 0x00, 0x00, 0x00, 0x00, 0x00, 0x00, 0x00, 0x00, 0x00, 0x00, 0x00, 0x00, 0x1E, 0x00,
    0x0F, 0x80, 0x07, 0x60, 0x01, 0x98, 0x00, 0x06, 0x00, 0x01, 0x80, 0x00, 0x60, 0x00, 0x18, 0x00,
    0x06, 0x00, 0x01, 0x80, 0x00, 0x60, 0x00, 0xFE, 0x00, 0x7F, 0xC0, 0x00, 0x00, 0x00, 0x00, 0x00,
    0x00, 0x00, 0x00, 0x00, 0x00, 0x00, 0x00, 0x3F, 0x00, 0x1F, 0xE0, 0x06, 0x18, 0x01, 0x86, 0x00,
    0x01, 0x80, 0x00, 0x60, 0x00, 0x30, 0x00, 0x1C, 0x00, 0x0E, 0x00, 0x07, 0x00, 0x03, 0x80, 0x01,
    0xFE, 0x00, 0x7F, 0xC0, 0x00, 0x00, 0x00, 0x00, 0x00, 0x00, 0x00, 0x00, 0x00, 0x00, 0x00, 0x00,
    0x7F, 0x80, 0x0E, 0xE0, 0x00, 0x30, 0x00, 0x18, 0x00, 0x0E, 0x00, 0x03, 0xE0, 0x00, 0x18, 0x00,
    0x06, 0x00, 0x01, 0xC0, 0x18, 0x70, 0x07, 0x18, 0x00, 0xFE, 0x00, 0x1F, 0x00, 0x00, 0x00, 0x00,
    0x00, 0x00, 0x00, 0x00, 0x00, 0x00, 0x00, 0x00, 0x00, 0x03, 0x00, 0x01, 0x80, 0x00, 0xE0, 0x00,
    0x30, 0x00, 0x18, 0x00, 0x06, 0x60, 0x03, 0x18, 0x01, 0x86, 0x00, 0x7F, 0x80, 0x1F, 0xE0, 0x00,
    0x18, 0x00, 0x06, 0x00, 0x01, 0x80, 0x00, 0x00, 0x00, 0x00, 0x00, 0x00, 0x00, 0x00, 0x00, 0x00,
    0x00, 0x00, 0x3F, 0x80, 0x0D, 0xC0, 0x03, 0x00, 0x00, 0xC0, 0x00, 0x3E, 0x00, 0x0F, 0xE0, 0x00,
    0x18, 0x00, 0x07, 0x00, 0x00, 0xC0, 0x18, 0x30, 0x07, 0x18, 0x00, 0xFE, 0x00, 0x1F, 0x00, 0x00,
    0x00, 0x00, 0x00, 0x00, 0x00, 0x00, 0x00, 0x00, 0x00, 0x00, 0x00, 0x06, 0x00, 0x03, 0x00, 0x01,
    0xC0, 0x00, 0x60, 0x00, 0x3E, 0x00, 0x0F, 0xC0, 0x07, 0x38, 0x01, 0x86, 0x00, 0x60, 0xC0, 0x18,
    0x30, 0x06, 0x18, 0x01, 0xFE, 0x00, 0x3F, 0x00, 0x00, 0x00, 0x00, 0x00, 0x00, 0x00, 0x00, 0x00,
    0x00, 0x00, 0x00, 0x00, 0x7F, 0x80, 0x1B, 0x60, 0x06, 0x18, 0x01, 0x0E, 0x00, 0x03, 0x00, 0x00,
    0xC0, 0x00, 0x60, 0x00, 0x18, 0x00, 0x0E, 0x00, 0x03, 0x00, 0x00, 0xC0, 0x00, 0x60, 0x00, 0x18,
    0x00, 0x00, 0x00, 0x00, 0x00, 0x00, 0x00, 0x00, 0x00, 0x00, 0x00, 0x00, 0x00, 0x3F, 0x00, 0x0F,
    0xE0, 0x06, 0x18, 0x01, 0x86, 0x00, 0x71, 0x80, 0x0F, 0xC0, 0x03, 0xF0, 0x01, 0xC6, 0x00, 0x61,
    0xC0, 0x18, 0x30, 0x06, 0x18, 0x01, 0xFE, 0x00, 0x3F, 0x00, 0x00, 0x00, 0x00, 0x00, 0x00, 0x00,
    0x00, 0x00, 0x00, 0x00, 0x00, 0x00, 0x3F, 0x00, 0x1F, 0xE0, 0x06, 0x18, 0x01, 0x83, 0x00, 0x60,
    0xC0, 0x18, 0x60, 0x07, 0xF8, 0x00, 0xFE, 0x00, 0x03, 0x00, 0x01, 0x80, 0x00, 0xE0, 0x00, 0x30,
    0x00, 0x1C, 0x00, 0x00, 0x00, 0x00, 0x00, 0x00, 0x00, 0x00, 0x00, 0x00, 0x00, 0x00, 0x00, 0x00,
    0x00, 0x00, 0x00, 0x00, 0x00, 0x00, 0x38, 0x00, 0x1E, 0x00, 0x03, 0x00, 0x00, 0x00, 0x00, 0x00,
    0x00, 0x00, 0x00, 0x00, 0x00, 0x00, 0xC0, 0x00, 0x78, 0x00, 0x0E, 0x00, 0x00, 0x00, 0x00, 0x00,
    0x00, 0x00, 0x00, 0x00, 0x00, 0x00, 0x00, 0x00, 0x00, 0x00, 0x00, 0x00, 0x00, 0x00, 0x00, 0x38,
    0x00, 0x1E, 0x00, 0x03, 0x00, 0x00, 0x00, 0x00, 0x00, 0x00, 0x00, 0x00, 0x00, 0x00, 0x00, 0xC0,
    0x00, 0x30, 0x00, 0x0C, 0x00, 0x03, 0x00, 0x01, 0xC0, 0x00, 0x60, 0x00, 0x00, 0x00, 0x00, 0x00,
    0x00, 0x00, 0x00, 0x00, 0x00, 0x00, 0x08, 0x00, 0x0E, 0x00, 0x0F, 0x00, 0x0F, 0x00, 0x07, 0x00,
    0x01, 0xC0, 0x00, 0x3C, 0x00, 0x03, 0xC0, 0x00, 0x38, 0x00, 0x02, 0x00, 0x00, 0x00, 0x00, 0x00,
    0x00, 0x00, 0x00, 0x00, 0x00, 0x00, 0x00, 0x00, 0x00, 0x00, 0x00, 0x00, 0x00, 0x00, 0x00, 0x00,
    0x00, 0x00, 0x00, 0x7F, 0x80, 0x1F, 0xE0, 0x00, 0x00, 0x00, 0x00, 0x00, 0x7F, 0x80, 0x1F, 0xE0,
    0x00, 0x00, 0x00, 0x00, 0x00, 0x00, 0x00, 0x00, 0x00, 0x00, 0x00, 0x00, 0x00, 0x00, 0x00, 0x00,
    0x00, 0x00, 0x00, 0x00, 0x00, 0x00, 0x00, 0x04, 0x00, 0x01, 0xC0, 0x00, 0x3C, 0x00, 0x03, 0xC0,
    0x00, 0x38, 0x00, 0x0E, 0x00, 0x0F, 0x00, 0x0F, 0x00, 0x07, 0x00, 0x01, 0x80, 0x00, 0x00, 0x00,
    0x00, 0x00, 0x00, 0x00, 0x00, 0x00, 0x00, 0x00, 0x00, 0x00, 0x00, 0x00, 0x3E, 0x00, 0x07, 0xC0,
    0x00, 0x18, 0x00, 0x06, 0x00, 0x01, 0x80, 0x01, 0xC0, 0x01, 0xF0, 0x00, 0x70, 0x00, 0x18, 0x00,
    0x00, 0x00, 0x00, 0x80, 0x00, 0x70, 0x00, 0x1C, 0x00, 0x00, 0x00, 0x00, 0x00, 0x00, 0x00, 0x00,
    0x00, 0x00, 0x00, 0x00, 0x00, 0x3F, 0x00, 0x1F, 0xE0, 0x06, 0x0C, 0x01, 0x83, 0x00, 0xC7, 0xC0,
    0x33, 0xF0, 0x0C, 0xCC, 0x03, 0x33, 0x00, 0xCC, 0xC0, 0x33, 0x30, 0x0C, 0xCC, 0x03, 0x1E, 0x00,
    0xC3, 0x00, 0x18, 0x00, 0x07, 0x00, 0x00, 0xFC, 0x00, 0x00, 0x00, 0x00, 0x00, 0x00, 0x0E, 0x00,
    0x07, 0x80, 0x01, 0xE0, 0x00, 0x78, 0x00, 0x1B, 0x00, 0x0C, 0xC0, 0x03, 0x30, 0x00, 0xCC, 0x00,
    0x3F, 0x80, 0x1F, 0xE0, 0x06, 0x18, 0x01, 0x86, 0x00, 0x60, 0xC0, 0x00, 0x00, 0x00, 0x00, 0x00,
    0x00, 0x00, 0x00, 0x00, 0x00, 0x00, 0x00, 0x7F, 0x00, 0x1D, 0xE0, 0x06, 0x18, 0x01, 0x86, 0x00,
    0x61, 0x80, 0x1F, 0xC0, 0x07, 0xF0, 0x01, 0x86, 0x00, 0x61, 0x80, 0x18, 0x70, 0x06, 0x18, 0x01,
    0xFE, 0x00, 0x7F, 0x00, 0x00, 0x00, 0x00, 0x00, 0x00, 0x00, 0x00, 0x00, 0x00, 0x00, 0x00, 0x00,
    0x1F, 0x00, 0x0F, 0xE0, 0x06, 0x18, 0x01, 0x82, 0x00, 0x60, 0x00, 0x18, 0x00, 0x06, 0x00, 0x01,
    0x80, 0x00, 0x60, 0x00, 0x18, 0x60, 0x06, 0x18, 0x00, 0xFE, 0x00, 0x1F, 0x00, 0x00, 0x00, 0x00,
    0x00, 0x00, 0x00, 0x00, 0x00, 0x00, 0x00, 0x00, 0x00, 0x7F, 0x00, 0x1D, 0xE0, 0x06, 0x18, 0x01,
    0x86, 0x00, 0x61, 0x80, 0x18, 0x60, 0x06, 0x18, 0x01, 0x86, 0x00, 0x61, 0x80, 0x18, 0x60, 0x06,
    0x18, 0x01, 0xFC, 0x00, 0x7E, 0x00, 0x00, 0x00, 0x00, 0x00, 0x00, 0x00, 0x00, 0x00, 0x00, 0x00,
    0x00, 0x00, 0x7F, 0x80, 0x1D, 0xC0, 0x06, 0x00, 0x01, 0x80, 0x00, 0x60, 0x00, 0x1F, 0xE0, 0x07,
    0xF8, 0x01, 0x80, 0x00, 0x60, 0x00, 0x18, 0x00, 0x06, 0x00, 0x01, 0xFE, 0x00, 0x7F, 0x80, 0x00,
    0x00, 0x00, 0x00, 0x00, 0x00, 0x00, 0x00, 0x00, 0x00, 0x00, 0x00, 0x7F, 0xC0, 0x1F, 0xE0, 0x06,
    0x00, 0x01, 0x80, 0x00, 0x60, 0x00, 0x1F, 0xE0, 0x07, 0xF8, 0x01, 0x80, 0x00, 0x60, 0x00, 0x18,
    0x00, 0x06, 0x00, 0x01, 0x80, 0x00, 0x60, 0x00, 0x00, 0x00, 0x00, 0x00, 0x00, 0x00, 0x00, 0x00,
    0x00, 0x00, 0x00, 0x00, 0x3F, 0x00, 0x0F, 0xE0, 0x06, 0x18, 0x01, 0x86, 0x00, 0x60, 0x00, 0x18,
    0x00, 0x06, 0xF8, 0x01, 0x9E, 0x00, 0x61, 0x80, 0x18, 0x60, 0x06, 0x18, 0x00, 0xFE, 0x00, 0x1F,
    0x00, 0x00, 0x00, 0x00, 0x00, 0x00, 0x00, 0x00, 0x00, 0x00, 0x00, 0x00, 0x00, 0x61, 0x80, 0x18,
    0x60, 0x06, 0x18, 0x01, 0x86, 0x00, 0x61, 0x80, 0x1F, 0xE0, 0x07, 0xF8, 0x01, 0x86, 0x00, 0x61,
    0x80, 0x18, 0x60, 0x06, 0x18, 0x01, 0x86, 0x00, 0x61, 0x80, 0x00, 0x00, 0x00, 0x00, 0x00, 0x00,
    0x00, 0x00, 0x00, 0x00, 0x00, 0x00, 0x7F, 0x80, 0x0B, 0xC0, 0x00, 0xC0, 0x00, 0x30, 0x00, 0x0C,
    0x00, 0x03, 0x00, 0x00, 0xC0, 0x00, 0x30, 0x00, 0x0C, 0x00, 0x03, 0x00, 0x00, 0xC0, 0x00, 0xFC,
    0x00, 0x7F, 0x80, 0x00, 0x00, 0x00, 0x00, 0x00, 0x00, 0x00, 0x00, 0x00, 0x00, 0x00, 0x00, 0x00,
    0xC0, 0x00, 0x30, 0x00, 0x0C, 0x00, 0x03, 0x00, 0x00, 0xC0, 0x00, 0x30, 0x00, 0x0C, 0x00, 0x03,
    0x00, 0x00, 0xC0, 0x18, 0x30, 0x06, 0x18, 0x00, 0xFE, 0x00, 0x1F, 0x00, 0x00, 0x00, 0x00, 0x00,
    0x00, 0x00, 0x00, 0x00, 0x00, 0x00, 0x00, 0x00, 0x61, 0x80, 0x18, 0xE0, 0x06, 0x30, 0x01, 0x9C,
    0x00, 0x66, 0x00, 0x1F, 0x80, 0x07, 0xC0, 0x01, 0x98, 0x00, 0x66, 0x00, 0x18, 0xC0, 0x06, 0x30,
    0x01, 0x86, 0x00, 0x61, 0x80, 0x00, 0x00, 0x00, 0x00, 0x00, 0x00, 0x00, 0x00, 0x00, 0x00, 0x00,
    0x00, 0x60, 0x00, 0x18, 0x00, 0x06, 0x00, 0x01, 0x80, 0x00, 0x60, 0x00, 0x18, 0x00, 0x06, 0x00,
    0x01, 0x80, 0x00, 0x60, 0x00, 0x18, 0x00, 0x06, 0x00, 0x01, 0xFE, 0x00, 0x7F, 0x80, 0x00, 0x00,
    0x00, 0x00, 0x00, 0x00, 0x00, 0x00, 0x00, 0x00, 0x00, 0x00, 0x71, 0x80, 0x1C, 0xF0, 0x07, 0x3C,
    0x01, 0xEF, 0x00, 0x7E, 0x80, 0x1B, 0xA0, 0x06, 0xD8, 0x01, 0x86, 0x00, 0x61, 0x80, 0x18, 0x60,
    0x06, 0x18, 0x01, 0x86, 0x00, 0x61, 0x80, 0x00, 0x00, 0x00, 0x00, 0x00, 0x00, 0x00, 0x00, 0x00,
    0x00, 0x00, 0x00, 0x71, 0x80, 0x1C, 0x60, 0x07, 0x98, 0x01, 0xE6, 0x00, 0x79, 0x80, 0x1B, 0x60,
    0x06, 0xD8, 0x01, 0x96, 0x00, 0x67, 0x80, 0x19, 0xE0, 0x06, 0x38, 0x01, 0x8E, 0x00, 0x63, 0x80,
    0x00, 0x00, 0x00, 0x00, 0x00, 0x00, 0x00, 0x00, 0x00, 0x00, 0x00, 0x00, 0x3F, 0x00, 0x0F, 0xE0,
    0x06, 0x18, 0x01, 0x86, 0x00, 0x61, 0x80, 0x18, 0x60, 0x06, 0x18, 0x01, 0x86, 0x00, 0x61, 0x80,
    0x18, 0x60, 0x06, 0x18, 0x00, 0xFE, 0x00, 0x1F, 0x00, 0x00, 0x00, 0x00, 0x00, 0x00, 0x00, 0x00,
    0x00, 0x00, 0x00, 0x00, 0x00, 0x7F, 0x00, 0x1B, 0xE0, 0x06, 0x18, 0x01, 0x87, 0x00, 0x61, 0x80,
    0x18, 0x60, 0x07, 0xF0, 0x01, 0xF8, 0x00, 0x60, 0x00, 0x18, 0x00, 0x06, 0x00, 0x01, 0x80, 0x00,
    0x60, 0x00, 0x00, 0x00, 0x00, 0x00, 0x00, 0x00, 0x00, 0x00, 0x00, 0x00, 0x00, 0x00, 0x3F, 0x00,
    0x0F, 0xE0, 0x06, 0x18, 0x01, 0x86, 0x00, 0x61, 0x80, 0x18, 0x60, 0x06, 0x18, 0x01, 0x86, 0x00,
    0x61, 0x80, 0x18, 0x60, 0x06, 0x18, 0x00, 0xFE, 0x00, 0x1F, 0x00, 0x01, 0xC0, 0x00, 0x30, 0x00,
    0x06, 0x00, 0x00, 0x00, 0x00, 0x00, 0x00, 0x7F, 0x00, 0x1F, 0xE0, 0x06, 0x18, 0x01, 0x83, 0x00,
    0x61, 0xC0, 0x18, 0x60, 0x07, 0xF0, 0x01, 0xF8, 0x00, 0x67, 0x00, 0x18, 0xC0, 0x06, 0x38, 0x01,
    0x86, 0x00, 0x61, 0xC0, 0x00, 0x00, 0x00, 0x00, 0x00, 0x00, 0x00, 0x00, 0x00, 0x00, 0x00, 0x00,
    0x3F, 0x00, 0x0F, 0xE0, 0x06, 0x18, 0x01, 0x82, 0x00, 0x70, 0x00, 0x0F, 0x00, 0x01, 0xF0, 0x00,
    0x0E, 0x00, 0x01, 0x80, 0x18, 0x70, 0x06, 0x18, 0x01, 0xFE, 0x00, 0x3F, 0x00, 0x00, 0x00, 0x00,
    0x00, 0x00, 0x00, 0x00, 0x00, 0x00, 0x00, 0x00, 0x00, 0xFF, 0xC0, 0x1B, 0xA0, 0x00, 0xC0, 0x00,
    0x30, 0x00, 0x0C, 0x00, 0x03, 0x00, 0x00, 0xC0, 0x00, 0x30, 0x00, 0x0C, 0x00, 0x03, 0x00, 0x00,
    0xC0, 0x00, 0x30, 0x00, 0x0C, 0x00, 0x00, 0x00, 0x00, 0x00, 0x00, 0x00, 0x00, 0x00, 0x00, 0x00,
    0x00, 0x00, 0x61, 0x80, 0x18, 0x60, 0x06, 0x18, 0x01, 0x86, 0x00, 0x61, 0x80, 0x18, 0x60, 0x06,
    0x18, 0x01, 0x86, 0x00, 0x61, 0x80, 0x18, 0x60, 0x06, 0x18, 0x00, 0xFE, 0x00, 0x1F, 0x00, 0x00,
    0x00, 0x00, 0x00, 0x00, 0x00, 0x00, 0x00, 0x00, 0x00, 0x00, 0x00, 0x60, 0xC0, 0x18, 0x60, 0x06,
    0x18, 0x01, 0x86, 0x00, 0x31, 0x80, 0x0C, 0xC0, 0x03, 0x30, 0x00, 0xCC, 0x00, 0x1B, 0x00, 0x07,
    0x80, 0x01, 0xE0, 0x00, 0x78, 0x00, 0x0E, 0x00, 0x00, 0x00, 0x00, 0x00, 0x00, 0x00, 0x00, 0x00,
    0x00, 0x00, 0x00, 0x00, 0xCC, 0xC0, 0x33, 0xB0, 0x0C, 0xEC, 0x03, 0x3B, 0x00, 0xDE, 0xC0, 0x17,
    0xB0, 0x07, 0xAC, 0x01, 0xEB, 0x00, 0x7B, 0x80, 0x1C, 0xE0, 0x07, 0x38, 0x01, 0xCE, 0x00, 0x73,
    0x80, 0x00, 0x00, 0x00, 0x00, 0x00, 0x00, 0x00, 0x00, 0x00, 0x00, 0x00, 0x00, 0x61, 0xC0, 0x1C,
    0x60, 0x03, 0x30, 0x00, 0xEC, 0x00, 0x1E, 0x00, 0x03, 0x80, 0x00, 0xC0, 0x00, 0x78, 0x00, 0x1F,
    0x00, 0x0C, 0xC0, 0x03, 0x38, 0x01, 0x86, 0x00, 0x60, 0xC0, 0x00, 0x00, 0x00, 0x00, 0x00, 0x00,
    0x00, 0x00, 0x00, 0x00, 0x00, 0x00, 0x60, 0xC0, 0x18, 0x30, 0x03, 0x18, 0x00, 0xC6, 0x00, 0x1B,
    0x00, 0x06, 0xC0, 0x00, 0xE0, 0x00, 0x38, 0x00, 0x0E, 0x00, 0x03, 0x80, 0x00, 0xE0, 0x00, 0x38,
    0x00, 0x0E, 0x00, 0x00, 0x00, 0x00, 0x00, 0x00, 0x00, 0x00, 0x00, 0x00, 0x00, 0x00, 0x00, 0x7F,
    0x80, 0x0F, 0x60, 0x00, 0x38, 0x00, 0x0C, 0x00, 0x06, 0x00, 0x01, 0x80, 0x00, 0xC0, 0x00, 0x70,
    0x00, 0x18, 0x00, 0x0C, 0x00, 0x03, 0x00, 0x01, 0xFE, 0x00, 0x7F, 0x80, 0x00, 0x00, 0x00, 0x00,
    0x00, 0x00, 0x00, 0x01, 0xF0, 0x00, 0x60, 0x00, 0x18, 0x00, 0x06, 0x00, 0x01, 0x80, 0x00, 0x60,
    0x00, 0x18, 0x00, 0x06, 0x00, 0x01, 0x80, 0x00, 0x60, 0x00, 0x18, 0x00, 0x06, 0x00, 0x01, 0x80,
    0x00, 0x60, 0x00, 0x18, 0x00, 0x07, 0xC0, 0x01, 0xF0, 0x00, 0x00, 0x00, 0x06, 0x00, 0x01, 0xC0,
    0x00, 0x30, 0x00, 0x0C, 0x00, 0x01, 0x80, 0x00, 0x60, 0x00, 0x1C, 0x00, 0x03, 0x00, 0x00, 0xC0,
    0x00, 0x18, 0x00, 0x06, 0x00, 0x01, 0x80, 0x00, 0x30, 0x00, 0x0C, 0x00, 0x03, 0x80, 0x00, 0x60,
    0x00, 0x18, 0x00, 0x00, 0x00, 0x01, 0xF0, 0x00, 0x0C, 0x00, 0x03, 0x00, 0x00, 0xC0, 0x00, 0x30,
    0x00, 0x0C, 0x00, 0x03, 0x00, 0x00, 0xC0, 0x00, 0x30, 0x00, 0x0C, 0x00, 0x03, 0x00, 0x00, 0xC0,
    0x00, 0x30, 0x00, 0x0C, 0x00, 0x03, 0x00, 0x07, 0xC0, 0x01, 0xF0, 0x00, 0x00, 0x00, 0x00, 0x00,
    0x00, 0x00, 0x00, 0x0C, 0x00, 0x07, 0x80, 0x01, 0xE0, 0x00, 0x6C, 0x00, 0x33, 0x00, 0x0C, 0x60,
    0x06, 0x18, 0x00, 0x00, 0x00, 0x00, 0x00, 0x00, 0x00, 0x00, 0x00, 0x00, 0x00, 0x00, 0x00, 0x00,
    0x00, 0x00, 0x00, 0x00, 0x00, 0x00, 0x00, 0x00, 0x00, 0x00, 0x00, 0x00, 0x00, 0x00, 0x00, 0x00,
    0x00, 0x00, 0x00, 0x00, 0x00, 0x00, 0x00, 0x00, 0x00, 0x00, 0x00, 0x00, 0x00, 0x00, 0x00, 0x00,
    0x00, 0x00, 0x00, 0x00, 0x00, 0x00, 0x00, 0x00, 0x00, 0x1F, 0xF0, 0x07, 0xFC, 0x00, 0x00, 0x00,
    0x00, 0x80, 0x00, 0x30, 0x00, 0x06, 0x00, 0x01, 0x80, 0x00, 0x00, 0x00, 0x00, 0x00, 0x00, 0x00,
    0x00, 0x00, 0x00, 0x00, 0x00, 0x00, 0x00, 0x00, 0x00, 0x00, 0x00, 0x00, 0x00, 0x00, 0x00, 0x00,
    0x00, 0x00, 0x00, 0x00, 0x00, 0x00, 0x00, 0x00, 0x00, 0x00, 0x00, 0x00, 0x00, 0x00, 0x00, 0x00,
    0x00, 0x00, 0x00, 0x00, 0x00, 0x7C, 0x00, 0x3F, 0x80, 0x08, 0x60, 0x00, 0xFC, 0x00, 0xFF, 0x00,
    0x71, 0xC0, 0x18, 0x70, 0x06, 0x18, 0x00, 0xFF, 0x00, 0x3F, 0x80, 0x00, 0x00, 0x00, 0x00, 0x00,
    0x00, 0x00, 0x00, 0x00, 0x00, 0x00, 0x00, 0x60, 0x00, 0x18, 0x00, 0x06, 0x00, 0x01, 0xFC, 0x00,
    0x7F, 0x80, 0x18, 0x60, 0x06, 0x18, 0x01, 0x86, 0x00, 0x61, 0x80, 0x18, 0x60, 0x07, 0x18, 0x01,
    0xFE, 0x00, 0x7F, 0x00, 0x00, 0x00, 0x00, 0x00, 0x00, 0x00, 0x00, 0x00, 0x00, 0x00, 0x00, 0x00,
    0x00, 0x00, 0x00, 0x00, 0x00, 0x00, 0x00, 0x7C, 0x00, 0x3F, 0x80, 0x18, 0x60, 0x06, 0x08, 0x01,
    0x80, 0x00, 0x60, 0x00, 0x18, 0x20, 0x06, 0x18, 0x00, 0xFE, 0x00, 0x1F, 0x00, 0x00, 0x00, 0x00,
    0x00, 0x00, 0x00, 0x00, 0x00, 0x00, 0x00, 0x00, 0x00, 0x01, 0x80, 0x00, 0x60, 0x00, 0x18, 0x00,
    0xFE, 0x00, 0x3F, 0x80, 0x18, 0x60, 0x06, 0x18, 0x01, 0x86, 0x00, 0x61, 0x80, 0x18, 0x60, 0x06,
    0x18, 0x00, 0xFE, 0x00, 0x3F, 0x80, 0x00, 0x00, 0x00, 0x00, 0x00, 0x00, 0x00, 0x00, 0x00, 0x00,
    0x00, 0x00, 0x00, 0x00, 0x00, 0x00, 0x00, 0x00, 0x00, 0xFC, 0x00, 0x3F, 0x80, 0x18, 0x60, 0x06,
    0x18, 0x01, 0xFE, 0x00, 0x7F, 0x80, 0x18, 0x00, 0x06, 0x18, 0x00, 0xFE, 0x00, 0x1F, 0x00, 0x00,
    0x00, 0x00, 0x00, 0x00, 0x00, 0x00, 0x00, 0x00, 0x00, 0x00, 0x00, 0x0F, 0xC0, 0x03, 0xA0, 0x00,
    0xC0, 0x00, 0x30, 0x00, 0x7F, 0xC0, 0x1F, 0xF0, 0x00, 0xC0, 0x00, 0x30, 0x00, 0x0C, 0x00, 0x03,
    0x00, 0x00, 0xC0, 0x00, 0x30, 0x00, 0x0C, 0x00, 0x00, 0x00, 0x00, 0x00, 0x00, 0x00, 0x00, 0x00,
    0x00, 0x00, 0x00, 0x00, 0x00, 0x00, 0x00, 0x00, 0x00, 0x00, 0x00, 0xFE, 0x00, 0x3F, 0x80, 0x18,
    0x60, 0x06, 0x18, 0x01, 0x86, 0x00, 0x61, 0x80, 0x18, 0x60, 0x07, 0x38, 0x00, 0xFE, 0x00, 0x1D,
    0x80, 0x00, 0x60, 0x00, 0x38, 0x00, 0xFC, 0x00, 0x00, 0x00, 0x00, 0x00, 0x00, 0x60, 0x00, 0x18,
    0x00, 0x06, 0x00, 0x01, 0xFC, 0x00, 0x7F, 0x80, 0x18, 0x60, 0x06, 0x18, 0x01, 0x86, 0x00, 0x61,
    0x80, 0x18, 0x60, 0x06, 0x18, 0x01, 0x86, 0x00, 0x61, 0x80, 0x00, 0x00, 0x00, 0x00, 0x00, 0x00,
    0x00, 0x00, 0x00, 0x00, 0x30, 0x00, 0x0E, 0x00, 0x03, 0x00, 0x00, 0x00, 0x01, 0xF0, 0x00, 0x2C,
    0x00, 0x03, 0x00, 0x00, 0xC0, 0x00, 0x30, 0x00, 0x0C, 0x00, 0x03, 0x00, 0x00, 0xC0, 0x01, 0xFE,
    0x00, 0x7F, 0xC0, 0x00, 0x00, 0x00, 0x00, 0x00, 0x00, 0x00, 0x00, 0x00, 0x00, 0x0E, 0x00, 0x03,
    0x80, 0x00, 0x40, 0x00, 0x00, 0x00, 0xFE, 0x00, 0x1B, 0x80, 0x00, 0x60, 0x00, 0x18, 0x00, 0x06,
    0x00, 0x01, 0x80, 0x00, 0x60, 0x00, 0x18, 0x00, 0x06, 0x00, 0x01, 0x80, 0x00, 0xC0, 0x00, 0x30,
    0x00, 0xF8, 0x00, 0x00, 0x00, 0x00, 0x00, 0x00, 0x60, 0x00, 0x18, 0x00, 0x06, 0x00, 0x01, 0x86,
    0x00, 0x63, 0x00, 0x19, 0xC0, 0x06, 0x60, 0x01, 0xF0, 0x00, 0x7E, 0x00, 0x19, 0x80, 0x06, 0x30,
    0x01, 0x8E, 0x00, 0x61, 0x80, 0x00, 0x00, 0x00, 0x00, 0x00, 0x00, 0x00, 0x00, 0x00, 0x00, 0x00,
    0x00, 0xFC, 0x00, 0x1B, 0x00, 0x00, 0xC0, 0x00, 0x30, 0x00, 0x0C, 0x00, 0x03, 0x00, 0x00, 0xC0,
    0x00, 0x30, 0x00, 0x0C, 0x00, 0x03, 0x00, 0x00, 0xC0, 0x00, 0x3F, 0x00, 0x07, 0xC0, 0x00, 0x00,
    0x00, 0x00, 0x00, 0x00, 0x00, 0x00, 0x00, 0x00, 0x00, 0x00, 0x00, 0x00, 0x00, 0x00, 0x00, 0x00,
    0x01, 0xFE, 0x00, 0x7F, 0xC0, 0x1B, 0x30, 0x06, 0xCC, 0x01, 0xB3, 0x00, 0x6C, 0xC0, 0x1B, 0x30,
    0x06, 0xCC, 0x01, 0xB3, 0x00, 0x6C, 0xC0, 0x00, 0x00, 0x00, 0x00, 0x00, 0x00, 0x00, 0x00, 0x00,
    0x00, 0x00, 0x00, 0x00, 0x00, 0x00, 0x00, 0x00, 0x00, 0x01, 0xFC, 0x00, 0x7F, 0x80, 0x18, 0x60,
    0x06, 0x18, 0x01, 0x86, 0x00, 0x61, 0x80, 0x18, 0x60, 0x06, 0x18, 0x01, 0x86, 0x00, 0x61, 0x80,
    0x00, 0x00, 0x00, 0x00, 0x00, 0x00, 0x00, 0x00, 0x00, 0x00, 0x00, 0x00, 0x00, 0x00, 0x00, 0x00,
    0x00, 0x00, 0x00, 0xFC, 0x00, 0x3F, 0x80, 0x18, 0x60, 0x06, 0x18, 0x01, 0x86, 0x00, 0x61, 0x80,
    0x18, 0x60, 0x06, 0x18, 0x00, 0xFE, 0x00, 0x1F, 0x00, 0x00, 0x00, 0x00, 0x00, 0x00, 0x00, 0x00,
    0x00, 0x00, 0x00, 0x00, 0x00, 0x00, 0x00, 0x00, 0x00, 0x00, 0x00, 0x01, 0xFC, 0x00, 0x7F, 0x80,
    0x18, 0x60, 0x06, 0x18, 0x01, 0x86, 0x00, 0x61, 0x80, 0x18, 0x60, 0x07, 0x18, 0x01, 0xFE, 0x00,
    0x7F, 0x00, 0x18, 0x00, 0x06, 0x00, 0x01, 0x80, 0x00, 0x00, 0x00, 0x00, 0x00, 0x00, 0x00, 0x00,
    0x00, 0x00, 0x00, 0x00, 0x00, 0xFE, 0x00, 0x3F, 0x80, 0x18, 0x60, 0x06, 0x18, 0x01, 0x86, 0x00,
    0x61, 0x80, 0x18, 0x60, 0x06, 0x18, 0x00, 0xFE, 0x00, 0x3F, 0x80, 0x00, 0x60, 0x00, 0x18, 0x00,
    0x06, 0x00, 0x00, 0x00, 0x00, 0x00, 0x00, 0x00, 0x00, 0x00, 0x00, 0x00, 0x00, 0x01, 0xFC, 0x00,
    0x7F, 0x80, 0x18, 0x60, 0x06, 0x18, 0x01, 0x86, 0x00, 0x60, 0x00, 0x18, 0x00, 0x06, 0x00, 0x01,
    0x80, 0x00, 0x60, 0x00, 0x00, 0x00, 0x00, 0x00, 0x00, 0x00, 0x00, 0x00, 0x00, 0x00, 0x00, 0x00,
    0x00, 0x00, 0x00, 0x00, 0x00, 0x00, 0x00, 0xFC, 0x00, 0x7F, 0x80, 0x18, 0x60, 0x07, 0x00, 0x00,
    0xFC, 0x00, 0x0F, 0x80, 0x00, 0x60, 0x06, 0x18, 0x01, 0xFE, 0x00, 0x3F, 0x00, 0x00, 0x00, 0x00,
    0x00, 0x00, 0x00, 0x00, 0x00, 0x00, 0x00, 0x00, 0x00, 0x0C, 0x00, 0x03, 0x00, 0x01, 0xC0, 0x01,
    0xFF, 0x00, 0x3D, 0x80, 0x03, 0x00, 0x00, 0xC0, 0x00, 0x30, 0x00, 0x0C, 0x00, 0x03, 0x00, 0x00,
    0xC0, 0x00, 0x3E, 0x00, 0x0F, 0xC0, 0x00, 0x00, 0x00, 0x00, 0x00, 0x00, 0x00, 0x00, 0x00, 0x00,
    0x00, 0x00, 0x00, 0x00, 0x00, 0x00, 0x00, 0x00, 0x01, 0x86, 0x00, 0x61, 0x80, 0x18, 0x60, 0x06,
    0x18, 0x01, 0x86, 0x00, 0x61, 0x80, 0x18, 0x60, 0x06, 0x18, 0x00, 0xFE, 0x00, 0x1F, 0x00, 0x00,
    0x00, 0x00, 0x00, 0x00, 0x00, 0x00, 0x00, 0x00, 0x00, 0x00, 0x00, 0x00, 0x00, 0x00, 0x00, 0x00,
    0x00, 0x01, 0x83, 0x00, 0x71, 0xC0, 0x0C, 0x60, 0x03, 0x18, 0x00, 0xEE, 0x00, 0x1B, 0x00, 0x06,
    0xC0, 0x01, 0xF0, 0x00, 0x38, 0x00, 0x0E, 0x00, 0x00, 0x00, 0x00, 0x00, 0x00, 0x00, 0x00, 0x00,
    0x00, 0x00, 0x00, 0x00, 0x00, 0x00, 0x00, 0x00, 0x00, 0x00, 0x03, 0x33, 0x00, 0xCE, 0xC0, 0x33,
    0xB0, 0x05, 0xEC, 0x01, 0xFA, 0x00, 0x7B, 0x80, 0x1E, 0xE0, 0x07, 0x38, 0x01, 0xCE, 0x00, 0x33,
    0x80, 0x00, 0x00, 0x00, 0x00, 0x00, 0x00, 0x00, 0x00, 0x00, 0x00, 0x00, 0x00, 0x00, 0x00, 0x00,
    0x00, 0x00, 0x00, 0x01, 0xC7, 0x00, 0x31, 0x80, 0x06, 0xC0, 0x01, 0xF0, 0x00, 0x38, 0x00, 0x0E,
    0x00, 0x07, 0xC0, 0x01, 0xB8, 0x00, 0xC6, 0x00, 0x60, 0xC0, 0x00, 0x00, 0x00, 0x00, 0x00, 0x00,
    0x00, 0x00, 0x00, 0x00, 0x00, 0x00, 0x00, 0x00, 0x00, 0x00, 0x00, 0x00, 0x01, 0x83, 0x00, 0x31,
    0xC0, 0x0C, 0x60, 0x03, 0x18, 0x00, 0x6C, 0x00, 0x1B, 0x00, 0x07, 0xC0, 0x00, 0xE0, 0x00, 0x38,
    0x00, 0x0E, 0x00, 0x03, 0x00, 0x00, 0xC0, 0x00, 0x70, 0x00, 0x00, 0x00, 0x00, 0x00, 0x00, 0x00,
    0x00, 0x00, 0x00, 0x00, 0x00, 0x01, 0xFE, 0x00, 0x2B, 0x80, 0x00, 0xC0, 0x00, 0x60, 0x00, 0x38,
    0x00, 0x1C, 0x00, 0x06, 0x00, 0x03, 0x00, 0x01, 0xFE, 0x00, 0x7F, 0x80, 0x00, 0x00, 0x00, 0x00,
    0x00, 0x00, 0x00, 0x00, 0x38, 0x00, 0x1C, 0x00, 0x06, 0x00, 0x01, 0x80, 0x00, 0x60, 0x00, 0x18,
    0x00, 0x06, 0x00, 0x0F, 0x80, 0x07, 0xC0, 0x00, 0x18, 0x00, 0x06, 0x00, 0x01, 0x80, 0x00, 0x60,
    0x00, 0x18, 0x00, 0x06, 0x00, 0x01, 0xE0, 0x00, 0x38, 0x00, 0x00, 0x00, 0x00, 0xC0, 0x00, 0x30,
    0x00, 0x0C, 0x00, 0x03, 0x00, 0x00, 0xC0, 0x00, 0x30, 0x00, 0x0C, 0x00, 0x03, 0x00, 0x00, 0xC0,
    0x00, 0x30, 0x00, 0x0C, 0x00, 0x03, 0x00, 0x00, 0xC0, 0x00, 0x30, 0x00, 0x0C, 0x00, 0x03, 0x00,
    0x00, 0xC0, 0x00, 0x00, 0x00, 0x07, 0x80, 0x00, 0x70, 0x00, 0x0C, 0x00, 0x03, 0x00, 0x00, 0xC0,
    0x00, 0x60, 0x00, 0x18, 0x00, 0x03, 0xE0, 0x00, 0xF8, 0x00, 0x70, 0x00, 0x18, 0x00, 0x07, 0x00,
    0x00, 0xC0, 0x00, 0x30, 0x00, 0x0C, 0x00, 0x1F, 0x00, 0x07, 0x80, 0x00, 0x00, 0x00, 0x00, 0x00,
    0x00, 0x00, 0x00, 0x00, 0x00, 0x00, 0x00, 0x00, 0x00, 0x00, 0x00, 0x00, 0x10, 0x80, 0x1E, 0x70,
    0x06, 0xD8, 0x01, 0x9E, 0x00, 0x63, 0x00, 0x00, 0x00, 0x00, 0x00, 0x00, 0x00, 0x00, 0x00, 0x00,
    0x00, 0x00, 0x00, 0x00, 0x00, 0x00, 0x00, 0x00, 0x00, 0x00, 0x00, 0x00, 0x3F, 0x00, 0x1F, 0xE0,
    0x06, 0x18, 0x01, 0x82, 0x00, 0x60, 0x00, 0x0C, 0x00, 0x07, 0xF0, 0x01, 0xFC, 0x00, 0x18, 0x00,
    0x0E, 0x00, 0x03, 0x00, 0x01, 0xFE, 0x00, 0x7F, 0xC0, 0x00, 0x00, 0x00, 0x00, 0x00, 0x00, 0x00,
    0x00, 0x00, 0x00, 0x00, 0x00, 0x60, 0xC0, 0x18, 0x30, 0x03, 0x18, 0x00, 0xC6, 0x00, 0x1B, 0x00,
    0x07, 0xC0, 0x03, 0xF8, 0x01, 0xFF, 0x00, 0x0E, 0x00, 0x1F, 0xF0, 0x07, 0xFC, 0x00, 0x18, 0x00,
    0x0E, 0x00, 0x00, 0x00, 0x00, 0x00, 0x00, 0x00, 0x00, 0x00, 0x00, 0x00, 0x30, 0x00, 0x3F, 0x00,
    0x18, 0x60, 0x0D, 0xEC, 0x03, 0x6F, 0x00, 0xD0, 0xC0, 0x34, 0x30, 0x0D, 0x2C, 0x03, 0x7F, 0x00,
    0x4E, 0xC0, 0x18, 0x60, 0x03, 0xF0, 0x00, 0x10, 0x00, 0x00, 0x00, 0x00, 0x00, 0x00, 0x00, 0x00,
    0x00, 0x00, 0x00, 0x00, 0x00, 0x00, 0x00, 0x00, 0x00, 0x00, 0x00, 0x00, 0x00, 0x00, 0x33, 0x00,
    0x1D, 0xC0, 0x0E, 0x60, 0x03, 0x30, 0x01, 0x98, 0x00, 0x66, 0x00, 0x0C, 0xC0, 0x03, 0x98, 0x00,
    0x73, 0x00, 0x0C, 0x40, 0x00, 0x00, 0x00, 0x00, 0x00, 0x00, 0x00, 0x00, 0x00, 0x00, 0x30, 0x00,
    0x3F, 0x00, 0x18, 0x60, 0x05, 0xEC, 0x03, 0x7B, 0x00, 0xDB, 0xC0, 0x37, 0xB0, 0x0D, 0xEC, 0x03,
    0x6B, 0x00, 0x52, 0xC0, 0x18, 0x60, 0x03, 0xF0, 0x00, 0x10, 0x00, 0x00, 0x00, 0x00, 0x00, 0x00,
    0x00, 0x00, 0x00, 0x00, 0x00, 0x00, 0x00, 0x38, 0x00, 0x1F, 0x00, 0x0C, 0xC0, 0x03, 0x30, 0x00,
    0xFC, 0x00, 0x1E, 0x00, 0x00, 0x00, 0x00, 0x00, 0x00, 0x00, 0x00, 0x00, 0x00, 0x00, 0x00, 0x00,
    0x00, 0x00, 0x00, 0x00, 0x00, 0x00, 0x00, 0x00, 0x00, 0x00, 0x00, 0x00, 0x00, 0x00, 0x00, 0x00,
    0x00, 0x00, 0x00, 0x00, 0x00, 0x00, 0x00, 0xC0, 0x00, 0x30, 0x00, 0x0C, 0x00, 0x03, 0x00, 0x07,
    0xFC, 0x01, 0xFF, 0x00, 0x0C, 0x00, 0x03, 0x00, 0x00, 0xC0, 0x01, 0xFE, 0x00, 0x7F, 0xC0, 0x00,
    0x00, 0x00, 0x00, 0x00, 0x00, 0x00, 0x00, 0x00, 0x00, 0x00, 0x00, 0x00, 0x00, 0x00, 0x00, 0x00,
    0x00, 0x00, 0x00, 0x00, 0x00, 0x00, 0x03, 0x00, 0x01, 0xE0, 0x00, 0x38, 0x00, 0x00, 0x00, 0x00,
    0x00, 0x00, 0x00, 0x00, 0x00, 0x00, 0x00, 0x00, 0x00, 0x00, 0x00, 0x00, 0x00, 0x00, 0x00, 0x00,
    0x00, 0x00, 0x00, 0x00, 0x00, 0x00, 0x00, 0x00, 0x00, 0x00, 0x01, 0x18, 0x00, 0x66, 0x00, 0x0C,
    0xC0, 0x03, 0x98, 0x00, 0x73, 0x00, 0x1D, 0xC0, 0x0E, 0x60, 0x03, 0x30, 0x01, 0x98, 0x00, 0x44,
    0x00, 0x00, 0x00, 0x00, 0x00, 0x00, 0x00, 0x00, 0x00, 0x00, 0x00, 0x00, 0x00, 0x00, 0x00, 0x00,
    0x00, 0x00, 0x00, 0x00, 0x00, 0x00, 0x33, 0x80, 0x0F, 0xC0, 0x01, 0xE0, 0x00, 0x38, 0x00, 0x3F,
    0x00, 0x0C, 0xE0, 0x02, 0x10, 0x00, 0x00, 0x00, 0x00, 0x00, 0x00, 0x00, 0x00, 0x00, 0x00, 0x00,
    0x00, 0x00, 0x00, 0x00, 0x00, 0x00, 0x00, 0x00, 0x00, 0x00, 0x00, 0xE0, 0x00, 0x38, 0x00, 0x0E,
    0x00, 0x00, 0x00, 0x03, 0xF8, 0x00, 0xFE, 0x00, 0x00, 0x00, 0x03, 0x80, 0x00, 0xE0, 0x00, 0x38,
    0x00, 0x00, 0x00, 0x00, 0x00, 0x00, 0x00, 0x00, 0x00, 0x00, 0x00, 0x00, 0x00, 0x00, 0x00, 0x00,
    0x00, 0x00, 0x00, 0x00, 0x00, 0x00, 0x00, 0x00, 0x00, 0x00, 0x00, 0x00, 0x00, 0x00, 0x00, 0x00,
    0x00, 0x3F, 0x00, 0x0F, 0xE0, 0x00, 0x00, 0x00, 0x00, 0x00, 0x00, 0x00, 0x00, 0x00, 0x00, 0x00,
    0x00, 0x00, 0x00, 0x00, 0x00, 0x00, 0x00, 0x00, 0x00, 0x00, 0x00, 0x00, 0x00, 0x00, 0x00, 0x00,
    0x00, 0x00, 0x00, 0x00, 0x00, 0x00, 0x00, 0x00, 0x00, 0x00, 0xFF, 0xE0, 0x3F, 0xF8, 0x00, 0x00,
    0x00, 0x00, 0x00, 0x00, 0x00, 0x00, 0x00, 0x00, 0x00, 0x00, 0x00, 0x00, 0x00, 0x00, 0x00, 0x00,
    0x00, 0x00, 0x00, 0x00, 0x00, 0x00, 0x00, 0x00, 0x30, 0x00, 0x0C, 0x00, 0x03, 0x00, 0x00, 0xC0,
    0x00, 0x00, 0x00, 0x00, 0x00, 0x00, 0x00, 0x00, 0x00, 0x00, 0x00, 0x00, 0x00, 0x00, 0x00, 0x00,
    0x00, 0x00, 0x00, 0x00, 0x00, 0x00, 0x00, 0x00, 0x00, 0x00, 0x00, 0x00, 0x00, 0x00, 0x00, 0xC0,
    0x00, 0x30, 0x00, 0x06, 0x00, 0x03, 0x00, 0x00, 0x80, 0x00, 0x00, 0x00, 0x00, 0x00, 0x00, 0x00,
    0x00, 0x00, 0x00, 0x00, 0x00, 0x00, 0x00, 0x00, 0x00, 0x00, 0x00, 0x00, 0x00, 0x00, 0x00, 0x00,
    0x00, 0x00, 0x00, 0x00, 0x00, 0x00, 0x00, 0x00, 0x00, 0x00, 0x00, 0x00, 0x00, 0x00, 0x00, 0x00,
    0x00, 0x00, 0x00, 0x00, 0x00, 0x00, 0x00, 0x00, 0x00, 0x00, 0x00, 0x00, 0x30, 0x00, 0x0E, 0x00,
    0x01, 0x00, 0x00, 0xC0, 0x00, 0x00, 0x00, 0x00, 0x00, 0x00, 0x00, 0x00, 0x00, 0x00, 0x00, 0x00,
    0x00, 0x00, 0x00, 0x68, 0x00, 0x36, 0x00, 0x0F, 0x80, 0x01, 0xA0, 0x00, 0x00, 0x00, 0x00, 0x00,
    0x00, 0x00, 0x00, 0x00, 0x00, 0x00, 0x00, 0x00, 0x00, 0x00, 0x00, 0x00, 0x00, 0x00, 0x00, 0x00,
    0x00, 0x00, 0x00, 0x00, 0x00, 0x00, 0x00, 0x00, 0x00, 0x01, 0xB0, 0x00, 0x6C, 0x00, 0x0B, 0x00,
    0x06, 0xC0, 0x01, 0x20, 0x00, 0x00, 0x00, 0x00, 0x00, 0x00, 0x00, 0x00, 0x00, 0x00, 0x00, 0x00,
    0x00, 0x00, 0x00, 0x00, 0x00, 0x00, 0x00, 0x00, 0x00, 0x00, 0x00, 0x00, 0x00, 0x00, 0x00, 0x00,
    0x00, 0x00, 0x00, 0x00, 0x00, 0x00, 0x00, 0x00, 0x00, 0x00, 0x00, 0x00, 0x00, 0x00, 0x00, 0x00,
    0x00, 0x00, 0x00, 0x00, 0x00, 0x00, 0x00, 0x6C, 0x00, 0x1B, 0x00, 0x02, 0xC0, 0x01, 0xA0, 0x00,
    0x00, 0x00, 0x00, 0x00, 0x00, 0x00, 0x00, 0x00, 0x00, 0x00, 0x00, 0x00, 0x00, 0x00, 0x00, 0x00,
    0x00, 0x00, 0x00, 0x00, 0x00, 0x00, 0x00, 0x38, 0x00, 0x1E, 0x00, 0x07, 0x80, 0x00, 0xC0, 0x00,
    0x00, 0x00, 0x00, 0x00, 0x00, 0x00, 0x00, 0x00, 0x00, 0x00, 0x00, 0x00, 0x00, 0x00, 0x00, 0x00,
    0x00, 0x00, 0x00, 0x00, 0x00, 0x00, 0x00, 0x00, 0x00, 0x00, 0x00, 0x00, 0x00, 0x00, 0x00, 0x03,
    0x31, 0x80, 0xCC, 0x60, 0x00, 0x00, 0x00, 0x00, 0x00, 0x00, 0x00, 0x00, 0x00, 0x00, 0x00, 0x00,
    0x00, 0x00, 0x00, 0x00, 0x00, 0x00, 0x00, 0x78, 0x00, 0x7F, 0x80, 0x18, 0x60, 0x06, 0x38, 0x01,
    0x8E, 0x00, 0x66, 0x80, 0x19, 0xA0, 0x06, 0xC8, 0x01, 0xA2, 0x00, 0x78, 0x80, 0x1C, 0x20, 0x07,
    0x08, 0x01, 0x82, 0x00, 0x7F, 0x80, 0x00, 0x00, 0x00, 0x00, 0x00, 0x00, 0x00, 0x00, 0x00, 0x00,
    0x00, 0x00, 0x1F, 0x80, 0x0F, 0xF0, 0x03, 0x0C, 0x00, 0xC3, 0x00, 0x7E, 0x00, 0x1F, 0x80, 0x03,
    0x00, 0x01, 0xF8, 0x00, 0x7E, 0x00, 0x0C, 0x30, 0x03, 0x0C, 0x00, 0x7F, 0x00, 0x1F, 0x80, 0x00,
    0x00, 0x00, 0x00, 0x00, 0x00, 0x00, 0x00, 0x00, 0x00, 0x78, 0x00, 0x7F, 0x80, 0x18, 0x60, 0x06,
    0x38, 0x01, 0x8E, 0x00, 0x66, 0x80, 0x19, 0xA0, 0x06, 0xC8, 0x01, 0xA2, 0x00, 0x78, 0x80, 0x1C,
    0x20, 0x07, 0x08, 0x01, 0x82, 0x00, 0x7F, 0x80, 0x00, 0x00, 0x00, 0x00, 0x00, 0x00, 0x00, 0x00,
    0x00, 0x00, 0x78, 0x00, 0x7F, 0x80, 0x18, 0x60, 0x06, 0x38, 0x01, 0x8E, 0x00, 0x66, 0x80, 0x19,
    0xA0, 0x06, 0xC8, 0x01, 0xA2, 0x00, 0x78, 0x80, 0x1C, 0x20, 0x07, 0x08, 0x01, 0x82, 0x00, 0x7F,
    0x80, 0x00, 0x00, 0x00, 0x00, 0x00, 0x00, 0x00, 0x00, 0x00, 0x00, 0x00, 0x00, 0xCD, 0xE0, 0x3B,
    0x58, 0x0E, 0xD6, 0x03, 0xB5, 0x80, 0xED, 0x60, 0x3F, 0x58, 0x0F, 0xDE, 0x03, 0x73, 0x00, 0xDC,
    0x00, 0x37, 0x00, 0x0D, 0xC0, 0x03, 0x30, 0x00, 0xCC, 0x00, 0x00, 0x00, 0x00, 0x00, 0x00, 0x00,
    0x00, 0x00, 0x00, 0x01, 0xE9, 0x00, 0xFF, 0xE0, 0x0D, 0xF8, 0x03, 0x7E, 0x00, 0xDF, 0x80, 0x36,
    0x60, 0x0D, 0x98, 0x00, 0x00, 0x00, 0x00, 0x00, 0x00, 0x00, 0x00, 0x00, 0x00, 0x00, 0x00, 0x00,
    0x00, 0x00, 0x00, 0x00, 0x00, 0x00, 0x00, 0x00, 0x00, 0x00, 0x00, 0x00, 0x00, 0x00, 0x00, 0x00,
    0x00, 0x00, 0x00, 0x00, 0xC0, 0x00, 0x60, 0x00, 0x30, 0x00, 0x1C, 0x00, 0x0F, 0xFE, 0x03, 0xFF,
    0x80, 0x60, 0x00, 0x0C, 0x00, 0x01, 0x80, 0x00, 0x70, 0x00, 0x00, 0x00, 0x00, 0x00, 0x00, 0x00,
    0x00, 0x00, 0x00, 0x00, 0x00, 0x00, 0x00, 0x00, 0x0E, 0x00, 0x07, 0xC0, 0x03, 0xF8, 0x01, 0x93,
    0x00, 0xC6, 0x60, 0x01, 0x00, 0x00, 0x40, 0x00, 0x10, 0x00, 0x04, 0x00, 0x01, 0x00, 0x00, 0x40,
    0x00, 0x10, 0x00, 0x04, 0x00, 0x00, 0x00, 0x00, 0x00, 0x00, 0x00, 0x00, 0x00, 0x00, 0x00, 0x00,
    0x00, 0x00, 0x00, 0x00, 0x00, 0x00, 0x60, 0x00, 0x1C, 0x00, 0x03, 0x80, 0x00, 0x60, 0x0F, 0xFC,
    0x03, 0xFF, 0x00, 0x01, 0xC0, 0x00, 0xE0, 0x00, 0x30, 0x00, 0x18, 0x00, 0x00, 0x00, 0x00, 0x00,
    0x00, 0x00, 0x00, 0x00, 0x00, 0x00, 0x00, 0x00, 0x00, 0x00, 0x04, 0x00, 0x01, 0x00, 0x00, 0x40,
    0x00, 0x10, 0x00, 0x04, 0x00, 0x01, 0x00, 0x00, 0x40, 0x00, 0x10, 0x00, 0xC6, 0x60, 0x1D, 0x30,
    0x03, 0xF8, 0x00, 0x7C, 0x00, 0x0E, 0x00, 0x00, 0x00, 0x00, 0x00, 0x00, 0x00, 0x00, 0x00, 0x00,
    0x00, 0x00, 0x00, 0x00, 0x00, 0x00, 0x00, 0x03, 0x38, 0x01, 0x86, 0x00, 0xC0, 0xC0, 0x70, 0x18,
    0x3F, 0xFF, 0x0F, 0xFF, 0xC1, 0x80, 0x60, 0x30, 0x30, 0x06, 0x1C, 0x01, 0xC6, 0x00, 0x00, 0x00,
    0x00, 0x00, 0x00, 0x00, 0x00, 0x00, 0x00, 0x00, 0x00, 0x00, 0x00, 0x00, 0x00, 0x00, 0x00, 0x00,
    0x00, 0x00, 0x00, 0x00, 0x00, 0x00, 0x00, 0x7F, 0xF8, 0x1F, 0xFE, 0x07, 0xFF, 0x80, 0x00, 0x00,
    0x00, 0x00, 0x00, 0x00, 0x00, 0x00, 0x00, 0x00, 0x00, 0x00, 0x00, 0x00, 0x00, 0x00, 0x00, 0x00,
    0x00, 0x00, 0x00, 0x00, 0x00, 0x00, 0x00, 0x00, 0x00, 0x00, 0x00, 0x00, 0x00, 0x01, 0xFF, 0xE0,
    0x7F, 0xF8, 0x1F, 0xFE, 0x07, 0xFF, 0x80, 0x00, 0x00, 0x00, 0x00, 0x00, 0x00, 0x00, 0x00, 0x00,
    0x00, 0x00, 0x00, 0x00, 0x00, 0x00, 0x00, 0x00, 0x00, 0x00, 0xC0, 0x00, 0x30, 0x00, 0x0C, 0x00,
    0x03, 0x00, 0x00, 0xC0, 0x00, 0x30, 0x00, 0x0C, 0x00, 0x03, 0x00, 0x00, 0xC0, 0x00, 0x30, 0x00,
    0x0C, 0x00, 0x03, 0x00, 0x00, 0xC0, 0x00, 0x30, 0x00, 0x0C, 0x00, 0x03, 0x00, 0x00, 0xC0, 0x00,
    0x30, 0x00, 0x01, 0xE0, 0x00, 0x78, 0x00, 0x1E, 0x00, 0x07, 0x80, 0x01, 0xE0, 0x00, 0x78, 0x00,
    0x1E, 0x00, 0x07, 0x80, 0x01, 0xE0, 0x00, 0x78, 0x00, 0x1E, 0x00, 0x07, 0x80, 0x01, 0xE0, 0x00,
    0x78, 0x00, 0x1E, 0x00, 0x07, 0x80, 0x01, 0xE0, 0x00, 0x78, 0x00, 0x00, 0x00, 0x00, 0x00, 0x00,
    0x00, 0x00, 0x00, 0x00, 0x00, 0x00, 0x00, 0x00, 0x00, 0x00, 0x00, 0x0F, 0xE0, 0x03, 0xF8, 0x00,
    0xFE, 0x00, 0x30, 0x00, 0x0C, 0x00, 0x03, 0x00, 0x00, 0xC0, 0x00, 0x30, 0x00, 0x0C, 0x00, 0x03,
    0x00, 0x00, 0xC0, 0x00, 0x00, 0x00, 0x00, 0x00, 0x00, 0x00, 0x00, 0x00, 0x00, 0x00, 0x00, 0x00,
    0x00, 0x00, 0x7F, 0x80, 0x1F, 0xE0, 0x07, 0xF8, 0x01, 0xFE, 0x00, 0x7C, 0x00, 0x1E, 0x00, 0x07,
    0x80, 0x01, 0xE0, 0x00, 0x78, 0x00, 0x1E, 0x00, 0x07, 0x80, 0x01, 0xE0, 0x00, 0x00, 0x00, 0x00,
    0x00, 0x00, 0x00, 0x00, 0x00, 0x00, 0x00, 0x00, 0x00, 0x00, 0x00, 0x00, 0x00, 0x0F, 0xE0, 0x03,
    0xF8, 0x00, 0xFE, 0x00, 0x01, 0x80, 0x00, 0x60, 0x00, 0x18, 0x00, 0x06, 0x00, 0x01, 0x80, 0x00,
    0x60, 0x00, 0x18, 0x00, 0x06, 0x00, 0x00, 0x00, 0x00, 0x00, 0x00, 0x00, 0x00, 0x00, 0x00, 0x00,
    0x00, 0x00, 0x00, 0x00, 0x7F, 0x80, 0x1F, 0xE0, 0x07, 0xF8, 0x01, 0xFE, 0x00, 0x07, 0x80, 0x01,
    0xE0, 0x00, 0x78, 0x00, 0x1E, 0x00, 0x07, 0x80, 0x01, 0xE0, 0x00, 0x78, 0x00, 0x1E, 0x00, 0x03,
    0x00, 0x00, 0xC0, 0x00, 0x30, 0x00, 0x0C, 0x00, 0x03, 0x00, 0x00, 0xC0, 0x00, 0x30, 0x00, 0x0F,
    0xE0, 0x03, 0xF8, 0x00, 0xFE, 0x00, 0x00, 0x00, 0x00, 0x00, 0x00, 0x00, 0x00, 0x00, 0x00, 0x00,
    0x00, 0x00, 0x00, 0x00, 0x00, 0x00, 0x00, 0x00, 0x07, 0x80, 0x01, 0xE0, 0x00, 0x78, 0x00, 0x1E,
    0x00, 0x07, 0x80, 0x01, 0xE0, 0x00, 0x7F, 0x80, 0x1F, 0xE0, 0x07, 0xF8, 0x01, 0xFE, 0x00, 0x00,
    0x00, 0x00, 0x00, 0x00, 0x00, 0x00, 0x00, 0x00, 0x00, 0x00, 0x00, 0x00, 0x00, 0x00, 0x00, 0x00,
    0x00, 0x00, 0x18, 0x00, 0x06, 0x00, 0x01, 0x80, 0x00, 0x60, 0x00, 0x18, 0x00, 0x06, 0x00, 0x01,
    0x80, 0x0F, 0xE0, 0x03, 0xF8, 0x00, 0xFE, 0x00, 0x00, 0x00, 0x00, 0x00, 0x00, 0x00, 0x00, 0x00,
    0x00, 0x00, 0x00, 0x00, 0x00, 0x00, 0x00, 0x00, 0x00, 0x00, 0x00, 0x78, 0x00, 0x1E, 0x00, 0x07,
    0x80, 0x01, 0xE0, 0x00, 0x78, 0x00, 0x1E, 0x00, 0x7F, 0x80, 0x1F, 0xE0, 0x07, 0xF8, 0x01, 0xFE,
    0x00, 0x00, 0x00, 0x00, 0x00, 0x00, 0x00, 0x00, 0x00, 0x00, 0x00, 0x00, 0x00, 0x00, 0x00, 0x00,
    0x00, 0x00, 0x00, 0x03, 0x00, 0x00, 0xC0, 0x00, 0x30, 0x00, 0x0C, 0x00, 0x03, 0x00, 0x00, 0xC0,
    0x00, 0x30, 0x00, 0x0F, 0xE0, 0x03, 0xF8, 0x00, 0xFE, 0x00, 0x30, 0x00, 0x0C, 0x00, 0x03, 0x00,
    0x00, 0xC0, 0x00, 0x30, 0x00, 0x0C, 0x00, 0x03, 0x00, 0x00, 0xC0, 0x00, 0x00, 0x18, 0x00, 0x06,
    0x00, 0x01, 0x80, 0x00, 0x60, 0x00, 0x18, 0x00, 0x06, 0x00, 0x01, 0x80, 0x0F, 0xE0, 0x03, 0xF8,
    0x00, 0xFE, 0x00, 0x01, 0x80, 0x00, 0x60, 0x00, 0x18, 0x00, 0x06, 0x00, 0x01, 0x80, 0x00, 0x60,
    0x00, 0x18, 0x00, 0x06, 0x00, 0x00, 0x00, 0x00, 0x00, 0x00, 0x00, 0x00, 0x00, 0x00, 0x00, 0x00,
    0x00, 0x00, 0x00, 0x00, 0x00, 0x7F, 0xF8, 0x1F, 0xFE, 0x07, 0xFF, 0x80, 0x0C, 0x00, 0x03, 0x00,
    0x00, 0xC0, 0x00, 0x30, 0x00, 0x0C, 0x00, 0x03, 0x00, 0x00, 0xC0, 0x00, 0x30, 0x00, 0x00, 0xC0,
    0x00, 0x30, 0x00, 0x0C, 0x00, 0x03, 0x00, 0x00, 0xC0, 0x00, 0x30, 0x00, 0x0C, 0x00, 0x7F, 0xF8,
    0x1F, 0xFE, 0x07, 0xFF, 0x80, 0x00, 0x00, 0x00, 0x00, 0x00, 0x00, 0x00, 0x00, 0x00, 0x00, 0x00,
    0x00, 0x00, 0x00, 0x00, 0x00, 0x00, 0x00, 0x00, 0xC0, 0x00, 0x30, 0x00, 0x0C, 0x00, 0x03, 0x00,
    0x00, 0xC0, 0x00, 0x30, 0x00, 0x0C, 0x00, 0x7F, 0xF8, 0x1F, 0xFE, 0x07, 0xFF, 0x80, 0x0C, 0x00,
    0x03, 0x00, 0x00, 0xC0, 0x00, 0x30, 0x00, 0x0C, 0x00, 0x03, 0x00, 0x00, 0xC0, 0x00, 0x30, 0x00,
    0x00, 0x00, 0x00, 0x00, 0x00, 0x00, 0x00, 0x00, 0x00, 0x00, 0x40, 0x00, 0x30, 0x00, 0x0E, 0x00,
    0x03, 0x80, 0x1F, 0xFE, 0x03, 0xFF, 0x80, 0x7F, 0x80, 0x0F, 0xC0, 0x03, 0xF8, 0x00, 0xFE, 0x00,
    0x31, 0x80, 0x18, 0x20, 0x00, 0x00, 0x00, 0x00, 0x00, 0x00, 0x00, 0x00, 0x00, 0x00, 0x00, 0x00,
    0x00, 0x00, 0x00, 0x40, 0x00, 0x30, 0x00, 0x0E, 0x00, 0x02, 0x80, 0x1F, 0xBE, 0x03, 0x03, 0x80,
    0x60, 0xC0, 0x0C, 0x40, 0x02, 0x58, 0x00, 0xFE, 0x00, 0x71, 0x80, 0x18, 0x20, 0x00, 0x00, 0x00,
    0x00, 0x00, 0x00, 0x00, 0x00, 0x00, 0x00, 0x00, 0x00, 0x01, 0x00, 0x00, 0xE0, 0x00, 0x78, 0x00,
    0x3F, 0x00, 0x1F, 0xE0, 0x0F, 0xFC, 0x03, 0xFF, 0x81, 0xFF, 0xE0, 0x7F, 0xF8, 0x0F, 0xFE, 0x03,
    0xFF, 0x00, 0x0E, 0x00, 0x03, 0x80, 0x00, 0x00, 0x00, 0x00, 0x00, 0x00, 0x00, 0x00, 0x00, 0x00,
    0x00, 0x00, 0x00, 0x00, 0x01, 0xE0, 0x00, 0x7C, 0x00, 0x3F, 0x00, 0x0F, 0xC0, 0x07, 0xF8, 0x03,
    0xFF, 0x81, 0xFF, 0xE0, 0x7F, 0xF8, 0x1F, 0xFE, 0x03, 0xFF, 0x80, 0x6C, 0x80, 0x07, 0x80, 0x00,
    0x00, 0x00, 0x00, 0x00, 0x00, 0x00, 0x00, 0x00, 0x00, 0x00, 0x00, 0x00, 0x00, 0x07, 0x3C, 0x03,
    0xFF, 0x81, 0xFF, 0xE0, 0x7F, 0xF8, 0x1F, 0xFE, 0x03, 0xFF, 0x80, 0x7F, 0xC0, 0x1F, 0xE0, 0x03,
    0xF0, 0x00, 0x78, 0x00, 0x0C, 0x00, 0x00, 0x00, 0x00, 0x00, 0x00, 0x00, 0x00, 0x00, 0x00, 0x00,
    0x00, 0x00, 0x00, 0x00, 0x00, 0x00, 0x00, 0xC0, 0x00, 0x38, 0x00, 0x1F, 0x00, 0x0F, 0xE0, 0x07,
    0xF8, 0x03, 0xFF, 0x00, 0x7F, 0xC0, 0x0F, 0xE0, 0x03, 0xF0, 0x00, 0x7C, 0x00, 0x0E, 0x00, 0x01,
    0x00, 0x00, 0x00, 0x00, 0x00, 0x00, 0x00, 0x00, 0x00, 0x00, 0x00, 0x00, 0x00, 0x00, 0x00, 0x00,
    0x0C, 0x00, 0x03, 0x00, 0x01, 0x80, 0x00, 0xE0, 0x06, 0x30, 0x01, 0xD8, 0x00, 0x3E, 0x00, 0x07,
    0x00, 0x00, 0x80, 0x00, 0x00, 0x00, 0x00, 0x00, 0x00, 0x00, 0x00, 0x00, 0x00, 0x00, 0x00, 0x00,
    0x00, 0x00, 0x00, 0x00, 0x00, 0x00, 0x00, 0x00, 0x0C, 0x0C, 0x01, 0x87, 0x00, 0x33, 0x00, 0x07,
    0x80, 0x00, 0xE0, 0x00, 0x78, 0x00, 0x33, 0x00, 0x18, 0x70, 0x0C, 0x0C, 0x00, 0x00, 0x00, 0x00,
    0x00, 0x00, 0x00, 0x00, 0x00, 0x00, 0x00, 0x00, 0x00, 0x00, 0x00, 0x00, 0x00, 0x00, 0x00, 0x00,
    0x00, 0x00, 0x00, 0x00, 0x00, 0x00, 0x00, 0x00, 0x00, 0x00, 0x00, 0x00, 0x00, 0x00, 0x00, 0x00,
    0x00, 0x00, 0x00, 0x00, 0x00, 0x00, 0x00, 0x00, 0x00, 0x00, 0x00, 0x00, 0x00, 0x00, 0x00, 0x00,
    0x00, 0x00, 0x00, 0x00, 0x00, 0x00, 0x00, 0x00, 0x00, 0x00, 0x00, 0x00, 0x00, 0x00, 0x00, 0x00,
    0x00, 0x00, 0x00, 0x00, 0x00, 0x00, 0x00, 0x06, 0x00, 0x01, 0xC0, 0x00, 0x38, 0x00, 0x06, 0x00,
    0x00, 0x00, 0x00, 0x00, 0x00, 0x00, 0x00, 0x00, 0x00, 0x00, 0x00, 0x00, 0x00, 0x00, 0x00, 0x00,
    0x00, 0x00, 0x00, 0x00, 0x00, 0x00, 0x00, 0x00, 0x00, 0x00, 0x00, 0x00, 0x00, 0x00, 0x08, 0x00,
    0x07, 0x00, 0x03, 0x60, 0x00, 0xC8, 0x00, 0x3E, 0x00, 0x07, 0x00, 0x00, 0x00, 0x00, 0x00, 0x00,
    0x00, 0x00, 0x00, 0x00, 0x00, 0x00, 0x00, 0x00, 0x00, 0x00, 0x00, 0x00, 0x04, 0x40, 0x01, 0x98,
    0x00, 0xE6, 0x00, 0x33, 0x00, 0x0C, 0xC0, 0x06, 0x60, 0x01, 0x98, 0x00, 0x44, 0x00, 0x00, 0x00,
    0x00, 0x00, 0x00, 0x00, 0x00, 0x00, 0x00, 0x00, 0x00, 0x00, 0x00, 0x00, 0x00, 0x00, 0x01, 0x80,
    0x01, 0xE2, 0x00, 0xC1, 0xC0, 0x60, 0x78, 0x10, 0xDA, 0x0C, 0x3E, 0xC3, 0x0F, 0x30, 0xC7, 0x0C,
    0x33, 0xC3, 0x04, 0xD0, 0x81, 0x90, 0x60, 0x36, 0x30, 0x07, 0x78, 0x00, 0x18, 0x00, 0x00, 0x00,
    0x00, 0x00, 0x00, 0x00, 0x00, 0x00, 0x00, 0x00, 0x00, 0x00, 0x60, 0x00, 0x18, 0x00, 0x06, 0x00,
    0x03, 0xFC, 0x00, 0xFF, 0x00, 0x61, 0x80, 0x30, 0x60, 0x0D, 0xB0, 0x02, 0x78, 0x00, 0x07, 0x00,
    0x00, 0xE0, 0x00, 0x18, 0x00, 0x00, 0x00, 0x00, 0x00, 0x00, 0x00, 0x00, 0x00, 0x00, 0x00, 0x00,
    0x00, 0x00, 0x00, 0x01, 0x00, 0x00, 0xC0, 0x00, 0x60, 0x03, 0xB8, 0x00, 0x7C, 0x00, 0x0E, 0x00,
    0x03, 0xE0, 0x09, 0x9C, 0x03, 0x63, 0x00, 0xF0, 0x00, 0x38, 0x00, 0x0C, 0x00, 0x00, 0x00, 0x00,
    0x00, 0x00, 0x00, 0x00, 0x00, 0x00, 0x00, 0x00, 0x00, 0x01, 0xE0, 0x01, 0xFE, 0x00, 0xE1, 0xC0,
    0x70, 0x18, 0x18, 0x02, 0x04, 0x00, 0xC3, 0x00, 0x30, 0xC0, 0x0C, 0x10, 0x03, 0x06, 0x00, 0x81,
    0xC0, 0x60, 0x38, 0x70, 0x07, 0xF8, 0x00, 0x78, 0x00, 0x00, 0x00, 0x00, 0x00, 0x00, 0x00, 0x00,
    0x00, 0x00, 0x00, 0x02, 0x00, 0x01, 0x80, 0x00, 0x60, 0x00, 0x30, 0x00, 0x18, 0x00, 0x06, 0x00,
    0x03, 0x00, 0x00, 0xC0, 0x00, 0x18, 0x00, 0x02, 0x00, 0x00, 0xC0, 0x00, 0x18, 0x00, 0x06, 0x00,
    0x00, 0x80, 0x00, 0x00, 0x00, 0x00, 0x00, 0x00, 0x00, 0x00, 0x00, 0x10, 0x00, 0x06, 0x00, 0x01,
    0x80, 0x00, 0x30, 0x00, 0x06, 0x00, 0x01, 0x80, 0x00, 0x30, 0x00, 0x0C, 0x00, 0x06, 0x00, 0x01,
    0x80, 0x00, 0xC0, 0x00, 0x60, 0x00, 0x18, 0x00, 0x04, 0x00, 0x00, 0x00, 0x00, 0x00, 0x00, 0x00,
    0x00, 0x00, 0x00, 0x00, 0x00, 0x0B, 0x00, 0x02, 0xC0, 0x01, 0xE0, 0x00, 0x58, 0x00, 0x34, 0x00,
    0x0B, 0x00, 0x06, 0x80, 0x01, 0xA0, 0x00, 0x2C, 0x00, 0x0D, 0x00, 0x01, 0x60, 0x00, 0x68, 0x00,
    0x0B, 0x00, 0x02, 0x40, 0x00, 0x00, 0x00, 0x00, 0x00, 0x00, 0x00, 0x00, 0x00, 0x34, 0x00, 0x0D,
    0x00, 0x01, 0xE0, 0x00, 0x68, 0x00, 0x0F, 0x00, 0x03, 0x40, 0x00, 0x78, 0x00, 0x16, 0x00, 0x0D,
    0x00, 0x02, 0xC0, 0x01, 0xA0, 0x00, 0x78, 0x00, 0x34, 0x00, 0x09, 0x00, 0x00, 0x00, 0x00, 0x00,
    0x00, 0x00, 0x00, 0x00, 0x00, 0x00, 0x00, 0x1F, 0x00, 0x07, 0xC0, 0x01, 0x00, 0x00, 0x60, 0x00,
    0x18, 0x00, 0x06, 0x00, 0x01, 0x80, 0x00, 0x60, 0x00, 0x18, 0x00, 0x04, 0x00, 0x00, 0x00, 0x00,
    0x00, 0x00, 0x00, 0x00, 0x00, 0x00, 0x00, 0x00, 0x00, 0x00, 0x00, 0x00, 0x00, 0x00, 0x00, 0x00,
    0x00, 0x00, 0x00, 0x00, 0x00, 0x00, 0x00, 0x00, 0x02, 0x00, 0x00, 0x80, 0x00, 0x20, 0x00, 0x08,
    0x00, 0x02, 0x00, 0x00, 0x80, 0x00, 0x20, 0x00, 0x08, 0x00, 0x3E, 0x00, 0x0F, 0x80, 0x00, 0x00,
    0x00, 0x00, 0x00, 0x00, 0x00, 0x00, 0x00, 0x00, 0x00, 0x3F, 0x00, 0x0C, 0xC0, 0x02, 0xF0, 0x00,
    0xA0, 0x00, 0x28, 0x00, 0x0A, 0x00, 0x02, 0x80, 0x00, 0xA0, 0x00, 0x28, 0x00, 0x0E, 0x00, 0x00,
    0x00, 0x00, 0x00, 0x00, 0x00, 0x00, 0x00, 0x00, 0x00, 0x00, 0x00, 0x00, 0x00, 0x00, 0x00, 0x00,
    0x00, 0x00, 0x00, 0x00, 0x00, 0x00, 0x00, 0x00, 0x00, 0x00, 0x07, 0x00, 0x01, 0x40, 0x00, 0x50,
    0x00, 0x14, 0x00, 0x05, 0x00, 0x01, 0x40, 0x00, 0x50, 0x00, 0xF4, 0x00, 0x3B, 0x00, 0x0F, 0xC0,
    0x00, 0x00, 0x00, 0x00, 0x00, 0x00, 0x00, 0x00, 0x00, 0x00, 0x00, 0x1F, 0x00, 0x07, 0x80, 0x01,
    0xC0, 0x00, 0x70, 0x00, 0x18, 0x00, 0x06, 0x00, 0x01, 0x80, 0x00, 0x60, 0x00, 0x18, 0x00, 0x07,
    0x00, 0x01, 0xC0, 0x00, 0x70, 0x00, 0x1E, 0x00, 0x07, 0xC0, 0x00, 0x00, 0x00, 0x00, 0x00, 0x00,
    0x00, 0x00, 0x00, 0x1E, 0x00, 0x07, 0x80, 0x00, 0xE0, 0x00, 0x38, 0x00, 0x06, 0x00, 0x01, 0x80,
    0x00, 0x60, 0x00, 0x18, 0x00, 0x06, 0x00, 0x01, 0x80, 0x00, 0xE0, 0x00, 0x38, 0x00, 0x1E, 0x00,
    0x07, 0x80, 0x00, 0x00, 0x00, 0x00, 0x00, 0x00, 0x00, 0x00, 0x00, 0x00, 0x00, 0x00, 0x00, 0x00,
    0x00, 0xFF, 0xC0, 0x3F, 0xF0, 0x00, 0x00, 0x03, 0xFF, 0x00, 0xFF, 0xC0, 0x03, 0x00, 0x00, 0xC0,
    0x00, 0x30, 0x00, 0x0C, 0x00, 0x03, 0x00, 0x00, 0x40, 0x00, 0x00, 0x00, 0x00, 0x00, 0x00, 0x00,
    0x00, 0x00, 0x00, 0x00, 0x00, 0x00, 0x00, 0x07, 0xFF, 0x81, 0xFF, 0xE0, 0x7F, 0xF8, 0x1F, 0xFE,
    0x07, 0xFF, 0x80, 0x00, 0x00, 0x00, 0x00, 0x1F, 0xFE, 0x07, 0xFF, 0x81, 0xFF, 0xE0, 0x7F, 0xF8,
    0x1F, 0xFE, 0x00, 0x00, 0x00, 0x00, 0x00, 0x00, 0x00, 0x00, 0x00, 0x00, 0x00, 0x00, 0x00, 0x03,
    0x00, 0x03, 0x80, 0x00, 0xC0, 0x00, 0x20, 0x00, 0x08, 0x00, 0x02, 0x00, 0x00, 0x80, 0x00, 0x20,
    0x00, 0x08, 0x00, 0x02, 0x00, 0x00, 0x80, 0x00, 0x30, 0x00, 0x06, 0x00, 0x00, 0xC0, 0x00, 0x00,
    0x00, 0x00, 0x00, 0x00, 0x00, 0x00, 0x00, 0x10, 0x00, 0x07, 0x00, 0x00, 0xC0, 0x00, 0x18, 0x00,
    0x06, 0x00, 0x01, 0x80, 0x00, 0x60, 0x00, 0x18, 0x00, 0x06, 0x00, 0x01, 0x80, 0x00, 0x60, 0x00,
    0x30, 0x00, 0x1C, 0x00, 0x04, 0x00, 0x00, 0x00, 0x00, 0x00, 0x00, 0x00, 0x00, 0x00, 0x00, 0x00,
    0x00, 0xFC, 0x00, 0x26, 0x00, 0x0B, 0x00, 0x03, 0x80, 0x00, 0xC0, 0x00, 0x30, 0x00, 0x0C, 0x00,
    0x03, 0x00, 0x00, 0xC0, 0x00, 0x38, 0x00, 0x0A, 0x00, 0x02, 0x40, 0x00, 0xD8, 0x00, 0x1F, 0x00,
    0x00, 0x00, 0x00, 0x00, 0x00, 0x00, 0x00, 0x00, 0x00, 0x3F, 0x00, 0x02, 0x40, 0x00, 0x50, 0x00,
    0x1C, 0x00, 0x03, 0x00, 0x00, 0xC0, 0x00, 0x30, 0x00, 0x0C, 0x00, 0x03, 0x00, 0x00, 0xC0, 0x00,
    0x50, 0x00, 0x34, 0x00, 0x19, 0x00, 0x0F, 0x80, 0x00, 0x00, 0x00, 0x00, 0x00, 0x00, 0x00, 0x00,
    0x00, 0x00, 0x00, 0x18, 0x00, 0x1B, 0x00, 0x05, 0x80, 0x01, 0xC0, 0x00, 0x60, 0x00, 0x1C, 0x00,
    0x07, 0x00, 0x01, 0xC0, 0x00, 0x70, 0x00, 0x18, 0x00, 0x07, 0x00, 0x01, 0x60, 0x00, 0x3C, 0x00,
    0x06, 0x00, 0x00, 0x00, 0x00, 0x00, 0x00, 0x00, 0x00, 0x00, 0x00, 0x18, 0x00, 0x0F, 0x00, 0x01,
    0xA0, 0x00, 0x28, 0x00, 0x0E, 0x00, 0x03, 0x80, 0x00, 0xE0, 0x00, 0x38, 0x00, 0x0E, 0x00, 0x03,
    0x80, 0x00, 0xA0, 0x00, 0xE8, 0x00, 0x3C, 0x00, 0x06, 0x00, 0x00, 0x00, 0x00, 0x00, 0x00, 0x00,
    0x00, 0x00, 0x00, 0x00, 0x00, 0x78, 0x00, 0x1E, 0x00, 0x05, 0x80, 0x01, 0xE0, 0x00, 0x78, 0x00,
    0x1E, 0x00, 0x07, 0x80, 0x01, 0xE0, 0x00, 0x78, 0x00, 0x1E, 0x00, 0x07, 0x80, 0x01, 0x60, 0x00,
    0x78, 0x00, 0x1E, 0x00, 0x00, 0x00, 0x00, 0x00, 0x00, 0x00, 0x00, 0x00, 0x00, 0x3E, 0x00, 0x07,
    0x80, 0x01, 0xE0, 0x00, 0x78, 0x00, 0x1E, 0x00, 0x07, 0x80, 0x01, 0xE0, 0x00, 0x78, 0x00, 0x1E,
    0x00, 0x07, 0x80, 0x01, 0xE0, 0x00, 0x78, 0x00, 0x3E, 0x00, 0x0F, 0x00, 0x00, 0x00, 0x00, 0x00,
    0x00, 0x00, 0x00, 0x00, 0x00, 0x00, 0x00, 0x00, 0x00, 0x00, 0x00, 0x00, 0x00, 0x00, 0x00, 0x00,
    0x00, 0x03, 0xE0, 0x01, 0xDC, 0x30, 0xC1, 0xF8, 0x00, 0x3C, 0x00, 0x00, 0x00, 0x00, 0x00, 0x00,
    0x00, 0x00, 0x00, 0x00, 0x00, 0x00, 0x00, 0x00, 0x00, 0x00, 0x00, 0x00, 0x00, 0x00, 0x00, 0x00,
    0x60, 0x00, 0x1C, 0x00, 0x01, 0x80, 0x01, 0x80, 0x00, 0x70, 0x00, 0x06, 0x00, 0x00, 0x00, 0x00,
    0x00, 0x00, 0x00, 0x00, 0x00, 0x00, 0x00, 0x00, 0x00, 0x00, 0x00, 0x00, 0x00, 0x00, 0x00, 0x00,
    0x00, 0x00, 0x00, 0x00, 0x00, 0x00, 0x00, 0x00, 0x06, 0x00, 0x03, 0x80, 0x01, 0x80, 0x00, 0x18,
    0x00, 0x1C, 0x00, 0x06, 0x00, 0x00, 0x00, 0x00, 0x00, 0x00, 0x00, 0x00, 0x00, 0x00, 0x00, 0x00,
    0x00, 0x00, 0x00, 0x00, 0x00, 0x00, 0x00, 0x00, 0x00, 0x00, 0x00, 0x00, 0x00, 0x00, 0x00, 0x00,
    0x00, 0x00, 0x00, 0x00, 0x00, 0x00, 0x00, 0x00, 0x00, 0x00, 0x00, 0x00, 0x04, 0x00, 0x01, 0x80,
    0x00, 0x38, 0x00, 0x14, 0x00, 0x07, 0x00, 0x00, 0xE0, 0x00, 0x00, 0x00, 0x00, 0x00, 0x00, 0x00,
    0x00, 0x00, 0x00, 0x00, 0x00, 0x00, 0x00, 0x00, 0x00, 0x00, 0x00, 0x00, 0x00, 0x00, 0x00, 0xFF,
    0xC0, 0x3F, 0xF0, 0x0F, 0xFC, 0x03, 0xFF, 0x81, 0x6D, 0xB0, 0xDF, 0x74, 0x16, 0xDB, 0x02, 0x85,
    0x80, 0xDE, 0xC0, 0x1F, 0xE0, 0x01, 0xE0, 0x00, 0x00, 0x00, 0x00, 0x00, 0x00, 0x00, 0x00, 0x00,
    0x00, 0x00, 0x00, 0x00, 0x00, 0x00, 0x30, 0x00, 0x0C, 0x00, 0x03, 0x00, 0x00, 0xC0, 0x00, 0x30,
    0x00, 0x0C, 0x00, 0x03, 0x00, 0x00, 0xC0, 0x00, 0x30, 0x00, 0x0C, 0x00, 0x03, 0x00, 0x00, 0xC0,
    0x00, 0x00, 0x00, 0x00, 0x00, 0x00, 0x00, 0x00, 0x00, 0x00, 0x00, 0x00, 0x00, 0x00, 0x00, 0x0C,
    0x00, 0x13, 0x00, 0x0C, 0xC0, 0x03, 0x30, 0x00, 0xCC, 0x00, 0x33, 0x00, 0x0C, 0xC0, 0x03, 0x30,
    0x00, 0xCC, 0x00, 0x33, 0x00, 0x04, 0xC0, 0x00, 0x30, 0x00, 0x00, 0x00, 0x00, 0x00, 0x00, 0x00,
    0x00, 0x00, 0x00, 0x00, 0x00, 0x00, 0x00, 0x01, 0x03, 0x00, 0x64, 0xC0, 0x1B, 0x30, 0x06, 0xCC,
    0x01, 0xB3, 0x00, 0x6C, 0xC0, 0x1B, 0x30, 0x06, 0xCC, 0x01, 0xB3, 0x00, 0x64, 0xC0, 0x18, 0x30,
    0x00, 0x0C, 0x00, 0x00, 0x00, 0x00, 0x00, 0x00, 0x00, 0x00, 0x00, 0x00, 0x00, 0x00, 0x00, 0x00,
    0x00, 0x02, 0x00, 0x60, 0xC0, 0x1C, 0x60, 0x03, 0x98, 0x00, 0x7C, 0x00, 0x0F, 0x00, 0x01, 0xC0,
    0x00, 0xF8, 0x00, 0x77, 0x00, 0x78, 0xC0, 0x38, 0x10, 0x08, 0x00, 0x00, 0x00, 0x00, 0x00, 0x00,
    0x00, 0x00, 0x00, 0x00, 0x00, 0x00, 0x00, 0x00, 0x00, 0x00, 0x40, 0x00, 0x33, 0x00, 0x0C, 0xC0,
    0x06, 0x10, 0x01, 0xFC, 0x00, 0x1E, 0x00, 0x0F, 0xC0, 0x06, 0x18, 0x01, 0x86, 0x00, 0x61, 0x80,
    0x0F, 0xC0, 0x01, 0xE0, 0x00, 0x00, 0x00, 0x00, 0x00, 0x00, 0x00, 0x00, 0x00, 0x00, 0x00, 0x00,
    0x00, 0x00, 0x00, 0x20, 0x00, 0x0C, 0x00, 0x03, 0x00, 0x00, 0xC0, 0x0F, 0xFF, 0x80, 0x00, 0x00,
    0x00, 0x00, 0x00, 0x00, 0x00, 0x00, 0x00, 0x00, 0x00, 0x00, 0x00, 0x00, 0x00, 0x00, 0x00, 0x00,
    0x00, 0x00, 0x00, 0x00, 0x00, 0x00, 0x00, 0x00, 0x00, 0x00, 0x00, 0x00, 0x30, 0x00, 0x0C, 0x00,
    0x03, 0x00, 0x1F, 0xFE, 0x07, 0xFF, 0x80, 0x00, 0x00, 0x00, 0x00, 0x07, 0xF0, 0x01, 0xFE, 0x00,
    0x00, 0x00, 0x00, 0x00, 0x00, 0x00, 0x00, 0x00, 0x00, 0x00, 0x00, 0x00, 0x00, 0x00, 0x00, 0x00,
    0x00, 0x00, 0x00, 0x00, 0x00, 0x30, 0x00, 0x0C, 0x00, 0x03, 0x00, 0x1F, 0xFE, 0x07, 0xFF, 0x80,
    0x00, 0x00, 0x1F, 0xE0, 0x07, 0xF8, 0x00, 0x00, 0x00, 0x00, 0x00, 0x7F, 0xF8, 0x1F, 0xFE, 0x00,
    0x00, 0x00, 0x00, 0x00, 0x00, 0x00, 0x00, 0x00, 0x00, 0x00, 0x00, 0x00, 0x00, 0x00, 0x30, 0x00,
    0x0C, 0x00, 0x3F, 0xF0, 0x07, 0xF8, 0x01, 0x06, 0x00, 0x61, 0x80, 0x0C, 0xC0, 0x01, 0xE0, 0x00,
    0x38, 0x00, 0x3F, 0x80, 0x7C, 0x78, 0x1C, 0x06, 0x00, 0x00, 0x00, 0x00, 0x00, 0x00, 0x00, 0x00,
    0x00, 0x00, 0x00, 0x00, 0x00, 0xA0, 0x00, 0xAA, 0x00, 0xC0, 0xC0, 0x40, 0x10, 0x10, 0x02, 0x0C,
    0x00, 0x83, 0x00, 0x30, 0xC0, 0x0C, 0x30, 0x02, 0x04, 0x00, 0x81, 0x80, 0x40, 0x30, 0x20, 0x02,
    0xA8, 0x00, 0x28, 0x03, 0x80, 0x00, 0xE0, 0x00, 0x30, 0x00, 0x00, 0xE0, 0x00, 0x00, 0xA0, 0x00,
    0xAA, 0x00, 0xC0, 0xC0, 0x40, 0x10, 0x10, 0x02, 0x0C, 0x00, 0x83, 0x00, 0x30, 0xC0, 0x0C, 0x30,
    0x02, 0x04, 0x00, 0x81, 0x80, 0x40, 0x30, 0x20, 0x02, 0xA8, 0x00, 0x28, 0x00, 0x00, 0x00, 0x00,
    0x00, 0x00, 0x00, 0x00, 0x00, 0x1C, 0x00, 0xA0, 0x00, 0xAA, 0x00, 0xC0, 0xC0, 0x40, 0x10, 0x10,
    0x02, 0x0C, 0x00, 0x83, 0x00, 0x30, 0xC0, 0x0C, 0x30, 0x02, 0x04, 0x00, 0x81, 0x80, 0x40, 0x30,
    0x20, 0x02, 0xA8, 0x00, 0x28, 0x00, 0x00, 0x00, 0x00, 0x00, 0x00, 0x00, 0x00, 0x00, 0x00, 0x00,
    0xA0, 0x00, 0xAA, 0x00, 0xC0, 0xC0, 0x40, 0x10, 0x10, 0x02, 0x0C, 0x00, 0x83, 0x00, 0x30, 0xC0,
    0x0C, 0x30, 0x02, 0x04, 0x00, 0x81, 0x80, 0x40, 0x30, 0x20, 0x02, 0xA8, 0x00, 0x28, 0x00, 0x00,
    0x70, 0x00, 0x1C, 0x00, 0x03, 0x00, 0x00, 0x00, 0x00, 0x02, 0x80, 0x03, 0xAA, 0x03, 0x03, 0x81,
    0x80, 0x50, 0x60, 0x04, 0x10, 0x01, 0x74, 0x00, 0x5D, 0x00, 0x10, 0x40, 0x04, 0x18, 0x02, 0x06,
    0x01, 0x00, 0xC0, 0x80, 0x0E, 0xA0, 0x00, 0xA0, 0x00, 0x00, 0x00, 0x00, 0x00, 0x00, 0x00, 0x00,
    0x00, 0x00, 0x02, 0x80, 0x03, 0xAA, 0x03, 0x03, 0x81, 0x80, 0x52, 0x60, 0x05, 0xD0, 0x01, 0x24,
    0x00, 0x49, 0x00, 0x17, 0x40, 0x04, 0x98, 0x02, 0x06, 0x01, 0x00, 0xC0, 0x80, 0x0E, 0xA0, 0x00,
    0xA0, 0x00, 0x00, 0x00, 0x00, 0x00, 0x00, 0x00, 0x00, 0x00, 0x00, 0x00, 0x00, 0x00, 0x00, 0x00,
    0x00, 0x00, 0x00, 0x00, 0x00, 0x0C, 0x78, 0xC1, 0x12, 0x20, 0x6C, 0xD8, 0x0E, 0x1C, 0x00, 0x00,
    0x00, 0x00, 0x00, 0x00, 0x00, 0x00, 0x00, 0x00, 0x00, 0x00, 0x00, 0x00, 0x00, 0x00, 0x00, 0x00,
    0x00, 0x06, 0x00, 0x03, 0x00, 0x00, 0xC0, 0x00, 0x60, 0x00, 0x18, 0x00, 0x0C, 0x00, 0x03, 0x00,
    0x00, 0x60, 0x00, 0x18, 0x00, 0x03, 0x00, 0x00, 0xC0, 0x00, 0x18, 0x00, 0x07, 0x00, 0x00, 0xC0,
    0x00, 0x18, 0x00, 0x06, 0x00, 0x00, 0xC0, 0x00, 0x30, 0x00, 0x06, 0xD0, 0x03, 0x10, 0x00, 0xC0,
    0x00, 0x60, 0x00, 0x18, 0x00, 0x0C, 0x00, 0x03, 0x00, 0x00, 0x60, 0x00, 0x18, 0x00, 0x03, 0x00,
    0x00, 0xC0, 0x00, 0x18, 0x00, 0x07, 0x00, 0x00, 0xC0, 0x00, 0x18, 0x00, 0x06, 0x00, 0x00, 0xC0,
    0x00, 0x30, 0x00, 0x00, 0x00, 0x00, 0x00, 0x00, 0x0C, 0x00, 0x07, 0x00, 0x01, 0x80, 0x00, 0xC0,
    0x00, 0x30, 0x00, 0x18, 0x00, 0x06, 0x00, 0x03, 0x00, 0x00, 0xC0, 0x00, 0x60, 0x00, 0x18, 0x00,
    0x0C, 0x00, 0x03, 0x00, 0x00, 0x00, 0x00, 0x00, 0x00, 0x00, 0x00, 0x00, 0x00, 0x00, 0x00, 0x00,
    0x00, 0x0C, 0x00, 0x07, 0x00, 0x01, 0x80, 0x00, 0xC0, 0x00, 0x30, 0x00, 0x18, 0xC0, 0x06, 0xF0,
    0x03, 0x14, 0x00, 0xC0, 0x00, 0x60, 0x00, 0x18, 0x00, 0x0C, 0x00, 0x03, 0x00, 0x00, 0x00, 0x00,
    0x00, 0x00, 0x00, 0x00, 0x00, 0x00, 0x00, 0x06, 0x00, 0x01, 0x80, 0x00, 0x30, 0x00, 0x0C, 0x00,
    0x01, 0x80, 0x00, 0x60, 0x00, 0x0C, 0x00, 0x03, 0x00, 0x00, 0x60, 0x00, 0x18, 0x00, 0x03, 0x00,
    0x00, 0xC0, 0x00, 0x18, 0x00, 0x00, 0x00, 0x00, 0x00, 0x00, 0x00, 0x00, 0x00, 0x00, 0x00, 0x00,
    0x01, 0xE0, 0x01, 0xCE, 0x00, 0x80, 0xC0, 0x40, 0x18, 0x37, 0xFA, 0x08, 0x00, 0xC2, 0x7F, 0x90,
    0x83, 0x0C, 0x20, 0xC3, 0x0C, 0x30, 0x81, 0x0C, 0x60, 0x23, 0x30, 0x07, 0x38, 0x00, 0x78, 0x00,
    0x00, 0x00, 0x00, 0x00, 0x00, 0x00, 0x00, 0x00, 0x00, 0x00, 0x00, 0x04, 0x78, 0x81, 0xB3, 0x60,
    0x6C, 0xD8, 0x0F, 0x1C, 0x03, 0x87, 0x00, 0x60, 0xC0, 0x18, 0x30, 0x0E, 0x1C, 0x03, 0xC7, 0x81,
    0xB3, 0x60, 0x66, 0x88, 0x31, 0xE3, 0x00, 0x00, 0x00, 0x00, 0x00, 0x00, 0x00, 0x00, 0x00, 0x00,
    0x00, 0x00, 0x00, 0x00, 0x00, 0x30, 0x00, 0x0C, 0x00, 0x03, 0x00, 0x00, 0xC0, 0x0F, 0xFF, 0x80,
    0x0C, 0x00, 0x03, 0x00, 0x00, 0xC0, 0x00, 0x30, 0x00, 0x0C, 0x00, 0x03, 0x00, 0x00, 0xC0, 0x00,
    0x30, 0x00, 0x00, 0x00, 0x00, 0x00, 0x00, 0x00, 0x00, 0x00, 0x00, 0x02, 0x20, 0x00, 0xCC, 0x00,
    0x33, 0x00, 0x0C, 0xC0, 0x1F, 0xFE, 0x07, 0xFF, 0x80, 0x33, 0x00, 0x0C, 0xC0, 0x03, 0x30, 0x00,
    0xCC, 0x00, 0x33, 0x00, 0x0C, 0xC0, 0x03, 0x30, 0x00, 0xCC, 0x00, 0x00, 0x00, 0x00, 0x00, 0x00,
    0x00, 0x00, 0x00, 0x00, 0x00, 0x08, 0x01, 0xB3, 0x00, 0x6C, 0xC0, 0x1B, 0x30, 0x06, 0xCC, 0x07,
    0xFF, 0xC0, 0x6C, 0xC0, 0x1B, 0x30, 0x06, 0xCC, 0x01, 0xB3, 0x00, 0xCC, 0xC0, 0x33, 0x30, 0x18,
    0x4C, 0x02, 0x02, 0x00, 0x00, 0x00, 0x00, 0x00, 0x00, 0x00, 0x00, 0x00, 0x00, 0x00, 0x00, 0x00,
    0xC0, 0x00, 0x18, 0x00, 0x07, 0x00, 0x00, 0x70, 0x00, 0x3C, 0x00, 0x7C, 0x00, 0x0C, 0x00, 0x03,
    0x80, 0x00, 0x70, 0x00, 0x07, 0x00, 0x03, 0xC0, 0x03, 0x80, 0x00, 0x40, 0x00, 0x00, 0x00, 0x00,
    0x00, 0x00, 0x00, 0x00, 0x00, 0x00, 0x00, 0x00, 0x03, 0xFF, 0x81, 0xFF, 0xE0, 0x60, 0x38, 0x18,
    0x12, 0x06, 0x09, 0x81, 0x84, 0x20, 0x62, 0x08, 0x19, 0x02, 0x06, 0x81, 0x81, 0xC0, 0x20, 0x7F,
    0xF8, 0x1F, 0xFE, 0x00, 0x00, 0x00, 0x00, 0x00, 0x00, 0x00, 0x00, 0x00, 0x00, 0x00, 0x00, 0x00,
    0x00, 0x00, 0x00, 0x00, 0x4C, 0x00, 0x3D, 0x80, 0x11, 0x20, 0x00, 0x0C, 0x00, 0x01, 0x00, 0x00,
    0x60, 0x00, 0x08, 0x00, 0x03, 0x00, 0x00, 0x60, 0x00, 0x08, 0x00, 0x00, 0x00, 0x00, 0x00, 0x00,
    0x00, 0x00, 0x00, 0x00, 0x00, 0x00, 0x00, 0x00, 0x15, 0xEA, 0x0C, 0x00, 0xC0, 0x00, 0x00, 0xC4,
    0x04, 0x03, 0xF0, 0x0C, 0x18, 0x40, 0x04, 0x00, 0x0F, 0xC0, 0x23, 0xF1, 0x00, 0x20, 0x03, 0x08,
    0x10, 0x00, 0x00, 0x30, 0x03, 0x05, 0x7A, 0xC0, 0x00, 0x00, 0x00, 0x00, 0x00, 0x00, 0x00, 0x00,
    0x00, 0x00, 0x00, 0x01, 0xFE, 0x00, 0x61, 0x80, 0x1C, 0xE0, 0x05, 0x28, 0x01, 0x7A, 0x00, 0x4C,
    0x80, 0x13, 0x20, 0x05, 0xE8, 0x01, 0x4A, 0x00, 0x73, 0x80, 0x18, 0x60, 0x07, 0xF8, 0x00, 0x00,
    0x00, 0x00, 0x00, 0x00, 0x00, 0x00, 0x00, 0x00, 0x00, 0x00, 0x0F, 0xFF, 0x87, 0x00, 0x61, 0xE0,
    0x38, 0x6C, 0x1A, 0x19, 0x0C, 0x86, 0x66, 0x21, 0x8D, 0x08, 0x61, 0xC2, 0x18, 0x60, 0x86, 0x3C,
    0x21, 0x99, 0x88, 0x66, 0x32, 0x1B, 0x06, 0x87, 0x80, 0xE1, 0xC0, 0x38, 0x7F, 0xFE, 0x00, 0x02,
    0x00, 0x00, 0x00, 0x00, 0x00, 0x00, 0x00, 0x00, 0xFF, 0xFE, 0x3F, 0xFF, 0x80, 0x00, 0xE0, 0x00,
    0x38, 0x00, 0x0E, 0x00, 0x03, 0x80, 0x00, 0xE0, 0x00, 0x38, 0x00, 0x0E, 0x00, 0x03, 0x80, 0x00,
    0xE0, 0x00, 0x38, 0x00, 0x00, 0x00, 0x00, 0x00, 0x00, 0x00, 0x00, 0x00, 0x00, 0x00, 0x00, 0x00,
    0x00, 0x00, 0x00, 0x7F, 0xBF, 0x9F, 0xEF, 0xE0, 0x18, 0x18, 0x06, 0x06, 0x01, 0x81, 0x80, 0x60,
    0x60, 0x18, 0x18, 0x06, 0x06, 0x01, 0x81, 0x80, 0x60, 0x60, 0x18, 0x18, 0x00, 0x00, 0x00, 0x00,
    0x00, 0x00, 0x00, 0x00, 0x00, 0x00, 0x00, 0x00, 0x00, 0x00, 0x00, 0x20, 0x7F, 0x18, 0x1F, 0xC6,
    0x00, 0x31, 0x80, 0x0C, 0x60, 0x03, 0x18, 0x00, 0xC7, 0x00, 0x33, 0xC0, 0x0D, 0xF8, 0x03, 0xE7,
    0x00, 0xF0, 0xC0, 0x00, 0x00, 0x00, 0x00, 0x00, 0x00, 0x00, 0x00, 0x00, 0x00, 0x00, 0x00, 0x00,
    0x00, 0x00, 0x01, 0xC0, 0x00, 0x70, 0x00, 0x1C, 0x00, 0x07, 0x00, 0x01, 0xC0, 0x00, 0x70, 0x00,
    0x1C, 0x00, 0x07, 0x00, 0x01, 0xC0, 0x00, 0x70, 0x00, 0x1F, 0xFF, 0xC7, 0xFF, 0xF9, 0xFF, 0xFC,
    0x00, 0x00, 0x00, 0x00, 0x00, 0x00, 0x00, 0x00, 0x00, 0x00, 0x00, 0x00, 0x00, 0x00, 0x30, 0xFF,
    0x8C, 0x3F, 0xC3, 0x01, 0xC0, 0xC0, 0x70, 0x30, 0x1C, 0x0C, 0x07, 0x03, 0x03, 0xC0, 0xC0, 0xF8,
    0x30, 0x76, 0x0F, 0xF9, 0xE3, 0xFE, 0x38, 0xE0, 0x00, 0x00, 0x00, 0x00, 0x00, 0x00, 0x00, 0x00,
    0x00, 0x00, 0x00, 0x00, 0x00, 0x80, 0x70, 0x70, 0x1C, 0x1C, 0x3F, 0xE7, 0x0F, 0xF9, 0xC0, 0x60,
    0x70, 0x7E, 0x1C, 0x3F, 0xC7, 0x0E, 0x31, 0xC3, 0x0C, 0x70, 0xC3, 0x1F, 0xFD, 0xC7, 0xF7, 0xE0,
    0x00, 0x60, 0x00, 0x00, 0x00, 0x00, 0x00, 0x00, 0x00, 0x00, 0x00, 0x00, 0x00, 0x01, 0xFF, 0xFC,
    0x7F, 0xFF, 0x1C, 0x00, 0x07, 0x00, 0x01, 0xC0, 0x00, 0x70, 0x00, 0x1C, 0x00, 0x07, 0x00, 0x01,
    0xC0, 0x00, 0x70, 0x00, 0x1F, 0xFF, 0xC7, 0xFF, 0xF1, 0xFF, 0xFC, 0x00, 0x00, 0x00, 0x00, 0x00,
    0x00, 0x00, 0x00, 0x00, 0x00, 0x00, 0x00, 0x00, 0x00, 0x7F, 0x7F, 0x9F, 0xDF, 0xC7, 0x07, 0x01,
    0xC1, 0xC0, 0x70, 0x70, 0x1C, 0x1C, 0x07, 0x07, 0x01, 0xC1, 0xC0, 0x71, 0x70, 0x1F, 0xFF, 0xE7,
    0xF7, 0xF8, 0x00, 0x00, 0x00, 0x00, 0x00, 0x00, 0x00, 0x00, 0x00, 0x00, 0x00, 0x00, 0x00, 0x00,
    0xFF, 0xFE, 0x3F, 0xFF, 0x80, 0x00, 0xE0, 0x00, 0x38, 0x00, 0x0E, 0x3F, 0xFF, 0x8F, 0xFF, 0xE3,
    0x80, 0x00, 0xC0, 0x00, 0x30, 0x00, 0x0F, 0xFF, 0xC3, 0xFF, 0xF8, 0xFF, 0xFE, 0x00, 0x00, 0x00,
    0x00, 0x00, 0x00, 0x00, 0x00, 0x00, 0x00, 0x00, 0x00, 0x7E, 0x7E, 0x3F, 0xFF, 0xC7, 0xF7, 0xF0,
    0x1C, 0x1C, 0x07, 0x07, 0x3F, 0xC1, 0xCF, 0xF0, 0x73, 0x80, 0x1C, 0xE0, 0x07, 0x38, 0x01, 0xCF,
    0xF8, 0x73, 0xFE, 0x1C, 0x00, 0x00, 0x00, 0x00, 0x00, 0x00, 0x00, 0x00, 0x00, 0x00, 0x00, 0x00,
    0x00, 0x00, 0x7E, 0x7E, 0x3F, 0xFF, 0xC7, 0xFF, 0xF0, 0x1F, 0x1C, 0x07, 0xC7, 0x3F, 0xF1, 0xCF,
    0xFC, 0x73, 0x83, 0x1C, 0xE0, 0xC7, 0x38, 0x31, 0xCF, 0xFF, 0xF3, 0xFF, 0xFC, 0x00, 0x00, 0x00,
    0x00, 0x00, 0x00, 0x00, 0x00, 0x00, 0x00, 0x00, 0x00, 0x00, 0x00, 0x7E, 0x42, 0x3F, 0xF9, 0xC7,
    0xFE, 0x70, 0x1F, 0x1C, 0x07, 0xFF, 0x3F, 0xFF, 0xCF, 0xFE, 0x73, 0x83, 0x1C, 0xE0, 0xE7, 0x38,
    0x31, 0xCF, 0xFF, 0xF3, 0xFF, 0xFC, 0x00, 0x00, 0x00, 0x00, 0x00, 0x00, 0x00, 0x00, 0x00, 0x00,
    0x00, 0x00, 0x00, 0x00, 0x00, 0x00, 0x7F, 0x18, 0x0F, 0xC6, 0x00, 0x31, 0x80, 0x0C, 0x60, 0x7F,
    0x18, 0x1F, 0xC7, 0x07, 0x03, 0xC1, 0xC0, 0xF8, 0x7F, 0xF7, 0x1F, 0xF8, 0xC3, 0x80, 0x00, 0x00,
    0x00, 0x00, 0x00, 0x00, 0x00, 0x00, 0x00, 0x00, 0x00, 0x00, 0x00, 0x00, 0x00, 0xFF, 0xFC, 0x3F,
    0xFF, 0x00, 0xFC, 0x00, 0x1F, 0x00, 0x07, 0xC0, 0x3F, 0xFF, 0x0F, 0xFF, 0xC3, 0x07, 0x00, 0xC1,
    0xC0, 0x31, 0xF0, 0x0F, 0xFF, 0xE3, 0xF7, 0xF0, 0x00, 0x00, 0x00, 0x00, 0x00, 0x00, 0x00, 0x00,
    0x00, 0x00, 0x00, 0x00, 0x00, 0x00, 0x00, 0x00, 0x3F, 0xFF, 0xCF, 0xFF, 0xE0, 0x3B, 0x30, 0x0E,
    0xEC, 0x3F, 0xBB, 0x0F, 0xEE, 0xC3, 0x03, 0xB0, 0xC0, 0xEC, 0x30, 0x33, 0x0F, 0xFF, 0xE3, 0xFF,
    0xFC, 0x00, 0x00, 0x00, 0x00, 0x00, 0x00, 0x00, 0x00, 0x00, 0x00, 0x00, 0x00, 0x00, 0x00, 0x00,
    0x30, 0x3F, 0x0C, 0x0F, 0xDF, 0xC0, 0x3F, 0xF8, 0x0D, 0xFC, 0x3F, 0x3E, 0x0F, 0xDF, 0xC3, 0x36,
    0x30, 0xC1, 0x8C, 0x30, 0x63, 0x0F, 0xFF, 0xC3, 0xFB, 0xE0, 0x00, 0x00, 0x00, 0x00, 0x00, 0x00,
    0x00, 0x00, 0x00, 0x00, 0x00, 0x00, 0x00, 0x00, 0xFF, 0xFE, 0x3F, 0xFF, 0xCF, 0xFF, 0xF3, 0x80,
    0x1C, 0xE0, 0x07, 0x38, 0x01, 0xCE, 0x00, 0x73, 0x80, 0x1C, 0xE0, 0x07, 0x38, 0x01, 0xCE, 0x00,
    0x73, 0xFF, 0xFC, 0xFF, 0xFF, 0x3F, 0xFF, 0x80, 0x00, 0x00, 0x00, 0x00, 0x00, 0x00, 0x00, 0x00,
    0x00, 0xE0, 0x06, 0x38, 0x01, 0xCE, 0x00, 0x73, 0x80, 0x1C, 0xFF, 0xFF, 0x3F, 0xFF, 0xCF, 0xFF,
    0xF3, 0x80, 0x1C, 0xE0, 0x07, 0x38, 0x01, 0xCE, 0x00, 0x73, 0xFF, 0xFC, 0xFF, 0xFF, 0x3F, 0xFF,
    0x80, 0x00, 0x00, 0x00, 0x00, 0x00, 0x00, 0x00, 0x00, 0x00, 0xC7, 0xC6, 0x31, 0xF9, 0xCC, 0x7E,
    0x73, 0x1F, 0x9C, 0xFF, 0xFF, 0x3F, 0xFF, 0xCE, 0x7E, 0x73, 0x1F, 0x9C, 0xC7, 0xE7, 0x31, 0xF9,
    0xCF, 0xFF, 0xF3, 0xFF, 0xFC, 0xFE, 0x7E, 0x00, 0x00, 0x00, 0x00, 0x00, 0x00, 0x00, 0x00, 0x00,
    0x00, 0x00, 0x00, 0x00, 0x00, 0x33, 0x9C, 0x1C, 0xE7, 0x03, 0x39, 0xC0, 0xFE, 0x70, 0x7F, 0x9C,
    0x0C, 0xE7, 0x03, 0x39, 0xC0, 0xCE, 0xF8, 0x33, 0xF7, 0x1F, 0xF8, 0xE3, 0xFC, 0x18, 0x00, 0x00,
    0x00, 0x00, 0x00, 0x00, 0x00, 0x00, 0x00, 0x00, 0x00, 0x00, 0x00, 0x00, 0x03, 0x80, 0x00, 0xE0,
    0x00, 0x38, 0x00, 0x0E, 0x00, 0x03, 0x80, 0x00, 0xE0, 0x00, 0x3C, 0x00, 0x1F, 0x00, 0x0E, 0xE0,
    0x0F, 0x1E, 0x0F, 0x83, 0xE3, 0xC0, 0x38, 0x00, 0x00, 0x00, 0x00, 0x00, 0x00, 0x00, 0x00, 0x00,
    0x00, 0x00, 0x00, 0x00, 0x00, 0x00, 0x00, 0x06, 0x0C, 0x01, 0x83, 0x00, 0x60, 0xC0, 0x18, 0x30,
    0x06, 0x1C, 0x03, 0xC7, 0x80, 0xF1, 0xE0, 0x76, 0xDC, 0x39, 0xF3, 0x8C, 0x38, 0x60, 0x00, 0x00,
    0x00, 0x00, 0x00, 0x00, 0x00, 0x00, 0x00, 0x00, 0x00, 0x00, 0x00, 0x00, 0x3F, 0x00, 0x3F, 0xF0,
    0x1F, 0xFE, 0x0F, 0x03, 0xC3, 0x80, 0x71, 0xC0, 0x0E, 0x70, 0x03, 0x9C, 0x00, 0xE7, 0x00, 0x38,
    0xE0, 0x1C, 0x3C, 0x0F, 0x07, 0xFF, 0x80, 0xFF, 0xC0, 0x07, 0x80, 0x00, 0x00, 0x00, 0x00, 0x00,
    0x00, 0x00, 0x00, 0x00, 0x00, 0x00, 0x00, 0xFF, 0xFE, 0x3F, 0xFF, 0x80, 0x38, 0x00, 0x0E, 0x00,
    0x03, 0x80, 0x00, 0xE0, 0x00, 0x3C, 0x00, 0x1F, 0x00, 0x0E, 0xE0, 0x0F, 0x1E, 0x0F, 0x83, 0xE3,
    0xC0, 0x78, 0x40, 0x04, 0x00, 0x00, 0x00, 0x00, 0x00, 0x00, 0x00, 0x00, 0x00, 0x00, 0x00, 0x00,
    0x00, 0x00, 0x1F, 0xFF, 0x87, 0xFF, 0xC0, 0x60, 0xC0, 0x18, 0x30, 0x07, 0x0C, 0x01, 0xC7, 0x80,
    0xF1, 0xE0, 0x7E, 0xFC, 0x39, 0xF3, 0x8C, 0x38, 0x60, 0x04, 0x00, 0x00, 0x00, 0x00, 0x00, 0x00,
    0x00, 0x00, 0x00, 0x00, 0x00, 0x00, 0x00, 0x0C, 0x00, 0x03, 0x00, 0x00, 0xC0, 0x0F, 0xFF, 0xC3,
    0xFF, 0xF0, 0xFF, 0xFC, 0x01, 0xC0, 0x00, 0x78, 0x00, 0x1E, 0x00, 0x0F, 0xC0, 0x07, 0x38, 0x07,
    0xCF, 0x83, 0xC1, 0xF0, 0xE0, 0x1C, 0x00, 0x00, 0x00, 0x00, 0x00, 0x00, 0x00, 0x00, 0x00, 0x00,
    0x00, 0x00, 0xFF, 0xFE, 0x3F, 0xFF, 0x80, 0x00, 0xE0, 0x00, 0x38, 0x00, 0x0E, 0x00, 0x0F, 0x8F,
    0xFF, 0xE3, 0xFF, 0xF8, 0x00, 0x0E, 0x00, 0x03, 0x80, 0x00, 0xE0, 0x00, 0x38, 0x00, 0x0E, 0x00,
    0x00, 0x00, 0x00, 0x00, 0x00, 0x00, 0x00, 0x00, 0x03, 0xFF, 0xF1, 0xFF, 0xFE, 0x7F, 0xFF, 0x1C,
    0x00, 0x07, 0x00, 0x01, 0xC0, 0x00, 0x7F, 0xFF, 0x1F, 0xFF, 0xC7, 0x00, 0x01, 0xC0, 0x00, 0x70,
    0x00, 0x1F, 0xFF, 0xC7, 0xFF, 0xF8, 0xFF, 0xFC, 0x00, 0x00, 0x00, 0x00, 0x00, 0x00, 0x00, 0x00,
    0x00, 0x00, 0x00, 0x00, 0xFF, 0xFC, 0x3F, 0xFF, 0x0F, 0xFF, 0xC0, 0xE1, 0xC0, 0x38, 0x70, 0x0E,
    0x1C, 0x03, 0x87, 0x00, 0xE1, 0xC0, 0x38, 0x70, 0x0E, 0x1C, 0x1F, 0xFF, 0xE7, 0xFF, 0xF8, 0x00,
    0x00, 0x00, 0x00, 0x00, 0x00, 0x00, 0x00, 0x00, 0x00, 0x00, 0x00, 0x0C, 0x00, 0x03, 0x80, 0x00,
    0xE0, 0x0F, 0xFF, 0xE3, 0xFF, 0xFC, 0xFF, 0xFE, 0x00, 0x00, 0x00, 0xFE, 0x00, 0x7F, 0xE0, 0x3C,
    0x38, 0x0E, 0x07, 0x03, 0x81, 0xC0, 0xF0, 0xE0, 0x1F, 0xF8, 0x03, 0xF8, 0x00, 0x00, 0x00, 0x00,
    0x00, 0x00, 0xC0, 0x00, 0x30, 0x00, 0x0C, 0x00, 0x03, 0x00, 0x00, 0xC0, 0x00, 0x30, 0x00, 0x0F,
    0x80, 0x03, 0xF0, 0x00, 0xC0, 0x00, 0x30, 0x00, 0x0C, 0x00, 0x03, 0x00, 0x00, 0xC0, 0x00, 0x30,
    0x00, 0x0C, 0x00, 0x03, 0x00, 0x00, 0x00, 0x00, 0x00, 0x00, 0x00, 0x8C, 0x00, 0x33, 0x00, 0x0C,
    0xC0, 0x03, 0x30, 0x00, 0xCC, 0x00, 0x33, 0x00, 0x0F, 0xC0, 0x03, 0xF0, 0x00, 0xCC, 0x00, 0x33,
    0x00, 0x0C, 0xC0, 0x03, 0x30, 0x00, 0xCC, 0x00, 0x33, 0x00, 0x0C, 0xC0, 0x02, 0x30, 0x00, 0x00,
    0x00, 0x00, 0x00, 0x00, 0xC0, 0x00, 0x30, 0x00, 0x0C, 0x00, 0x03, 0x00, 0x00, 0xD0, 0x00, 0x3F,
    0x00, 0x0C, 0x00, 0x03, 0x00, 0x00, 0xC0, 0x00, 0x3F, 0x00, 0x0F, 0x80, 0x03, 0x00, 0x00, 0xC0,
    0x00, 0x30, 0x00, 0x0C, 0x00, 0x03, 0x00, 0x00, 0x00, 0x00, 0x00, 0x00, 0x00, 0x88, 0x00, 0x37,
    0x00, 0x0D, 0xC0, 0x03, 0x30, 0x00, 0xFC, 0x00, 0x3F, 0x00, 0x0D, 0xC0, 0x03, 0x30, 0x00, 0xDC,
    0x00, 0x3F, 0x00, 0x0F, 0xC0, 0x03, 0x30, 0x00, 0xDC, 0x00, 0x37, 0x00, 0x0D, 0xC0, 0x02, 0x30,
    0x00, 0x00, 0x00, 0x00, 0x00, 0x00, 0x18, 0x00, 0x06, 0x00, 0x01, 0x80, 0x00, 0x60, 0x00, 0x18,
    0x00, 0x06, 0x00, 0x1F, 0x80, 0x07, 0xE0, 0x00, 0x18, 0x00, 0x06, 0x00, 0x01, 0x80, 0x00, 0x60,
    0x00, 0x18, 0x00, 0x06, 0x00, 0x01, 0x80, 0x00, 0x60, 0x00, 0x00, 0x00, 0x00, 0x00, 0x00, 0x6C,
    0x00, 0x1B, 0x00, 0x06, 0xC0, 0x01, 0xB0, 0x00, 0x6C, 0x00, 0x1B, 0x00, 0x1E, 0xC0, 0x0F, 0xB0,
    0x00, 0x6C, 0x00, 0x1B, 0x00, 0x06, 0xC0, 0x01, 0xB0, 0x00, 0x6C, 0x00, 0x1B, 0x00, 0x06, 0xC0,
    0x01, 0xB0, 0x00, 0x0C, 0x00, 0x00, 0x00, 0x00, 0x18, 0x00, 0x06, 0x00, 0x01, 0x80, 0x00, 0x60,
    0x00, 0xF8, 0x00, 0x7E, 0x00, 0x01, 0x80, 0x00, 0x60, 0x00, 0xF8, 0x00, 0x7E, 0x00, 0x01, 0x80,
    0x00, 0x60, 0x00, 0x18, 0x00, 0x06, 0x00, 0x01, 0x80, 0x00, 0x60, 0x00, 0x00, 0x00, 0x00, 0x00,
    0x00, 0x6C, 0x00, 0x1B, 0x00, 0x06, 0xC0, 0x01, 0xB0, 0x03, 0xEC, 0x00, 0xFB, 0x00, 0x06, 0xC0,
    0x01, 0xB0, 0x03, 0xEC, 0x00, 0xFB, 0x00, 0x06, 0xC0, 0x01, 0xB0, 0x00, 0x6C, 0x00, 0x1B, 0x00,
    0x06, 0xC0, 0x01, 0xB0, 0x00, 0x00, 0x00, 0x00, 0x00, 0x00, 0x00, 0x00, 0x00, 0x00, 0x00, 0x00,
    0x00, 0x00, 0x00, 0x30, 0x00, 0x0C, 0x00, 0x03, 0x00, 0x00, 0xC0, 0x00, 0x30, 0x00, 0x0C, 0x00,
    0x03, 0x00, 0x7F, 0xFF, 0x8F, 0xFF, 0xC0, 0x00, 0x00, 0x00, 0x00, 0x00, 0x00, 0x00, 0x00, 0x00,
    0x00, 0x00, 0x00, 0x03, 0x00, 0x00, 0xC0, 0x00, 0x30, 0x00, 0x0C, 0x00, 0x03, 0x00, 0x20, 0xC0,
    0x0C, 0x3C, 0x03, 0x0F, 0x00, 0xC3, 0x00, 0x30, 0xC0, 0xFF, 0xF0, 0x7F, 0xFC, 0x00, 0x03, 0x00,
    0x00, 0xC0, 0x00, 0x30, 0x00, 0x0C, 0x00, 0x00, 0x00, 0x00, 0x00, 0x00, 0x0D, 0x80, 0x03, 0x60,
    0x00, 0xD8, 0x00, 0x36, 0x00, 0x0D, 0x80, 0x63, 0x60, 0x18, 0xF8, 0x06, 0x3E, 0x01, 0x8D, 0x80,
    0x63, 0x61, 0xFF, 0xD8, 0x7F, 0xB6, 0x00, 0x0D, 0x80, 0x03, 0x60, 0x00, 0xD8, 0x00, 0x36, 0x00,
    0x00, 0x00, 0x00, 0x00, 0x00, 0x01, 0x80, 0x00, 0x60, 0x00, 0x18, 0x00, 0x06, 0x00, 0x01, 0x80,
    0x30, 0x60, 0x0C, 0x18, 0x03, 0x06, 0x00, 0xC1, 0x80, 0x30, 0x60, 0xFF, 0xD8, 0x3F, 0xF6, 0x00,
    0x01, 0x80, 0x00, 0x60, 0x00, 0x18, 0x00, 0x06, 0x00, 0x01, 0x80, 0x00, 0x00, 0x00, 0x00, 0x00,
    0x00, 0x00, 0x00, 0x00, 0x00, 0x00, 0x00, 0xC6, 0x00, 0x31, 0xC0, 0x0C, 0x70, 0x03, 0x1C, 0x00,
    0xC7, 0x00, 0x31, 0xC0, 0x0C, 0x60, 0x3F, 0xFF, 0x9F, 0xFF, 0xF0, 0x00, 0x00, 0x00, 0x00, 0x00,
    0x00, 0x00, 0x00, 0x00, 0x00, 0x00, 0x00, 0x00, 0x00, 0x00, 0x00, 0x00, 0x00, 0x3F, 0xFF, 0x1F,
    0xFF, 0xE0, 0x0C, 0x00, 0x03, 0x00, 0x00, 0xC0, 0x00, 0x30, 0x00, 0x0C, 0x00, 0x03, 0x00, 0x00,
    0xC0, 0x00, 0x30, 0x00, 0x00, 0x00, 0x00, 0x00, 0x00, 0x00, 0x00, 0x00, 0x00, 0x00, 0x00, 0x00,
    0x01, 0x80, 0x00, 0x60, 0x00, 0x18, 0x00, 0x06, 0x00, 0x01, 0x80, 0x00, 0x60, 0x01, 0xD8, 0x7F,
    0xF6, 0x0F, 0xC1, 0x80, 0x30, 0x60, 0x0D, 0xF8, 0x03, 0x3E, 0x00, 0xC1, 0x80, 0x30, 0x60, 0x08,
    0x18, 0x00, 0x06, 0x00, 0x00, 0x00, 0x00, 0x00, 0x00, 0x02, 0xC0, 0x01, 0xB0, 0x00, 0x6C, 0x00,
    0x1B, 0x00, 0x06, 0xC0, 0x01, 0xB0, 0x00, 0x6C, 0x3F, 0xFB, 0x0F, 0xF6, 0xC0, 0x61, 0xB0, 0x1B,
    0xEC, 0x06, 0xFB, 0x01, 0x86, 0xC0, 0x61, 0xB0, 0x18, 0x6C, 0x00, 0x1B, 0x00, 0x00, 0xC0, 0x00,
    0x00, 0x00, 0x01, 0x80, 0x00, 0x60, 0x00, 0x18, 0x00, 0x06, 0x00, 0x01, 0x80, 0x00, 0x60, 0x00,
    0x18, 0x3F, 0xFE, 0x0F, 0xFD, 0x80, 0x18, 0x60, 0x0E, 0x18, 0x01, 0x86, 0x00, 0x61, 0x80, 0x18,
    0x60, 0x06, 0x18, 0x00, 0x06, 0x00, 0x00, 0x00, 0x00, 0x00, 0x00, 0x00, 0x00, 0x00, 0x00, 0x00,
    0x00, 0x00, 0x00, 0x1F, 0xFF, 0xF3, 0xFF, 0xF8, 0x0C, 0x60, 0x03, 0x1C, 0x00, 0xC7, 0x00, 0x31,
    0xC0, 0x0C, 0x70, 0x03, 0x1C, 0x00, 0xC6, 0x00, 0x00, 0x00, 0x00, 0x00, 0x00, 0x00, 0x00, 0x00,
    0x00, 0x00, 0x00, 0x00, 0x00, 0x00, 0x00, 0x00, 0x00, 0x00, 0x00, 0x00, 0x00, 0x00, 0x00, 0x00,
    0x00, 0x00, 0x00, 0x7F, 0xFF, 0x9F, 0xFF, 0xE0, 0x00, 0x00, 0x00, 0x00, 0x00, 0x00, 0x00, 0x00,
    0x00, 0x00, 0x00, 0x00, 0x00, 0x00, 0x00, 0x00, 0x00, 0x00, 0x00, 0x00, 0x00, 0x01, 0x80, 0x00,
    0x60, 0x00, 0x18, 0x00, 0x06, 0x00, 0x01, 0x80, 0x00, 0x60, 0x00, 0x18, 0x00, 0x06, 0x00, 0x01,
    0x80, 0x0F, 0xE0, 0xFF, 0xF8, 0x3E, 0x06, 0x00, 0x01, 0x80, 0x00, 0x60, 0x00, 0x18, 0x00, 0x06,
    0x00, 0x01, 0x80, 0x00, 0x00, 0x00, 0x30, 0x00, 0x0C, 0x00, 0x03, 0x00, 0x00, 0xC0, 0x00, 0x30,
    0x00, 0x0C, 0x00, 0x03, 0x00, 0x00, 0xC0, 0x00, 0x30, 0x00, 0x0C, 0x00, 0x03, 0x00, 0x00, 0xC0,
    0x00, 0x30, 0x00, 0x0C, 0x00, 0x03, 0x00, 0x00, 0xC0, 0x00, 0x30, 0x00, 0x00, 0x00, 0x00, 0x00,
    0x00, 0x00, 0x00, 0x00, 0x00, 0x30, 0x70, 0x0C, 0x1C, 0x03, 0x07, 0x00, 0xC1, 0xC0, 0x30, 0x70,
    0x0C, 0x1C, 0x03, 0x07, 0x00, 0xC1, 0xC0, 0x30, 0x70, 0x0F, 0xFF, 0xE3, 0xFF, 0xF8, 0x00, 0x00,
    0x00, 0x00, 0x00, 0x00, 0x00, 0x00, 0x00, 0x00, 0x00, 0x00, 0x00, 0x00, 0x00, 0x00, 0x70, 0x7F,
    0x9C, 0x1F, 0xC7, 0x07, 0x01, 0xC1, 0xC0, 0x70, 0x70, 0x1C, 0x1C, 0x07, 0x07, 0x01, 0xC1, 0xC0,
    0x70, 0x70, 0x1F, 0xFF, 0xE7, 0xF7, 0xF8, 0x00, 0x00, 0x00, 0x00, 0x00, 0x00, 0x00, 0x00, 0x00,
    0x00, 0x00, 0x00, 0x00, 0x00, 0x80, 0x60, 0x60, 0x18, 0x18, 0x06, 0x06, 0x01, 0x81, 0x80, 0x60,
    0x60, 0x38, 0x18, 0x0E, 0x06, 0x03, 0xC1, 0x81, 0xF0, 0x62, 0xEF, 0x1F, 0xF9, 0xC7, 0xE8, 0x30,
    0x00, 0x00, 0x00, 0x00, 0x00, 0x00, 0x00, 0x00, 0x00, 0x00, 0x00, 0x00, 0x00, 0x00, 0x00, 0x00,
    0x30, 0x0C, 0x0C, 0x03, 0x03, 0x01, 0xC0, 0xC0, 0x70, 0x30, 0x1E, 0x0C, 0x0F, 0x83, 0x03, 0x70,
    0xC0, 0xCC, 0x30, 0x73, 0x0D, 0xD8, 0xE3, 0xFF, 0xF8, 0xF9, 0xFE, 0x00, 0x00, 0x00, 0x00, 0x00,
    0x00, 0x00, 0x00, 0x00, 0x00, 0x00, 0x00, 0x00, 0x00, 0x7F, 0xE6, 0x1F, 0xF9, 0x80, 0x66, 0x60,
    0x19, 0x98, 0x7E, 0x66, 0x1F, 0x9B, 0x86, 0x06, 0xF1, 0x81, 0xBC, 0x7E, 0x7B, 0x9F, 0x9C, 0x60,
    0x00, 0x00, 0x00, 0x00, 0x00, 0x00, 0x00, 0x00, 0x00, 0x00, 0x00, 0x00, 0x00, 0x00, 0x00, 0x00,
    0xFE, 0xFC, 0x3F, 0xBF, 0x80, 0xED, 0x40, 0x1B, 0x00, 0x06, 0xC0, 0x3F, 0xB0, 0x0F, 0xEC, 0x03,
    0x03, 0x00, 0xC0, 0xC0, 0x31, 0xB0, 0x0F, 0xFF, 0xE3, 0xFB, 0xF8, 0x00, 0x00, 0x00, 0x00, 0x00,
    0x00, 0x00, 0x00, 0x00, 0x00, 0x00, 0x00, 0x00, 0x00, 0x00, 0x00, 0x3D, 0xB2, 0x0F, 0xED, 0xC0,
    0x7B, 0x70, 0x1F, 0xDC, 0x3F, 0xF7, 0x0F, 0xED, 0xC3, 0x1B, 0x70, 0xC6, 0xFC, 0x3F, 0xFD, 0x8F,
    0xFE, 0x20, 0x00, 0x00, 0x00, 0x00, 0x00, 0x00, 0x00, 0x00, 0x00, 0x00, 0x00, 0x00, 0x00, 0x00,
    0x00, 0x00, 0x00, 0x00, 0x3F, 0x8C, 0x0F, 0xE3, 0x01, 0x58, 0xC0, 0x06, 0x78, 0x01, 0x9E, 0x0F,
    0xE7, 0x83, 0xFB, 0xB0, 0xC0, 0xCC, 0x30, 0x33, 0x0F, 0xFF, 0xE3, 0xFF, 0xF8, 0x00, 0x00, 0x00,
    0x00, 0x00, 0x00, 0x00, 0x00, 0x00, 0x00, 0x00, 0x00, 0x00, 0x00, 0xFE, 0xFE, 0x3F, 0xFF, 0xCF,
    0xEF, 0xE0, 0x18, 0x00, 0x06, 0x30, 0x3F, 0x9F, 0x0F, 0xEF, 0xE3, 0x03, 0x18, 0xC1, 0xC6, 0x30,
    0x71, 0x8F, 0xFF, 0xE3, 0xF9, 0xF0, 0x00, 0x00, 0x00, 0x00, 0x00, 0x00, 0x00, 0x00, 0x00, 0x00,
    0x00, 0x00, 0x00, 0x00, 0x00, 0x00, 0x3F, 0xB1, 0x8F, 0xEC, 0x73, 0x1B, 0x1C, 0xC6, 0xC7, 0x31,
    0xBF, 0xCC, 0x6F, 0xF3, 0x1B, 0x1C, 0xC6, 0xC7, 0x31, 0xB1, 0xCC, 0x6E, 0x73, 0xFB, 0xFC, 0xFE,
    0xFE, 0x00, 0x00, 0x00, 0x00, 0x00, 0x00, 0x00, 0x00, 0x00, 0x00, 0x00, 0x00, 0x00, 0x00, 0x3F,
    0x9C, 0x0F, 0xE7, 0x03, 0x19, 0xC0, 0xCE, 0x70, 0x33, 0x9C, 0x0C, 0xE7, 0x03, 0x39, 0xE0, 0xCE,
    0xF8, 0x33, 0xF7, 0x0F, 0xF8, 0xE3, 0xFC, 0x18, 0x00, 0x00, 0x00, 0x00, 0x00, 0x00, 0x00, 0x00,
    0x00, 0x00, 0x00, 0x00, 0x00, 0x00, 0x00, 0x00, 0x3F, 0x8C, 0x0F, 0xE3, 0x03, 0x18, 0xE0, 0xC6,
    0x78, 0x31, 0x9E, 0x0C, 0x67, 0xC3, 0x1B, 0xB0, 0xC6, 0xCC, 0x31, 0xB3, 0x8C, 0x7C, 0xE3, 0xFF,
    0xF8, 0xFF, 0xFE, 0x00, 0x00, 0x00, 0x00, 0x00, 0x00, 0x00, 0x00, 0x00, 0x00, 0xFF, 0xE0, 0x3F,
    0xF8, 0x0C, 0x0E, 0x03, 0x03, 0x80, 0xC0, 0xE0, 0x30, 0x38, 0x0F, 0xFE, 0x03, 0xFF, 0x80, 0x00,
    0x00, 0x03, 0x80, 0x03, 0xF0, 0x00, 0xCE, 0x00, 0x31, 0x80, 0x0E, 0xE0, 0x01, 0xF0, 0x00, 0x38,
    0x00, 0x00, 0x00, 0x00, 0x00, 0x00, 0x00, 0x00, 0xC7, 0xFF, 0x31, 0xFF, 0xCC, 0x70, 0x73, 0x1C,
    0x1C, 0xFF, 0x07, 0x3F, 0xC1, 0xCE, 0x70, 0x73, 0x1C, 0x1C, 0xC7, 0x07, 0x31, 0xC1, 0xCF, 0xF0,
    0x73, 0xFC, 0x1C, 0xFE, 0x06, 0x00, 0x00, 0x00, 0x00, 0x00, 0x00, 0x00, 0x00, 0x00, 0x00, 0x00,
    0x00, 0xC7, 0xFE, 0x31, 0xFF, 0x8C, 0x7E, 0x03, 0x1F, 0x80, 0xFF, 0xE0, 0x3F, 0xF8, 0x0E, 0x7E,
    0x03, 0x1F, 0x80, 0xC7, 0xE0, 0x31, 0xF8, 0x0F, 0xFF, 0xE3, 0xFF, 0xFC, 0xFE, 0x7E, 0x00, 0x00,
    0x00, 0x00, 0x00, 0x00, 0x00, 0x00, 0x00, 0x00, 0x00, 0x00, 0x00, 0x00, 0x66, 0x7F, 0x99, 0x9B,
    0xE6, 0x66, 0x19, 0xF9, 0x86, 0x7E, 0xE1, 0x99, 0xB8, 0x66, 0x6E, 0x19, 0x9F, 0xC6, 0x7F, 0xB9,
    0x9F, 0xC6, 0x60, 0x00, 0x00, 0x00, 0x00, 0x00, 0x00, 0x00, 0x00, 0x00, 0x00, 0x00, 0x00, 0x00,
    0x00, 0x00, 0x00, 0x00, 0x00, 0x36, 0x6F, 0x8D, 0x9B, 0xE3, 0x66, 0xC0, 0xF9, 0xB0, 0x3E, 0x6C,
    0x0D, 0xBB, 0x03, 0x6E, 0xC0, 0xDF, 0xF0, 0x3F, 0xBF, 0x8F, 0xE7, 0xE0, 0x00, 0x00, 0x00, 0x00,
    0x00, 0x00, 0x00, 0x00, 0x00, 0x00, 0x00, 0x00, 0x00, 0x00, 0x00, 0x00, 0x00, 0x00, 0x33, 0xFF,
    0x1C, 0xFF, 0xE3, 0x39, 0xC0, 0xFE, 0x70, 0x7F, 0x9C, 0x0C, 0xE7, 0x03, 0x39, 0xC0, 0xCE, 0xF8,
    0x33, 0xF7, 0x1F, 0xF8, 0xE3, 0xFC, 0x10, 0x00, 0x00, 0x00, 0x00, 0x00, 0x00, 0x00, 0x00, 0x00,
    0x00, 0x00, 0x00, 0x00, 0x01, 0x8F, 0xFC, 0x73, 0xFF, 0x1C, 0xFC, 0x07, 0x3F, 0x01, 0xFF, 0xC0,
    0x7F, 0xFF, 0x1C, 0xFF, 0xC7, 0x3F, 0x01, 0xCF, 0xC0, 0x73, 0xF0, 0x1F, 0xFF, 0xE7, 0xFF, 0xF8,
    0x00, 0x00, 0x00, 0x00, 0x00, 0x00, 0x00, 0x00, 0x00, 0x00, 0x00, 0x00, 0xC0, 0xC0, 0x30, 0x30,
    0x0F, 0xFC, 0x03, 0xFF, 0x00, 0xC0, 0xC0, 0x30, 0x30, 0x0F, 0xFC, 0x03, 0xFF, 0x00, 0x00, 0x00,
    0x07, 0x80, 0x03, 0xF0, 0x00, 0xCE, 0x00, 0x31, 0x80, 0x0C, 0xC0, 0x03, 0xF0, 0x00, 0x30, 0x00,
    0x00, 0x00, 0x00, 0x00, 0x01, 0x9E, 0x60, 0x67, 0x98, 0x1F, 0xFE, 0x07, 0xFF, 0x81, 0xDF, 0x60,
    0x67, 0x98, 0x1F, 0xFE, 0x07, 0xFF, 0x80, 0x00, 0x00, 0x03, 0x80, 0x01, 0xF0, 0x00, 0xCE, 0x00,
    0x31, 0x80, 0x0E, 0xE0, 0x01, 0xF0, 0x00, 0x38, 0x00, 0x00, 0x00, 0x00, 0x00, 0x00, 0x00, 0x00,
    0x00, 0x00, 0x03, 0x3F, 0xC0, 0xCF, 0xF0, 0x30, 0x1C, 0x0C, 0x07, 0x03, 0x01, 0xC1, 0xE0, 0x70,
    0x78, 0x1C, 0x1F, 0x07, 0x0E, 0xE1, 0xCF, 0x3C, 0x73, 0x87, 0x1C, 0x00, 0x00, 0x00, 0x00, 0x00,
    0x00, 0x00, 0x00, 0x00, 0x00, 0x00, 0x00, 0x00, 0x00, 0x00, 0x00, 0x07, 0x18, 0x01, 0xC6, 0x00,
    0x71, 0x80, 0x1C, 0x60, 0x07, 0x18, 0x01, 0xC6, 0x00, 0x73, 0x80, 0x3E, 0xE0, 0x1D, 0xD8, 0x0F,
    0x3F, 0xE3, 0x87, 0xF8, 0x00, 0x00, 0x00, 0x00, 0x00, 0x00, 0x00, 0x00, 0x00, 0x00, 0x00, 0x00,
    0x00, 0x00, 0x18, 0xFC, 0x0E, 0x3F, 0x83, 0x8F, 0xC0, 0xE3, 0x00, 0x38, 0xC0, 0x0E, 0x30, 0x03,
    0x8C, 0x00, 0xF3, 0x00, 0x7C, 0xC0, 0x3B, 0xF0, 0x1C, 0x7F, 0xE2, 0x0F, 0xF8, 0x00, 0x00, 0x00,
    0x00, 0x00, 0x00, 0x00, 0x00, 0x00, 0x00, 0x00, 0x00, 0x00, 0x00, 0x08, 0x42, 0x07, 0x39, 0xC1,
    0xCE, 0x70, 0x73, 0x1C, 0x1C, 0xFF, 0x07, 0x3F, 0xC1, 0xCE, 0x70, 0xF3, 0x1C, 0x3E, 0xE7, 0x1D,
    0xF1, 0xCE, 0x3F, 0xF3, 0x07, 0xFC, 0x00, 0x00, 0x00, 0x00, 0x00, 0x00, 0x00, 0x00, 0x00, 0x00,
    0x00, 0x00, 0x00, 0x00, 0x08, 0x00, 0x07, 0x7F, 0x81, 0xCF, 0xE0, 0x70, 0xC0, 0x1C, 0x30, 0x07,
    0x0E, 0x01, 0xC3, 0x80, 0xF9, 0xE0, 0x3E, 0x7C, 0x3D, 0xFB, 0x8E, 0x3C, 0x61, 0x06, 0x00, 0x00,
    0x00, 0x00, 0x00, 0x00, 0x00, 0x00, 0x00, 0x00, 0x00, 0x00, 0x00, 0x0C, 0x00, 0x03, 0x00, 0x00,
    0xE0, 0x00, 0x78, 0x00, 0x1F, 0x00, 0x0F, 0xC0, 0x03, 0xB0, 0x00, 0xCE, 0x00, 0x73, 0x80, 0x18,
    0x70, 0x0E, 0x1C, 0x03, 0x83, 0x01, 0xFF, 0xE0, 0x7F, 0xF8, 0x1F, 0xFE, 0x00, 0x00, 0x00, 0x00,
    0x00, 0x00, 0x00, 0x00, 0x00, 0x00, 0x00, 0x00, 0x1E, 0x1E, 0x0F, 0xCF, 0xC3, 0xF3, 0xF1, 0xCF,
    0xCE, 0x61, 0xE1, 0x98, 0x78, 0x66, 0x1E, 0x19, 0xCF, 0xCE, 0x73, 0x33, 0x8F, 0xCF, 0xC1, 0xE1,
    0xE0, 0x00, 0x00, 0x00, 0x00, 0x00, 0x00, 0x00, 0x00, 0x00, 0x00, 0x00, 0x00, 0x0C, 0x00, 0x03,
    0x80, 0x00, 0xE0, 0x00, 0x7C, 0x00, 0x7F, 0x80, 0x3F, 0xF8, 0x1E, 0x0E, 0x07, 0x01, 0xC1, 0x80,
    0x70, 0x60, 0x1C, 0x18, 0x07, 0x07, 0x01, 0xC1, 0xE0, 0xE0, 0x3F, 0xF0, 0x07, 0xF8, 0x00, 0x38,
    0x00, 0x00, 0x00, 0x00, 0x00, 0x00, 0x00, 0x00, 0x00, 0x00, 0x06, 0x08, 0x01, 0x87, 0x00, 0xE1,
    0xC0, 0x7C, 0x70, 0x3F, 0x9C, 0x0C, 0x67, 0x03, 0x19, 0xC0, 0xC6, 0xF8, 0x33, 0xBF, 0x0F, 0xFD,
    0xE1, 0xFE, 0x38, 0x00, 0x00, 0x00, 0x00, 0x00, 0x00, 0x00, 0x00, 0x00, 0x00, 0x00, 0x00, 0x00,
    0x00, 0x00, 0x00, 0x0C, 0x08, 0x03, 0x06, 0x01, 0xE1, 0xC0, 0xFC, 0x70, 0x73, 0xBE, 0x18, 0xED,
    0x86, 0x1B, 0x61, 0x8F, 0x9C, 0x73, 0xE3, 0x0F, 0xFF, 0xC1, 0xEF, 0xF8, 0x00, 0x00, 0x00, 0x00,
    0x00, 0x00, 0x00, 0x00, 0x00, 0x00, 0x00, 0x00, 0xFF, 0xE0, 0x3F, 0xF8, 0x03, 0x1C, 0x00, 0xC7,
    0x00, 0x31, 0xC0, 0x0C, 0x70, 0x0F, 0xFE, 0x03, 0xFF, 0x80, 0x00, 0x00, 0x03, 0x80, 0x01, 0xF8,
    0x00, 0xE6, 0x00, 0x31, 0x80, 0x0E, 0x60, 0x01, 0xF0, 0x00, 0x38, 0x00, 0x00, 0x00, 0x00, 0x00,
    0x00, 0x00, 0x00, 0x00, 0x00, 0x06, 0x0E, 0x01, 0x83, 0x83, 0xFF, 0xF8, 0xFE, 0xFE, 0x0E, 0x0E,
    0x07, 0xE7, 0xC1, 0x9B, 0x38, 0xC6, 0xC6, 0x39, 0xB1, 0x87, 0xEF, 0xC0, 0xF1, 0xF0, 0x00, 0x00,
    0x00, 0x00, 0x00, 0x00, 0x00, 0x00, 0x00, 0x00, 0x00, 0x01, 0xFF, 0xF0, 0x7F, 0xFC, 0x00, 0x00,
    0x00, 0x78, 0x00, 0x7F, 0x80, 0x3F, 0xF0, 0x1E, 0x0E, 0x07, 0x03, 0x81, 0xC0, 0x60, 0x70, 0x38,
    0x1C, 0x0E, 0x03, 0x87, 0x80, 0xFF, 0xC0, 0x0F, 0xE0, 0x00, 0x00, 0x00, 0x00, 0x00, 0x00, 0x00,
    0x00, 0x02, 0x00, 0x01, 0xC0, 0x00, 0x70, 0x00, 0x18, 0x00, 0x07, 0xC0, 0xC9, 0xF0, 0x37, 0x60,
    0x0D, 0xD8, 0x03, 0x77, 0xC0, 0xC9, 0xF0, 0xFF, 0xE0, 0x7F, 0xFC, 0x00, 0x07, 0x00, 0x01, 0xC0,
    0x00, 0x70, 0x00, 0x18, 0x00, 0x00, 0x00, 0x00, 0x00, 0x00, 0x0D, 0x80, 0x03, 0x60, 0x00, 0xD8,
    0x00, 0x36, 0x00, 0x0F, 0x81, 0xB3, 0xE0, 0x6C, 0xD8, 0x1B, 0x36, 0x06, 0xCF, 0x81, 0xB3, 0xE1,
    0xFF, 0xD8, 0x7F, 0xB6, 0x00, 0x0D, 0x80, 0x03, 0x60, 0x00, 0xD8, 0x00, 0x36, 0x00, 0x00, 0x00,
    0x00, 0x00, 0x00, 0x01, 0x80, 0x00, 0x60, 0x00, 0x18, 0x00, 0x06, 0x00, 0x01, 0x80, 0x6C, 0x60,
    0x1B, 0x18, 0x06, 0xC6, 0x01, 0xB1, 0x80, 0x6C, 0x60, 0xFF, 0xD8, 0x3F, 0xE6, 0x00, 0x01, 0x80,
    0x00, 0x60, 0x00, 0x18, 0x00, 0x06, 0x00, 0x00, 0x00, 0x00, 0x00, 0x00, 0x01, 0x80, 0x00, 0x60,
    0x00, 0x18, 0x00, 0x06, 0x00, 0x01, 0x80, 0x00, 0x60, 0xFF, 0xF8, 0x3F, 0xF6, 0x03, 0x61, 0x80,
    0xDB, 0xE0, 0x36, 0x18, 0x0D, 0xBE, 0x03, 0x6F, 0x80, 0xD8, 0x60, 0x36, 0x18, 0x00, 0x06, 0x00,
    0x00, 0x00, 0x00, 0x00, 0x00, 0x04, 0xC0, 0x01, 0xB0, 0x00, 0x6C, 0x00, 0x1B, 0x00, 0x06, 0xC0,
    0x01, 0xB0, 0xFF, 0xEC, 0x3F, 0x9B, 0x06, 0xDE, 0xC1, 0xBF, 0xB0, 0x6C, 0x6C, 0x1B, 0xFB, 0x06,
    0xFE, 0xC1, 0xB1, 0xB0, 0x6C, 0x6C, 0x00, 0x1B, 0x00, 0x00, 0xC0, 0x00, 0x00, 0x00, 0x00, 0xC0,
    0x00, 0x30, 0x00, 0x0C, 0x00, 0x03, 0x00, 0x00, 0xC0, 0x00, 0x30, 0x00, 0x0C, 0x3F, 0xFF, 0x0F,
    0xFC, 0xC0, 0x66, 0x30, 0x19, 0x8C, 0x06, 0x63, 0x01, 0x98, 0xC0, 0x66, 0x30, 0x19, 0x8C, 0x00,
    0x03, 0x00, 0x00, 0xC0, 0x00, 0x00, 0x00, 0x00, 0x00, 0x00, 0x00, 0x00, 0x00, 0x01, 0xF0, 0x00,
    0xFE, 0x00, 0x7F, 0xC0, 0x3F, 0xF0, 0x0F, 0xFE, 0x03, 0xFF, 0x80, 0xFF, 0xE0, 0x1F, 0xF0, 0x07,
    0xFC, 0x00, 0xFE, 0x00, 0x0E, 0x00, 0x00, 0x00, 0x00, 0x00, 0x00, 0x00, 0x00, 0x00, 0x00, 0x00,
    0x08, 0x00, 0x07, 0x00, 0x01, 0x80, 0x00, 0x60, 0x00, 0x18, 0x00, 0x06, 0x00, 0x01, 0x80, 0x03,
    0x60, 0x00, 0xD8, 0x00, 0x06, 0x00, 0x01, 0x80, 0x00, 0x60, 0x00, 0x18, 0x00, 0x06, 0x00, 0x01,
    0x80, 0x00, 0x60, 0x00, 0x00, 0x00, 0x00, 0x00, 0x0F, 0xFF, 0x87, 0x00, 0x61, 0xE0, 0x38, 0x6C,
    0x1A, 0x19, 0x0C, 0x86, 0x66, 0x21, 0x8D, 0x08, 0x61, 0xC2, 0x18, 0x60, 0x86, 0x3C, 0x21, 0x99,
    0x88, 0x66, 0x32, 0x1B, 0x06, 0x87, 0x80, 0xE1, 0xC0, 0x38, 0x7F, 0xFE, 0x00, 0x02, 0x00, 0x00,
    0x00, 0x00, 0x03, 0x03, 0xF8, 0xC0, 0xFF, 0x30, 0x01, 0xCC, 0x00, 0x63, 0x00, 0x18, 0xC0, 0x06,
    0x3C, 0x03, 0x0F, 0x01, 0xC3, 0x00, 0xE0, 0xC0, 0x70, 0x30, 0x38, 0x0C, 0x1C, 0x03, 0x00, 0x00,
    0xC0, 0x00, 0x30, 0x00, 0x0C, 0x00, 0x00, 0x00, 0x00, 0x00, 0x00, 0x03, 0x03, 0xFC, 0xC0, 0xFF,
    0x30, 0x01, 0x8C, 0x00, 0x63, 0xC0, 0x30, 0xF0, 0x3C, 0x30, 0x3C, 0x0C, 0x1E, 0x03, 0x00, 0x00,
    0xC0, 0x7F, 0xF0, 0x1F, 0xFC, 0x00, 0x03, 0x00, 0x00, 0xC0, 0x00, 0x30, 0x00, 0x0C, 0x00, 0x00,
    0x00, 0x00, 0x00, 0x00, 0x03, 0x03, 0xFC, 0xC0, 0xFF, 0x30, 0x00, 0xCC, 0x00, 0x63, 0x00, 0x38,
    0xF0, 0x1C, 0x30, 0x0E, 0x0C, 0x0F, 0x03, 0x07, 0x00, 0xC0, 0x20, 0x30, 0x0C, 0x0C, 0x03, 0x00,
    0x00, 0xC0, 0x00, 0x3F, 0xF0, 0x0F, 0xFE, 0x00, 0x00, 0x00, 0x00, 0x00, 0x00, 0x03, 0x03, 0xFC,
    0xC0, 0xFF, 0x30, 0x01, 0x8E, 0x00, 0x63, 0xE0, 0x30, 0xE0, 0x3C, 0x30, 0x3C, 0x0C, 0x1E, 0x03,
    0x00, 0x00, 0x00, 0x3F, 0xF0, 0x0F, 0xFC, 0x03, 0x00, 0x00, 0xC0, 0x00, 0x3F, 0xF0, 0x0F, 0xFE,
    0x00, 0x00, 0x00, 0x00, 0x00, 0x00, 0x63, 0x03, 0xFC, 0xC0, 0x07, 0x30, 0x01, 0x8F, 0x00, 0xE3,
    0xC0, 0x70, 0xC0, 0x78, 0x30, 0x78, 0x0C, 0x1F, 0xFF, 0x01, 0xFF, 0xC0, 0x00, 0x30, 0x0F, 0xFC,
    0x07, 0xFF, 0x01, 0x80, 0x00, 0x7F, 0xF0, 0x1F, 0xFC, 0x00, 0x00, 0x00, 0x00, 0x00, 0x00, 0x02,
    0x03, 0xF8, 0xC0, 0xFE, 0x30, 0x01, 0x8C, 0x00, 0x63, 0xC0, 0x30, 0xE0, 0x38, 0x30, 0x7C, 0x0C,
    0x1C, 0x02, 0x01, 0xFF, 0x80, 0x7F, 0xF0, 0x03, 0x0C, 0x07, 0xC3, 0x01, 0xC0, 0xC0, 0x7E, 0x30,
    0x1F, 0x8C, 0x00, 0x00, 0x00, 0x00, 0x00, 0x00, 0x03, 0x03, 0xFC, 0xC0, 0x07, 0x30, 0x01, 0x8F,
    0x00, 0xE3, 0xE0, 0x70, 0xC0, 0x78, 0x30, 0x7C, 0x0C, 0x08, 0x01, 0x01, 0xF7, 0xC0, 0x7D, 0xF0,
    0x1F, 0x6C, 0x07, 0xDB, 0x01, 0x86, 0xC0, 0x7F, 0xB0, 0x1F, 0xFC, 0x00, 0x00, 0x00, 0x00, 0x00,
    0x00, 0x03, 0x03, 0xFC, 0xC0, 0xFF, 0x30, 0x01, 0x8E, 0x00, 0x63, 0xE0, 0x30, 0xE0, 0x3C, 0x30,
    0x3C, 0x0C, 0x1E, 0x03, 0x00, 0xFF, 0xC0, 0x3F, 0xF0, 0x0C, 0x0C, 0x03, 0x03, 0x00, 0xC0, 0xC0,
    0x3F, 0xF0, 0x0F, 0xFC, 0x00, 0x00, 0x00, 0x00, 0x00, 0x00, 0x03, 0x03, 0xF8, 0xC0, 0x16, 0x30,
    0x01, 0x8D, 0x00, 0xC3, 0xC0, 0x70, 0xC0, 0x38, 0x30, 0x7C, 0x0C, 0x1C, 0x03, 0x00, 0x80, 0x80,
    0x60, 0x30, 0x1F, 0xFC, 0x07, 0xFF, 0x01, 0x80, 0xC0, 0x7F, 0xF0, 0x1F, 0xFC, 0x00, 0x00, 0x00,
    0x00, 0x00, 0x00, 0x02, 0x03, 0xF9, 0xC0, 0xFE, 0x70, 0x01, 0x9C, 0x00, 0xE7, 0xC0, 0x71, 0xC0,
    0x38, 0x70, 0x7C, 0x1C, 0x1C, 0x02, 0x00, 0x01, 0x00, 0x6C, 0x60, 0x1F, 0x18, 0x07, 0xCE, 0x01,
    0xB3, 0xC0, 0x6F, 0xB8, 0x1F, 0xE6, 0x00, 0x00, 0x00, 0x00, 0x00, 0x00, 0x03, 0x03, 0xFC, 0xC0,
    0xFF, 0x30, 0x01, 0x8C, 0x00, 0x63, 0xC0, 0x38, 0xF0, 0x1C, 0x30, 0x0E, 0x0C, 0x1F, 0x03, 0x07,
    0x0C, 0xC0, 0x03, 0x30, 0x00, 0xC0, 0x00, 0x78, 0x00, 0x37, 0x00, 0x78, 0xF8, 0x1C, 0x0E, 0x00,
    0x00, 0x00, 0x00, 0x00, 0x00, 0x03, 0x03, 0xFC, 0xC0, 0xFF, 0x30, 0x01, 0x8C, 0x00, 0x63, 0xC0,
    0x30, 0xF0, 0x1C, 0x30, 0x3E, 0x0C, 0x1E, 0x03, 0x02, 0x61, 0x80, 0x18, 0x60, 0x06, 0x18, 0x03,
    0x8E, 0x00, 0xF3, 0xC0, 0xEF, 0xB8, 0x31, 0xC3, 0x00, 0x00, 0x00, 0x00, 0x00, 0x00, 0x03, 0x03,
    0xFC, 0xC0, 0xFF, 0x30, 0x01, 0x8C, 0x00, 0x63, 0xC0, 0x30, 0xF0, 0x1C, 0x30, 0x1E, 0x0C, 0x1E,
    0x03, 0x06, 0x1C, 0xC0, 0x3F, 0xE0, 0x1E, 0x1C, 0x06, 0x03, 0x01, 0x80, 0xC0, 0x3F, 0xE0, 0x07,
    0xF0, 0x00, 0x00, 0x00, 0x00, 0x00, 0x00, 0x03, 0x03, 0xFC, 0xC0, 0xFF, 0x30, 0x01, 0x8C, 0x00,
    0x63, 0xC0, 0x30, 0xF0, 0x3C, 0x30, 0x3C, 0x0C, 0x1E, 0x03, 0x00, 0x00, 0x80, 0x7F, 0xF0, 0x0F,
    0xD8, 0x00, 0x70, 0x00, 0x3F, 0x00, 0x7C, 0xF0, 0x1C, 0x1E, 0x00, 0x00, 0x00, 0x00, 0x00, 0x00,
    0x03, 0x03, 0xFC, 0xC0, 0xFF, 0x30, 0x01, 0x8F, 0x00, 0x63, 0xC0, 0x30, 0xC0, 0x38, 0x30, 0x7C,
    0x0C, 0x1C, 0x33, 0x00, 0x1C, 0x00, 0x7F, 0xF0, 0x0F, 0xD8, 0x00, 0x70, 0x00, 0x3F, 0x00, 0x78,
    0xF0, 0x1C, 0x0C, 0x00, 0x00, 0x00, 0x00, 0x00, 0x00, 0x03, 0x03, 0xFC, 0xC0, 0xFF, 0x30, 0x01,
    0x8F, 0x00, 0x63, 0xE0, 0x30, 0xC0, 0x3C, 0x30, 0x3C, 0x0C, 0x0C, 0x01, 0x00, 0xFF, 0xC0, 0x3F,
    0xF0, 0x0C, 0x00, 0x03, 0xFF, 0x00, 0xC0, 0x00, 0x3F, 0xF8, 0x0F, 0xFE, 0x00, 0x00, 0x00, 0x00,
    0x00, 0x00, 0x03, 0x03, 0xFC, 0xC0, 0xFF, 0x30, 0x01, 0x8C, 0x00, 0x63, 0xC0, 0x30, 0xC0, 0x38,
    0x30, 0x3C, 0x0C, 0x1C, 0x03, 0x00, 0xFF, 0xC0, 0x7F, 0xF8, 0x03, 0x30, 0x00, 0xCC, 0x00, 0x33,
    0x00, 0x7F, 0xF8, 0x1F, 0xFE, 0x00, 0x00, 0x00, 0x00, 0x00, 0x00, 0x03, 0x03, 0xFC, 0xC0, 0x7F,
    0x30, 0x01, 0x8F, 0x00, 0x63, 0xC0, 0x30, 0xC0, 0x38, 0x30, 0x7C, 0x8C, 0x1C, 0x33, 0x01, 0xFF,
    0xC0, 0x7F, 0xF8, 0x01, 0xE0, 0x01, 0xFE, 0x00, 0xC1, 0x80, 0x38, 0xE0, 0x07, 0xF0, 0x00, 0x00,
    0x00, 0x00, 0x00, 0x00, 0x09, 0x80, 0x07, 0x60, 0xFC, 0xD8, 0x3F, 0x36, 0x00, 0xCD, 0x80, 0x36,
    0x60, 0x0D, 0xF8, 0x06, 0x7E, 0x01, 0x99, 0x80, 0xC7, 0x60, 0x61, 0xD8, 0x70, 0x76, 0x08, 0x1D,
    0x80, 0x07, 0x60, 0x01, 0xD8, 0x00, 0x26, 0x00, 0x00, 0x00, 0x00, 0x00, 0x00, 0x09, 0x83, 0xF7,
    0x60, 0xFC, 0x98, 0x03, 0x76, 0x00, 0xDF, 0x80, 0x77, 0xE0, 0x39, 0x98, 0x1C, 0x76, 0x1E, 0x1D,
    0x82, 0x02, 0x60, 0x3F, 0xF8, 0x0F, 0xFE, 0x00, 0x01, 0x80, 0x00, 0x60, 0x00, 0x18, 0x00, 0x06,
    0x00, 0x00, 0x00, 0x00, 0x00, 0x00, 0x09, 0x83, 0xF7, 0x60, 0xFC, 0xD8, 0x03, 0x26, 0x00, 0xDF,
    0x80, 0x37, 0xE0, 0x19, 0xD8, 0x0C, 0x66, 0x0E, 0x1D, 0x87, 0x07, 0x60, 0x31, 0xD8, 0x0C, 0x26,
    0x03, 0x00, 0x00, 0xC0, 0x00, 0x3F, 0xF8, 0x0F, 0xFE, 0x00, 0x00, 0x00, 0x00, 0x00, 0x00, 0x09,
    0x83, 0xF3, 0x60, 0x6C, 0x98, 0x03, 0x7E, 0x00, 0xDF, 0x80, 0x66, 0x60, 0x71, 0xD8, 0x38, 0x26,
    0x0C, 0x08, 0x80, 0xFF, 0xE0, 0x00, 0x18, 0x07, 0xFE, 0x03, 0xFF, 0x80, 0xC0, 0x00, 0x3F, 0xFC,
    0x0F, 0xFF, 0x00, 0x00, 0x00, 0x00, 0x00, 0x00, 0x09, 0x83, 0xF3, 0x60, 0xFC, 0x98, 0x03, 0x76,
    0x00, 0xDF, 0x80, 0x77, 0xE0, 0x39, 0x98, 0x1C, 0x76, 0x0E, 0x19, 0x82, 0x02, 0x60, 0x3F, 0xF8,
    0x0F, 0xFE, 0x03, 0x01, 0x80, 0xC0, 0x60, 0x3F, 0xF8, 0x0F, 0xFE, 0x00, 0x00, 0x00, 0x00, 0x00,
    0x00, 0x09, 0x83, 0xF3, 0x60, 0xFC, 0x98, 0x03, 0x76, 0x00, 0xDF, 0x80, 0x77, 0x60, 0x39, 0x98,
    0x3C, 0x76, 0x1E, 0x09, 0x82, 0x40, 0x00, 0x30, 0x18, 0x0F, 0xFE, 0x03, 0xFF, 0x80, 0xC0, 0x60,
    0x3F, 0xF8, 0x0F, 0xFE, 0x00, 0x00, 0x00, 0x00, 0x00, 0x00, 0x09, 0x83, 0xF7, 0x60, 0xFC, 0xD8,
    0x03, 0x26, 0x00, 0xDF, 0x80, 0x37, 0xE0, 0x19, 0x98, 0x0C, 0x76, 0x0E, 0x09, 0x87, 0x04, 0x60,
    0x03, 0x18, 0x00, 0xE0, 0x00, 0x78, 0x00, 0x3B, 0x80, 0x7C, 0x78, 0x1C, 0x0E, 0x00, 0x00, 0x00,
    0x00, 0x00, 0x00, 0x01, 0x03, 0xF6, 0xC0, 0xFD, 0xB0, 0x03, 0x64, 0x00, 0xDF, 0x00, 0x67, 0xC0,
    0x39, 0x90, 0x1C, 0x6C, 0x1E, 0x1B, 0x02, 0x02, 0x40, 0x18, 0x60, 0x06, 0x18, 0x01, 0x8E, 0x00,
    0xF3, 0xC0, 0xEF, 0xB8, 0x31, 0xC6, 0x00, 0x00, 0x00, 0x00, 0x00, 0x00, 0x0D, 0x83, 0xF3, 0x60,
    0xFE, 0xD8, 0x03, 0x36, 0x00, 0xCF, 0x80, 0x73, 0xE0, 0x38, 0xD8, 0x1C, 0x36, 0x1E, 0x0D, 0x82,
    0x02, 0x60, 0x0F, 0xF0, 0x07, 0xFE, 0x03, 0x01, 0x80, 0xC0, 0x60, 0x1C, 0x78, 0x03, 0xFC, 0x00,
    0x00, 0x00, 0x00, 0x00, 0x00, 0x03, 0x03, 0xF8, 0xC0, 0xFF, 0x30, 0x01, 0xCC, 0x00, 0x63, 0xC0,
    0x18, 0xF0, 0x06, 0x30, 0x03, 0x0C, 0x01, 0xC3, 0x00, 0xE0, 0xF0, 0x70, 0x3C, 0x38, 0x0C, 0x1C,
    0x03, 0x00, 0x00, 0xC0, 0x00, 0x30, 0x00, 0x0C, 0x00, 0x00, 0x00, 0x00, 0x00, 0x00, 0x03, 0x03,
    0xFC, 0xC0, 0xFF, 0x3C, 0x01, 0x8F, 0x00, 0x63, 0x00, 0x30, 0xF0, 0x38, 0x3C, 0x3C, 0x0C, 0x1C,
    0x03, 0x00, 0x00, 0xC0, 0x7F, 0xF0, 0x1F, 0xFC, 0x00, 0x03, 0x00, 0x00, 0xC0, 0x00, 0x30, 0x00,
    0x0C, 0x00, 0x00, 0x00, 0x00, 0x00, 0x00, 0x03, 0x03, 0xFC, 0xC0, 0xFF, 0x30, 0x00, 0xCF, 0x00,
    0x63, 0xC0, 0x38, 0xC0, 0x1C, 0x30, 0x0E, 0x0F, 0x0F, 0x03, 0xC7, 0x00, 0xC0, 0x20, 0x30, 0x0C,
    0x0C, 0x03, 0x00, 0x00, 0xC0, 0x00, 0x3F, 0xF0, 0x0F, 0xFE, 0x00, 0x00, 0x00, 0x00, 0x00, 0x00,
    0x03, 0x03, 0xFC, 0xC0, 0xFF, 0x3C, 0x01, 0x8F, 0x00, 0xE3, 0x00, 0x70, 0xF0, 0x78, 0x3C, 0x78,
    0x0C, 0x1F, 0xFF, 0x01, 0xFF, 0xC0, 0x00, 0x30, 0x0F, 0xFC, 0x07, 0xFF, 0x01, 0x80, 0x00, 0x7F,
    0xF0, 0x1F, 0xFC, 0x00, 0x00, 0x00, 0x00, 0x00, 0x00, 0x03, 0x03, 0xFC, 0xC0, 0xFF, 0x3C, 0x01,
    0x8F, 0x00, 0x63, 0x00, 0x38, 0xC0, 0x1C, 0x3C, 0x1E, 0x0F, 0x1F, 0x03, 0x07, 0x0C, 0xC0, 0x03,
    0x30, 0x00, 0xC0, 0x00, 0x78, 0x00, 0x77, 0x00, 0x78, 0xF8, 0x1C, 0x0E, 0x00, 0x00, 0x00, 0x00,
    0x00, 0x00, 0x03, 0x03, 0xFC, 0xC0, 0xFF, 0x3C, 0x01, 0x8F, 0x00, 0x63, 0x00, 0x30, 0xC0, 0x1C,
    0x3C, 0x1E, 0x0F, 0x1E, 0x03, 0x06, 0x1C, 0xC0, 0x3F, 0xE0, 0x1E, 0x1C, 0x06, 0x03, 0x01, 0x80,
    0xC0, 0x3F, 0xE0, 0x07, 0xF0, 0x00, 0x00, 0x00, 0x00, 0x00, 0x00, 0x09, 0x80, 0x07, 0x60, 0xFC,
    0xD8, 0x3F, 0x36, 0x00, 0xCF, 0x80, 0x37, 0xE0, 0x0D, 0x98, 0x06, 0x66, 0x01, 0x9F, 0x80, 0xC7,
    0xE0, 0xE1, 0xD8, 0x70, 0x76, 0x08, 0x1D, 0x80, 0x07, 0x60, 0x01, 0xD8, 0x00, 0x06, 0x00, 0x00,
    0x00, 0x00, 0x00, 0x00, 0x09, 0x83, 0xF7, 0x60, 0xFC, 0x98, 0x03, 0x3E, 0x00, 0xDF, 0x80, 0x36,
    0x60, 0x19, 0xD8, 0x0C, 0x7E, 0x0E, 0x1F, 0x87, 0x06, 0x60, 0x31, 0xD8, 0x0C, 0x26, 0x03, 0x00,
    0x00, 0xC0, 0x00, 0x3F, 0xF8, 0x0F, 0xFE, 0x00, 0x00, 0x00, 0x00, 0x00, 0x00, 0x09, 0x83, 0xF3,
    0x60, 0xFC, 0xF8, 0x03, 0x7E, 0x00, 0xD9, 0x80, 0x67, 0xE0, 0x71, 0xF8, 0x38, 0x26, 0x0C, 0x08,
    0x80, 0xFF, 0xE0, 0x00, 0x18, 0x07, 0xFE, 0x03, 0xFF, 0x80, 0xC0, 0x00, 0x3F, 0xF8, 0x0F, 0xFF,
    0x00, 0x00, 0x00, 0x00, 0x00, 0x00, 0x01, 0x83, 0xF8, 0x60, 0xFF, 0x18, 0x01, 0x86, 0x00, 0x61,
    0x80, 0x18, 0x60, 0x07, 0xF8, 0x03, 0x7E, 0x01, 0xC1, 0x80, 0xE0, 0x60, 0x70, 0x18, 0x78, 0x06,
    0x1C, 0x01, 0x80, 0x00, 0x60, 0x00, 0x18, 0x00, 0x06, 0x00, 0x00, 0x00, 0x00, 0x00, 0x00, 0x03,
    0x03, 0xFC, 0xC0, 0xFF, 0x30, 0x01, 0x8C, 0x00, 0x7F, 0x00, 0x37, 0xC0, 0x38, 0x30, 0x3C, 0x0C,
    0x1E, 0x03, 0x00, 0x00, 0x40, 0x7F, 0xF0, 0x0F, 0xFC, 0x00, 0x03, 0x00, 0x00, 0xC0, 0x00, 0x30,
    0x00, 0x0C, 0x00, 0x00, 0x00, 0x00, 0x00, 0x00, 0x01, 0x83, 0xFC, 0xE0, 0xFF, 0x38, 0x01, 0x8E,
    0x00, 0x63, 0x80, 0x3F, 0xE0, 0x1D, 0xF8, 0x0E, 0x0E, 0x0F, 0x03, 0x83, 0x00, 0xE0, 0x10, 0x38,
    0x0C, 0x0E, 0x03, 0x00, 0x00, 0xC0, 0x00, 0x3F, 0xF8, 0x0F, 0xFE, 0x00, 0x00, 0x00, 0x00, 0x00,
    0x00, 0x01, 0x83, 0xFC, 0x60, 0xFF, 0x18, 0x00, 0xC6, 0x00, 0x7F, 0x80, 0x3B, 0xE0, 0x1C, 0x18,
    0x1E, 0x06, 0x0E, 0x01, 0x80, 0x00, 0x40, 0x3F, 0xF8, 0x0D, 0xF4, 0x03, 0x00, 0x00, 0xC0, 0x00,
    0x3F, 0xF8, 0x0F, 0xFE, 0x00, 0x00, 0x00, 0x00, 0x00, 0x04, 0x21, 0x83, 0xFC, 0x60, 0x07, 0x18,
    0x01, 0xC6, 0x00, 0x7F, 0x80, 0x70, 0x60, 0x78, 0x18, 0x3C, 0x06, 0x0C, 0x01, 0x00, 0xFF, 0xE0,
    0x00, 0x18, 0x07, 0xFE, 0x03, 0xFF, 0x80, 0xC0, 0x00, 0x3F, 0xF8, 0x0F, 0xFE, 0x00, 0x00, 0x00,
    0x00, 0x00, 0x00, 0x01, 0x83, 0xFC, 0x60, 0x07, 0x18, 0x01, 0x86, 0x00, 0xFF, 0x80, 0x70, 0x60,
    0x78, 0x18, 0x3C, 0x06, 0x08, 0x01, 0x81, 0xF7, 0xE0, 0x2F, 0xF8, 0x0F, 0xE6, 0x07, 0xD9, 0x81,
    0x86, 0x60, 0x7F, 0x98, 0x1F, 0xFE, 0x00, 0x00, 0x00, 0x00, 0x00, 0x00, 0x01, 0x83, 0xFC, 0x60,
    0xFF, 0x18, 0x00, 0xC6, 0x00, 0x7F, 0x80, 0x3B, 0xE0, 0x1C, 0x18, 0x3E, 0x06, 0x0E, 0x01, 0x80,
    0x7F, 0xE0, 0x3F, 0xF8, 0x0C, 0x06, 0x03, 0x01, 0x80, 0xC0, 0x60, 0x3F, 0xF8, 0x0F, 0xFE, 0x00,
    0x00, 0x00, 0x00, 0x00, 0x00, 0x01, 0x83, 0xFC, 0x60, 0x5B, 0x18, 0x00, 0xC6, 0x00, 0x7F, 0x80,
    0x3B, 0xE0, 0x1C, 0x18, 0x3E, 0x06, 0x0E, 0x01, 0x80, 0x40, 0x40, 0x30, 0x18, 0x0F, 0xFE, 0x03,
    0xFF, 0x80, 0xC0, 0x60, 0x3F, 0xF8, 0x0F, 0xFE, 0x00, 0x00, 0x00, 0x00, 0x00, 0x00, 0x03, 0x83,
    0xFC, 0xE0, 0xFF, 0x38, 0x01, 0x8E, 0x00, 0x7F, 0x80, 0x37, 0xE0, 0x1C, 0x38, 0x0E, 0x0E, 0x0F,
    0x03, 0x87, 0x0C, 0xE0, 0x03, 0x38, 0x00, 0xE0, 0x00, 0x78, 0x00, 0x3B, 0x80, 0x7C, 0x78, 0x1C,
    0x0E, 0x00, 0x00, 0x00, 0x00, 0x00, 0x00, 0x03, 0x83, 0xFC, 0xE0, 0xFF, 0x38, 0x01, 0x8E, 0x00,
    0x7F, 0x80, 0x37, 0xE0, 0x38, 0x38, 0x3C, 0x0E, 0x1E, 0x03, 0x80, 0x61, 0x80, 0x18, 0x60, 0x06,
    0x18, 0x03, 0x8E, 0x01, 0xF3, 0xC0, 0xEF, 0x9C, 0x31, 0xC3, 0x00, 0x00, 0x00, 0x00, 0x00, 0x00,
    0x03, 0x83, 0xFC, 0xE0, 0xFF, 0x38, 0x01, 0x8E, 0x00, 0x7F, 0x80, 0x37, 0xE0, 0x1C, 0x38, 0x1E,
    0x0E, 0x1E, 0x03, 0x82, 0x1E, 0x40, 0x1F, 0xE0, 0x0E, 0x1C, 0x03, 0x01, 0x80, 0xC0, 0xE0, 0x3F,
    0xF0, 0x07, 0xF8, 0x00, 0x00, 0x00, 0x00, 0x00, 0x00, 0x01, 0x83, 0xFC, 0x60, 0xFF, 0x18, 0x00,
    0xC6, 0x00, 0x7F, 0x80, 0x3B, 0xE0, 0x1C, 0x18, 0x3E, 0x06, 0x0E, 0x01, 0x80, 0x00, 0x60, 0x3F,
    0xF8, 0x06, 0xFC, 0x00, 0x38, 0x00, 0x3F, 0x00, 0x3C, 0x78, 0x0E, 0x0E, 0x00, 0x00, 0x00, 0x00,
    0x00, 0x00, 0x01, 0x83, 0xFC, 0x60, 0x03, 0x18, 0x00, 0xC6, 0x00, 0x7F, 0x80, 0x3B, 0xE0, 0x3C,
    0x18, 0x3C, 0x06, 0x0C, 0x01, 0x80, 0xFF, 0xE0, 0x3F, 0xF8, 0x0C, 0x00, 0x03, 0xFF, 0x80, 0xC0,
    0x00, 0x3F, 0xF8, 0x0F, 0xFE, 0x00, 0x00, 0x00, 0x00, 0x00, 0x00, 0x01, 0x83, 0xFC, 0x60, 0xFF,
    0x18, 0x00, 0x86, 0x00, 0x7F, 0x80, 0x37, 0xE0, 0x1C, 0x18, 0x3E, 0x06, 0x0E, 0x01, 0x80, 0xFF,
    0xE0, 0x3F, 0xF8, 0x03, 0x18, 0x00, 0xC6, 0x00, 0x31, 0x80, 0x3F, 0xF8, 0x0F, 0xFE, 0x00, 0x00,
    0x00, 0x00, 0x00, 0x00, 0x01, 0x83, 0xFC, 0x60, 0x06, 0x18, 0x01, 0xAE, 0x00, 0x7F, 0x80, 0x30,
    0xE0, 0x38, 0x18, 0x3C, 0x46, 0x0C, 0x31, 0x00, 0xFF, 0xE0, 0x7F, 0xF8, 0x01, 0xE0, 0x01, 0xFE,
    0x00, 0x60, 0xC0, 0x1C, 0x70, 0x03, 0xF8, 0x00, 0x00, 0x00, 0x00, 0x00, 0x00, 0x0D, 0x80, 0x03,
    0x60, 0xFC, 0xD8, 0x3F, 0x36, 0x00, 0xCD, 0x80, 0x33, 0x60, 0x0F, 0xD8, 0x07, 0xF6, 0x03, 0x8D,
    0x80, 0xC3, 0x60, 0xE0, 0xD8, 0x70, 0x36, 0x08, 0x0D, 0x80, 0x03, 0x60, 0x00, 0xD8, 0x00, 0x06,
    0x00, 0x00, 0x00, 0x00, 0x00, 0x00, 0x0D, 0x83, 0xF3, 0x60, 0xFE, 0xD8, 0x03, 0x36, 0x00, 0xCD,
    0x80, 0x7F, 0x60, 0x1F, 0xD8, 0x0C, 0x36, 0x0E, 0x0D, 0x87, 0x03, 0x60, 0x30, 0xD8, 0x0C, 0x36,
    0x03, 0x00, 0x00, 0xC0, 0x00, 0x3F, 0xF8, 0x0F, 0xFE, 0x00, 0x00, 0x00, 0x00, 0x00, 0x00, 0x0D,
    0x83, 0xFB, 0x60, 0xFC, 0xD8, 0x03, 0x36, 0x00, 0xFD, 0x80, 0x7F, 0x60, 0x70, 0xD8, 0x38, 0x36,
    0x0C, 0x0C, 0x80, 0xFF, 0xE0, 0x00, 0x18, 0x07, 0xFE, 0x03, 0xFF, 0x80, 0xC0, 0x00, 0x3F, 0xFC,
    0x0F, 0xFF, 0x00, 0x00, 0x00, 0x00, 0x00, 0x00, 0x0D, 0x83, 0xF3, 0x60, 0xFE, 0xD8, 0x03, 0x36,
    0x00, 0xFD, 0x80, 0x7F, 0x60, 0x38, 0xD8, 0x1C, 0x36, 0x1E, 0x0D, 0x82, 0x00, 0x60, 0x3F, 0xF8,
    0x0F, 0xFE, 0x03, 0x01, 0x80, 0xC0, 0x60, 0x3F, 0xF8, 0x0F, 0xFE, 0x00, 0x00, 0x00, 0x00, 0x00,
    0x00, 0x0D, 0x83, 0xFB, 0x60, 0xFE, 0xD8, 0x03, 0x36, 0x00, 0xFD, 0x80, 0x7F, 0x60, 0x38, 0xD8,
    0x3C, 0x36, 0x1E, 0x0D, 0x82, 0x40, 0x00, 0x30, 0x18, 0x0F, 0xFE, 0x03, 0xFF, 0x80, 0xC0, 0x60,
    0x3F, 0xF8, 0x0F, 0xFE, 0x00, 0x00, 0x00, 0x00, 0x00, 0x00, 0x0D, 0x83, 0xF3, 0x60, 0xFE, 0xD8,
    0x03, 0x36, 0x00, 0xFD, 0x80, 0x7F, 0x60, 0x18, 0xD8, 0x1C, 0x36, 0x0E, 0x0D, 0x87, 0x06, 0x60,
    0x03, 0x18, 0x00, 0xE0, 0x00, 0x78, 0x00, 0x3B, 0x80, 0x7C, 0x78, 0x1C, 0x0E, 0x00, 0x00, 0x00,
    0x00, 0x00, 0x00, 0x0D, 0x83, 0xFB, 0x60, 0xFE, 0xD8, 0x03, 0x36, 0x00, 0xFD, 0x80, 0x7F, 0x60,
    0x38, 0xD8, 0x1C, 0x36, 0x1E, 0x0D, 0x82, 0x21, 0x80, 0x18, 0x60, 0x06, 0x18, 0x01, 0xC7, 0x00,
    0xF3, 0xC0, 0xE7, 0x9C, 0x30, 0xC3, 0x00, 0x00, 0x00, 0x00, 0x00, 0x00, 0x0D, 0x83, 0xFB, 0x60,
    0xFE, 0xD8, 0x01, 0xB6, 0x00, 0xFD, 0x80, 0x3F, 0x60, 0x18, 0xD8, 0x0E, 0x36, 0x0E, 0x0D, 0x83,
    0x02, 0x60, 0x0F, 0xF0, 0x07, 0xFE, 0x03, 0x01, 0x80, 0xC0, 0x60, 0x1C, 0x78, 0x03, 0xFC, 0x00,
    0x00, 0x00, 0x00, 0x00, 0x00, 0x03, 0x83, 0xF8, 0xE0, 0xFF, 0x38, 0x01, 0x8E, 0x00, 0x7F, 0x80,
    0x1F, 0xE0, 0x06, 0x38, 0x03, 0x0E, 0x01, 0xFF, 0x80, 0xEF, 0xE0, 0x70, 0x38, 0x78, 0x0E, 0x18,
    0x03, 0x80, 0x00, 0xE0, 0x00, 0x38, 0x00, 0x0E, 0x00, 0x00, 0x00, 0x00, 0x00, 0x00, 0x01, 0x83,
    0xFC, 0x60, 0xFF, 0x78, 0x00, 0xFE, 0x00, 0x61, 0x80, 0x38, 0x60, 0x1D, 0xF8, 0x3E, 0x7E, 0x0E,
    0x01, 0x80, 0x00, 0x60, 0x7F, 0xF8, 0x0F, 0xBE, 0x00, 0x61, 0x80, 0x18, 0x60, 0x06, 0x18, 0x01,
    0x86, 0x00, 0x00, 0x00, 0x00, 0x00, 0x00, 0x03, 0x83, 0xFC, 0xE0, 0xFF, 0x38, 0x00, 0xFE, 0x00,
    0x7F, 0x80, 0x18, 0x60, 0x1D, 0xF8, 0x0E, 0xFE, 0x0F, 0x03, 0x83, 0x00, 0xE0, 0x30, 0x38, 0x0C,
    0x06, 0x03, 0x00, 0x00, 0xC0, 0x00, 0x3F, 0xF8, 0x0F, 0xFE, 0x00, 0x00, 0x00, 0x00, 0x00, 0x00,
    0x01, 0x83, 0xFC, 0x60, 0xFF, 0xF8, 0x00, 0xFE, 0x00, 0x61, 0x80, 0x38, 0x60, 0x1D, 0xF8, 0x3E,
    0x7E, 0x1E, 0x01, 0x80, 0x00, 0x60, 0x3F, 0xF8, 0x0D, 0xF4, 0x03, 0x00, 0x00, 0xC0, 0x00, 0x3F,
    0xF8, 0x0F, 0xFE, 0x00, 0x00, 0x00, 0x00, 0x00, 0x00, 0x01, 0x83, 0xFC, 0x60, 0x03, 0xF8, 0x01,
    0xFE, 0x00, 0x61, 0x80, 0x37, 0xE0, 0x79, 0xF8, 0x3C, 0x06, 0x0C, 0x01, 0x00, 0xFF, 0xE0, 0x00,
    0x18, 0x07, 0xFE, 0x03, 0xFF, 0x80, 0xC0, 0x00, 0x3F, 0xF8, 0x0F, 0xFE, 0x00, 0x00, 0x00, 0x00,
    0x00, 0x00, 0x01, 0x83, 0xFC, 0x60, 0xFF, 0xF8, 0x00, 0xFE, 0x00, 0x61, 0x80, 0x38, 0x60, 0x1D,
    0xF8, 0x1E, 0x7E, 0x1E, 0x01, 0x82, 0x7F, 0xE0, 0x3F, 0xF8, 0x0C, 0x06, 0x03, 0x01, 0x80, 0xC0,
    0x60, 0x3F, 0xF8, 0x0F, 0xFE, 0x00, 0x00, 0x00, 0x00, 0x00, 0x00, 0x01, 0x83, 0xFC, 0x60, 0xFF,
    0xF8, 0x00, 0xFE, 0x00, 0x61, 0x80, 0x3B, 0xE0, 0x3D, 0xF8, 0x3E, 0x06, 0x1E, 0x01, 0x80, 0x40,
    0x40, 0x30, 0x18, 0x0F, 0xFE, 0x03, 0xFF, 0x80, 0xC0, 0x60, 0x3F, 0xF8, 0x0F, 0xFE, 0x00, 0x00,
    0x00, 0x00, 0x00, 0x00, 0x03, 0x83, 0xFC, 0xE0, 0xFF, 0x38, 0x01, 0xFE, 0x00, 0x7F, 0x80, 0x30,
    0xE0, 0x1D, 0xF8, 0x1E, 0x7E, 0x1E, 0x03, 0x82, 0x0C, 0xE0, 0x03, 0x30, 0x00, 0xE0, 0x00, 0x78,
    0x00, 0x7B, 0x80, 0x78, 0x78, 0x1C, 0x06, 0x00, 0x00, 0x00, 0x00, 0x00, 0x00, 0x03, 0x83, 0xFC,
    0xE0, 0xFF, 0xF8, 0x01, 0xFE, 0x00, 0x63, 0x80, 0x30, 0xE0, 0x1B, 0xF8, 0x3C, 0x7E, 0x1E, 0x03,
    0x80, 0x61, 0xC0, 0x18, 0x60, 0x06, 0x18, 0x03, 0x8E, 0x00, 0xF3, 0xC0, 0xEF, 0x9C, 0x31, 0xC3,
    0x00, 0x00, 0x00, 0x00, 0x00, 0x00, 0x03, 0x83, 0xFC, 0xE0, 0xFF, 0x38, 0x01, 0xFE, 0x00, 0x63,
    0x80, 0x30, 0x60, 0x1F, 0xF8, 0x1E, 0xFE, 0x1E, 0x03, 0x82, 0x1E, 0x60, 0x1F, 0xE0, 0x0E, 0x1C,
    0x03, 0x01, 0x80, 0xC0, 0xE0, 0x3F, 0xF0, 0x07, 0xF8, 0x00, 0x00, 0x00, 0x00, 0x00, 0x00, 0x00,
    0x01, 0xF8, 0xC0, 0xFF, 0x30, 0x00, 0xFC, 0x00, 0x7F, 0x00, 0x18, 0xC0, 0x1F, 0xF0, 0x0E, 0xFC,
    0x1F, 0x03, 0x03, 0x00, 0xC0, 0x3F, 0xF0, 0x0C, 0x00, 0x03, 0xFF, 0x00, 0xFF, 0xC0, 0x30, 0x00,
    0x0F, 0xFE, 0x03, 0xFF, 0x80, 0x00, 0x00, 0x00, 0x0D, 0x80, 0x03, 0x60, 0xFC, 0xD8, 0x3F, 0x36,
    0x00, 0xFD, 0x80, 0x3F, 0x60, 0x0C, 0xD8, 0x06, 0x36, 0x03, 0xFD, 0x80, 0xDF, 0x60, 0xE0, 0xD8,
    0x70, 0x36, 0x08, 0x0D, 0x80, 0x03, 0x60, 0x00, 0xD8, 0x00, 0x06, 0x00, 0x00, 0x00, 0x00, 0x00,
    0x00, 0x0D, 0x83, 0xF3, 0x60, 0xFC, 0xD8, 0x03, 0xF6, 0x00, 0xFD, 0x80, 0x33, 0x60, 0x18, 0xD8,
    0x0D, 0xF6, 0x0F, 0x7D, 0x87, 0x03, 0x60, 0x30, 0xD8, 0x0C, 0x36, 0x03, 0x00, 0x00, 0xC0, 0x00,
    0x3F, 0xF8, 0x0F, 0xFE, 0x00, 0x00, 0x00, 0x00, 0x00, 0x00, 0x0D, 0x83, 0xF3, 0x60, 0xFF, 0xD8,
    0x03, 0xF6, 0x00, 0xCD, 0x80, 0x7F, 0x60, 0x77, 0xD8, 0x38, 0x36, 0x0C, 0x0C, 0x80, 0xFF, 0xE0,
    0x00, 0x18, 0x07, 0xFE, 0x03, 0xFF, 0x80, 0xC0, 0x00, 0x3F, 0xFC, 0x0F, 0xFF, 0x00, 0x00, 0x00,
    0x00, 0x00, 0x00, 0x0D, 0x83, 0xF3, 0x60, 0xFF, 0xD8, 0x03, 0xF6, 0x00, 0xCD, 0x80, 0x7F, 0x60,
    0x3B, 0xD8, 0x3C, 0x36, 0x1C, 0x0D, 0x80, 0x40, 0x00, 0x30, 0x18, 0x0F, 0xFE, 0x03, 0xFF, 0x80,
    0xC0, 0x60, 0x3F, 0xF8, 0x0F, 0xFE, 0x00, 0x00, 0x00, 0x00, 0x00, 0x00, 0x0D, 0x83, 0xF3, 0x60,
    0xFC, 0xD8, 0x03, 0xF6, 0x00, 0xFD, 0x80, 0x73, 0x60, 0x1F, 0xD8, 0x0C, 0xF6, 0x0E, 0x0D, 0x87,
    0x07, 0x60, 0x03, 0x18, 0x00, 0xE0, 0x00, 0x78, 0x00, 0x3B, 0x80, 0x7C, 0x78, 0x1C, 0x06, 0x00,
    0x00, 0x00, 0x00, 0x00, 0x00, 0x00, 0x00, 0xFF, 0xC0, 0x7F, 0xF8, 0x00, 0x06, 0x00, 0x01, 0x80,
    0x00, 0x60, 0x00, 0x18, 0x01, 0x86, 0x00, 0x61, 0x80, 0x18, 0x60, 0x06, 0x18, 0x01, 0x84, 0x00,
    0x60, 0x07, 0xFF, 0xF9, 0xFF, 0xFE, 0x00, 0x00, 0x00, 0x00, 0x00, 0x00, 0x00, 0x00, 0x00, 0x01,
    0xFF, 0xC0, 0x7F, 0xF0, 0x00, 0x0C, 0x00, 0x23, 0x00, 0x18, 0xC0, 0x06, 0x30, 0x01, 0x80, 0x1F,
    0xFF, 0xC3, 0xFF, 0xF0, 0x00, 0x00, 0x1F, 0xFC, 0x00, 0x0B, 0x00, 0x00, 0xC0, 0x00, 0x30, 0x00,
    0x0C, 0x00, 0x03, 0x00, 0x00, 0x00, 0x03, 0xFF, 0x81, 0xFF, 0xF0, 0x00, 0x1C, 0x00, 0x07, 0x00,
    0x31, 0xC0, 0x0C, 0x70, 0x03, 0x18, 0x00, 0xC0, 0x1F, 0xFF, 0xE7, 0xFF, 0xF8, 0x00, 0x00, 0x1C,
    0x00, 0x07, 0x00, 0x01, 0xC0, 0x00, 0x70, 0x00, 0x1F, 0xFF, 0x03, 0xFF, 0xC0, 0x00, 0x00, 0x00,
    0x00, 0x01, 0xFF, 0xC0, 0x00, 0x30, 0x00, 0x0C, 0x00, 0x63, 0x00, 0x18, 0xC0, 0x06, 0x30, 0x7F,
    0xFF, 0x1F, 0xFF, 0xC0, 0x00, 0x00, 0x7F, 0xF0, 0x1F, 0xFC, 0x06, 0x00, 0x01, 0x80, 0x00, 0x60,
    0x00, 0x1F, 0xFE, 0x07, 0xFF, 0x00, 0x00, 0x00, 0x07, 0xFF, 0x01, 0xFF, 0xC0, 0x00, 0x30, 0x00,
    0x8C, 0x00, 0x63, 0x00, 0x18, 0xC1, 0xFF, 0xFC, 0x7F, 0xFF, 0x00, 0x00, 0x01, 0xFF, 0xC0, 0x7F,
    0xF8, 0x00, 0x0C, 0x07, 0xFF, 0x01, 0x80, 0x00, 0x60, 0x00, 0x1F, 0xFE, 0x07, 0xFF, 0x80, 0x00,
    0x00, 0x00, 0x00, 0x01, 0xFF, 0xC0, 0x00, 0x30, 0x00, 0x0C, 0x00, 0x63, 0x00, 0x18, 0xC0, 0x06,
    0x00, 0x7F, 0xFF, 0x08, 0x30, 0xC1, 0xF7, 0xC0, 0x7D, 0xF8, 0x03, 0x66, 0x07, 0xD9, 0x81, 0xF6,
    0x60, 0x61, 0x98, 0x1F, 0xFE, 0x07, 0xDF, 0x00, 0x00, 0x00, 0x07, 0xFF, 0x01, 0xFF, 0xC0, 0x00,
    0x30, 0x01, 0x8C, 0x00, 0x63, 0x00, 0x18, 0x81, 0xFF, 0xFC, 0x7F, 0xFF, 0x07, 0x84, 0x01, 0xF1,
    0x80, 0x0C, 0x60, 0x1F, 0x38, 0x07, 0xCF, 0x01, 0x87, 0xC0, 0x7F, 0xB8, 0x1F, 0xC6, 0x00, 0x00,
    0x00, 0x00, 0x00, 0x07, 0xFF, 0x01, 0xFF, 0xC0, 0x00, 0x30, 0x01, 0x8C, 0x00, 0x63, 0x00, 0x18,
    0x01, 0xFF, 0xFC, 0x7F, 0xFF, 0x07, 0x86, 0x01, 0xF7, 0xE0, 0x0F, 0xFC, 0x1F, 0x3C, 0x07, 0x9F,
    0x81, 0x8E, 0x60, 0x7F, 0xF0, 0x1F, 0x38, 0x00, 0x00, 0x00, 0x00, 0x00, 0x03, 0xFF, 0x01, 0xFF,
    0xC0, 0x00, 0x30, 0x00, 0x0C, 0x00, 0x63, 0x00, 0x18, 0xC0, 0x06, 0x30, 0x7F, 0xFF, 0x1F, 0xFF,
    0xC0, 0x00, 0x00, 0x7F, 0xF0, 0x1F, 0xFE, 0x06, 0x03, 0x81, 0x80, 0xE0, 0x60, 0x38, 0x1F, 0xFE,
    0x07, 0xFF, 0x00, 0x00, 0x00, 0x03, 0xFF, 0x01, 0xFF, 0xE0, 0x00, 0x18, 0x00, 0x06, 0x00, 0x61,
    0x80, 0x18, 0xE0, 0x06, 0x00, 0x7F, 0xFF, 0x8F, 0xFF, 0xC0, 0x00, 0x00, 0x60, 0x18, 0x1F, 0xFE,
    0x07, 0xFF, 0x81, 0x80, 0x60, 0x60, 0x18, 0x1F, 0xFE, 0x07, 0xFF, 0x80, 0x00, 0x00, 0x00, 0x00,
    0x01, 0xFF, 0xC0, 0x00, 0x30, 0x00, 0x0C, 0x00, 0x63, 0x00, 0x18, 0xC0, 0x06, 0x30, 0x7F, 0xFF,
    0x1F, 0xFF, 0xC0, 0x00, 0x00, 0x03, 0x00, 0x00, 0xC0, 0x00, 0x70, 0x00, 0x3E, 0x00, 0x3D, 0xE0,
    0x3E, 0x1E, 0x04, 0x01, 0x00, 0x00, 0x00, 0x00, 0x00, 0x01, 0xFF, 0xC0, 0x3F, 0xB0, 0x00, 0x0C,
    0x00, 0x63, 0x00, 0x18, 0xC0, 0x06, 0x30, 0x7F, 0xFF, 0x1F, 0xFF, 0xC0, 0x00, 0x00, 0x0F, 0xC0,
    0x0F, 0xFC, 0x06, 0x03, 0x01, 0x80, 0xE0, 0x70, 0x30, 0x0F, 0xFC, 0x00, 0xFC, 0x00, 0x00, 0x00,
    0x07, 0xFF, 0x01, 0xFF, 0xC0, 0x00, 0x30, 0x00, 0x0C, 0x00, 0x63, 0x00, 0x18, 0xC0, 0x06, 0x30,
    0x7F, 0xFF, 0x1F, 0xFF, 0xC0, 0x00, 0x00, 0x7F, 0xF8, 0x1F, 0xFC, 0x00, 0x70, 0x00, 0x3E, 0x00,
    0x3C, 0xE0, 0x3E, 0x1E, 0x04, 0x01, 0x00, 0x00, 0x00, 0x00, 0x03, 0x03, 0xF8, 0xC1, 0xFF, 0x30,
    0x00, 0xCC, 0x00, 0x33, 0x00, 0x0C, 0xC0, 0x33, 0x3C, 0x0C, 0xCF, 0x03, 0x33, 0x00, 0xC0, 0xC0,
    0x30, 0xB0, 0x7F, 0xEC, 0x1F, 0xE3, 0x00, 0x00, 0xC0, 0x00, 0x30, 0x00, 0x0C, 0x00, 0x00, 0x00,
    0x00, 0x00, 0x00, 0x03, 0x03, 0xFC, 0xC0, 0xFF, 0x30, 0x00, 0xCC, 0x03, 0x33, 0xC0, 0xCC, 0xF0,
    0x32, 0x30, 0x2F, 0xEC, 0x1F, 0xFB, 0x00, 0x00, 0xC0, 0x7F, 0xF0, 0x1F, 0xFC, 0x00, 0x03, 0x00,
    0x00, 0xC0, 0x00, 0x30, 0x00, 0x0C, 0x00, 0x00, 0x00, 0x00, 0x00, 0x00, 0x01, 0x00, 0x00, 0xE0,
    0xFF, 0xB8, 0x00, 0x6E, 0x00, 0x1B, 0x80, 0x66, 0xE0, 0x1B, 0xBE, 0x06, 0x4F, 0x01, 0x8F, 0x07,
    0xFF, 0xE0, 0xC0, 0x38, 0x0C, 0x0E, 0x03, 0x03, 0x80, 0xC0, 0x00, 0x30, 0x00, 0x0F, 0xFE, 0x03,
    0xFF, 0x80, 0x00, 0x00, 0x00, 0x03, 0x03, 0xFC, 0xC0, 0x03, 0x30, 0x00, 0xCC, 0x03, 0x33, 0xC0,
    0xCC, 0xC0, 0xBF, 0xB0, 0x7F, 0xEC, 0x00, 0x03, 0x01, 0xFF, 0xC0, 0x7F, 0xF0, 0x00, 0x0C, 0x07,
    0xFF, 0x01, 0x80, 0x00, 0x7F, 0xF0, 0x1F, 0xFE, 0x00, 0x00, 0x00, 0x00, 0x00, 0x00, 0x03, 0x03,
    0xFE, 0xC0, 0x03, 0xB0, 0x00, 0xCE, 0x03, 0x33, 0xE0, 0xCC, 0xC0, 0xBF, 0xF0, 0x7F, 0xEC, 0x00,
    0x03, 0x01, 0xF7, 0xC0, 0x7D, 0xF0, 0x03, 0x4C, 0x07, 0xD3, 0x01, 0x8C, 0xC0, 0x7F, 0xB0, 0x1F,
    0xFC, 0x00, 0x00, 0x00, 0x00, 0x00, 0x00, 0x00, 0x01, 0xF0, 0xC0, 0xFF, 0x30, 0x00, 0xCC, 0x00,
    0x33, 0x00, 0xCC, 0xF0, 0x33, 0x30, 0x0C, 0x6C, 0x1F, 0xFB, 0x07, 0xE0, 0xC0, 0x00, 0xE0, 0x1F,
    0xFC, 0x06, 0x07, 0x01, 0x80, 0xC0, 0x60, 0x30, 0x1F, 0xFC, 0x07, 0xFE, 0x00, 0x00, 0x00, 0x00,
    0x03, 0x03, 0xFC, 0xC0, 0x4B, 0x30, 0x00, 0xCC, 0x03, 0x33, 0xC0, 0xCC, 0xF0, 0x3F, 0xB0, 0x7F,
    0xEC, 0x08, 0x03, 0x00, 0x00, 0xC0, 0x60, 0x30, 0x1F, 0xFC, 0x07, 0xFF, 0x01, 0x80, 0xC0, 0x7F,
    0xF0, 0x1F, 0xFC, 0x00, 0x00, 0x00, 0x00, 0x00, 0x00, 0x03, 0x03, 0xFC, 0xC0, 0xFF, 0x30, 0x00,
    0xCC, 0x03, 0x33, 0x00, 0xCC, 0xF0, 0x30, 0x30, 0x0F, 0xEC, 0x1F, 0xFB, 0x02, 0x00, 0xC0, 0x03,
    0x30, 0x00, 0xC0, 0x00, 0x78, 0x00, 0x3F, 0x00, 0x78, 0xF8, 0x1C, 0x0E, 0x00, 0x00, 0x00, 0x00,
    0x00, 0x00, 0x03, 0x03, 0xFC, 0xC0, 0xFF, 0xB0, 0x00, 0xCC, 0x03, 0x33, 0xC0, 0xEC, 0xF0, 0x30,
    0x30, 0x7F, 0xFC, 0x1F, 0xFB, 0x00, 0x00, 0xC0, 0x1F, 0xE0, 0x0F, 0xFC, 0x06, 0x03, 0x01, 0x80,
    0xC0, 0x3F, 0xF0, 0x07, 0xF8, 0x00, 0x00, 0x00, 0x00, 0x00, 0x00, 0x0D, 0x80, 0x03, 0x60, 0xFE,
    0xD8, 0x01, 0xB6, 0x00, 0x6D, 0x80, 0x1B, 0x60, 0x26, 0xF8, 0x0D, 0xBE, 0x03, 0x6D, 0x80, 0xC3,
    0x60, 0x32, 0xD8, 0x7F, 0xF6, 0x0F, 0x0D, 0x80, 0x03, 0x60, 0x00, 0xD8, 0x00, 0x06, 0x00, 0x00,
    0x00, 0x00, 0x00, 0x00, 0x0D, 0x83, 0xFB, 0x60, 0xFE, 0xD8, 0x01, 0xB6, 0x00, 0x6D, 0x80, 0xDB,
    0xE0, 0x36, 0xF8, 0x0C, 0x36, 0x1F, 0xFD, 0x87, 0xF3, 0x60, 0x00, 0xD8, 0x0C, 0x36, 0x03, 0x00,
    0x00, 0xC0, 0x00, 0x3F, 0xF8, 0x0F, 0xFE, 0x00, 0x00, 0x00, 0x00, 0x00, 0x00, 0x0D, 0x83, 0xFB,
    0x60, 0x16, 0xD8, 0x01, 0xB6, 0x03, 0x6F, 0x80, 0xDB, 0x60, 0x7E, 0xD8, 0x7F, 0xF6, 0x08, 0x0D,
    0x80, 0xFF, 0xC0, 0x3F, 0xF8, 0x00, 0x06, 0x03, 0xFF, 0x80, 0xC0, 0x00, 0x3F, 0xF8, 0x0F, 0xFF,
    0x00, 0x00, 0x00, 0x00, 0x00, 0x00, 0x0D, 0x83, 0xFB, 0x60, 0x36, 0xD8, 0x01, 0xB6, 0x03, 0x6F,
    0x80, 0xDB, 0xE0, 0x30, 0xD8, 0x7F, 0xF6, 0x1F, 0xED, 0x80, 0x00, 0x00, 0x30, 0x18, 0x0F, 0xFE,
    0x03, 0xFF, 0x80, 0xC0, 0x60, 0x3F, 0xF8, 0x0F, 0xFE, 0x00, 0x00, 0x00, 0x00, 0x00, 0x00, 0x0D,
    0x83, 0xFB, 0x60, 0xFE, 0xD8, 0x01, 0xB6, 0x02, 0x6F, 0x80, 0xDB, 0xE0, 0x34, 0xD8, 0x3F, 0xB6,
    0x1F, 0xED, 0x80, 0x03, 0x60, 0x18, 0x60, 0x06, 0x18, 0x01, 0xCE, 0x00, 0xF3, 0xC0, 0xE7, 0x9C,
    0x30, 0xC3, 0x00, 0x00, 0x00, 0x00, 0x00, 0x00, 0x0D, 0x83, 0xFB, 0x60, 0xFE, 0xD8, 0x01, 0xB6,
    0x02, 0x6F, 0x80, 0xDB, 0xE0, 0x34, 0xD8, 0x3F, 0xF6, 0x1F, 0xFD, 0x80, 0x03, 0x60, 0x07, 0xC0,
    0x0F, 0xFC, 0x03, 0x03, 0x80, 0xC0, 0x60, 0x3C, 0x78, 0x07, 0xF8, 0x00, 0x00, 0x00, 0x00, 0x00,
    0x00, 0x03, 0x00, 0x00, 0xC0, 0xFF, 0xB0, 0x00, 0xEC, 0x00, 0x33, 0x00, 0x0C, 0xC0, 0x13, 0x30,
    0x06, 0xCC, 0x01, 0xB3, 0x00, 0x60, 0xC0, 0x18, 0x30, 0x7F, 0xFC, 0x1F, 0xE3, 0x00, 0x00, 0xC0,
    0x00, 0x30, 0x00, 0x0C, 0x00, 0x00, 0x00, 0x00, 0x00, 0x00, 0x03, 0x03, 0xFE, 0xC0, 0x7F, 0xB0,
    0x00, 0x6C, 0x01, 0x33, 0x00, 0x6C, 0xC0, 0x19, 0x30, 0x0F, 0xFC, 0x1F, 0xFF, 0x02, 0x00, 0x40,
    0x3F, 0xF0, 0x1F, 0xFC, 0x00, 0x03, 0x00, 0x00, 0xC0, 0x00, 0x30, 0x00, 0x0C, 0x00, 0x00, 0x00,
    0x00, 0x00, 0x00, 0x01, 0x83, 0xFE, 0x60, 0x7F, 0x98, 0x00, 0x66, 0x00, 0x19, 0x80, 0x66, 0x60,
    0x19, 0x98, 0x06, 0x06, 0x1F, 0xFD, 0x83, 0xFE, 0x60, 0x00, 0x18, 0x0C, 0x06, 0x03, 0x00, 0x00,
    0xC0, 0x00, 0x3F, 0xF8, 0x0F, 0xFE, 0x00, 0x00, 0x00, 0x00, 0x00, 0x00, 0x01, 0x83, 0xFE, 0x60,
    0x7F, 0x98, 0x00, 0xC6, 0x01, 0xB1, 0x80, 0x6C, 0x60, 0x1B, 0xD8, 0x7F, 0xF6, 0x0C, 0x01, 0x80,
    0xFF, 0xC0, 0x3F, 0xF8, 0x00, 0x06, 0x03, 0xFF, 0x80, 0xC0, 0x00, 0x3F, 0xF8, 0x0F, 0xFE, 0x00,
    0x00, 0x00, 0x00, 0x00, 0x00, 0x03, 0x03, 0xFE, 0xC0, 0x7F, 0xB0, 0x00, 0x6C, 0x01, 0x33, 0x00,
    0x6C, 0xC0, 0x18, 0x30, 0x7F, 0xFC, 0x1F, 0xFB, 0x00, 0x00, 0x40, 0x3F, 0xF0, 0x0F, 0xFC, 0x03,
    0x03, 0x00, 0xC0, 0xC0, 0x3F, 0xF0, 0x0F, 0xFC, 0x00, 0x00, 0x00, 0x00, 0x00, 0x00, 0x01, 0x83,
    0xFE, 0x60, 0x03, 0x98, 0x00, 0xC6, 0x01, 0x31, 0x80, 0x6C, 0x60, 0x18, 0x18, 0x7F, 0xF6, 0x1F,
    0xF9, 0x80, 0x00, 0x00, 0x30, 0x18, 0x0F, 0xFE, 0x03, 0xFF, 0x80, 0xC0, 0x60, 0x3F, 0xF8, 0x0F,
    0xFE, 0x00, 0x00, 0x00, 0x00, 0x00, 0x00, 0x03, 0x03, 0xFE, 0xC0, 0x7F, 0xB0, 0x00, 0x6C, 0x01,
    0x1B, 0x00, 0x6C, 0xC0, 0x19, 0x30, 0x3F, 0xFC, 0x1F, 0xFF, 0x00, 0x00, 0xC0, 0x03, 0x30, 0x00,
    0xC0, 0x00, 0x78, 0x00, 0x3B, 0x00, 0x7C, 0xF8, 0x1C, 0x0E, 0x00, 0x00, 0x00, 0x00, 0x00, 0x00,
    0x00, 0x01, 0xF0, 0xC0, 0xFF, 0xB0, 0x00, 0xEC, 0x00, 0x3B, 0x00, 0x4C, 0xC0, 0x1B, 0x30, 0x06,
    0x0C, 0x1F, 0xFD, 0x07, 0xFE, 0xE0, 0x00, 0x10, 0x07, 0xF8, 0x03, 0x87, 0x01, 0xC0, 0x60, 0x30,
    0x30, 0x0F, 0xFC, 0x00, 0xFC, 0x00, 0x00, 0x00, 0x00, 0x00, 0x00, 0xFF, 0xC0, 0x7F, 0xF8, 0x00,
    0x06, 0x00, 0x01, 0x80, 0x00, 0x60, 0x00, 0x18, 0x00, 0x06, 0x01, 0x99, 0x80, 0x66, 0x60, 0x19,
    0x98, 0x06, 0x64, 0x01, 0x98, 0x07, 0xFF, 0xF9, 0xFF, 0xFE, 0x00, 0x00, 0x00, 0x00, 0x00, 0x00,
    0x00, 0x07, 0xFF, 0x80, 0xFF, 0xE0, 0x00, 0x18, 0x00, 0x06, 0x01, 0x8D, 0x80, 0x67, 0x60, 0x18,
    0xD8, 0x3F, 0xFF, 0x9F, 0xFF, 0xE0, 0x00, 0x00, 0x20, 0x00, 0x18, 0x00, 0x06, 0x00, 0x01, 0x80,
    0x00, 0x7F, 0xF8, 0x1F, 0xFF, 0x00, 0x00, 0x00, 0x00, 0x00, 0x07, 0xFF, 0x01, 0xFF, 0xC0, 0x00,
    0x30, 0x04, 0x6C, 0x01, 0x9B, 0x00, 0x66, 0xC1, 0xFF, 0xFC, 0x7F, 0xFF, 0x00, 0x00, 0x01, 0xFF,
    0xC0, 0x7F, 0xF0, 0x00, 0x0C, 0x07, 0xFF, 0x01, 0x80, 0x00, 0x60, 0x00, 0x1F, 0xFE, 0x07, 0xFF,
    0x80, 0x00, 0x00, 0x03, 0xFF, 0x01, 0xFF, 0xE0, 0x00, 0x18, 0x00, 0x06, 0x01, 0x99, 0x80, 0x66,
    0xE0, 0x19, 0x80, 0x7F, 0xFF, 0x9F, 0xFF, 0xC0, 0x00, 0x00, 0x60, 0x18, 0x1F, 0xFE, 0x07, 0xFF,
    0x81, 0x80, 0x60, 0x60, 0x18, 0x1F, 0xFE, 0x07, 0xFF, 0x80, 0x00, 0x00, 0x03, 0xFF, 0x01, 0xFF,
    0xE0, 0x00, 0x38, 0x00, 0x06, 0x01, 0x13, 0x80, 0x66, 0xE0, 0x19, 0xB0, 0x06, 0x60, 0x1F, 0xFF,
    0xC7, 0xFF, 0xF0, 0x02, 0x00, 0x01, 0xC0, 0x00, 0x70, 0x00, 0x3E, 0x00, 0x3D, 0xE0, 0x3E, 0x1E,
    0x04, 0x01, 0x80, 0x00, 0x00, 0x07, 0xFF, 0x81, 0xFF, 0xE0, 0x00, 0x18, 0x00, 0x06, 0x00, 0x01,
    0x80, 0x00, 0x60, 0x00, 0x18, 0x7F, 0xFF, 0x9F, 0xFF, 0xE0, 0x0C, 0x00, 0x03, 0x00, 0x00, 0xC0,
    0x00, 0x30, 0x00, 0x0C, 0x00, 0x03, 0x00, 0x00, 0xC0, 0x00, 0x00, 0x00, 0x00, 0x00, 0x00, 0x00,
    0x01, 0xFF, 0xC0, 0x00, 0x30, 0x00, 0x0C, 0x00, 0x03, 0x00, 0x00, 0xC1, 0xFF, 0xFC, 0x7F, 0xFF,
    0x00, 0x30, 0x00, 0x0C, 0x00, 0x03, 0x00, 0x3F, 0xFC, 0x07, 0xFF, 0x00, 0x00, 0xC0, 0x00, 0x30,
    0x00, 0x0C, 0x00, 0x03, 0x00, 0x00, 0x00, 0x07, 0xFF, 0x81, 0xFF, 0xE0, 0x00, 0x18, 0x00, 0x06,
    0x00, 0x01, 0x80, 0x00, 0xE0, 0x00, 0x38, 0x7F, 0xFF, 0x8F, 0xFF, 0xC0, 0x0C, 0x00, 0x63, 0x00,
    0x18, 0xC0, 0x06, 0x30, 0x01, 0x80, 0x00, 0x7F, 0xF8, 0x1F, 0xFE, 0x00, 0x00, 0x00, 0x00, 0x00,
    0x00, 0x00, 0x01, 0xFF, 0xC0, 0x00, 0x30, 0x00, 0x0C, 0x00, 0x03, 0x00, 0x00, 0xC1, 0xFF, 0xFC,
    0x7F, 0xFF, 0x00, 0x30, 0x00, 0x0C, 0x00, 0x7F, 0xF0, 0x1F, 0xFC, 0x06, 0x00, 0x01, 0x80, 0x00,
    0x60, 0x00, 0x1F, 0xFE, 0x07, 0xFF, 0x00, 0x00, 0x00, 0x07, 0xFF, 0x01, 0xFF, 0xC0, 0x00, 0x30,
    0x00, 0x0C, 0x00, 0x03, 0x03, 0xF7, 0xF1, 0xFF, 0xFC, 0x00, 0xC0, 0x00, 0x30, 0x01, 0xFF, 0xC0,
    0x7F, 0xF0, 0x00, 0x0C, 0x07, 0xFF, 0x01, 0x80, 0x00, 0x60, 0x00, 0x1F, 0xFE, 0x07, 0xFF, 0x80,
    0x00, 0x00, 0x07, 0xFF, 0x01, 0xFF, 0xC0, 0x00, 0x30, 0x00, 0x0C, 0x00, 0x03, 0x07, 0xFF, 0xF1,
    0xFF, 0xFC, 0x00, 0x80, 0x00, 0x30, 0x01, 0xFF, 0xC0, 0x0F, 0xF0, 0x1F, 0x8C, 0x07, 0xC3, 0x01,
    0x80, 0xC0, 0x7F, 0x30, 0x1F, 0x8C, 0x00, 0x00, 0x00, 0x00, 0x00, 0x07, 0xFF, 0x01, 0xFF, 0xC0,
    0x00, 0x30, 0x00, 0x0C, 0x00, 0x03, 0x00, 0x00, 0xC1, 0xFF, 0xFE, 0x7F, 0xFF, 0x80, 0x30, 0x01,
    0xFF, 0xC0, 0x7F, 0xF8, 0x03, 0xE6, 0x07, 0xF9, 0x81, 0xF6, 0x60, 0x61, 0x98, 0x1F, 0xFE, 0x07,
    0xDF, 0x00, 0x00, 0x00, 0x07, 0xFF, 0x01, 0xFF, 0xC0, 0x00, 0x30, 0x00, 0x0C, 0x00, 0x03, 0x07,
    0xFF, 0xF1, 0xFF, 0xFC, 0x00, 0x80, 0x07, 0xE6, 0x01, 0xF7, 0xE0, 0x0F, 0xFC, 0x1F, 0x38, 0x07,
    0xDF, 0x81, 0x8E, 0x60, 0x7F, 0xF0, 0x1F, 0x38, 0x00, 0x00, 0x00, 0x00, 0x00, 0x03, 0xFE, 0x01,
    0xFF, 0xC0, 0x00, 0x30, 0x00, 0x0C, 0x00, 0x03, 0x00, 0x00, 0xC1, 0xFF, 0xFC, 0x7F, 0xFF, 0x00,
    0x30, 0x00, 0x0C, 0x00, 0x7F, 0xF0, 0x1F, 0xFC, 0x06, 0x03, 0x01, 0x80, 0xC0, 0x60, 0x30, 0x1F,
    0xFC, 0x07, 0xFF, 0x00, 0x00, 0x00, 0x03, 0xFF, 0x01, 0xFF, 0xE0, 0x00, 0x18, 0x00, 0x06, 0x00,
    0x01, 0x80, 0x00, 0x61, 0xFF, 0xFE, 0x7F, 0xFF, 0x80, 0x30, 0x00, 0x0C, 0x00, 0x62, 0x18, 0x1F,
    0xFE, 0x07, 0xFF, 0x81, 0x80, 0x60, 0x60, 0x18, 0x1F, 0xFE, 0x07, 0xFF, 0x80, 0x00, 0x00, 0x07,
    0xFF, 0x01, 0xFF, 0xC0, 0x00, 0x30, 0x00, 0x0C, 0x00, 0x03, 0x00, 0x00, 0xC1, 0xFF, 0xFC, 0x7F,
    0xFF, 0x00, 0x30, 0x00, 0x0C, 0x00, 0x03, 0x00, 0x00, 0xC0, 0x00, 0x70, 0x00, 0x3E, 0x00, 0x3D,
    0xE0, 0x3E, 0x1E, 0x04, 0x01, 0x00, 0x00, 0x00, 0x07, 0xFF, 0x01, 0xFF, 0xC0, 0x00, 0x30, 0x00,
    0x0C, 0x00, 0x03, 0x00, 0x00, 0xC1, 0xFF, 0xFC, 0x7F, 0xFF, 0x00, 0x30, 0x00, 0x0C, 0x00, 0x0F,
    0xC0, 0x0F, 0xFC, 0x07, 0x07, 0x01, 0x80, 0xE0, 0x70, 0x70, 0x0F, 0xFC, 0x00, 0xFC, 0x00, 0x00,
    0x00, 0x03, 0xFE, 0x01, 0xFF, 0xC0, 0x00, 0x30, 0x00, 0x0C, 0x00, 0x03, 0x00, 0x00, 0xC1, 0xFF,
    0xFC, 0x7F, 0xFF, 0x00, 0x30, 0x00, 0x0C, 0x00, 0x7F, 0xF0, 0x1F, 0xFC, 0x00, 0x70, 0x00, 0x3E,
    0x00, 0x3D, 0xE0, 0x3E, 0x1E, 0x04, 0x01, 0x80, 0x00, 0x00, 0x00, 0x03, 0x03, 0xFC, 0xE0, 0xFF,
    0x38, 0x00, 0xCE, 0x00, 0x33, 0x80, 0x0C, 0xE0, 0x03, 0x38, 0x7F, 0xFE, 0x1F, 0xFB, 0x80, 0x60,
    0xE0, 0x19, 0xF8, 0x06, 0x7E, 0x01, 0x83, 0x80, 0x60, 0xE0, 0x18, 0x38, 0x00, 0x0E, 0x00, 0x00,
    0x00, 0x00, 0x00, 0x07, 0xE3, 0x03, 0xFC, 0xC0, 0x03, 0x30, 0x00, 0xCC, 0x00, 0x33, 0x07, 0xFE,
    0xC1, 0xFF, 0xB0, 0x06, 0x3C, 0x01, 0x9F, 0x00, 0x60, 0xC0, 0x18, 0x10, 0x1F, 0xFC, 0x00, 0x03,
    0x00, 0x00, 0xC0, 0x00, 0x30, 0x00, 0x0C, 0x00, 0x00, 0x00, 0x00, 0x00, 0x00, 0x01, 0x83, 0xFC,
    0x60, 0xFF, 0x18, 0x00, 0xC6, 0x00, 0x31, 0x80, 0x0C, 0x60, 0x03, 0xD8, 0x7F, 0xF6, 0x1F, 0xC1,
    0x80, 0x67, 0xE0, 0x19, 0xF8, 0x1E, 0x06, 0x06, 0x01, 0x81, 0x80, 0x00, 0x60, 0x00, 0x1F, 0xFE,
    0x07, 0xFF, 0x80, 0x00, 0x00, 0x07, 0xF1, 0x81, 0xFE, 0x60, 0x03, 0x98, 0x00, 0xC6, 0x00, 0x3D,
    0x87, 0xFF, 0x60, 0xFC, 0x18, 0x06, 0x7E, 0x01, 0x8F, 0x80, 0xFF, 0xE0, 0x3F, 0xF8, 0x00, 0x06,
    0x03, 0xFF, 0x80, 0xC0, 0x00, 0x3F, 0xF8, 0x0F, 0xFE, 0x00, 0x00, 0x00, 0x00, 0x00, 0x07, 0xF3,
    0x83, 0xFC, 0xE0, 0x03, 0x38, 0x00, 0xCE, 0x00, 0x33, 0x87, 0xFF, 0xE1, 0xFF, 0xB8, 0x06, 0x7E,
    0x01, 0x9F, 0x80, 0x60, 0x40, 0x18, 0x60, 0x06, 0x18, 0x03, 0xCE, 0x01, 0xF7, 0xC0, 0xE7, 0x9C,
    0x10, 0xC2, 0x00, 0x00, 0x00, 0x00, 0x00, 0x07, 0xF3, 0x81, 0xFE, 0xE0, 0x03, 0xB8, 0x00, 0xCE,
    0x00, 0x33, 0x87, 0xFF, 0xE1, 0xFF, 0xB8, 0x06, 0x3E, 0x01, 0x9F, 0x80, 0x60, 0xE0, 0x0F, 0xE0,
    0x0F, 0xFC, 0x03, 0x03, 0x80, 0xC0, 0x60, 0x3C, 0x70, 0x07, 0xF8, 0x00, 0x00, 0x00, 0x00, 0x00,
    0x00, 0x0D, 0x83, 0xF3, 0x60, 0xFE, 0xD8, 0x03, 0xB6, 0x00, 0x6D, 0x80, 0x33, 0x60, 0x0C, 0xD8,
    0x7F, 0xF6, 0x1F, 0xED, 0x80, 0xC3, 0x60, 0x37, 0xD8, 0x0D, 0xF6, 0x03, 0x0D, 0x80, 0xC3, 0x60,
    0x30, 0xD8, 0x00, 0x06, 0x00, 0x00, 0x00, 0x00, 0x00, 0x00, 0x05, 0x83, 0xFB, 0x60, 0xFE, 0xD8,
    0x01, 0xB6, 0x00, 0x6D, 0x80, 0x3B, 0x61, 0xFF, 0xD8, 0x3E, 0x36, 0x01, 0xBD, 0x80, 0x63, 0x60,
    0x19, 0xD8, 0x00, 0xC6, 0x00, 0x38, 0x00, 0x1F, 0x00, 0x3C, 0xF8, 0x1E, 0x0F, 0x00, 0x00, 0x00,
    0x00, 0x00, 0x00, 0x01, 0x81, 0xFC, 0x60, 0x7F, 0x98, 0x00, 0x46, 0x00, 0x31, 0x80, 0x0C, 0x60,
    0x03, 0x18, 0x7F, 0xF6, 0x1F, 0xFD, 0x80, 0x30, 0x60, 0x0C, 0x18, 0x03, 0x06, 0x00, 0xC1, 0x80,
    0x30, 0x60, 0x0C, 0x18, 0x00, 0x06, 0x00, 0x00, 0x00, 0x00, 0x00, 0x07, 0xF1, 0x81, 0xFE, 0x60,
    0x03, 0x98, 0x00, 0xE6, 0x00, 0x31, 0x80, 0x0E, 0x61, 0xFF, 0xD8, 0x7F, 0xC6, 0x00, 0xC1, 0x80,
    0x30, 0x40, 0x7F, 0xF8, 0x0F, 0xFE, 0x00, 0x01, 0x80, 0x00, 0x60, 0x00, 0x18, 0x00, 0x06, 0x00,
    0x00, 0x00, 0x00, 0x00, 0x00, 0x03, 0x03, 0xFC, 0xC0, 0x7F, 0x30, 0x00, 0xCC, 0x00, 0x33, 0x00,
    0x0C, 0xC1, 0xFF, 0xF0, 0x7F, 0xEC, 0x01, 0xC3, 0x00, 0x30, 0xC0, 0x0C, 0x30, 0x1A, 0x0C, 0x06,
    0x00, 0x01, 0x80, 0x00, 0x7F, 0xF8, 0x1F, 0xFE, 0x00, 0x00, 0x00, 0x00, 0x00, 0x07, 0xF3, 0x01,
    0xFE, 0xC0, 0x03, 0xB0, 0x00, 0xEC, 0x00, 0x33, 0x03, 0xFF, 0xC1, 0xFF, 0xF0, 0x07, 0x0C, 0x01,
    0xC1, 0x00, 0xFF, 0xC0, 0x3F, 0xF0, 0x0F, 0xFC, 0x03, 0xFF, 0x00, 0xC0, 0x00, 0x3F, 0xF8, 0x0F,
    0xFE, 0x00, 0x00, 0x00, 0x00, 0x00, 0x00, 0x03, 0x03, 0xFC, 0xC0, 0x7F, 0x30, 0x00, 0xCC, 0x00,
    0x33, 0x00, 0x0C, 0xC1, 0xFF, 0xF0, 0x7F, 0xEC, 0x01, 0x83, 0x00, 0x60, 0x00, 0x3F, 0xF0, 0x0F,
    0xFC, 0x03, 0x03, 0x00, 0xC0, 0xC0, 0x3F, 0xF0, 0x0F, 0xFC, 0x00, 0x00, 0x00, 0x00, 0x00, 0x07,
    0xF3, 0x01, 0xFE, 0xC0, 0x03, 0xB0, 0x00, 0xEC, 0x00, 0x33, 0x02, 0xFF, 0xC1, 0xFF, 0xF0, 0x07,
    0x0C, 0x01, 0xC3, 0x00, 0x30, 0x00, 0x30, 0x30, 0x0F, 0xFC, 0x03, 0xFF, 0x00, 0xC0, 0xC0, 0x3F,
    0xF0, 0x0F, 0xFC, 0x00, 0x00, 0x00, 0x00, 0x00, 0x07, 0xE3, 0x03, 0xFC, 0xC0, 0x03, 0x30, 0x00,
    0xCC, 0x00, 0x33, 0x00, 0x0C, 0xC1, 0xFF, 0xF0, 0x7F, 0xEC, 0x01, 0x83, 0x00, 0x60, 0xC0, 0x1B,
    0xB0, 0x00, 0xE4, 0x00, 0x38, 0x00, 0x3B, 0x80, 0x7C, 0x78, 0x1C, 0x06, 0x00, 0x00, 0x00, 0x00,
    0x00, 0x07, 0xFF, 0x81, 0xFF, 0xE0, 0x00, 0x18, 0x00, 0x06, 0x00, 0x01, 0x80, 0x00, 0xE0, 0x00,
    0x30, 0x7F, 0xFF, 0x9F, 0xFF, 0xE0, 0x61, 0x80, 0x18, 0x60, 0x06, 0x18, 0x01, 0x86, 0x00, 0x61,
    0x80, 0x18, 0x60, 0x06, 0x18, 0x00, 0x00, 0x00, 0x00, 0x00, 0x07, 0xFF, 0x81, 0xFF, 0xE0, 0x00,
    0x18, 0x00, 0x06, 0x00, 0x01, 0x80, 0x00, 0xE0, 0x00, 0x38, 0x7F, 0xFF, 0x8F, 0xFF, 0xC0, 0x31,
    0x80, 0x6C, 0xE0, 0x1B, 0x38, 0x06, 0xC4, 0x01, 0x80, 0x00, 0x7F, 0xF8, 0x1F, 0xFE, 0x00, 0x00,
    0x00, 0x00, 0x00, 0x07, 0xFF, 0x01, 0xFF, 0xC0, 0x00, 0x30, 0x00, 0x0C, 0x00, 0x03, 0x00, 0x00,
    0xC1, 0xFF, 0xFC, 0x06, 0x30, 0x01, 0x8C, 0x01, 0xFF, 0xC0, 0x7F, 0xF0, 0x00, 0x0C, 0x07, 0xFF,
    0x01, 0x80, 0x00, 0x60, 0x00, 0x1F, 0xFE, 0x07, 0xFF, 0x80, 0x00, 0x00, 0x00, 0x00, 0x00, 0x00,
    0x00, 0x7F, 0xF8, 0x0F, 0xFE, 0x00, 0x01, 0x80, 0x00, 0x60, 0x00, 0x18, 0x00, 0x06, 0x00, 0x01,
    0x80, 0x00, 0xE0, 0x00, 0x30, 0x00, 0x0C, 0x00, 0x00, 0x07, 0xFF, 0xF9, 0xFF, 0xFE, 0x00, 0x00,
    0x00, 0x00, 0x00, 0x00, 0x00, 0x00, 0x00, 0x01, 0xFF, 0xE0, 0x00, 0x38, 0x00, 0x0E, 0x00, 0x03,
    0x80, 0x00, 0xC0, 0x00, 0x30, 0x7F, 0xFF, 0x8F, 0xFF, 0xC0, 0x00, 0x00, 0x7F, 0xF8, 0x1F, 0xFE,
    0x00, 0x01, 0x80, 0x00, 0x60, 0x00, 0x18, 0x00, 0x06, 0x00, 0x01, 0x80, 0x00, 0x00, 0x07, 0xFF,
    0x80, 0xFF, 0xE0, 0x00, 0x18, 0x00, 0x06, 0x00, 0x01, 0x80, 0x00, 0x60, 0xFF, 0xFE, 0x7F, 0xFF,
    0x80, 0x00, 0x00, 0x80, 0x00, 0x60, 0x00, 0x18, 0x00, 0x06, 0x00, 0x01, 0x80, 0x00, 0x7F, 0xFC,
    0x1F, 0xFE, 0x00, 0x00, 0x00, 0x00, 0x00, 0x00, 0x00, 0x01, 0xFF, 0xE0, 0x3F, 0xF8, 0x00, 0x0E,
    0x00, 0x03, 0x80, 0x00, 0xC0, 0x00, 0x30, 0x7F, 0xFF, 0x80, 0x00, 0x00, 0x00, 0x00, 0x7F, 0xF8,
    0x1F, 0xFE, 0x06, 0x00, 0x01, 0x80, 0x00, 0x60, 0x00, 0x1F, 0xFE, 0x07, 0xFF, 0x80, 0x00, 0x00,
    0x03, 0xFF, 0x01, 0xFF, 0xE0, 0x00, 0x38, 0x00, 0x0E, 0x00, 0x03, 0x80, 0x00, 0xC1, 0xFF, 0xFE,
    0x7F, 0xFF, 0x00, 0x00, 0x01, 0xFF, 0xE0, 0x3F, 0xF8, 0x00, 0x0E, 0x07, 0xFF, 0x81, 0x80, 0x00,
    0x60, 0x00, 0x1F, 0xFE, 0x07, 0xFF, 0x80, 0x00, 0x00, 0x07, 0xFF, 0x01, 0xFF, 0xC0, 0x00, 0x30,
    0x00, 0x0C, 0x00, 0x03, 0x03, 0xFF, 0xE1, 0xFF, 0xFC, 0x00, 0x00, 0x07, 0xDF, 0x01, 0xFF, 0xC0,
    0x04, 0x30, 0x1F, 0x8C, 0x07, 0xC3, 0x01, 0x80, 0xC0, 0x7F, 0x30, 0x1F, 0x8C, 0x00, 0x00, 0x00,
    0x00, 0x00, 0x00, 0x00, 0x01, 0xFF, 0xE0, 0x3F, 0xF8, 0x00, 0x0E, 0x00, 0x03, 0x80, 0x00, 0xC0,
    0x00, 0x30, 0x7F, 0xFF, 0x8F, 0xFF, 0xC0, 0x00, 0x00, 0x7F, 0xF8, 0x1F, 0xFE, 0x06, 0x01, 0x81,
    0x80, 0xE0, 0x60, 0x18, 0x1F, 0xFE, 0x07, 0xFF, 0x00, 0x00, 0x00, 0x03, 0xFF, 0x01, 0xFF, 0xE0,
    0x00, 0x38, 0x00, 0x06, 0x00, 0x03, 0x80, 0x00, 0xC1, 0xFF, 0xFC, 0x7F, 0xFF, 0x80, 0x00, 0x00,
    0x80, 0x40, 0x60, 0x18, 0x1F, 0xFE, 0x07, 0xFF, 0x81, 0x80, 0x60, 0x60, 0x18, 0x1F, 0xFE, 0x07,
    0xFF, 0x00, 0x00, 0x00, 0x00, 0x00, 0x01, 0xFF, 0xE0, 0x3F, 0xF8, 0x00, 0x0C, 0x00, 0x03, 0x00,
    0x00, 0xC0, 0x00, 0x30, 0x7F, 0xFF, 0x1F, 0xFF, 0xC0, 0x00, 0x00, 0x03, 0x00, 0x00, 0xC0, 0x00,
    0x70, 0x00, 0x3E, 0x00, 0x3D, 0xE0, 0x3E, 0x1E, 0x06, 0x01, 0x80, 0x00, 0x00, 0x00, 0x00, 0x01,
    0xFF, 0xE0, 0x3F, 0xF8, 0x00, 0x0E, 0x00, 0x03, 0x80, 0x00, 0xC0, 0x00, 0x30, 0x7F, 0xFF, 0x0F,
    0xFF, 0xC0, 0x00, 0x00, 0x1F, 0xC0, 0x0F, 0xFC, 0x06, 0x03, 0x81, 0x80, 0x60, 0x70, 0x30, 0x0F,
    0xFC, 0x00, 0xFC, 0x00, 0x00, 0x00, 0x00, 0x03, 0x00, 0x00, 0xC0, 0xFF, 0xB0, 0x00, 0xEC, 0x00,
    0x1B, 0x00, 0x06, 0xC0, 0x01, 0xB0, 0x00, 0xEC, 0x00, 0x33, 0x00, 0x00, 0xC0, 0xFF, 0xF0, 0x7F,
    0xFC, 0x00, 0x03, 0x00, 0x00, 0xC0, 0x00, 0x30, 0x00, 0x0C, 0x00, 0x00, 0x00, 0x00, 0x00, 0x00,
    0x03, 0x01, 0xF8, 0xC0, 0xFF, 0x30, 0x00, 0xCC, 0x00, 0x33, 0x00, 0x18, 0xC0, 0x06, 0x30, 0x03,
    0x8C, 0x00, 0xC3, 0x00, 0x60, 0xC0, 0x70, 0x30, 0x38, 0x0C, 0x0C, 0x03, 0x00, 0x00, 0xC0, 0x00,
    0x30, 0x00, 0x0C, 0x00, 0x00, 0x00, 0x00, 0x00, 0x00, 0x01, 0x83, 0xFC, 0x60, 0x7F, 0x18, 0x00,
    0xC6, 0x00, 0x61, 0x80, 0x38, 0x60, 0x1C, 0x18, 0x3E, 0x06, 0x0E, 0x01, 0x80, 0x00, 0x40, 0x3F,
    0xF8, 0x0F, 0xFE, 0x00, 0x01, 0x80, 0x00, 0x60, 0x00, 0x18, 0x00, 0x06, 0x00, 0x00, 0x00, 0x00,
    0x00, 0x00, 0x03, 0x03, 0xFC, 0xC0, 0xFF, 0x30, 0x01, 0x8C, 0x00, 0x63, 0x00, 0x38, 0xC0, 0x1C,
    0x30, 0x0E, 0x0C, 0x0F, 0x03, 0x07, 0x00, 0xC0, 0x00, 0x30, 0x0C, 0x0C, 0x03, 0x00, 0x00, 0xC0,
    0x00, 0x3F, 0xF8, 0x0F, 0xFE, 0x00, 0x00, 0x00, 0x00, 0x00, 0x00, 0x01, 0x83, 0xFC, 0x60, 0xFF,
    0x18, 0x00, 0xC6, 0x00, 0x61, 0x80, 0x38, 0x60, 0x1C, 0x18, 0x1E, 0x06, 0x0E, 0x01, 0x82, 0x00,
    0x60, 0x3F, 0xF8, 0x0F, 0xFC, 0x03, 0x00, 0x00, 0xC0, 0x00, 0x3F, 0xF8, 0x0F, 0xFE, 0x00, 0x00,
    0x00, 0x00, 0x00, 0x00, 0x01, 0x83, 0xFC, 0x60, 0x03, 0x18, 0x00, 0xC6, 0x00, 0x61, 0x80, 0x38,
    0x60, 0x3C, 0x18, 0x3C, 0x06, 0x0C, 0x01, 0x80, 0xFF, 0xE0, 0x00, 0x18, 0x07, 0xFE, 0x03, 0xFF,
    0x80, 0xC0, 0x00, 0x3F, 0xF8, 0x0F, 0xFE, 0x00, 0x00, 0x00, 0x00, 0x00, 0x07, 0xE1, 0x83, 0xFC,
    0x60, 0x07, 0x18, 0x01, 0x86, 0x00, 0xE1, 0x80, 0x70, 0x60, 0x78, 0x18, 0x3C, 0x06, 0x08, 0x01,
    0x81, 0xF7, 0xE0, 0x7F, 0xF8, 0x01, 0xE6, 0x07, 0xF9, 0x81, 0x86, 0x60, 0x7F, 0x98, 0x1F, 0xFE,
    0x00, 0x00, 0x00, 0x00, 0x00, 0x00, 0x03, 0x03, 0xFC, 0xC0, 0x7F, 0x30, 0x01, 0x8C, 0x00, 0x63,
    0x00, 0x30, 0xC0, 0x38, 0x30, 0x3C, 0x0C, 0x1C, 0x03, 0x00, 0xFF, 0xC0, 0x3F, 0xF0, 0x0C, 0x0C,
    0x03, 0x03, 0x00, 0xC0, 0xC0, 0x37, 0xF0, 0x0F, 0xFC, 0x00, 0x00, 0x00, 0x00, 0x00, 0x00, 0x03,
    0x03, 0xFC, 0xC0, 0xFF, 0x30, 0x01, 0x8C, 0x00, 0x63, 0x00, 0x30, 0xC0, 0x38, 0x30, 0x7C, 0x0C,
    0x1C, 0x03, 0x00, 0x80, 0x40, 0x30, 0x30, 0x0F, 0xFC, 0x03, 0xFF, 0x00, 0xC0, 0xC0, 0x3F, 0xF0,
    0x0F, 0xFC, 0x00, 0x00, 0x00, 0x00, 0x00, 0x00, 0x01, 0x83, 0xFC, 0x60, 0xFF, 0x18, 0x00, 0xC6,
    0x00, 0x61, 0x80, 0x18, 0x60, 0x1C, 0x18, 0x0E, 0x06, 0x0F, 0x01, 0x83, 0x0C, 0x60, 0x03, 0x18,
    0x00, 0xE0, 0x00, 0x78, 0x00, 0x3B, 0x80, 0x7C, 0x78, 0x1C, 0x06, 0x00, 0x00, 0x00, 0x00, 0x00,
    0x00, 0x01, 0x83, 0xFC, 0x60, 0xFF, 0x18, 0x00, 0xC6, 0x00, 0x61, 0x80, 0x38, 0x60, 0x1C, 0x18,
    0x1E, 0x06, 0x0F, 0x01, 0x83, 0x1E, 0x60, 0x1F, 0xF0, 0x0E, 0x1E, 0x03, 0x01, 0x80, 0xC0, 0x60,
    0x3F, 0xF0, 0x07, 0xF8, 0x00, 0x00, 0x00, 0x00, 0x00, 0x00, 0x01, 0x83, 0xFC, 0x60, 0x7F, 0x18,
    0x00, 0xC6, 0x00, 0x61, 0x80, 0x38, 0x60, 0x3C, 0x18, 0x3E, 0x06, 0x0E, 0x01, 0x80, 0x00, 0x00,
    0x3F, 0xF8, 0x02, 0xEC, 0x00, 0x38, 0x00, 0x3F, 0x00, 0x3C, 0xF8, 0x1E, 0x0E, 0x00, 0x00, 0x00,
    0x00, 0x00, 0x00, 0x01, 0x83, 0xFC, 0x60, 0x7F, 0x18, 0x00, 0xC6, 0x00, 0x61, 0x80, 0x38, 0x60,
    0x1C, 0x18, 0x3E, 0x06, 0x0E, 0x01, 0x80, 0xFF, 0xE0, 0x3F, 0xF8, 0x03, 0x18, 0x00, 0xC6, 0x00,
    0x31, 0x80, 0x3F, 0xF8, 0x0F, 0xFE, 0x00, 0x00, 0x00, 0x00, 0x00, 0x00, 0x03, 0x03, 0xDC, 0xC0,
    0xFF, 0xB0, 0x0C, 0x6C, 0x03, 0x1B, 0x00, 0xC6, 0xC0, 0x33, 0x3C, 0x0C, 0xCF, 0x06, 0x33, 0x01,
    0x8C, 0xC0, 0xC6, 0x30, 0x73, 0x8C, 0x08, 0xC3, 0x00, 0x20, 0xC0, 0x00, 0x30, 0x00, 0x0C, 0x00,
    0x00, 0x00, 0x00, 0x00, 0x00, 0x03, 0x03, 0xFE, 0xC0, 0xF7, 0xB0, 0x0C, 0x6C, 0x03, 0x33, 0xC1,
    0x8C, 0xF0, 0xE7, 0x30, 0x73, 0x8C, 0x08, 0xC3, 0x00, 0x00, 0xC0, 0x7F, 0xF0, 0x1F, 0xFC, 0x00,
    0x03, 0x00, 0x00, 0xC0, 0x00, 0x30, 0x00, 0x0C, 0x00, 0x00, 0x00, 0x00, 0x00, 0x00, 0x03, 0x03,
    0xFE, 0xC0, 0xF7, 0xB0, 0x0C, 0x6C, 0x03, 0x33, 0xC1, 0x8C, 0xF0, 0xE7, 0x30, 0x73, 0x8C, 0x00,
    0xC3, 0x00, 0x00, 0xC0, 0xFF, 0xF0, 0x1F, 0x7C, 0x00, 0xC3, 0x00, 0x30, 0xC0, 0x0C, 0x30, 0x03,
    0x0C, 0x00, 0x00, 0x00, 0x00, 0x00, 0x00, 0x03, 0x00, 0x00, 0xC0, 0xFF, 0xB0, 0x3F, 0xEC, 0x03,
    0x1B, 0x00, 0xC6, 0xF0, 0x33, 0x3E, 0x18, 0xCC, 0x0C, 0x73, 0x07, 0x38, 0xC0, 0x0C, 0x30, 0x0C,
    0x0C, 0x03, 0x03, 0x00, 0xC0, 0x00, 0x30, 0x00, 0x0F, 0xFE, 0x03, 0xFF, 0x80, 0x00, 0x00, 0x00,
    0x03, 0x07, 0xFC, 0xC0, 0xB3, 0x30, 0x0C, 0xCF, 0x07, 0x33, 0xC1, 0x98, 0xC1, 0xC6, 0x30, 0x23,
    0x0C, 0x00, 0x83, 0x01, 0xFF, 0xC0, 0x00, 0x30, 0x0F, 0xFC, 0x07, 0xFF, 0x01, 0x80, 0x00, 0x7F,
    0xF0, 0x1F, 0xFC, 0x00, 0x00, 0x00, 0x00, 0x00, 0x00, 0x03, 0x07, 0xFE, 0xC0, 0xB5, 0xB0, 0x0C,
    0x6F, 0x03, 0x33, 0xE1, 0x8C, 0xC1, 0xC6, 0x30, 0x23, 0x8C, 0x00, 0x03, 0x01, 0xF7, 0xC0, 0x7D,
    0xF0, 0x03, 0x6C, 0x07, 0xDB, 0x01, 0x86, 0xC0, 0x7F, 0xB0, 0x1F, 0xFC, 0x00, 0x00, 0x00, 0x00,
    0x00, 0x00, 0x03, 0x03, 0xFE, 0xC0, 0xF7, 0xB0, 0x0C, 0x6C, 0x03, 0x33, 0xC1, 0x8C, 0xC0, 0xE7,
    0x30, 0x73, 0x8C, 0x00, 0xC3, 0x00, 0x00, 0x80, 0x3F, 0xF0, 0x0F, 0xFC, 0x03, 0x03, 0x00, 0xC0,
    0xC0, 0x3F, 0xF0, 0x0F, 0xFC, 0x00, 0x00, 0x00, 0x00, 0x00, 0x00, 0x03, 0x03, 0xFE, 0xC0, 0x31,
    0xB0, 0x0C, 0x6F, 0x03, 0x33, 0xE1, 0x8C, 0xC0, 0xE7, 0x30, 0x73, 0x8C, 0x00, 0xC3, 0x00, 0x80,
    0x40, 0x30, 0x30, 0x0F, 0xFC, 0x03, 0xFF, 0x00, 0xC0, 0xC0, 0x3F, 0xF0, 0x0F, 0xFC, 0x00, 0x00,
    0x00, 0x00, 0x00, 0x00, 0x03, 0x03, 0xFE, 0xC0, 0xFF, 0xB0, 0x0C, 0x6C, 0x03, 0x33, 0xC1, 0xCC,
    0xF0, 0x67, 0x30, 0x31, 0x8C, 0x08, 0xC3, 0x00, 0x20, 0xC0, 0x03, 0x30, 0x00, 0xC0, 0x00, 0x78,
    0x00, 0x37, 0x00, 0x78, 0xF8, 0x1C, 0x0E, 0x00, 0x00, 0x00, 0x00, 0x00, 0x00, 0x03, 0x03, 0xFE,
    0xC0, 0xFF, 0xB0, 0x0C, 0x6C, 0x03, 0x33, 0xC1, 0x8C, 0xC0, 0xE7, 0x30, 0x73, 0x8C, 0x00, 0xC3,
    0x00, 0x41, 0x80, 0x18, 0x60, 0x06, 0x18, 0x03, 0x8E, 0x01, 0xF7, 0xC0, 0xEF, 0x9C, 0x30, 0xC2,
    0x00, 0x00, 0x00, 0x00, 0x00, 0x00, 0x03, 0x03, 0xFE, 0xC0, 0xFF, 0xB0, 0x0C, 0x6C, 0x03, 0x33,
    0xC1, 0x8C, 0xF0, 0xE7, 0x30, 0x73, 0x8C, 0x08, 0xC3, 0x00, 0x00, 0xC0, 0x1F, 0xC0, 0x0F, 0xF8,
    0x06, 0x03, 0x01, 0x80, 0xC0, 0x3F, 0xE0, 0x07, 0xF0, 0x00, 0x00, 0x00, 0x00, 0x00, 0x00, 0x03,
    0x07, 0xFE, 0xC0, 0xB7, 0xB0, 0x0C, 0x6F, 0x07, 0x33, 0xC1, 0x8C, 0xC1, 0xC6, 0x30, 0x23, 0x0C,
    0x00, 0x03, 0x00, 0xFF, 0xC0, 0x7F, 0xF0, 0x18, 0x00, 0x07, 0xFF, 0x01, 0xC0, 0x00, 0x7F, 0xF0,
    0x1F, 0xFC, 0x00, 0x00, 0x00, 0x00, 0x00, 0x00, 0x0D, 0x80, 0x03, 0x60, 0xFE, 0xD8, 0x0D, 0xB6,
    0x03, 0x6D, 0x80, 0xDB, 0x60, 0x66, 0xF8, 0x19, 0xBE, 0x06, 0x6D, 0x83, 0x3B, 0x60, 0xCC, 0xD8,
    0x63, 0x36, 0x01, 0x8D, 0x80, 0x03, 0x60, 0x00, 0xD8, 0x00, 0x36, 0x00, 0x00, 0x00, 0x00, 0x00,
    0x00, 0x0D, 0x87, 0xFB, 0x60, 0xFE, 0xD8, 0x09, 0xB6, 0x06, 0x6F, 0x81, 0x9B, 0xE0, 0xCE, 0xD8,
    0x73, 0x36, 0x09, 0x8D, 0x80, 0x03, 0x60, 0x3F, 0xF8, 0x0F, 0xFE, 0x00, 0x01, 0x80, 0x00, 0x60,
    0x00, 0x18, 0x00, 0x06, 0x00, 0x00, 0x00, 0x00, 0x00, 0x00, 0x09, 0x87, 0xFF, 0x61, 0xFF, 0xD8,
    0x0D, 0xF6, 0x06, 0x6D, 0x81, 0x9B, 0xE0, 0xE6, 0xD8, 0x73, 0x36, 0x19, 0xCD, 0x80, 0x63, 0x60,
    0x20, 0xD8, 0x0C, 0x26, 0x03, 0x00, 0x00, 0xC0, 0x00, 0x3F, 0xF8, 0x0F, 0xFE, 0x00, 0x00, 0x00,
    0x00, 0x00, 0x00, 0x09, 0x87, 0xFF, 0x60, 0x77, 0xD8, 0x19, 0xFE, 0x06, 0x6F, 0x83, 0x9B, 0x61,
    0xCC, 0xD8, 0x27, 0x36, 0x01, 0x89, 0x80, 0xFF, 0xE0, 0x00, 0x18, 0x0F, 0xFE, 0x03, 0xFF, 0x80,
    0xC0, 0x00, 0x3F, 0xF8, 0x0F, 0xFF, 0x00, 0x00, 0x00, 0x00, 0x00, 0x00, 0x0D, 0x87, 0xFB, 0x60,
    0xFE, 0xD8, 0x09, 0xB6, 0x06, 0x6F, 0x81, 0x9B, 0xE0, 0xCE, 0xD8, 0x77, 0x36, 0x01, 0x8D, 0x80,
    0x03, 0x60, 0x3F, 0xF8, 0x0F, 0xF6, 0x03, 0x01, 0x80, 0xC0, 0x60, 0x3F, 0xF8, 0x0F, 0xFE, 0x00,
    0x00, 0x00, 0x00, 0x00, 0x00, 0x09, 0x87, 0xFF, 0x60, 0xF7, 0xD8, 0x19, 0xF6, 0x06, 0x6F, 0x81,
    0x9B, 0x60, 0xCC, 0xD8, 0x67, 0x76, 0x01, 0x89, 0x80, 0xC0, 0x40, 0x30, 0x18, 0x0F, 0xFE, 0x03,
    0xFF, 0x80, 0xC0, 0x60, 0x3F, 0xF8, 0x0F, 0xFE, 0x00, 0x00, 0x00, 0x00, 0x00, 0x00, 0x09, 0x87,
    0xFF, 0x60, 0xFF, 0xD8, 0x09, 0xF6, 0x06, 0x6F, 0x81, 0x9B, 0xE0, 0xCE, 0xD8, 0x73, 0x36, 0x09,
    0xCD, 0x80, 0x66, 0x60, 0x01, 0x98, 0x00, 0xE0, 0x00, 0x3C, 0x00, 0x3B, 0x80, 0x7C, 0x78, 0x1C,
    0x06, 0x00, 0x00, 0x00, 0x00, 0x00, 0x00, 0x09, 0x87, 0xFF, 0x60, 0xFF, 0xD8, 0x09, 0xB6, 0x06,
    0x6F, 0x81, 0x9B, 0xE0, 0xCC, 0xD8, 0x77, 0x36, 0x01, 0x8D, 0x80, 0x20, 0x40, 0x18, 0x60, 0x06,
    0x18, 0x01, 0xC7, 0x00, 0xF3, 0xC0, 0xE7, 0x9C, 0x30, 0xC3, 0x00, 0x00, 0x00, 0x00, 0x00, 0x00,
    0x0D, 0x87, 0xFB, 0x61, 0xFE, 0xD8, 0x09, 0xB6, 0x06, 0x6F, 0x81, 0x9B, 0xE0, 0xCE, 0xD8, 0x73,
    0x36, 0x09, 0x8D, 0x80, 0x00, 0x60, 0x0F, 0xE0, 0x0F, 0xFC, 0x03, 0x01, 0x80, 0xC0, 0x60, 0x3E,
    0xF8, 0x07, 0xF8, 0x00, 0x00, 0x00, 0x00, 0x00, 0x00, 0x03, 0x03, 0xDC, 0xC0, 0xFF, 0xB0, 0x0C,
    0x6C, 0x03, 0x1B, 0xC0, 0xC6, 0xF0, 0x33, 0x30, 0x0C, 0xCC, 0x06, 0x33, 0x01, 0x9C, 0xF0, 0xC6,
    0x3C, 0x73, 0x8C, 0x00, 0xC3, 0x00, 0x00, 0xC0, 0x00, 0x30, 0x00, 0x0C, 0x00, 0x00, 0x00, 0x00,
    0x00, 0x00, 0x03, 0x03, 0xFE, 0xC0, 0xF7, 0xBC, 0x0C, 0x6F, 0x03, 0x33, 0x01, 0x8C, 0xF0, 0xE7,
    0x3C, 0x73, 0x8C, 0x08, 0xC3, 0x00, 0x00, 0xC0, 0x7F, 0xF0, 0x1F, 0xFC, 0x00, 0x03, 0x00, 0x00,
    0xC0, 0x00, 0x30, 0x00, 0x0C, 0x00, 0x00, 0x00, 0x00, 0x00, 0x02, 0x63, 0x07, 0xFC, 0xC0, 0x33,
    0x3C, 0x0C, 0xCC, 0x06, 0x33, 0x03, 0x98, 0xF1, 0xCE, 0x30, 0x23, 0x0C, 0x00, 0x00, 0x01, 0xFF,
    0xC0, 0x00, 0x30, 0x0F, 0xFC, 0x07, 0xFF, 0x01, 0x80, 0x00, 0x7F, 0xF0, 0x1F, 0xFC, 0x00, 0x00,
    0x00, 0x00, 0x00, 0x00, 0x01, 0x83, 0xDC, 0x60, 0xFF, 0x98, 0x0C, 0x66, 0x03, 0x19, 0x80, 0xC6,
    0x60, 0x33, 0xF8, 0x0C, 0xFE, 0x06, 0x31, 0x81, 0x9C, 0x60, 0xC6, 0x18, 0x73, 0x86, 0x08, 0xC1,
    0x80, 0x20, 0x60, 0x00, 0x18, 0x00, 0x06, 0x00, 0x00, 0x00, 0x00, 0x00, 0x00, 0x03, 0x03, 0xFE,
    0xC0, 0xF7, 0xB0, 0x0C, 0x6C, 0x03, 0x3F, 0x01, 0x8F, 0xC0, 0xE7, 0x30, 0x73, 0x8C, 0x08, 0xC3,
    0x00, 0x00, 0x40, 0x7F, 0xF0, 0x0F, 0xFC, 0x00, 0x03, 0x00, 0x00, 0xC0, 0x00, 0x30, 0x00, 0x0C,
    0x00, 0x00, 0x00, 0x00, 0x00, 0x00, 0x03, 0x83, 0xFE, 0xE0, 0xF7, 0xB8, 0x0C, 0x6E, 0x03, 0x3F,
    0x81, 0x8F, 0xE0, 0xE6, 0x38, 0x73, 0x8E, 0x00, 0xC3, 0x80, 0x00, 0x40, 0x7F, 0xF8, 0x1F, 0xFE,
    0x00, 0x63, 0x80, 0x18, 0xE0, 0x06, 0x38, 0x01, 0x8E, 0x00, 0x00, 0x00, 0x00, 0x00, 0x00, 0x03,
    0x07, 0xFC, 0xC1, 0xFF, 0x30, 0x0C, 0xCC, 0x03, 0x3F, 0x01, 0x8F, 0xC0, 0x67, 0x30, 0x31, 0x8C,
    0x18, 0xC3, 0x00, 0x20, 0xC0, 0x20, 0x30, 0x0C, 0x0C, 0x03, 0x00, 0x00, 0xC0, 0x00, 0x3F, 0xF8,
    0x0F, 0xFE, 0x00, 0x00, 0x00, 0x00, 0x00, 0x00, 0x03, 0x07, 0xFC, 0xE0, 0x33, 0x38, 0x0C, 0xFE,
    0x06, 0x3F, 0x83, 0x9C, 0xE1, 0xCE, 0x38, 0x23, 0x0E, 0x00, 0x01, 0x00, 0xFF, 0xC0, 0x00, 0x38,
    0x0F, 0xFE, 0x03, 0xFF, 0x00, 0xC0, 0x00, 0x3F, 0xF8, 0x0F, 0xFE, 0x00, 0x00, 0x00, 0x00, 0x00,
    0x00, 0x03, 0x87, 0xFE, 0xE0, 0xFF, 0xB8, 0x0C, 0x6E, 0x03, 0x3F, 0x81, 0x8F, 0xE0, 0xE7, 0x38,
    0x73, 0x8E, 0x00, 0xC1, 0x80, 0xFF, 0xC0, 0x3F, 0xF8, 0x0C, 0x0E, 0x03, 0x03, 0x80, 0xC0, 0xE0,
    0x3F, 0xF8, 0x0F, 0xFE, 0x00, 0x00, 0x00, 0x00, 0x00, 0x00, 0x03, 0x07, 0xFC, 0xE0, 0xB7, 0x30,
    0x0C, 0xCC, 0x07, 0x3F, 0x81, 0x8F, 0xE0, 0xC6, 0x30, 0x73, 0x8E, 0x00, 0xC3, 0x00, 0x80, 0x40,
    0x30, 0x38, 0x0F, 0xFE, 0x03, 0xFF, 0x80, 0xC0, 0xC0, 0x3F, 0xF8, 0x0F, 0xFE, 0x00, 0x00, 0x00,
    0x00, 0x00, 0x00, 0x03, 0x83, 0xFE, 0xE0, 0xFF, 0xB8, 0x0C, 0x6E, 0x03, 0x3F, 0x81, 0x8F, 0xE0,
    0xE7, 0x38, 0x71, 0x8E, 0x08, 0xC3, 0x80, 0x0C, 0xE0, 0x03, 0x38, 0x00, 0xE0, 0x00, 0x78, 0x00,
    0x3B, 0x80, 0x7C, 0x78, 0x1C, 0x0E, 0x00, 0x00, 0x00, 0x00, 0x00, 0x00, 0x03, 0x83, 0xFE, 0xE0,
    0xFF, 0xB8, 0x0C, 0x6E, 0x03, 0x3F, 0x81, 0x8F, 0xE0, 0xE6, 0x38, 0x73, 0x8E, 0x00, 0xC3, 0x80,
    0x61, 0xC0, 0x18, 0x60, 0x06, 0x18, 0x03, 0x8E, 0x00, 0xF3, 0xC0, 0xE7, 0x9C, 0x30, 0xC3, 0x00,
    0x00, 0x00, 0x00, 0x00, 0x00, 0x03, 0x83, 0xFE, 0xE0, 0xF7, 0xB8, 0x0C, 0x6E, 0x03, 0x3F, 0x81,
    0x8F, 0xE0, 0xE7, 0x38, 0x73, 0x8E, 0x00, 0xC3, 0x80, 0x1E, 0x60, 0x1F, 0xE0, 0x0E, 0x1C, 0x03,
    0x01, 0x80, 0xC0, 0xE0, 0x3E, 0xF0, 0x07, 0xF8, 0x00, 0x00, 0x00, 0x00, 0x00, 0x00, 0x01, 0x80,
    0x03, 0x61, 0xFE, 0xD8, 0x1D, 0xB6, 0x03, 0x6D, 0x81, 0x9F, 0x60, 0x67, 0xD8, 0x33, 0x36, 0x1C,
    0xCD, 0x82, 0x63, 0x60, 0x00, 0xD8, 0x0C, 0x36, 0x03, 0x05, 0x80, 0xC0, 0x00, 0x30, 0x00, 0x0F,
    0xFF, 0x01, 0xFF, 0x80, 0x00, 0x00, 0x00, 0x0D, 0x87, 0xFB, 0x60, 0xFE, 0xD8, 0x19, 0xB6, 0x06,
    0x7D, 0x81, 0xBF, 0x60, 0xCC, 0xD8, 0x77, 0x36, 0x01, 0x8D, 0x80, 0x03, 0x60, 0x3F, 0xF8, 0x0F,
    0xF6, 0x03, 0x01, 0x80, 0xC0, 0x60, 0x37, 0xF8, 0x0F, 0xFE, 0x00, 0x00, 0x00, 0x00, 0x00, 0x00,
    0x0D, 0x87, 0xFB, 0x61, 0xFE, 0xD8, 0x19, 0xB6, 0x06, 0x7D, 0x81, 0x9F, 0x60, 0xCC, 0xD8, 0x73,
    0x36, 0x09, 0x8D, 0x80, 0x46, 0x60, 0x03, 0x18, 0x00, 0xE0, 0x00, 0x78, 0x00, 0x3B, 0x80, 0x7C,
    0x78, 0x1C, 0x06, 0x00, 0x00, 0x00, 0x00, 0x00, 0x00, 0x05, 0x83, 0xFB, 0x60, 0xFE, 0xD8, 0x0D,
    0xB6, 0x06, 0x7D, 0x81, 0x9F, 0x60, 0xCE, 0xD8, 0x73, 0x36, 0x09, 0x8D, 0x80, 0x00, 0x60, 0x1F,
    0xF0, 0x0F, 0xFE, 0x03, 0x01, 0x80, 0xC0, 0x60, 0x3E, 0xF8, 0x07, 0xFC, 0x00, 0x00, 0x00, 0x00,
    0x00, 0x00, 0x01, 0x83, 0xDC, 0x60, 0xFF, 0x98, 0x0C, 0x66, 0x03, 0x1F, 0x80, 0xC7, 0xE0, 0x33,
    0x18, 0x0C, 0xC6, 0x06, 0x3F, 0x81, 0x9F, 0xE0, 0xC6, 0x18, 0x73, 0x86, 0x00, 0xC1, 0x80, 0x20,
    0x60, 0x00, 0x18, 0x00, 0x06, 0x00, 0x00, 0x00, 0x00, 0x00, 0x00, 0x03, 0x07, 0xFC, 0xC1, 0xFF,
    0x30, 0x0C, 0xFC, 0x03, 0x3F, 0x01, 0x8C, 0xC0, 0x67, 0x30, 0x31, 0xFC, 0x1C, 0xCF, 0x00, 0x30,
    0xC0, 0x20, 0x30, 0x0C, 0x0C, 0x03, 0x00, 0x00, 0xC0, 0x00, 0x3F, 0xF8, 0x0F, 0xFE, 0x00, 0x00,
    0x00, 0x00, 0x00, 0x00, 0x03, 0x07, 0xFC, 0xC0, 0xB7, 0xF0, 0x0C, 0xFC, 0x06, 0x33, 0x03, 0x9F,
    0xC1, 0xCE, 0xF0, 0x03, 0x0C, 0x00, 0x01, 0x00, 0xFF, 0xC0, 0x00, 0x30, 0x0F, 0xFC, 0x03, 0xFF,
    0x00, 0xC0, 0x00, 0x3F, 0xF8, 0x0F, 0xFE, 0x00, 0x00, 0x00, 0x00, 0x00, 0x00, 0x03, 0x03, 0xFE,
    0xC0, 0xFF, 0xB0, 0x0C, 0x7C, 0x03, 0x3F, 0x01, 0x8C, 0xC0, 0xE7, 0xF0, 0x71, 0xFC, 0x08, 0xC3,
    0x00, 0x24, 0xC0, 0x03, 0x30, 0x00, 0xE0, 0x00, 0x78, 0x00, 0x3B, 0x80, 0x7C, 0x78, 0x1C, 0x0E,
    0x00, 0x00, 0x00, 0x00, 0x00, 0x00, 0x01, 0x83, 0xFE, 0x60, 0xF7, 0xF8, 0x0C, 0x7E, 0x03, 0x31,
    0x81, 0x8C, 0x60, 0xE7, 0xF8, 0x73, 0xBE, 0x00, 0xC1, 0x80, 0x61, 0x40, 0x18, 0x60, 0x06, 0x18,
    0x03, 0x8E, 0x00, 0xF3, 0xC0, 0xE7, 0x9C, 0x30, 0xC3, 0x00, 0x00, 0x00, 0x00, 0x00, 0x00, 0x03,
    0x07, 0xFC, 0xC0, 0xB3, 0xF0, 0x0C, 0xFC, 0x03, 0x33, 0x01, 0x9F, 0xC0, 0xC7, 0xF0, 0x73, 0x0C,
    0x00, 0x81, 0x00, 0xFF, 0xC0, 0x3F, 0xF0, 0x0C, 0x00, 0x03, 0xFF, 0x00, 0xC0, 0x00, 0x3F, 0xF8,
    0x0F, 0xFE, 0x00, 0x00, 0x00, 0x00, 0x00, 0x00, 0x0D, 0x80, 0x03, 0x61, 0xFE, 0xD8, 0x1D, 0xB6,
    0x06, 0x7D, 0x81, 0x9F, 0x60, 0x66, 0xD8, 0x19, 0xB6, 0x06, 0xFD, 0x83, 0x3F, 0x60, 0xCC, 0xD8,
    0x66, 0x36, 0x01, 0x8D, 0x80, 0x03, 0x60, 0x00, 0xD8, 0x00, 0x16, 0x00, 0x00, 0x00, 0x00, 0x00,
    0x00, 0x00, 0x00, 0x00, 0x00, 0xFD, 0xFC, 0x1F, 0x3F, 0x00, 0xC1, 0xC0, 0x30, 0x70, 0x0C, 0x1C,
    0x03, 0x06, 0x00, 0xF1, 0x80, 0x6C, 0x60, 0x1B, 0x18, 0x00, 0xC0, 0x00, 0x30, 0x07, 0xFF, 0xF9,
    0xFF, 0xFE, 0x00, 0x00, 0x00, 0x00, 0x00, 0x00, 0x00, 0x07, 0x8F, 0x03, 0xF7, 0xE0, 0x0C, 0x18,
    0x03, 0x06, 0x00, 0xD1, 0x80, 0x6C, 0x60, 0x1B, 0x10, 0x00, 0xC0, 0x1F, 0xFF, 0xE2, 0x00, 0x10,
    0x7F, 0xF0, 0x1F, 0xFE, 0x00, 0x01, 0x80, 0x00, 0x60, 0x00, 0x18, 0x00, 0x06, 0x00, 0x01, 0x80,
    0x00, 0x00, 0x00, 0x00, 0x03, 0xF7, 0xE0, 0x7D, 0xF8, 0x03, 0x06, 0x00, 0xD1, 0x80, 0x6C, 0xE0,
    0x1B, 0x10, 0x00, 0xC0, 0x1F, 0xFF, 0xE3, 0xFF, 0xF0, 0x00, 0x00, 0x18, 0x00, 0x06, 0x00, 0x01,
    0x80, 0x00, 0x7F, 0xF0, 0x1F, 0xFE, 0x00, 0x00, 0x00, 0x00, 0x00, 0x07, 0x9F, 0x03, 0xF7, 0xE0,
    0x0C, 0x38, 0x03, 0x0E, 0x01, 0xF3, 0x00, 0x6C, 0xC0, 0x03, 0x00, 0x7F, 0xFF, 0x1F, 0xFF, 0xC0,
    0x03, 0x00, 0x67, 0xF8, 0x19, 0xFE, 0x06, 0x1F, 0x01, 0x8E, 0xC0, 0x6F, 0x18, 0x1F, 0x7C, 0x06,
    0x0E, 0x00, 0x00, 0x00, 0x0F, 0xDF, 0x83, 0xF7, 0xE0, 0x0C, 0x18, 0x03, 0x46, 0x01, 0xF1, 0x80,
    0x6C, 0x40, 0xFF, 0xFC, 0x7F, 0xFF, 0x80, 0x00, 0x01, 0xFF, 0xE0, 0x7F, 0xF8, 0x00, 0x06, 0x07,
    0xFF, 0x81, 0x80, 0x00, 0x60, 0x00, 0x1F, 0xFE, 0x07, 0xFF, 0x80, 0x00, 0x00, 0x07, 0x9F, 0x03,
    0xFF, 0xE0, 0x0C, 0x30, 0x03, 0x0C, 0x01, 0xF3, 0x00, 0x6C, 0xC0, 0x03, 0x00, 0x7F, 0xFF, 0x1F,
    0xFF, 0xC0, 0x00, 0x00, 0x7F, 0xF0, 0x1F, 0xFC, 0x06, 0x03, 0x01, 0x80, 0xC0, 0x60, 0x30, 0x1F,
    0xFC, 0x07, 0xFF, 0x00, 0x00, 0x00, 0x07, 0x9F, 0x03, 0xF7, 0xE0, 0x0C, 0x18, 0x03, 0x06, 0x00,
    0xF1, 0x80, 0x6C, 0x60, 0x0B, 0x10, 0x7F, 0xFF, 0x1F, 0xFF, 0xC0, 0x00, 0x00, 0x60, 0x18, 0x1F,
    0xFE, 0x07, 0xFF, 0x81, 0x80, 0x60, 0x60, 0x18, 0x1F, 0xFE, 0x07, 0xFF, 0x80, 0x00, 0x00, 0x0F,
    0xDF, 0x03, 0xF7, 0xC0, 0x0C, 0x30, 0x07, 0x0C, 0x01, 0xF3, 0x00, 0x6C, 0xC0, 0x03, 0x00, 0x7F,
    0xFF, 0x1F, 0xFF, 0xC0, 0x08, 0x00, 0x06, 0x00, 0x01, 0xC0, 0x00, 0xF8, 0x00, 0xF7, 0x00, 0xF8,
    0xF8, 0x18, 0x0C, 0x00, 0x00, 0x00, 0x00, 0x00, 0x07, 0x9F, 0x03, 0xFF, 0xC0, 0x0C, 0x30, 0x03,
    0x0C, 0x01, 0xF3, 0x00, 0x6C, 0xC0, 0x03, 0x00, 0x7F, 0xFF, 0x1F, 0xFF, 0xC0, 0x00, 0x00, 0x1F,
    0xC0, 0x0F, 0xFC, 0x06, 0x03, 0x01, 0x80, 0xC0, 0x70, 0x70, 0x0F, 0xF8, 0x00, 0xF8, 0x00, 0x00,
    0x00, 0x07, 0x9F, 0x03, 0xF7, 0xE0, 0x0C, 0x18, 0x03, 0x06, 0x00, 0xF3, 0x80, 0x6C, 0xC0, 0x0B,
    0x10, 0x7F, 0xFF, 0x1F, 0xFF, 0xC0, 0x00, 0x00, 0x7F, 0xF8, 0x1F, 0xFE, 0x00, 0x78, 0x00, 0x3F,
    0x00, 0x7C, 0xF0, 0x3C, 0x1E, 0x00, 0x00, 0x00, 0x00, 0x00, 0x07, 0x9F, 0x03, 0xF7, 0xE0, 0x0C,
    0x18, 0x03, 0x06, 0x01, 0xF3, 0x80, 0x6C, 0xC0, 0x03, 0x00, 0x7F, 0xFF, 0x0F, 0xFF, 0xC0, 0x0C,
    0x00, 0x7F, 0xF0, 0x1F, 0xFC, 0x00, 0x70, 0x00, 0x3F, 0x00, 0x7C, 0xF0, 0x1C, 0x1E, 0x00, 0x00,
    0x00, 0x00, 0x00, 0x00, 0x03, 0x00, 0x00, 0xC1, 0xFF, 0x30, 0x1C, 0xCC, 0x03, 0x33, 0x01, 0x8C,
    0xC0, 0x6B, 0x30, 0x1A, 0xCF, 0x06, 0xB3, 0xC0, 0x30, 0xC0, 0x0C, 0x30, 0x7F, 0xEC, 0x1F, 0xE3,
    0x00, 0x00, 0xC0, 0x00, 0x30, 0x00, 0x0C, 0x00, 0x00, 0x00, 0x00, 0x00, 0x00, 0x03, 0x07, 0xFE,
    0xC0, 0xFF, 0xB0, 0x0C, 0x6C, 0x07, 0x3B, 0xC1, 0xEC, 0xF0, 0x6B, 0x30, 0x07, 0x2C, 0x1F, 0xFB,
    0x07, 0xC0, 0xC0, 0x7F, 0xF0, 0x1F, 0xFC, 0x00, 0x03, 0x00, 0x00, 0xC0, 0x00, 0x30, 0x00, 0x0C,
    0x00, 0x00, 0x00, 0x00, 0x00, 0x00, 0x03, 0x03, 0xFE, 0xC0, 0xF7, 0xB0, 0x0C, 0x6C, 0x07, 0xBB,
    0xC1, 0xFC, 0xC0, 0x1C, 0xB0, 0x7F, 0xFC, 0x1F, 0x03, 0x01, 0xFF, 0xC0, 0x7F, 0xF0, 0x00, 0x0C,
    0x07, 0xFF, 0x01, 0x80, 0x00, 0x7F, 0xF0, 0x1F, 0xFE, 0x00, 0x00, 0x00, 0x00, 0x00, 0x00, 0x03,
    0x07, 0xFE, 0xC0, 0xFF, 0xB0, 0x0C, 0x6C, 0x07, 0xB3, 0xC1, 0xEC, 0xF0, 0x69, 0x30, 0x07, 0xEC,
    0x1F, 0xFB, 0x00, 0x00, 0xC0, 0x18, 0x40, 0x06, 0x38, 0x03, 0x8E, 0x01, 0xF7, 0xC0, 0xEF, 0xB8,
    0x31, 0xC6, 0x00, 0x00, 0x00, 0x00, 0x00, 0x00, 0x03, 0x03, 0xFE, 0xC0, 0xFF, 0xB0, 0x0C, 0x6C,
    0x03, 0x9B, 0xC1, 0xFC, 0xF0, 0x69, 0x30, 0x07, 0xFC, 0x1F, 0xFF, 0x00, 0x00, 0xC0, 0x1F, 0xE0,
    0x0F, 0xFC, 0x06, 0x03, 0x01, 0x80, 0xC0, 0x38, 0xF0, 0x07, 0xF8, 0x00, 0x00, 0x00, 0x00, 0x00,
    0x00, 0x0D, 0x80, 0x03, 0x61, 0xFE, 0xD8, 0x19, 0xB6, 0x06, 0x2D, 0x81, 0x9B, 0x60, 0x76, 0xF8,
    0x1F, 0xBE, 0x05, 0xAD, 0x80, 0x63, 0x61, 0xFF, 0xD8, 0x7F, 0xF6, 0x00, 0x0D, 0x80, 0x03, 0x60,
    0x00, 0xD8, 0x00, 0x06, 0x00, 0x00, 0x00, 0x00, 0x00, 0x00, 0x0D, 0x87, 0xFB, 0x61, 0xFE, 0xD8,
    0x18, 0xB6, 0x07, 0x6F, 0x81, 0xFB, 0xE0, 0x5A, 0xD8, 0x2F, 0xF6, 0x1F, 0xFD, 0x80, 0x03, 0x60,
    0x3F, 0xF8, 0x0F, 0xFE, 0x00, 0x01, 0x80, 0x00, 0x60, 0x00, 0x18, 0x00, 0x06, 0x00, 0x00, 0x00,
    0x00, 0x00, 0x00, 0x0D, 0x87, 0xFB, 0x61, 0xFE, 0xD8, 0x18, 0xB6, 0x07, 0x6F, 0x81, 0xFB, 0xE0,
    0x18, 0xD8, 0x3F, 0xF6, 0x1F, 0xFD, 0x80, 0x03, 0x60, 0x0F, 0xE0, 0x0F, 0xFC, 0x03, 0x01, 0x80,
    0xC0, 0x60, 0x3C, 0x70, 0x07, 0xF8, 0x00, 0x00, 0x00, 0x00, 0x00, 0x00, 0x03, 0x00, 0x00, 0xC0,
    0xFF, 0xB0, 0x0D, 0x6C, 0x03, 0x1B, 0x00, 0xC6, 0xC0, 0x3D, 0xB0, 0x1B, 0x6C, 0x06, 0xDB, 0x00,
    0x30, 0xC0, 0x0C, 0xB0, 0x7F, 0xFC, 0x1F, 0xE3, 0x00, 0x00, 0xC0, 0x00, 0x30, 0x00, 0x0C, 0x00,
    0x00, 0x00, 0x00, 0x00, 0x00, 0x03, 0x03, 0xDE, 0xC0, 0xF7, 0xB0, 0x0C, 0x6C, 0x03, 0x1B, 0x00,
    0xF6, 0xC0, 0x7D, 0xB0, 0x03, 0x0C, 0x1F, 0xFF, 0x07, 0xFE, 0xC0, 0x00, 0x30, 0x0C, 0x0C, 0x03,
    0x00, 0x00, 0xC0, 0x00, 0x3F, 0xF8, 0x0F, 0xFE, 0x00, 0x00, 0x00, 0x00, 0x00, 0x00, 0x01, 0x83,
    0xFE, 0x60, 0x35, 0x98, 0x0C, 0x66, 0x03, 0xD9, 0x80, 0xF6, 0x60, 0x0C, 0xD8, 0x7F, 0xF6, 0x0E,
    0x01, 0x80, 0xFF, 0xC0, 0x3F, 0xF8, 0x00, 0x06, 0x03, 0xFF, 0x80, 0xC0, 0x00, 0x3F, 0xF8, 0x0F,
    0xFE, 0x00, 0x00, 0x00, 0x00, 0x00, 0x00, 0x03, 0x03, 0xFE, 0xC0, 0xF7, 0xB0, 0x0C, 0x6C, 0x03,
    0x5B, 0x00, 0xF6, 0xC0, 0x2C, 0xB0, 0x3F, 0xFC, 0x1F, 0xFF, 0x00, 0x00, 0x40, 0x3F, 0xF0, 0x0F,
    0xFC, 0x03, 0x03, 0x00, 0xC0, 0xC0, 0x3F, 0xF0, 0x0F, 0xFC, 0x00, 0x00, 0x00, 0x00, 0x00, 0x00,
    0x01, 0x83, 0xDE, 0x60, 0xF7, 0x98, 0x0C, 0x66, 0x03, 0xD9, 0x80, 0xF6, 0x60, 0x2C, 0x18, 0x7F,
    0xF6, 0x1F, 0xFD, 0x80, 0x00, 0x40, 0x30, 0x18, 0x0F, 0xFE, 0x03, 0xFF, 0x80, 0xC0, 0x60, 0x3F,
    0xF8, 0x0F, 0xFE, 0x00, 0x00, 0x00, 0x00, 0x00, 0x00, 0x01, 0x83, 0xDE, 0x60, 0xF7, 0x98, 0x0C,
    0x26, 0x03, 0x59, 0x80, 0xF6, 0x60, 0x2C, 0x98, 0x27, 0xF6, 0x1F, 0xFD, 0x80, 0x00, 0x60, 0x0F,
    0xE0, 0x0F, 0xFC, 0x03, 0x01, 0x80, 0xC0, 0x60, 0x3E, 0xF0, 0x07, 0xF8, 0x00, 0x00, 0x00, 0x00,
    0x00, 0x00, 0x00, 0x00, 0x00, 0x00, 0xFD, 0xFC, 0x1F, 0x7F, 0x00, 0xC0, 0xC0, 0x70, 0x70, 0x1C,
    0x1C, 0x06, 0x07, 0x01, 0xED, 0x80, 0x7B, 0x60, 0x1E, 0xD8, 0x01, 0xB0, 0x00, 0x6C, 0x07, 0xFF,
    0xF9, 0xFF, 0xFE, 0x00, 0x00, 0x00, 0x00, 0x00, 0x00, 0x00, 0x0F, 0xDF, 0x81, 0xF7, 0xE0, 0x0C,
    0x18, 0x03, 0x06, 0x00, 0xC1, 0x80, 0x30, 0x60, 0x0C, 0x18, 0x7F, 0xFF, 0x9F, 0xFF, 0xE0, 0x0C,
    0x00, 0x03, 0x00, 0x00, 0xC0, 0x00, 0x30, 0x00, 0x0C, 0x00, 0x03, 0x00, 0x00, 0xC0, 0x00, 0x00,
    0x00, 0x00, 0x00, 0x07, 0x8F, 0x03, 0xF7, 0xE0, 0x0C, 0x38, 0x03, 0x0C, 0x00, 0xC3, 0x00, 0x30,
    0xC0, 0xFF, 0xFC, 0x7F, 0xFF, 0x00, 0x30, 0x00, 0x0C, 0x00, 0x7F, 0xF0, 0x1F, 0xFC, 0x00, 0x03,
    0x00, 0x00, 0xC0, 0x00, 0x30, 0x00, 0x0C, 0x00, 0x03, 0x00, 0x00, 0x00, 0x07, 0xCF, 0x81, 0xFB,
    0xF0, 0x06, 0x1C, 0x01, 0x87, 0x00, 0xE1, 0xC0, 0x30, 0x60, 0x0C, 0x18, 0x3F, 0xFF, 0xCF, 0xFF,
    0xF0, 0x06, 0x00, 0x21, 0x80, 0x1C, 0x60, 0x07, 0x18, 0x01, 0xC0, 0x00, 0x70, 0x00, 0x1F, 0xFF,
    0x03, 0xFF, 0xC0, 0x00, 0x00, 0x07, 0xCF, 0x03, 0xF7, 0xC0, 0x0C, 0x30, 0x03, 0x0C, 0x00, 0xC3,
    0x03, 0xFF, 0xF1, 0xFF, 0xFC, 0x00, 0xC0, 0x00, 0x30, 0x01, 0xFF, 0xC0, 0x7F, 0xF0, 0x00, 0x0C,
    0x07, 0xFF, 0x01, 0x80, 0x00, 0x60, 0x00, 0x1F, 0xFE, 0x07, 0xFF, 0x80, 0x00, 0x00, 0x07, 0xDF,
    0x01, 0xF7, 0xC0, 0x0C, 0x30, 0x03, 0x0C, 0x00, 0xC3, 0x07, 0xFF, 0xF0, 0xFF, 0xFC, 0x00, 0xC0,
    0x07, 0xF6, 0x01, 0xFF, 0xE0, 0x0F, 0xF8, 0x1F, 0x38, 0x07, 0xDF, 0x81, 0x86, 0x60, 0x7F, 0xF0,
    0x1F, 0x38, 0x00, 0x00, 0x00, 0x00, 0x00, 0x00, 0x00, 0x03, 0xF7, 0xC0, 0x0C, 0x30, 0x03, 0x0C,
    0x00, 0xC3, 0x00, 0x30, 0xC1, 0xFF, 0xFC, 0x7F, 0xFF, 0x00, 0x30, 0x00, 0x0C, 0x00, 0x7F, 0xF0,
    0x1F, 0xFC, 0x06, 0x03, 0x01, 0x80, 0xC0, 0x60, 0x30, 0x1F, 0xFC, 0x07, 0xFF, 0x00, 0x00, 0x00,
    0x03, 0xCF, 0x01, 0xFF, 0xE0, 0x06, 0x18, 0x01, 0x86, 0x00, 0xE1, 0x80, 0x30, 0xE1, 0xFF, 0xFE,
    0x3F, 0xFF, 0x80, 0x30, 0x00, 0x0C, 0x00, 0x63, 0x18, 0x1F, 0xFE, 0x07, 0xFF, 0x81, 0x80, 0x60,
    0x60, 0x18, 0x1F, 0xFE, 0x07, 0xFF, 0x80, 0x00, 0x00, 0x00, 0x00, 0x03, 0xF7, 0xE0, 0x6C, 0xB8,
    0x03, 0x06, 0x00, 0xC3, 0x80, 0x30, 0xC1, 0xFF, 0xFC, 0x7F, 0xFF, 0x00, 0x30, 0x00, 0x0C, 0x00,
    0x03, 0x00, 0x00, 0xC0, 0x00, 0x70, 0x00, 0x3E, 0x00, 0x3D, 0xE0, 0x3E, 0x1E, 0x04, 0x01, 0x80,
    0x00, 0x00, 0x00, 0x00, 0x03, 0xF7, 0xE0, 0x7C, 0xF8, 0x03, 0x06, 0x00, 0xC1, 0x80, 0x30, 0xE0,
    0xFF, 0xFC, 0x7F, 0xFF, 0x00, 0x30, 0x00, 0x0C, 0x00, 0x1F, 0xE0, 0x1F, 0xFC, 0x06, 0x03, 0x81,
    0x80, 0x60, 0x70, 0x30, 0x0F, 0xFC, 0x00, 0xFC, 0x00, 0x00, 0x00, 0x00, 0x00, 0x03, 0xF7, 0xE0,
    0x0C, 0x38, 0x03, 0x06, 0x00, 0xC3, 0x80, 0x30, 0xC0, 0xFF, 0xFC, 0x7F, 0xFF, 0x00, 0x30, 0x00,
    0x0C, 0x00, 0x7F, 0xF8, 0x1F, 0xFE, 0x00, 0x70, 0x00, 0x3F, 0x00, 0x3C, 0xF0, 0x3C, 0x1E, 0x00,
    0x00, 0x00, 0x00, 0x00, 0x00, 0x01, 0x83, 0xFE, 0x60, 0xFF, 0x98, 0x06, 0x66, 0x01, 0x99, 0x80,
    0xE6, 0x60, 0x31, 0x98, 0x7F, 0xF6, 0x1F, 0xFD, 0x80, 0x30, 0x60, 0x0D, 0xF8, 0x03, 0x7E, 0x00,
    0xC1, 0x80, 0x30, 0x60, 0x0C, 0x18, 0x02, 0x06, 0x00, 0x00, 0x00, 0x00, 0x00, 0x07, 0x71, 0x83,
    0xFE, 0x60, 0x31, 0x98, 0x0C, 0x66, 0x03, 0x19, 0x87, 0xFF, 0x61, 0xFE, 0x18, 0x06, 0x7E, 0x01,
    0x8F, 0x80, 0xFF, 0xE0, 0x3F, 0xF8, 0x00, 0x06, 0x03, 0xFF, 0x80, 0xC0, 0x00, 0x3F, 0xF8, 0x0F,
    0xFE, 0x00, 0x00, 0x00, 0x00, 0x00, 0x00, 0x03, 0x03, 0xFE, 0xE0, 0x3B, 0xB8, 0x0C, 0xEE, 0x03,
    0x33, 0x87, 0xFF, 0xE1, 0xFF, 0xB8, 0x06, 0x7E, 0x01, 0x9F, 0x80, 0x60, 0x40, 0x18, 0x60, 0x06,
    0x18, 0x03, 0x8E, 0x00, 0xF3, 0xC0, 0xE7, 0x9C, 0x31, 0xC3, 0x00, 0x00, 0x00, 0x00, 0x00, 0x00,
    0x01, 0x83, 0xFE, 0x60, 0x31, 0x98, 0x0C, 0x66, 0x03, 0x19, 0x87, 0xFF, 0x61, 0xFF, 0x98, 0x06,
    0x3E, 0x01, 0x9F, 0x80, 0x60, 0x60, 0x0F, 0xF0, 0x0F, 0xFC, 0x03, 0x01, 0x80, 0xC0, 0x60, 0x3C,
    0x78, 0x07, 0xF8, 0x00, 0x00, 0x00, 0x00, 0x00, 0x00, 0x0D, 0x83, 0xBB, 0x61, 0xFE, 0xD8, 0x19,
    0xB6, 0x06, 0x6D, 0x81, 0x9B, 0x60, 0x66, 0xD8, 0x7F, 0xF6, 0x1F, 0xED, 0x80, 0xC3, 0x60, 0x37,
    0xD8, 0x0C, 0xF6, 0x03, 0x0D, 0x80, 0xC3, 0x60, 0x30, 0xD8, 0x00, 0x06, 0x00, 0x00, 0x00, 0x00,
    0x00, 0x00, 0x0D, 0x83, 0xFB, 0x60, 0xFE, 0xD8, 0x09, 0xB6, 0x06, 0x6D, 0x81, 0xBF, 0x61, 0xFF,
    0xD8, 0x2E, 0xB6, 0x01, 0xBD, 0x80, 0x63, 0x60, 0x3F, 0xF8, 0x1F, 0xFE, 0x00, 0x01, 0x80, 0x00,
    0x60, 0x00, 0x18, 0x00, 0x06, 0x00, 0x00, 0x00, 0x00, 0x00, 0x00, 0x0D, 0x83, 0xFB, 0x60, 0xFE,
    0xD8, 0x09, 0xB6, 0x06, 0x6D, 0x81, 0x9B, 0x61, 0xFF, 0xD8, 0x7F, 0xB6, 0x01, 0xBD, 0x80, 0x6F,
    0x60, 0x10, 0xD8, 0x0C, 0x36, 0x03, 0x00, 0x00, 0xC0, 0x00, 0x3F, 0xF8, 0x0F, 0xFE, 0x00, 0x00,
    0x00, 0x00, 0x00, 0x00, 0x0D, 0x83, 0xFB, 0x60, 0x66, 0xD8, 0x19, 0xB6, 0x06, 0x6D, 0x87, 0xFF,
    0x61, 0xFE, 0xD8, 0x06, 0xF6, 0x01, 0x0D, 0x80, 0xFF, 0xE0, 0x3F, 0xF8, 0x00, 0x06, 0x03, 0xFF,
    0x80, 0xC0, 0x00, 0x3F, 0xF8, 0x0F, 0xFE, 0x00, 0x00, 0x00, 0x00, 0x00, 0x00, 0x0D, 0x83, 0xFB,
    0x60, 0xFE, 0xD8, 0x09, 0xB6, 0x06, 0x6D, 0x83, 0xFF, 0x61, 0xFF, 0xD8, 0x06, 0xF6, 0x01, 0xBD,
    0x80, 0x43, 0x60, 0x3F, 0xF8, 0x1F, 0xFE, 0x03, 0x01, 0x80, 0xC0, 0x60, 0x7F, 0xF8, 0x0F, 0xFE,
    0x00, 0x00, 0x00, 0x00, 0x00, 0x00, 0x0D, 0x83, 0xFB, 0x60, 0xFE, 0xD8, 0x19, 0xB6, 0x06, 0x6D,
    0x87, 0xFF, 0x61, 0xFF, 0xD8, 0x06, 0xF6, 0x01, 0xBD, 0x80, 0x41, 0x60, 0x20, 0x18, 0x1F, 0xFE,
    0x03, 0xFF, 0x80, 0xC0, 0x60, 0x37, 0xF8, 0x0F, 0xFE, 0x00, 0x00, 0x00, 0x00, 0x00, 0x00, 0x0D,
    0x83, 0xFB, 0x60, 0xFE, 0xD8, 0x09, 0xB6, 0x06, 0x6D, 0x83, 0xFF, 0x61, 0xFF, 0xD8, 0x06, 0xF6,
    0x01, 0xBD, 0x80, 0x63, 0x60, 0x18, 0x60, 0x06, 0x18, 0x01, 0xCE, 0x00, 0xF3, 0xC0, 0xE7, 0x9C,
    0x30, 0xC3, 0x00, 0x00, 0x00, 0x00, 0x00, 0x00, 0x01, 0x83, 0xFE, 0x60, 0xFF, 0x98, 0x06, 0x66,
    0x01, 0x99, 0x80, 0xE6, 0x60, 0x31, 0x98, 0x7F, 0xF6, 0x1F, 0xFD, 0x80, 0x30, 0x60, 0x0C, 0x18,
    0x03, 0x06, 0x00, 0xC1, 0x80, 0x30, 0x60, 0x0C, 0x18, 0x02, 0x06, 0x00, 0x00, 0x00, 0x00, 0x00,
    0x00, 0x01, 0x81, 0xDE, 0x60, 0xFF, 0x98, 0x06, 0x66, 0x01, 0x99, 0x80, 0xE6, 0x60, 0x31, 0x98,
    0x7F, 0xF6, 0x1F, 0xFD, 0x80, 0x30, 0x60, 0x0C, 0x18, 0x1B, 0x06, 0x06, 0x01, 0x81, 0x80, 0x00,
    0x60, 0x00, 0x1F, 0xFE, 0x07, 0xFF, 0x80, 0x00, 0x00, 0x00, 0x01, 0x83, 0xFE, 0x60, 0x79, 0x98,
    0x06, 0x66, 0x03, 0x19, 0x83, 0xFF, 0x61, 0xFF, 0xD8, 0x03, 0x06, 0x03, 0xFF, 0x80, 0xFF, 0xE0,
    0x00, 0x18, 0x0F, 0xFE, 0x03, 0xFF, 0x80, 0xC0, 0x00, 0x3F, 0xF8, 0x0F, 0xFE, 0x00, 0x00, 0x00,
    0x00, 0x00, 0x00, 0x01, 0x83, 0xFE, 0x60, 0xFF, 0x98, 0x06, 0x66, 0x03, 0x99, 0x80, 0xC6, 0x61,
    0xFF, 0xD8, 0x7F, 0xE6, 0x00, 0xC1, 0x80, 0x30, 0x60, 0x3F, 0xF8, 0x0F, 0xFE, 0x03, 0x01, 0x80,
    0xC0, 0x60, 0x3F, 0xF8, 0x0F, 0xFE, 0x00, 0x00, 0x00, 0x00, 0x00, 0x00, 0x03, 0x03, 0xFE, 0xC0,
    0x7F, 0xB0, 0x0E, 0x6C, 0x03, 0x1B, 0x00, 0xCE, 0xC1, 0xFF, 0xF0, 0x3F, 0x0C, 0x00, 0xC3, 0x00,
    0x30, 0x00, 0x60, 0x30, 0x1F, 0xFC, 0x07, 0xFF, 0x01, 0x80, 0xC0, 0x7F, 0xF0, 0x1F, 0xFC, 0x00,
    0x00, 0x00, 0x00, 0x00, 0x0F, 0xDF, 0x83, 0xF7, 0xE0, 0x0C, 0x18, 0x03, 0x06, 0x00, 0xC1, 0x80,
    0x30, 0x60, 0x1C, 0x38, 0x7F, 0xFF, 0x9F, 0xFF, 0xC0, 0x61, 0x80, 0x18, 0xE0, 0x06, 0x18, 0x01,
    0x86, 0x00, 0x61, 0x80, 0x18, 0xE0, 0x06, 0x18, 0x00, 0x00, 0x00, 0x00, 0x00, 0x00, 0x00, 0x00,
    0x00, 0x00, 0xFD, 0xF8, 0x1F, 0x7E, 0x00, 0xC1, 0x80, 0x30, 0x60, 0x0C, 0x18, 0x03, 0x06, 0x00,
    0xC1, 0x80, 0x30, 0x60, 0x1C, 0x38, 0x02, 0x04, 0x00, 0x00, 0x07, 0xFF, 0xF9, 0xFF, 0xFE, 0x00,
    0x00, 0x00, 0x00, 0x00, 0x00, 0x00, 0x00, 0x00, 0x03, 0xF7, 0xE0, 0x7C, 0xF8, 0x03, 0x06, 0x00,
    0xC3, 0x80, 0x30, 0xC0, 0x0C, 0x30, 0x7F, 0xFF, 0x0F, 0xFF, 0xC0, 0x00, 0x00, 0x7F, 0xF8, 0x1F,
    0xFE, 0x00, 0x01, 0x80, 0x00, 0xE0, 0x00, 0x38, 0x00, 0x0E, 0x00, 0x01, 0x00, 0x00, 0x00, 0x07,
    0xCF, 0x03, 0xFF, 0xE0, 0x0E, 0x18, 0x03, 0x86, 0x00, 0xC1, 0x80, 0x30, 0x60, 0x0C, 0x18, 0x7F,
    0xFF, 0x9F, 0xFF, 0xE0, 0x00, 0x00, 0x60, 0x00, 0x18, 0x00, 0x06, 0x00, 0x01, 0x80, 0x00, 0x7F,
    0xF8, 0x1F, 0xFE, 0x00, 0x00, 0x00, 0x00, 0x00, 0x00, 0x00, 0x03, 0xF7, 0xE0, 0x0C, 0x38, 0x03,
    0x06, 0x00, 0xC3, 0x80, 0x30, 0xC0, 0xFF, 0xFC, 0x7F, 0xFF, 0x00, 0x04, 0x01, 0x03, 0x80, 0x67,
    0xF8, 0x18, 0xFE, 0x06, 0x1F, 0x01, 0x8E, 0xE0, 0x7F, 0x18, 0x1F, 0x7C, 0x00, 0x0E, 0x00, 0x00,
    0x00, 0x07, 0xDF, 0x03, 0xF7, 0xE0, 0x0C, 0x38, 0x03, 0x0E, 0x00, 0xC3, 0x00, 0x30, 0xC1, 0xFF,
    0xFC, 0x3F, 0xFF, 0x00, 0x00, 0x01, 0xFF, 0xE0, 0x3F, 0xF8, 0x00, 0x0E, 0x07, 0xFF, 0x81, 0x80,
    0x00, 0x60, 0x00, 0x1F, 0xFE, 0x07, 0xFF, 0x80, 0x00, 0x00, 0x07, 0xDF, 0x03, 0xF7, 0xE0, 0x0C,
    0x38, 0x03, 0x0E, 0x00, 0xC3, 0x00, 0x30, 0xC1, 0xFF, 0xFC, 0x7F, 0xFF, 0x00, 0x00, 0x01, 0xF7,
    0xE0, 0x7F, 0xF8, 0x03, 0x66, 0x07, 0xD9, 0x81, 0x86, 0x60, 0x61, 0x98, 0x1F, 0xFE, 0x07, 0xDF,
    0x80, 0x00, 0x00, 0x0F, 0xDF, 0x01, 0xF7, 0xC0, 0x0C, 0x30, 0x03, 0x0C, 0x00, 0xC3, 0x03, 0xFF,
    0xF1, 0xFF, 0xFC, 0x00, 0x10, 0x07, 0xC6, 0x01, 0xFF, 0xE0, 0x0F, 0xF8, 0x1F, 0x3C, 0x0F, 0x9B,
    0x81, 0x06, 0x60, 0xFF, 0xF0, 0x1F, 0x38, 0x00, 0x00, 0x00, 0x00, 0x00, 0x07, 0xCF, 0x03, 0xF7,
    0xE0, 0x0C, 0x38, 0x03, 0x0E, 0x00, 0xC3, 0x80, 0x30, 0xC0, 0xFF, 0xFC, 0x7F, 0xFF, 0x00, 0x00,
    0x00, 0x00, 0x00, 0x7F, 0xF8, 0x1F, 0xFE, 0x06, 0x01, 0x81, 0x80, 0xE0, 0x60, 0x18, 0x1F, 0xFE,
    0x07, 0xFF, 0x00, 0x00, 0x00, 0x07, 0xDF, 0x03, 0xF7, 0xE0, 0x0C, 0x38, 0x03, 0x0E, 0x00, 0xC3,
    0x80, 0x30, 0xC1, 0xFF, 0xFC, 0x7F, 0xFF, 0x00, 0x00, 0x01, 0x80, 0x40, 0x60, 0x38, 0x1F, 0xFE,
    0x07, 0xFF, 0x81, 0x80, 0xE0, 0x60, 0x38, 0x1F, 0xFE, 0x07, 0xFF, 0x00, 0x00, 0x00, 0x00, 0x00,
    0x03, 0xF7, 0xE0, 0x6C, 0xB8, 0x03, 0x06, 0x00, 0xC3, 0x80, 0x30, 0xC0, 0x0C, 0x30, 0x7F, 0xFF,
    0x1F, 0xFF, 0xC0, 0x00, 0x00, 0x03, 0x00, 0x00, 0xC0, 0x00, 0x70, 0x00, 0x3E, 0x00, 0x3C, 0xE0,
    0x3E, 0x1E, 0x04, 0x01, 0x80, 0x00, 0x00, 0x00, 0x00, 0x03, 0xF7, 0xE0, 0x6C, 0xB8, 0x03, 0x06,
    0x00, 0xC3, 0x80, 0x30, 0xC0, 0x0C, 0x30, 0x7F, 0xFF, 0x0F, 0xFF, 0xC0, 0x00, 0x00, 0x1F, 0xE0,
    0x1F, 0xFC, 0x06, 0x03, 0x81, 0x80, 0xE0, 0x70, 0x70, 0x0F, 0xFC, 0x00, 0xFC, 0x00, 0x00, 0x00,
    0x07, 0xDF, 0x03, 0xF7, 0xE0, 0x0C, 0x38, 0x03, 0x0E, 0x00, 0xC3, 0x80, 0x30, 0xC1, 0xFF, 0xFC,
    0x7F, 0xFF, 0x00, 0x00, 0x01, 0xFF, 0xE0, 0x7F, 0xF8, 0x18, 0x00, 0x07, 0xFF, 0x01, 0x80, 0x00,
    0x60, 0x00, 0x1F, 0xFE, 0x07, 0xFF, 0x80, 0x00, 0x00, 0x00, 0x03, 0x03, 0xDC, 0xC0, 0xFF, 0xB0,
    0x0E, 0x6C, 0x03, 0x1B, 0x00, 0xC6, 0xC0, 0x33, 0xB0, 0x0C, 0xCC, 0x06, 0x33, 0x01, 0x8C, 0xC0,
    0xC6, 0x30, 0x73, 0x8C, 0x00, 0xC3, 0x00, 0x00, 0xC0, 0x00, 0x30, 0x00, 0x0C, 0x00, 0x00, 0x00,
    0x00, 0x00, 0x00, 0x03, 0x03, 0xFE, 0xC0, 0xFF, 0xB0, 0x0C, 0x6C, 0x03, 0x33, 0x01, 0x8C, 0xC0,
    0xE7, 0x30, 0x31, 0x8C, 0x00, 0xC3, 0x00, 0x00, 0x40, 0x7F, 0xF0, 0x0F, 0xFC, 0x00, 0x03, 0x00,
    0x00, 0xC0, 0x00, 0x30, 0x00, 0x0C, 0x00, 0x00, 0x00, 0x00, 0x00, 0x00, 0x01, 0x00, 0x00, 0x60,
    0xFF, 0x98, 0x3F, 0xE6, 0x03, 0x19, 0x80, 0xC6, 0x60, 0x33, 0x98, 0x18, 0xC6, 0x0E, 0x71, 0x83,
    0x38, 0x60, 0x0C, 0x18, 0x0C, 0x06, 0x03, 0x01, 0x80, 0xC0, 0x00, 0x30, 0x00, 0x0F, 0xFE, 0x03,
    0xFF, 0x80, 0x00, 0x00, 0x00, 0x03, 0x07, 0xFE, 0xC0, 0xF7, 0xB0, 0x0C, 0x6C, 0x07, 0x33, 0x01,
    0x8C, 0xC1, 0xC6, 0x30, 0x23, 0x8C, 0x00, 0x41, 0x00, 0xFF, 0xC0, 0x00, 0x30, 0x0F, 0xFC, 0x03,
    0xFF, 0x00, 0xC0, 0x00, 0x3F, 0xF8, 0x0F, 0xFE, 0x00, 0x00, 0x00, 0x00, 0x00, 0x00, 0x03, 0x03,
    0xFE, 0xC0, 0xFF, 0xB0, 0x0C, 0x6C, 0x03, 0x33, 0x01, 0x8C, 0xC0, 0xE7, 0x30, 0x73, 0x8C, 0x00,
    0xC3, 0x00, 0x00, 0x40, 0x3F, 0xF0, 0x0F, 0xFC, 0x03, 0x03, 0x00, 0xC0, 0xC0, 0x3F, 0xF0, 0x0F,
    0xFC, 0x00, 0x00, 0x00, 0x00, 0x00, 0x00, 0x03, 0x03, 0xFE, 0xC0, 0xF7, 0xB0, 0x0C, 0x6C, 0x03,
    0x33, 0x01, 0x8C, 0xC0, 0xE7, 0x30, 0x73, 0x8C, 0x00, 0xC3, 0x00, 0x80, 0x40, 0x30, 0x30, 0x0F,
    0xFC, 0x03, 0xFF, 0x00, 0xC0, 0xC0, 0x3F, 0xF0, 0x0F, 0xFC, 0x00, 0x00, 0x00, 0x00, 0x00, 0x00,
    0x03, 0x03, 0xFE, 0xC0, 0xFF, 0xB0, 0x0C, 0x6C, 0x03, 0x1B, 0x01, 0xCC, 0xC0, 0xE3, 0x30, 0x31,
    0x8C, 0x08, 0xC3, 0x00, 0x04, 0xC0, 0x03, 0x30, 0x00, 0xE0, 0x00, 0x78, 0x00, 0x3B, 0x80, 0x7C,
    0x78, 0x1C, 0x06, 0x00, 0x00, 0x00, 0x00, 0x00, 0x00, 0x01, 0x83, 0xFE, 0x60, 0xF7, 0x98, 0x0C,
    0x66, 0x03, 0x19, 0x81, 0x8C, 0x60, 0xE3, 0x18, 0x33, 0x86, 0x00, 0xC1, 0x80, 0x00, 0x60, 0x1F,
    0xE0, 0x0F, 0xFE, 0x03, 0x01, 0x80, 0xC0, 0x60, 0x3F, 0xF8, 0x07, 0xF8, 0x00, 0x00, 0x00, 0x00,
    0x00, 0x00, 0x03, 0x02, 0x00, 0xC0, 0xC0, 0x30, 0x30, 0x0C, 0x0C, 0x03, 0x03, 0x00, 0xC0, 0xC0,
    0x3C, 0x30, 0x0F, 0x0C, 0x03, 0x03, 0x00, 0xC0, 0xFF, 0xB0, 0x3F, 0xEC, 0x00, 0x03, 0x00, 0x00,
    0xC0, 0x00, 0x30, 0x00, 0x0C, 0x00, 0x00, 0x00, 0x00, 0x00, 0x00, 0x03, 0x03, 0x00, 0xC0, 0xC0,
    0x30, 0x30, 0x0C, 0x0C, 0x03, 0xC3, 0x00, 0xF0, 0xFF, 0xB0, 0x3F, 0xEC, 0x00, 0x03, 0x00, 0x00,
    0xC0, 0x7F, 0xF0, 0x1F, 0xFC, 0x00, 0x03, 0x00, 0x00, 0xC0, 0x00, 0x30, 0x00, 0x0C, 0x00, 0x00,
    0x00, 0x00, 0x00, 0x08, 0x03, 0x03, 0x00, 0xC0, 0xC0, 0x30, 0x30, 0x0C, 0x0C, 0x03, 0xC3, 0x00,
    0xC0, 0xFF, 0xB0, 0x3F, 0xCC, 0x00, 0x03, 0x01, 0xF7, 0xC0, 0x7D, 0xF0, 0x03, 0x0C, 0x00, 0xC3,
    0x00, 0x30, 0xC0, 0x0C, 0x30, 0x03, 0x0C, 0x00, 0x00, 0x00, 0x00, 0x00, 0x00, 0x03, 0x03, 0x00,
    0xC0, 0xC0, 0x30, 0x30, 0x0C, 0x0C, 0x03, 0x03, 0x00, 0xF0, 0xC1, 0x30, 0x3F, 0xEC, 0x0F, 0xE3,
    0x00, 0x00, 0xC0, 0x60, 0x30, 0x1C, 0x0C, 0x06, 0x00, 0x01, 0x80, 0x00, 0x7F, 0xF0, 0x1F, 0xFC,
    0x00, 0x00, 0x00, 0x00, 0x00, 0x08, 0x03, 0x03, 0x00, 0xC0, 0xC0, 0x30, 0x30, 0x0F, 0x0C, 0x03,
    0xC3, 0x00, 0xC0, 0xFF, 0xB0, 0x3F, 0xCC, 0x00, 0x03, 0x00, 0x00, 0x00, 0x7F, 0xF0, 0x1F, 0xE8,
    0x06, 0x00, 0x01, 0x80, 0x00, 0x7F, 0xF0, 0x1F, 0xFC, 0x00, 0x00, 0x00, 0x00, 0x00, 0x08, 0x03,
    0x03, 0x00, 0xC0, 0xC0, 0x30, 0x30, 0x0F, 0x0C, 0x03, 0xC3, 0x1E, 0xC0, 0xFF, 0xB0, 0x38, 0x0C,
    0x03, 0xFF, 0x01, 0xFF, 0xC0, 0x00, 0x30, 0x0F, 0xFC, 0x07, 0xFF, 0x01, 0x80, 0x00, 0x7F, 0xF0,
    0x1F, 0xFE, 0x00, 0x00, 0x00, 0x00, 0x00, 0x00, 0x02, 0x03, 0x00, 0xC0, 0xC0, 0x30, 0x30, 0x0C,
    0x0C, 0x03, 0xC3, 0x00, 0xE0, 0xFF, 0xB0, 0x3F, 0xCC, 0x00, 0x02, 0x03, 0xFF, 0x80, 0x7F, 0xF0,
    0x03, 0x0C, 0x0F, 0xC3, 0x03, 0x80, 0xC0, 0xFE, 0x30, 0x3F, 0x8C, 0x00, 0x00, 0x00, 0x00, 0x00,
    0x00, 0x03, 0x03, 0x00, 0xC0, 0xC0, 0x30, 0x30, 0x0F, 0x0C, 0x03, 0xC3, 0x04, 0xC0, 0xFF, 0xB0,
    0x3F, 0x8C, 0x00, 0x03, 0x03, 0xFF, 0xC0, 0x6F, 0xF0, 0x1F, 0xCC, 0x0F, 0xF3, 0x03, 0x0C, 0xC0,
    0xFF, 0x30, 0x3F, 0xFC, 0x00, 0x00, 0x00, 0x00, 0x00, 0x00, 0x03, 0x03, 0x00, 0xC0, 0xC0, 0x30,
    0x30, 0x0F, 0x0C, 0x03, 0xC3, 0x00, 0xC0, 0xFF, 0xB0, 0x3F, 0xEC, 0x00, 0x03, 0x00, 0x00, 0x80,
    0x7F, 0xF0, 0x1F, 0xFC, 0x06, 0x03, 0x01, 0x80, 0xC0, 0x7F, 0xF0, 0x1F, 0xFC, 0x00, 0x00, 0x00,
    0x00, 0x00, 0x08, 0x03, 0x03, 0x00, 0xC0, 0xC0, 0x30, 0x30, 0x0F, 0x0C, 0x03, 0xC3, 0x06, 0xC0,
    0xFF, 0xB0, 0x3F, 0x8C, 0x00, 0x03, 0x01, 0x80, 0xC0, 0x60, 0x30, 0x1F, 0xFC, 0x07, 0xFF, 0x01,
    0x80, 0xC0, 0x7F, 0xF0, 0x1F, 0xFC, 0x00, 0x00, 0x00, 0x00, 0x00, 0x00, 0x03, 0x03, 0x00, 0xC0,
    0xC0, 0x30, 0x30, 0x0C, 0x0C, 0x03, 0xC3, 0x00, 0xF0, 0xC3, 0xB0, 0x3F, 0xEC, 0x0F, 0x83, 0x00,
    0x0C, 0xC0, 0x03, 0x30, 0x01, 0xC0, 0x00, 0x78, 0x00, 0x77, 0x00, 0x78, 0xF8, 0x18, 0x0E, 0x00,
    0x00, 0x00, 0x00, 0x00, 0x00, 0x03, 0x03, 0x00, 0xC0, 0xC0, 0x30, 0x30, 0x0C, 0x0C, 0x03, 0xC3,
    0x00, 0xC0, 0xFF, 0xB0, 0x3F, 0xEC, 0x00, 0x03, 0x00, 0x41, 0x80, 0x18, 0x60, 0x06, 0x38, 0x03,
    0x8E, 0x01, 0xF7, 0xC0, 0xEF, 0xB8, 0x31, 0xC6, 0x00, 0x00, 0x00, 0x00, 0x00, 0x00, 0x03, 0x03,
    0x00, 0xC0, 0xC0, 0x30, 0x30, 0x0C, 0x0C, 0x03, 0xC3, 0x00, 0xF0, 0xFF, 0xB0, 0x3F, 0xEC, 0x00,
    0x03, 0x00, 0x1C, 0xC0, 0x3F, 0xE0, 0x1C, 0x3C, 0x06, 0x03, 0x01, 0x80, 0xC0, 0x7F, 0xE0, 0x07,
    0xF0, 0x00, 0x00, 0x00, 0x00, 0x00, 0x00, 0x03, 0x03, 0x00, 0xC0, 0xC0, 0x30, 0x30, 0x0C, 0x0C,
    0x03, 0xC3, 0x00, 0xC0, 0xFF, 0xB0, 0x3F, 0xCC, 0x00, 0x03, 0x00, 0x00, 0x00, 0x7F, 0xF0, 0x0F,
    0xD8, 0x00, 0x70, 0x00, 0x3F, 0x00, 0x7C, 0xF0, 0x1C, 0x1C, 0x00, 0x00, 0x00, 0x00, 0x00, 0x00,
    0x03, 0x03, 0x00, 0xC0, 0xC0, 0x30, 0x30, 0x0F, 0x0C, 0x03, 0xC3, 0x06, 0xC0, 0xFF, 0xB0, 0x3F,
    0x0C, 0x00, 0x23, 0x00, 0x1C, 0x00, 0x7F, 0xF0, 0x0D, 0xD8, 0x00, 0x70, 0x00, 0x7F, 0x00, 0x78,
    0xF0, 0x18, 0x0C, 0x00, 0x00, 0x00, 0x00, 0x00, 0x00, 0x03, 0x03, 0x00, 0xC0, 0xC0, 0x30, 0x30,
    0x0F, 0x0C, 0x03, 0xC3, 0x04, 0xC0, 0xFF, 0xB0, 0x3F, 0x8C, 0x00, 0x03, 0x01, 0xFF, 0xC0, 0x7F,
    0xF0, 0x18, 0x00, 0x07, 0xFF, 0x01, 0x80, 0x00, 0x7F, 0xF0, 0x1F, 0xFC, 0x00, 0x00, 0x00, 0x00,
    0x00, 0x08, 0x03, 0x03, 0x00, 0xC0, 0xC0, 0x30, 0x30, 0x0F, 0x0C, 0x03, 0xC3, 0xFE, 0xC0, 0xFF,
    0xB0, 0x00, 0x0C, 0x00, 0x20, 0x01, 0xFF, 0xC0, 0x7F, 0xF0, 0x03, 0xF0, 0x03, 0xFE, 0x00, 0xC1,
    0x80, 0x3C, 0xE0, 0x07, 0xF0, 0x00, 0x00, 0x00, 0x00, 0x00, 0x00, 0x09, 0x80, 0x06, 0x60, 0xC1,
    0x98, 0x30, 0x66, 0x0C, 0x19, 0x83, 0x06, 0x60, 0xC1, 0xF8, 0x30, 0x7E, 0x0C, 0x19, 0x83, 0x06,
    0x60, 0xFF, 0x98, 0x3F, 0xE6, 0x00, 0x19, 0x80, 0x06, 0x60, 0x01, 0x98, 0x00, 0x06, 0x00, 0x00,
    0x00, 0x00, 0x00, 0x00, 0x09, 0x83, 0x06, 0x60, 0xC1, 0x98, 0x30, 0x66, 0x0C, 0x1F, 0x83, 0x07,
    0xE0, 0xFF, 0x98, 0x3F, 0xE6, 0x00, 0x19, 0x80, 0x02, 0x60, 0x3F, 0xF8, 0x0F, 0xFE, 0x00, 0x01,
    0x80, 0x00, 0x60, 0x00, 0x18, 0x00, 0x06, 0x00, 0x00, 0x00, 0x00, 0x00, 0x00, 0x09, 0x83, 0x06,
    0x60, 0xC1, 0x98, 0x30, 0x66, 0x0C, 0x1F, 0x83, 0x07, 0xE0, 0xC1, 0x98, 0x3F, 0xE6, 0x0F, 0xD9,
    0x80, 0x06, 0x60, 0x31, 0x98, 0x0C, 0x26, 0x03, 0x00, 0x00, 0xC0, 0x00, 0x3F, 0xF8, 0x0F, 0xFE,
    0x00, 0x00, 0x00, 0x00, 0x00, 0x00, 0x09, 0x83, 0x07, 0x60, 0xC1, 0x98, 0x30, 0x7E, 0x0C, 0x1F,
    0x83, 0x16, 0x60, 0xFE, 0x98, 0x3E, 0x66, 0x00, 0x09, 0x80, 0xFF, 0xE0, 0x00, 0x18, 0x0F, 0xFE,
    0x03, 0xFF, 0x80, 0xC0, 0x00, 0x3F, 0xF8, 0x0F, 0xFE, 0x00, 0x00, 0x00, 0x00, 0x00, 0x00, 0x09,
    0x83, 0x06, 0x60, 0xC1, 0x98, 0x30, 0x66, 0x0C, 0x1F, 0x83, 0x07, 0xE0, 0xFF, 0x98, 0x3F, 0xE6,
    0x00, 0x19, 0x80, 0x02, 0x40, 0x3F, 0xF8, 0x0F, 0xF6, 0x03, 0x01, 0x80, 0xC0, 0x60, 0x3F, 0xF8,
    0x0F, 0xFE, 0x00, 0x00, 0x00, 0x00, 0x00, 0x00, 0x09, 0x83, 0x06, 0x60, 0xC1, 0x98, 0x30, 0x76,
    0x0C, 0x1F, 0x83, 0x07, 0x60, 0xFF, 0x98, 0x3F, 0x66, 0x00, 0x09, 0x80, 0x80, 0x40, 0x30, 0x18,
    0x0F, 0xFE, 0x03, 0xFF, 0x80, 0xC0, 0x60, 0x3F, 0xF8, 0x0F, 0xFE, 0x00, 0x00, 0x00, 0x00, 0x00,
    0x00, 0x09, 0x83, 0x06, 0x60, 0xC1, 0x98, 0x30, 0x66, 0x0C, 0x1F, 0x83, 0x07, 0xE0, 0xC1, 0x98,
    0x3F, 0xE6, 0x0F, 0xD9, 0x80, 0x06, 0x60, 0x03, 0x18, 0x00, 0xE0, 0x00, 0x78, 0x00, 0x3B, 0x80,
    0x7C, 0x78, 0x1C, 0x0E, 0x00, 0x00, 0x00, 0x00, 0x00, 0x00, 0x09, 0x83, 0x06, 0x60, 0xC1, 0x98,
    0x30, 0x66, 0x0C, 0x1F, 0x83, 0x07, 0xE0, 0xFF, 0x98, 0x3F, 0xE6, 0x00, 0x19, 0x80, 0x43, 0x40,
    0x18, 0x60, 0x06, 0x18, 0x03, 0x8E, 0x00, 0xF3, 0xC0, 0xEF, 0x9C, 0x31, 0xC3, 0x00, 0x00, 0x00,
    0x00, 0x00, 0x00, 0x09, 0x83, 0x06, 0x60, 0xC1, 0x98, 0x30, 0x66, 0x0C, 0x1F, 0x83, 0x07, 0xE0,
    0xFF, 0x98, 0x3F, 0xE6, 0x00, 0x19, 0x80, 0x02, 0x60, 0x1F, 0xE0, 0x0F, 0xFC, 0x03, 0x01, 0x80,
    0xC0, 0x60, 0x3F, 0xF0, 0x07, 0xF8, 0x00, 0x00, 0x00, 0x00, 0x00, 0x00, 0x03, 0x02, 0x00, 0xC0,
    0xC0, 0x30, 0x30, 0x0C, 0x0C, 0x03, 0xC3, 0x00, 0xF0, 0xC0, 0x30, 0x30, 0x0C, 0x0C, 0x03, 0xC3,
    0x00, 0xF0, 0xFF, 0xB0, 0x3F, 0xEC, 0x00, 0x03, 0x00, 0x00, 0xC0, 0x00, 0x30, 0x00, 0x0C, 0x00,
    0x00, 0x00, 0x00, 0x00, 0x00, 0x03, 0x03, 0x00, 0xC0, 0xC0, 0x3C, 0x30, 0x0F, 0x0C, 0x03, 0x03,
    0x00, 0xF0, 0xFF, 0xBC, 0x3F, 0xEC, 0x00, 0x03, 0x00, 0x00, 0x80, 0x7F, 0xF0, 0x1F, 0xFC, 0x00,
    0x03, 0x00, 0x00, 0xC0, 0x00, 0x30, 0x00, 0x0C, 0x00, 0x00, 0x00, 0x00, 0x00, 0x00, 0x03, 0x03,
    0x00, 0xC0, 0xC0, 0x30, 0x30, 0x0F, 0x0C, 0x03, 0x03, 0x00, 0xC0, 0xC0, 0x3C, 0x3F, 0xEF, 0x0F,
    0xF3, 0x00, 0x00, 0xC0, 0x60, 0x30, 0x1C, 0x0C, 0x07, 0x00, 0x01, 0x80, 0x00, 0x7F, 0xF0, 0x1F,
    0xFC, 0x00, 0x00, 0x00, 0x00, 0x00, 0x08, 0x03, 0x03, 0x00, 0xC0, 0xC0, 0x3C, 0x30, 0x0C, 0x0C,
    0x03, 0x03, 0x1E, 0xF0, 0xFF, 0xB0, 0x38, 0x0C, 0x03, 0xFF, 0x01, 0xFF, 0xC0, 0x00, 0x30, 0x0F,
    0xFC, 0x07, 0xFF, 0x01, 0x80, 0x00, 0x7F, 0xF0, 0x1F, 0xFE, 0x00, 0x00, 0x00, 0x00, 0x00, 0x00,
    0x03, 0x03, 0x00, 0xC0, 0xC0, 0x3C, 0x30, 0x0F, 0x0C, 0x03, 0x03, 0x00, 0xF0, 0xFF, 0xBC, 0x3F,
    0xEC, 0x00, 0x03, 0x00, 0x00, 0x80, 0x7F, 0xF0, 0x1F, 0xFC, 0x06, 0x03, 0x01, 0x80, 0xC0, 0x7F,
    0xF0, 0x1F, 0xFC, 0x00, 0x00, 0x00, 0x00, 0x00, 0x00, 0x03, 0x03, 0x00, 0xC0, 0xC0, 0x3C, 0x30,
    0x0F, 0x0C, 0x03, 0x03, 0x00, 0xF0, 0xFF, 0xBC, 0x3F, 0xEC, 0x00, 0x03, 0x00, 0x1C, 0xC0, 0x3F,
    0xE0, 0x1C, 0x3C, 0x06, 0x03, 0x01, 0x80, 0xC0, 0x7F, 0xE0, 0x07, 0xF0, 0x00, 0x00, 0x00, 0x00,
    0x00, 0x00, 0x01, 0x81, 0x00, 0x60, 0xC0, 0x18, 0x30, 0x06, 0x0C, 0x01, 0x83, 0x0F, 0xE0, 0xC3,
    0xF8, 0x30, 0x06, 0x0C, 0x01, 0x83, 0x00, 0x60, 0xFF, 0x98, 0x3F, 0xE6, 0x00, 0x01, 0x80, 0x00,
    0x60, 0x00, 0x18, 0x00, 0x06, 0x00, 0x00, 0x00, 0x00, 0x00, 0x00, 0x01, 0x83, 0x00, 0x60, 0xC0,
    0x18, 0x30, 0xFE, 0x0C, 0x3F, 0x83, 0x00, 0x60, 0xC1, 0x98, 0x3F, 0xE6, 0x0F, 0xE1, 0x80, 0x00,
    0x60, 0x3F, 0xF8, 0x0F, 0xFE, 0x00, 0x01, 0x80, 0x00, 0x60, 0x00, 0x18, 0x00, 0x06, 0x00, 0x00,
    0x00, 0x00, 0x00, 0x00, 0x03, 0x03, 0x00, 0xC0, 0xC0, 0x30, 0x30, 0xFC, 0x0C, 0x3F, 0x03, 0x00,
    0xC0, 0xC3, 0x30, 0x3F, 0xEC, 0x0F, 0x83, 0x00, 0x00, 0xC0, 0x7E, 0x60, 0x1F, 0x98, 0x00, 0x66,
    0x00, 0x1B, 0xC0, 0x07, 0xF8, 0x01, 0xE6, 0x00, 0x00, 0x00, 0x00, 0x00, 0x00, 0x01, 0x83, 0x00,
    0x60, 0xC0, 0x18, 0x30, 0x7E, 0x0C, 0x3F, 0x83, 0x00, 0x60, 0xC0, 0x18, 0x3F, 0xE6, 0x0F, 0xF9,
    0x80, 0x00, 0x60, 0x10, 0x18, 0x0C, 0x06, 0x03, 0x00, 0x00, 0xC0, 0x00, 0x3F, 0xF8, 0x0F, 0xFE,
    0x00, 0x00, 0x00, 0x00, 0x00, 0x04, 0x01, 0x83, 0x00, 0x60, 0xC1, 0xF8, 0x30, 0xFE, 0x0C, 0x01,
    0x83, 0x00, 0x60, 0xFF, 0x98, 0x3F, 0xC6, 0x00, 0x01, 0x00, 0xFF, 0xE0, 0x00, 0x18, 0x07, 0xFE,
    0x03, 0xFF, 0x80, 0xC0, 0x00, 0x3F, 0xF8, 0x0F, 0xFE, 0x00, 0x00, 0x00, 0x00, 0x00, 0x00, 0x01,
    0x83, 0x00, 0x60, 0xC1, 0xF8, 0x30, 0xFE, 0x0C, 0x01, 0x83, 0x00, 0x60, 0xFF, 0x98, 0x3F, 0xE6,
    0x00, 0x01, 0x81, 0xFF, 0xE0, 0x7F, 0xF8, 0x01, 0xE6, 0x07, 0xF9, 0x81, 0x86, 0x60, 0x7F, 0x98,
    0x1F, 0xFE, 0x00, 0x00, 0x00, 0x00, 0x00, 0x04, 0x01, 0x83, 0x00, 0x60, 0xC1, 0xF8, 0x30, 0xFE,
    0x0C, 0x01, 0x83, 0x00, 0x60, 0xFF, 0x98, 0x3F, 0xC6, 0x00, 0x01, 0x81, 0xFE, 0x60, 0x7F, 0x98,
    0x01, 0xFE, 0x07, 0xFF, 0x81, 0x86, 0x60, 0x67, 0xB8, 0x1F, 0xFE, 0x00, 0x00, 0x00, 0x00, 0x00,
    0x00, 0x01, 0x83, 0x00, 0x60, 0xC0, 0x18, 0x30, 0xFE, 0x0C, 0x1F, 0x83, 0x00, 0x60, 0xFF, 0x98,
    0x3F, 0xE6, 0x00, 0x01, 0x80, 0x00, 0x60, 0x3F, 0xF8, 0x0D, 0xF6, 0x03, 0x01, 0x80, 0xC0, 0x60,
    0x3F, 0xF8, 0x0F, 0xFE, 0x00, 0x00, 0x00, 0x00, 0x00, 0x00, 0x01, 0x83, 0x00, 0x60, 0xC0, 0x18,
    0x30, 0xFE, 0x0C, 0x01, 0x83, 0x00, 0x60, 0xFF, 0x98, 0x3F, 0xE6, 0x04, 0x01, 0x80, 0x40, 0x40,
    0x30, 0x18, 0x0F, 0xFE, 0x03, 0xFF, 0x80, 0xC0, 0x60, 0x3F, 0xF8, 0x0F, 0xFE, 0x00, 0x00, 0x00,
    0x00, 0x00, 0x00, 0x01, 0x83, 0x00, 0x60, 0xC0, 0x18, 0x30, 0xFE, 0x0C, 0x3F, 0x83, 0x00, 0x60,
    0xC0, 0x18, 0x3F, 0xE6, 0x0F, 0xE1, 0x80, 0x04, 0x60, 0x03, 0x18, 0x00, 0xE0, 0x00, 0x78, 0x00,
    0x3B, 0x80, 0x7C, 0x78, 0x1C, 0x06, 0x00, 0x00, 0x00, 0x00, 0x00, 0x00, 0x01, 0x83, 0x00, 0x60,
    0xC0, 0x18, 0x30, 0xFE, 0x0C, 0x3F, 0x83, 0x00, 0x60, 0xC3, 0x98, 0x3F, 0xE6, 0x07, 0xC1, 0x80,
    0x21, 0xC0, 0x18, 0x60, 0x06, 0x18, 0x01, 0xC7, 0x00, 0xF3, 0xC0, 0xE7, 0x9C, 0x30, 0xC3, 0x00,
    0x00, 0x00, 0x00, 0x00, 0x00, 0x01, 0x83, 0x00, 0x60, 0xC0, 0x18, 0x30, 0xFE, 0x0C, 0x1F, 0x83,
    0x00, 0x60, 0xC3, 0x98, 0x3F, 0xE6, 0x07, 0xC1, 0x80, 0x00, 0x60, 0x1F, 0xE0, 0x0F, 0xFC, 0x03,
    0x01, 0x80, 0xC0, 0x60, 0x3F, 0xF0, 0x07, 0xF8, 0x00, 0x00, 0x00, 0x00, 0x00, 0x00, 0x01, 0x83,
    0x00, 0x60, 0xC1, 0xF8, 0x30, 0x7E, 0x0C, 0x01, 0x83, 0x0E, 0x60, 0xFF, 0x98, 0x1F, 0x06, 0x00,
    0x11, 0x00, 0xFF, 0xE0, 0x7F, 0xF8, 0x03, 0xF0, 0x01, 0xFF, 0x00, 0x60, 0xC0, 0x1C, 0xF0, 0x03,
    0xF8, 0x00, 0x00, 0x00, 0x00, 0x00, 0x00, 0x09, 0x82, 0x07, 0x60, 0xC1, 0xD8, 0x30, 0x76, 0x0C,
    0x0D, 0x83, 0x3F, 0x60, 0xCF, 0xD8, 0x30, 0x36, 0x0C, 0x1D, 0x83, 0x07, 0x60, 0xFE, 0xD8, 0x3F,
    0xB6, 0x00, 0x1D, 0x80, 0x07, 0x60, 0x01, 0xD8, 0x00, 0x06, 0x00, 0x00, 0x00, 0x00, 0x00, 0x00,
    0x0D, 0x83, 0x03, 0x60, 0xC0, 0xD8, 0x31, 0xF6, 0x0C, 0x7D, 0x83, 0x03, 0x60, 0xC2, 0xD8, 0x3F,
    0xB6, 0x0F, 0x8D, 0x80, 0x00, 0x20, 0x3F, 0xF8, 0x0F, 0xFE, 0x00, 0x01, 0x80, 0x00, 0x60, 0x00,
    0x18, 0x00, 0x06, 0x00, 0x00, 0x00, 0x00, 0x00, 0x00, 0x0D, 0x83, 0x03, 0x60, 0xC0, 0xD8, 0x31,
    0xF6, 0x0C, 0x7D, 0x83, 0x03, 0x60, 0xC0, 0xD8, 0x3F, 0xB6, 0x0F, 0xED, 0x80, 0x03, 0x60, 0x10,
    0xD8, 0x06, 0x36, 0x01, 0x80, 0x00, 0x60, 0x00, 0x1F, 0xFC, 0x07, 0xFF, 0x00, 0x00, 0x00, 0x00,
    0x00, 0x00, 0x0D, 0x83, 0x03, 0x60, 0xC0, 0xD8, 0x31, 0xF6, 0x0C, 0x0D, 0x83, 0x03, 0x60, 0xFE,
    0xD8, 0x3F, 0x36, 0x00, 0x0C, 0x80, 0xFF, 0xE0, 0x00, 0x18, 0x07, 0xFE, 0x03, 0xFF, 0x80, 0xC0,
    0x00, 0x3F, 0xFC, 0x0F, 0xFF, 0x00, 0x00, 0x00, 0x00, 0x00, 0x00, 0x0D, 0x83, 0x03, 0x60, 0xC0,
    0xD8, 0x31, 0xF6, 0x0C, 0x7D, 0x83, 0x03, 0x60, 0xDE, 0xD8, 0x3F, 0xB6, 0x00, 0x0D, 0x80, 0x00,
    0x20, 0x1F, 0xF8, 0x07, 0xFE, 0x01, 0x81, 0x80, 0x60, 0x60, 0x1F, 0xF8, 0x07, 0xFE, 0x00, 0x00,
    0x00, 0x00, 0x00, 0x00, 0x0D, 0x83, 0x03, 0x60, 0xC0, 0xD8, 0x31, 0xF6, 0x0C, 0x7D, 0x83, 0x03,
    0x60, 0xDE, 0xD8, 0x3F, 0xB6, 0x00, 0x0D, 0x80, 0x40, 0x20, 0x18, 0x18, 0x07, 0xFE, 0x01, 0xFF,
    0x80, 0x60, 0x60, 0x1F, 0xF8, 0x07, 0xFE, 0x00, 0x00, 0x00, 0x00, 0x00, 0x00, 0x0D, 0x83, 0x03,
    0x60, 0xC0, 0xD8, 0x31, 0xF6, 0x0C, 0x7D, 0x83, 0x03, 0x60, 0xC0, 0xD8, 0x3F, 0xB6, 0x0F, 0xED,
    0x80, 0x03, 0x60, 0x01, 0x98, 0x00, 0xE0, 0x00, 0x3C, 0x00, 0x3B, 0x80, 0x3C, 0x7C, 0x0C, 0x07,
    0x00, 0x00, 0x00, 0x00, 0x00, 0x00, 0x09, 0x83, 0x06, 0x60, 0xC1, 0x98, 0x33, 0xE6, 0x0C, 0xF9,
    0x83, 0x06, 0x60, 0xC5, 0x98, 0x3F, 0xE6, 0x0F, 0x19, 0x80, 0x03, 0x40, 0x18, 0x60, 0x06, 0x18,
    0x03, 0x8E, 0x01, 0xF7, 0xC0, 0xE7, 0x9C, 0x30, 0xC2, 0x00, 0x00, 0x00, 0x00, 0x00, 0x00, 0x0D,
    0x83, 0x03, 0x60, 0xC0, 0xD8, 0x31, 0xF6, 0x0C, 0x7D, 0x83, 0x03, 0x60, 0xC0, 0xD8, 0x3F, 0xB6,
    0x0F, 0xCD, 0x80, 0x02, 0x60, 0x0F, 0xF0, 0x07, 0xFE, 0x03, 0x01, 0x80, 0xC0, 0x60, 0x1E, 0xF8,
    0x03, 0xFC, 0x00, 0x00, 0x00, 0x00, 0x00, 0x00, 0x01, 0x80, 0x00, 0x60, 0xC0, 0x18, 0x30, 0x7E,
    0x0C, 0x3F, 0x83, 0x00, 0x60, 0xC0, 0x18, 0x30, 0xFE, 0x0C, 0x3F, 0x83, 0x00, 0x60, 0xC3, 0x98,
    0x3F, 0xE6, 0x07, 0x81, 0x80, 0x00, 0x60, 0x00, 0x18, 0x00, 0x06, 0x00, 0x00, 0x00, 0x00, 0x00,
    0x00, 0x01, 0x83, 0x00, 0x60, 0xC3, 0xF8, 0x30, 0x06, 0x0C, 0x01, 0x83, 0x0F, 0xE0, 0xC0, 0x18,
    0x3F, 0xE6, 0x0F, 0xF9, 0x80, 0x00, 0x60, 0x3F, 0xF8, 0x0F, 0xFE, 0x00, 0x01, 0x80, 0x00, 0x60,
    0x00, 0x18, 0x00, 0x06, 0x00, 0x00, 0x00, 0x00, 0x00, 0x00, 0x01, 0x83, 0x00, 0x60, 0xC3, 0xF8,
    0x30, 0x7E, 0x0C, 0x01, 0x83, 0x0F, 0xE0, 0xC1, 0xF8, 0x30, 0x06, 0x0F, 0xF9, 0x83, 0xF8, 0x60,
    0x00, 0x18, 0x0C, 0x06, 0x03, 0x00, 0x00, 0xC0, 0x00, 0x3F, 0xF8, 0x0F, 0xFE, 0x00, 0x00, 0x00,
    0x00, 0x00, 0x04, 0x01, 0x83, 0x07, 0xE0, 0xC3, 0xF8, 0x30, 0x06, 0x0C, 0x3F, 0x83, 0x07, 0xE0,
    0xFF, 0x98, 0x3F, 0xE6, 0x00, 0x01, 0x80, 0xFF, 0xE0, 0x3F, 0xF8, 0x07, 0xFE, 0x03, 0xFF, 0x80,
    0xC0, 0x00, 0x3F, 0xF8, 0x0F, 0xFE, 0x00, 0x00, 0x00, 0x00, 0x00, 0x04, 0x01, 0x83, 0x07, 0x60,
    0xC3, 0xF8, 0x30, 0x06, 0x0C, 0x1F, 0x83, 0x0F, 0xE0, 0xC0, 0x18, 0x3F, 0xE6, 0x0F, 0xF1, 0x80,
    0x00, 0x60, 0x3F, 0xF8, 0x0F, 0xFE, 0x03, 0x01, 0x80, 0xC0, 0x60, 0x3F, 0xF8, 0x0F, 0xFE, 0x00,
    0x00, 0x00, 0x00, 0x00, 0x00, 0x01, 0x83, 0x07, 0xE0, 0xC3, 0xF8, 0x30, 0x06, 0x0C, 0x3F, 0x83,
    0x07, 0xE0, 0xC0, 0x18, 0x3F, 0xE6, 0x0F, 0xF1, 0x80, 0x00, 0x00, 0x30, 0x18, 0x0F, 0xFE, 0x03,
    0xFF, 0x80, 0xC0, 0x60, 0x3F, 0xF8, 0x0F, 0xFE, 0x00, 0x00, 0x00, 0x00, 0x00, 0x00, 0x01, 0x83,
    0x00, 0xE0, 0xC3, 0xF8, 0x30, 0x06, 0x0C, 0x1F, 0x83, 0x0F, 0xE0, 0xC0, 0x18, 0x3F, 0xE6, 0x0F,
    0xE1, 0x80, 0x00, 0x60, 0x18, 0x60, 0x06, 0x18, 0x01, 0xC7, 0x00, 0xF3, 0xC0, 0xE7, 0x9C, 0x30,
    0xC3, 0x00, 0x00, 0x00, 0x00, 0x00, 0x00, 0x01, 0x83, 0x00, 0x60, 0xC3, 0xF8, 0x30, 0x06, 0x0C,
    0x1F, 0x83, 0x0F, 0xE0, 0xC0, 0x18, 0x3F, 0xE6, 0x0F, 0xF1, 0x80, 0x00, 0x60, 0x1F, 0xE0, 0x0F,
    0xFC, 0x03, 0x01, 0x80, 0xC0, 0x60, 0x3F, 0xF0, 0x07, 0xF8, 0x00, 0x00, 0x00, 0x00, 0x00, 0x00,
    0x01, 0x83, 0x07, 0xE0, 0xC3, 0xF8, 0x30, 0x06, 0x0C, 0x1F, 0x83, 0x0F, 0xE0, 0xC0, 0x18, 0x3F,
    0xE6, 0x0F, 0xE1, 0x80, 0x00, 0x60, 0x3F, 0xF8, 0x00, 0x06, 0x03, 0xFF, 0x81, 0xFF, 0xE0, 0x00,
    0x18, 0x00, 0x06, 0x00, 0x00, 0x00, 0x00, 0x00, 0x00, 0x09, 0x80, 0x06, 0x60, 0xC1, 0x98, 0x31,
    0xE6, 0x0C, 0xF9, 0x83, 0x06, 0x60, 0xC1, 0x98, 0x33, 0xE6, 0x0C, 0xF9, 0x83, 0x06, 0x60, 0xFF,
    0x98, 0x3F, 0xE6, 0x00, 0x19, 0x80, 0x06, 0x60, 0x01, 0x98, 0x00, 0x06, 0x00, 0x00, 0x00, 0x00,
    0x00, 0x00, 0x0D, 0x83, 0x03, 0x60, 0xC7, 0xD8, 0x31, 0xF6, 0x0C, 0x0D, 0x83, 0x1F, 0x60, 0xC7,
    0xD8, 0x30, 0x36, 0x0F, 0xED, 0x83, 0xF3, 0x60, 0x00, 0xD8, 0x06, 0x36, 0x01, 0x80, 0x00, 0x60,
    0x00, 0x1F, 0xFC, 0x07, 0xFF, 0x00, 0x00, 0x00, 0x00, 0x00, 0x00, 0x00, 0x01, 0x80, 0x00, 0x60,
    0x00, 0x18, 0x00, 0x06, 0x00, 0x01, 0x80, 0x00, 0x60, 0x00, 0x1F, 0xFE, 0x07, 0xFF, 0x80, 0x0C,
    0x00, 0x03, 0x00, 0x00, 0xC0, 0x00, 0x30, 0x07, 0xFF, 0xF9, 0xFF, 0xFE, 0x00, 0x00, 0x00, 0x00,
    0x00, 0x00, 0x00, 0x06, 0x00, 0x01, 0x80, 0x00, 0x60, 0x00, 0x18, 0x00, 0x07, 0xFF, 0x01, 0xFF,
    0xE0, 0x02, 0x00, 0x3F, 0xFF, 0x1F, 0xFF, 0xC0, 0x00, 0x00, 0x7F, 0xF0, 0x1F, 0xFC, 0x00, 0x03,
    0x00, 0x00, 0xC0, 0x00, 0x30, 0x00, 0x0C, 0x00, 0x00, 0x00, 0x00, 0x00, 0x02, 0x00, 0x01, 0x80,
    0x00, 0x60, 0x00, 0x18, 0x00, 0x07, 0x00, 0x01, 0xFF, 0xE0, 0x03, 0x00, 0x00, 0xC0, 0x1F, 0xFF,
    0xC7, 0xFF, 0xF0, 0x00, 0x00, 0x18, 0x00, 0x06, 0x00, 0x01, 0x80, 0x00, 0x60, 0x00, 0x1F, 0xFE,
    0x03, 0xFF, 0x00, 0x00, 0x00, 0x06, 0x00, 0x01, 0x80, 0x00, 0x60, 0x00, 0x1F, 0xFC, 0x07, 0xFF,
    0x80, 0x0C, 0x00, 0xFF, 0xFC, 0x3F, 0xFF, 0x00, 0x00, 0x01, 0xFF, 0xC0, 0x7F, 0xF0, 0x0F, 0xFC,
    0x07, 0xFF, 0x01, 0x80, 0x00, 0x7F, 0xF8, 0x1F, 0xFE, 0x00, 0x00, 0x00, 0x00, 0x00, 0x06, 0x00,
    0x01, 0x80, 0x00, 0x60, 0x00, 0x18, 0x00, 0x07, 0xFF, 0x01, 0xFF, 0xC0, 0x06, 0x00, 0x7F, 0xFF,
    0x1F, 0xFF, 0xC1, 0xF7, 0xC0, 0x7D, 0xF8, 0x03, 0x44, 0x07, 0xDB, 0x01, 0x86, 0x40, 0x7F, 0xB0,
    0x1F, 0xFC, 0x00, 0x00, 0x00, 0x00, 0x00, 0x06, 0x00, 0x01, 0x80, 0x00, 0x60, 0x00, 0x18, 0x00,
    0x07, 0xFF, 0x00, 0xFF, 0xC0, 0x02, 0x00, 0x7F, 0xFF, 0x1F, 0xFF, 0xC0, 0x00, 0x00, 0x7F, 0xF0,
    0x1F, 0xFC, 0x06, 0x03, 0x01, 0x80, 0xC0, 0x7F, 0xF0, 0x1F, 0xFC, 0x00, 0x00, 0x00, 0x00, 0x00,
    0x06, 0x00, 0x01, 0x80, 0x00, 0x60, 0x00, 0x18, 0x00, 0x07, 0xFF, 0x01, 0xFF, 0xC0, 0x02, 0x00,
    0x7F, 0xFF, 0x1F, 0xFF, 0xC0, 0x00, 0x00, 0x60, 0x30, 0x1F, 0xFC, 0x07, 0xFF, 0x01, 0x80, 0xC0,
    0x7F, 0xF0, 0x1F, 0xFC, 0x00, 0x00, 0x00, 0x00, 0x00, 0x06, 0x00, 0x01, 0x80, 0x00, 0x60, 0x00,
    0x18, 0x00, 0x07, 0xFF, 0x01, 0xFF, 0xE0, 0x03, 0x00, 0x00, 0xC0, 0x1F, 0xFF, 0xC3, 0xFF, 0xF0,
    0x03, 0x00, 0x00, 0xC0, 0x00, 0x70, 0x00, 0x3E, 0x00, 0x3C, 0xF0, 0x3C, 0x1E, 0x04, 0x00, 0x00,
    0x00, 0x00, 0x06, 0x00, 0x01, 0x80, 0x00, 0x60, 0x00, 0x18, 0x00, 0x07, 0xFF, 0x01, 0xFF, 0xC0,
    0x02, 0x00, 0x3F, 0xFE, 0x1F, 0xFF, 0xC0, 0x00, 0x00, 0x1F, 0xC0, 0x1F, 0xF8, 0x06, 0x03, 0x01,
    0x80, 0xC0, 0x7D, 0xE0, 0x0F, 0xF0, 0x00, 0x00, 0x00, 0x00, 0x00, 0x06, 0x00, 0x01, 0x80, 0x00,
    0x60, 0x00, 0x18, 0x00, 0x07, 0xFF, 0x01, 0xFF, 0xC0, 0x02, 0x00, 0x7F, 0xFF, 0x1F, 0xFF, 0xC0,
    0x00, 0x00, 0x7F, 0xF0, 0x06, 0xB4, 0x01, 0x8C, 0x00, 0x63, 0x00, 0x7F, 0xF0, 0x3F, 0xFE, 0x00,
    0x00, 0x00, 0x00, 0x00, 0x06, 0x00, 0x01, 0x80, 0x00, 0x60, 0x00, 0x1F, 0xFC, 0x07, 0xFF, 0x00,
    0x0C, 0x01, 0xFF, 0xFC, 0x7F, 0xFF, 0x00, 0x20, 0x01, 0xFF, 0xC0, 0xFF, 0xF8, 0x03, 0xE0, 0x03,
    0xFE, 0x00, 0xC1, 0x80, 0x38, 0xE0, 0x07, 0xF0, 0x00, 0x00, 0x00, 0x00, 0x00, 0x00, 0x03, 0x03,
    0x00, 0xC0, 0xC0, 0x30, 0x30, 0x0C, 0x0C, 0x03, 0x03, 0x00, 0xC0, 0xFF, 0xBC, 0x3F, 0xEF, 0x00,
    0xC3, 0x00, 0x30, 0xC0, 0x0C, 0x30, 0x7F, 0xFC, 0x1F, 0xF3, 0x00, 0x00, 0xC0, 0x00, 0x30, 0x00,
    0x0C, 0x00, 0x00, 0x00, 0x00, 0x00, 0x00, 0x03, 0x03, 0x00, 0xC0, 0xC0, 0x30, 0x30, 0x0C, 0x0C,
    0x03, 0x03, 0xFC, 0xF0, 0x7F, 0x3C, 0x06, 0x0C, 0x1F, 0xFB, 0x07, 0xFC, 0xC0, 0x00, 0x30, 0x18,
    0x0C, 0x06, 0x00, 0x01, 0x80, 0x00, 0x7F, 0xF0, 0x1F, 0xFC, 0x00, 0x00, 0x00, 0x00, 0x00, 0x04,
    0x03, 0x03, 0x00, 0xC0, 0xC0, 0x30, 0x30, 0x0C, 0x0F, 0xF3, 0xC0, 0x60, 0xC0, 0x1F, 0xB0, 0x7F,
    0xEC, 0x00, 0x03, 0x01, 0xFF, 0xC0, 0x7F, 0xF0, 0x00, 0x0C, 0x07, 0xFF, 0x01, 0x80, 0x00, 0x7F,
    0xF0, 0x1F, 0xFE, 0x00, 0x00, 0x00, 0x00, 0x00, 0x00, 0x03, 0x03, 0x00, 0xC0, 0xC0, 0x30, 0x30,
    0x0C, 0x0F, 0xF3, 0xC3, 0xFE, 0xF0, 0x18, 0x30, 0x0F, 0xFC, 0x1F, 0xFB, 0x02, 0x00, 0xC0, 0x18,
    0x60, 0x06, 0x38, 0x03, 0x8E, 0x01, 0xF7, 0xC0, 0xEF, 0xB8, 0x31, 0xC2, 0x00, 0x00, 0x00, 0x00,
    0x00, 0x00, 0x03, 0x03, 0x00, 0xC0, 0xC0, 0x30, 0x30, 0x0C, 0x0C, 0x03, 0x03, 0x00, 0xC0, 0xFF,
    0xB0, 0x3F, 0xEC, 0x00, 0xC3, 0x00, 0x30, 0xC0, 0x0C, 0x30, 0x7F, 0xFC, 0x1F, 0xF3, 0x00, 0x00,
    0xC0, 0x00, 0x30, 0x00, 0x0C, 0x00, 0x00, 0x00, 0x00, 0x00, 0x00, 0x01, 0x81, 0x00, 0x60, 0x60,
    0x18, 0x18, 0x06, 0x06, 0x01, 0x81, 0xFE, 0x60, 0x7F, 0x98, 0x03, 0x06, 0x00, 0xC5, 0x87, 0xFF,
    0x60, 0xFF, 0x18, 0x0C, 0x06, 0x03, 0x01, 0x80, 0xC0, 0x00, 0x30, 0x00, 0x0F, 0xFF, 0x03, 0xFF,
    0x80, 0x00, 0x00, 0x04, 0x01, 0x81, 0x80, 0x60, 0x60, 0x18, 0x1B, 0xC6, 0x07, 0xF9, 0x80, 0x30,
    0x60, 0xFF, 0xD8, 0x7F, 0xF6, 0x00, 0x01, 0x00, 0xFF, 0xE0, 0x3F, 0xF8, 0x00, 0x06, 0x03, 0xFF,
    0x80, 0xC0, 0x00, 0x3F, 0xF8, 0x0F, 0xFE, 0x00, 0x00, 0x00, 0x00, 0x00, 0x00, 0x01, 0x81, 0x80,
    0x60, 0x60, 0x18, 0x18, 0x06, 0x07, 0xF9, 0x81, 0xFE, 0x60, 0x0C, 0x18, 0x3F, 0xF6, 0x1F, 0xFD,
    0x80, 0x00, 0x60, 0x3F, 0xF8, 0x0F, 0xFE, 0x03, 0x01, 0x80, 0xC0, 0x60, 0x3F, 0xF8, 0x0F, 0xFE,
    0x00, 0x00, 0x00, 0x00, 0x00, 0x04, 0x01, 0x81, 0x80, 0x60, 0x60, 0x18, 0x18, 0x06, 0x07, 0xF9,
    0x81, 0xFE, 0x60, 0x08, 0x18, 0x7F, 0xF6, 0x1F, 0xF9, 0x80, 0x00, 0x00, 0x30, 0x18, 0x0F, 0xFE,
    0x03, 0xFF, 0x80, 0xC0, 0x60, 0x3F, 0xF8, 0x0F, 0xFE, 0x00, 0x00, 0x00, 0x00, 0x00, 0x00, 0x01,
    0x81, 0x80, 0x60, 0x60, 0x18, 0x18, 0x06, 0x07, 0xF9, 0x81, 0xFE, 0x60, 0x0C, 0x18, 0x07, 0x76,
    0x1F, 0xFD, 0x83, 0xF0, 0x60, 0x03, 0x18, 0x00, 0xC0, 0x00, 0x78, 0x00, 0x3F, 0x00, 0x7C, 0x78,
    0x1C, 0x0E, 0x00, 0x00, 0x00, 0x00, 0x00, 0x00, 0x00, 0x01, 0x00, 0x00, 0x60, 0x00, 0x18, 0x00,
    0x06, 0x00, 0x01, 0x80, 0x00, 0x60, 0x00, 0x18, 0x00, 0x07, 0xFF, 0x81, 0xFF, 0xC0, 0x18, 0x60,
    0x07, 0x38, 0x01, 0x86, 0x07, 0xFF, 0xF9, 0xFF, 0xFE, 0x00, 0x00, 0x00, 0x00, 0x00, 0x00, 0x00,
    0x06, 0x00, 0x01, 0x80, 0x00, 0x60, 0x00, 0x18, 0x00, 0x07, 0xFF, 0x01, 0xFF, 0xC0, 0x18, 0xC0,
    0x3F, 0xFE, 0x1F, 0xFF, 0xC0, 0x00, 0x00, 0x7F, 0xF0, 0x1F, 0xFC, 0x00, 0x03, 0x00, 0x00, 0xC0,
    0x00, 0x30, 0x00, 0x0C, 0x00, 0x00, 0x00, 0x00, 0x00, 0x02, 0x00, 0x01, 0x80, 0x00, 0x60, 0x00,
    0x18, 0x00, 0x06, 0x00, 0x01, 0xFF, 0xE0, 0x3F, 0xF8, 0x06, 0x18, 0x1F, 0xFF, 0xE7, 0xFF, 0xF8,
    0x00, 0x00, 0x18, 0x00, 0x06, 0x00, 0x01, 0x80, 0x00, 0x60, 0x00, 0x1F, 0xFE, 0x03, 0xFF, 0x80,
    0x00, 0x00, 0x06, 0x00, 0x01, 0x80, 0x00, 0x60, 0x00, 0x1F, 0xFC, 0x07, 0xFF, 0x80, 0x63, 0x00,
    0xFF, 0xFC, 0x7F, 0xFF, 0x00, 0x00, 0x01, 0xFF, 0xE0, 0x7F, 0xF8, 0x00, 0x06, 0x07, 0xFF, 0x81,
    0x80, 0x00, 0x7F, 0xF8, 0x1F, 0xFE, 0x00, 0x00, 0x00, 0x00, 0x00, 0x06, 0x00, 0x01, 0x80, 0x00,
    0x60, 0x00, 0x18, 0x00, 0x07, 0xFF, 0x01, 0xFF, 0xC0, 0x18, 0xC0, 0x7F, 0xFF, 0x1F, 0xFF, 0xC0,
    0x00, 0x00, 0x60, 0x30, 0x1F, 0xFC, 0x07, 0xFF, 0x01, 0x80, 0xC0, 0x7F, 0xF0, 0x1F, 0xFC, 0x00,
    0x00, 0x00, 0x00, 0x00, 0x06, 0x00, 0x01, 0x80, 0x00, 0x60, 0x00, 0x18, 0x00, 0x07, 0xFF, 0x01,
    0xFF, 0xE0, 0x18, 0xC0, 0x06, 0x30, 0x1F, 0xFF, 0xC3, 0xFF, 0xF0, 0x03, 0x00, 0x00, 0xC0, 0x00,
    0x78, 0x00, 0x3F, 0x00, 0x3C, 0xF0, 0x3E, 0x1E, 0x04, 0x00, 0x00, 0x00, 0x00, 0x06, 0x00, 0x01,
    0x80, 0x00, 0x60, 0x00, 0x18, 0x00, 0x07, 0xFF, 0x01, 0xFF, 0xE0, 0x18, 0xC0, 0x06, 0x30, 0x1F,
    0xFF, 0xC3, 0x80, 0xF0, 0x0F, 0x80, 0x0F, 0xF8, 0x07, 0x07, 0x01, 0x80, 0xC0, 0x70, 0x70, 0x0F,
    0xF8, 0x00, 0xF8, 0x00, 0x00, 0x00, 0x00, 0x00, 0x01, 0x80, 0x00, 0x60, 0x00, 0x18, 0x00, 0x06,
    0x00, 0x01, 0xFF, 0xE0, 0x7F, 0xF8, 0x00, 0x00, 0x00, 0x00, 0x07, 0xFF, 0xF1, 0xFF, 0xFC, 0x00,
    0xC0, 0x00, 0x30, 0x00, 0x0C, 0x00, 0x03, 0x00, 0x00, 0xC0, 0x00, 0x30, 0x00, 0x00, 0x00, 0x06,
    0x00, 0x01, 0x80, 0x00, 0x60, 0x00, 0x18, 0x00, 0x07, 0xFF, 0x01, 0xFF, 0xC0, 0x00, 0x00, 0x7F,
    0xFF, 0x1F, 0xFF, 0xC0, 0x08, 0x00, 0x7F, 0xF0, 0x1F, 0xFC, 0x00, 0x03, 0x00, 0x00, 0xC0, 0x00,
    0x30, 0x00, 0x0C, 0x00, 0x00, 0x00, 0x00, 0x00, 0x02, 0x00, 0x01, 0x80, 0x00, 0x60, 0x00, 0x18,
    0x00, 0x07, 0x00, 0x01, 0xFF, 0xE0, 0x3F, 0xF0, 0x00, 0x00, 0x1F, 0xFF, 0xE3, 0xFF, 0xF8, 0x03,
    0x00, 0x18, 0xC0, 0x06, 0x30, 0x01, 0x80, 0x00, 0x60, 0x00, 0x1F, 0xFE, 0x03, 0xFF, 0x00, 0x00,
    0x00, 0x06, 0x00, 0x01, 0x80, 0x00, 0x60, 0x00, 0x18, 0x00, 0x07, 0xFF, 0x01, 0xFF, 0xC0, 0x00,
    0x00, 0x7F, 0xFF, 0x1F, 0xFF, 0xC0, 0x08, 0x00, 0x7F, 0xF0, 0x1F, 0xFC, 0x06, 0x00, 0x01, 0x80,
    0x00, 0x7F, 0xF0, 0x1F, 0xFC, 0x00, 0x00, 0x00, 0x00, 0x00, 0x06, 0x00, 0x01, 0x80, 0x00, 0x60,
    0x00, 0x1C, 0x00, 0x07, 0xFF, 0x00, 0x00, 0x01, 0xFF, 0xFC, 0x7F, 0xFF, 0x00, 0x20, 0x01, 0xFF,
    0xC0, 0x7F, 0xF0, 0x00, 0x0C, 0x07, 0xFF, 0x01, 0x80, 0x00, 0x7F, 0xF0, 0x1F, 0xFE, 0x00, 0x00,
    0x00, 0x00, 0x00, 0x06, 0x00, 0x01, 0x80, 0x00, 0x60, 0x00, 0x18, 0x00, 0x07, 0xFF, 0x01, 0xFF,
    0xC0, 0x00, 0x00, 0x7F, 0xFF, 0x1F, 0xFF, 0xC0, 0x08, 0x00, 0x7F, 0xF0, 0x1F, 0xFC, 0x06, 0x03,
    0x01, 0x80, 0xC0, 0x7F, 0xB0, 0x1F, 0xFC, 0x00, 0x00, 0x00, 0x00, 0x00, 0x06, 0x00, 0x01, 0x80,
    0x00, 0x60, 0x00, 0x18, 0x00, 0x07, 0xFF, 0x01, 0xFF, 0xC0, 0x00, 0x00, 0x7F, 0xFF, 0x0F, 0xFF,
    0xC0, 0x0C, 0x00, 0x62, 0x30, 0x1F, 0xFC, 0x07, 0xFF, 0x01, 0x80, 0xC0, 0x7F, 0xF0, 0x1F, 0xFC,
    0x00, 0x00, 0x00, 0x00, 0x00, 0x06, 0x00, 0x01, 0x80, 0x00, 0x60, 0x00, 0x18, 0x00, 0x07, 0xFF,
    0x01, 0xFF, 0xC0, 0x00, 0x00, 0x7F, 0xFF, 0x0F, 0xFF, 0xC0, 0x08, 0x00, 0x02, 0x00, 0x01, 0xC0,
    0x00, 0x70, 0x00, 0x3E, 0x00, 0x7D, 0xF8, 0x3C, 0x1E, 0x00, 0x00, 0x00, 0x00, 0x00, 0x06, 0x00,
    0x01, 0x80, 0x00, 0x60, 0x00, 0x18, 0x00, 0x07, 0xFF, 0x01, 0xFF, 0xC0, 0x00, 0x00, 0x7F, 0xFF,
    0x1F, 0xFF, 0xC0, 0x08, 0x00, 0x3F, 0xC0, 0x1F, 0xF8, 0x06, 0x03, 0x01, 0x80, 0xC0, 0x7D, 0xE0,
    0x0F, 0xF0, 0x00, 0x00, 0x00, 0x00, 0x00, 0x04, 0x01, 0x81, 0x80, 0x60, 0x60, 0x18, 0x18, 0x06,
    0x06, 0x01, 0x81, 0xFE, 0x60, 0x30, 0x18, 0x00, 0x16, 0x1F, 0xFD, 0x83, 0xF8, 0x60, 0x0C, 0xF8,
    0x03, 0x7E, 0x00, 0xC1, 0x80, 0x30, 0x60, 0x0C, 0x18, 0x02, 0x06, 0x00, 0x00, 0x00, 0x00, 0x00,
    0x04, 0x01, 0x81, 0x80, 0x60, 0x60, 0x18, 0x1F, 0xC6, 0x07, 0xF9, 0x80, 0x03, 0x61, 0xFF, 0xD8,
    0x3E, 0x3E, 0x01, 0x9F, 0x80, 0x60, 0x60, 0x18, 0x60, 0x06, 0x18, 0x03, 0xC7, 0x01, 0xF3, 0xE0,
    0xE7, 0x9C, 0x30, 0xC3, 0x00, 0x00, 0x00, 0x00, 0x00, 0x00, 0x05, 0x83, 0x03, 0x60, 0xC0, 0xD8,
    0x30, 0x36, 0x0C, 0x0D, 0x83, 0xFB, 0x60, 0x00, 0xD8, 0x3F, 0xF6, 0x1F, 0xFD, 0x80, 0xE3, 0x60,
    0x1F, 0xD8, 0x06, 0xF6, 0x01, 0x8D, 0x80, 0x63, 0x60, 0x10, 0xD8, 0x00, 0x06, 0x00, 0x00, 0x00,
    0x00, 0x00, 0x00, 0x01, 0x81, 0x80, 0x60, 0x60, 0x18, 0x18, 0x06, 0x06, 0x01, 0x81, 0xFE, 0x60,
    0x7F, 0x18, 0x00, 0x06, 0x1F, 0xFD, 0x87, 0xFF, 0x60, 0x0C, 0x18, 0x03, 0x06, 0x00, 0xC1, 0x80,
    0x30, 0x60, 0x0C, 0x18, 0x02, 0x06, 0x00, 0x00, 0x00, 0x00, 0x00, 0x00, 0x03, 0x01, 0x80, 0xC0,
    0x60, 0x30, 0x18, 0x0C, 0x07, 0xF3, 0x01, 0xFE, 0xC0, 0x00, 0x30, 0x7F, 0xFC, 0x1F, 0xFF, 0x00,
    0x30, 0xC0, 0x0C, 0x30, 0x1B, 0x0C, 0x07, 0x00, 0x01, 0x80, 0x00, 0x7F, 0xF8, 0x1F, 0xFE, 0x00,
    0x00, 0x00, 0x00, 0x00, 0x04, 0x03, 0x01, 0x80, 0xC0, 0x60, 0x30, 0x1F, 0xCC, 0x07, 0xF3, 0x00,
    0x00, 0xC1, 0xFF, 0xF0, 0x7F, 0xEC, 0x00, 0x83, 0x00, 0xFF, 0xC0, 0x3F, 0xF0, 0x00, 0x0C, 0x03,
    0xFF, 0x00, 0xC0, 0x00, 0x3F, 0xF8, 0x0F, 0xFE, 0x00, 0x00, 0x00, 0x00, 0x00, 0x00, 0x03, 0x01,
    0x80, 0xC0, 0x60, 0x30, 0x18, 0x0C, 0x07, 0xFB, 0x01, 0xFC, 0xC0, 0x00, 0xB0, 0x7F, 0xFC, 0x0F,
    0xE3, 0x00, 0x30, 0x40, 0x3F, 0xF0, 0x0F, 0xFC, 0x03, 0x03, 0x00, 0xC0, 0xC0, 0x3F, 0xF0, 0x0F,
    0xFC, 0x00, 0x00, 0x00, 0x00, 0x00, 0x04, 0x03, 0x01, 0x80, 0xC0, 0x60, 0x30, 0x18, 0x0C, 0x07,
    0xFB, 0x00, 0x00, 0xC0, 0xFF, 0xF0, 0x7F, 0xFC, 0x00, 0xC3, 0x00, 0x30, 0x00, 0x34, 0x10, 0x0F,
    0xFC, 0x03, 0xFF, 0x00, 0xC0, 0xC0, 0x37, 0xB0, 0x0F, 0xFC, 0x00, 0x00, 0x00, 0x00, 0x00, 0x02,
    0x00, 0x01, 0x80, 0x00, 0x60, 0x00, 0x18, 0x00, 0x06, 0x00, 0x01, 0xFF, 0xE0, 0x7F, 0xF8, 0x00,
    0x00, 0x00, 0x00, 0x07, 0xFF, 0xF9, 0xFF, 0xFC, 0x06, 0x18, 0x01, 0x86, 0x00, 0x61, 0x80, 0x18,
    0x60, 0x06, 0x18, 0x01, 0x86, 0x00, 0x00, 0x00, 0x06, 0x00, 0x01, 0x80, 0x00, 0x60, 0x00, 0x18,
    0x00, 0x07, 0xFF, 0x01, 0xFF, 0xC0, 0x00, 0x00, 0x7F, 0xFF, 0x1F, 0xFF, 0xC0, 0x61, 0x00, 0x7F,
    0xF0, 0x1F, 0xFC, 0x00, 0x03, 0x00, 0x00, 0xC0, 0x00, 0x30, 0x00, 0x0C, 0x00, 0x00, 0x00, 0x00,
    0x00, 0x06, 0x00, 0x01, 0x80, 0x00, 0x60, 0x00, 0x1C, 0x00, 0x07, 0xFF, 0x00, 0x00, 0x01, 0xFF,
    0xFC, 0x7F, 0xFF, 0x01, 0x8C, 0x01, 0xFF, 0xC0, 0x7F, 0xF0, 0x00, 0x0C, 0x07, 0xFF, 0x01, 0x80,
    0x00, 0x7F, 0xF8, 0x1F, 0xFE, 0x00, 0x00, 0x00, 0x00, 0x00, 0x06, 0x00, 0x01, 0x80, 0x00, 0x60,
    0x00, 0x18, 0x00, 0x07, 0xFF, 0x81, 0xFF, 0xE0, 0x00, 0x00, 0x7F, 0xFF, 0x1F, 0xFF, 0xC0, 0x63,
    0x00, 0x7F, 0xF0, 0x1F, 0xFC, 0x06, 0x03, 0x01, 0x80, 0xC0, 0x60, 0x30, 0x1F, 0xFC, 0x07, 0xFF,
    0x00, 0x00, 0x00, 0x06, 0x00, 0x01, 0x80, 0x00, 0x60, 0x00, 0x18, 0x00, 0x07, 0xFF, 0x00, 0xFF,
    0xC0, 0x00, 0x00, 0x7F, 0xFF, 0x0F, 0xFF, 0xC0, 0x33, 0x00, 0x68, 0xF0, 0x1F, 0xFC, 0x07, 0xFF,
    0x01, 0x80, 0xC0, 0x7F, 0xF0, 0x1F, 0xFC, 0x00, 0x00, 0x00, 0x00, 0x00, 0x06, 0x00, 0x01, 0x80,
    0x00, 0x60, 0x00, 0x18, 0x00, 0x07, 0xFF, 0x01, 0xFF, 0xC0, 0x00, 0x00, 0x7F, 0xFF, 0x0F, 0xFF,
    0xC0, 0x63, 0x00, 0x3F, 0xE0, 0x1F, 0xFC, 0x06, 0x03, 0x01, 0x80, 0xC0, 0x7D, 0xF0, 0x0F, 0xF8,
    0x00, 0x00, 0x00, 0x00, 0x00, 0x00, 0x00, 0x00, 0x80, 0x00, 0x60, 0x00, 0x18, 0x00, 0x06, 0x00,
    0x01, 0x80, 0x00, 0x60, 0x00, 0x1C, 0x00, 0x07, 0xFF, 0xC0, 0xFF, 0xE0, 0x00, 0x00, 0x00, 0x00,
    0x00, 0x00, 0x00, 0x00, 0x01, 0xFF, 0xFF, 0x3F, 0xFF, 0x80, 0x00, 0x00, 0x00, 0x00, 0x06, 0x00,
    0x01, 0x80, 0x00, 0x60, 0x00, 0x18, 0x00, 0x07, 0xFF, 0x01, 0xFF, 0xC0, 0x00, 0x00, 0x7F, 0xFF,
    0x1F, 0xFF, 0xC0, 0x00, 0x00, 0x7F, 0xF0, 0x1F, 0xFC, 0x00, 0x03, 0x00, 0x00, 0xC0, 0x00, 0x30,
    0x00, 0x0C, 0x00, 0x00, 0x00, 0x00, 0x00, 0x06, 0x00, 0x01, 0x80, 0x00, 0x60, 0x00, 0x18, 0x00,
    0x07, 0xFF, 0x81, 0xFF, 0xE0, 0x00, 0x00, 0x00, 0x00, 0x1F, 0xFF, 0xE7, 0xFF, 0xF8, 0x00, 0x00,
    0x18, 0x00, 0x06, 0x00, 0x01, 0x80, 0x00, 0x7F, 0xF8, 0x1F, 0xFE, 0x00, 0x00, 0x00, 0x00, 0x00,
    0x06, 0x00, 0x01, 0x80, 0x00, 0x60, 0x00, 0x18, 0x00, 0x07, 0xFF, 0x00, 0x00, 0x01, 0xFF, 0xFC,
    0x7F, 0xFF, 0x00, 0x00, 0x01, 0xFF, 0xC0, 0x7F, 0xF0, 0x1F, 0xFC, 0x07, 0xFF, 0x01, 0x80, 0x00,
    0x7F, 0xF8, 0x1F, 0xFE, 0x00, 0x00, 0x00, 0x00, 0x00, 0x06, 0x00, 0x01, 0x80, 0x00, 0x60, 0x00,
    0x18, 0x00, 0x07, 0xFF, 0x01, 0xFF, 0xC0, 0x00, 0x00, 0x7F, 0xFF, 0x00, 0x00, 0x01, 0xF7, 0xC0,
    0x7F, 0xF0, 0x03, 0x0C, 0x07, 0xC3, 0x01, 0xC0, 0xC0, 0x7E, 0x30, 0x1F, 0x8C, 0x00, 0x00, 0x00,
    0x00, 0x00, 0x06, 0x00, 0x01, 0x80, 0x00, 0x60, 0x00, 0x18, 0x00, 0x07, 0xFF, 0x00, 0x00, 0x00,
    0xFF, 0xF8, 0x7F, 0xFF, 0x00, 0x00, 0x01, 0xF7, 0xC0, 0x7D, 0xF8, 0x03, 0x66, 0x07, 0xD9, 0x81,
    0x86, 0x60, 0x7F, 0xB8, 0x1F, 0xFE, 0x00, 0x00, 0x00, 0x00, 0x00, 0x06, 0x00, 0x01, 0x80, 0x00,
    0x60, 0x00, 0x18, 0x00, 0x07, 0xFF, 0x01, 0xFF, 0xC0, 0x00, 0x00, 0x7F, 0xFF, 0x1F, 0xFF, 0xC0,
    0x00, 0x00, 0x7F, 0xF0, 0x1F, 0xFC, 0x06, 0x03, 0x01, 0x80, 0xC0, 0x7F, 0xF0, 0x1F, 0xFC, 0x00,
    0x00, 0x00, 0x00, 0x00, 0x06, 0x00, 0x01, 0x80, 0x00, 0x60, 0x00, 0x18, 0x00, 0x07, 0xFF, 0x01,
    0xFF, 0xC0, 0x00, 0x00, 0x7F, 0xFF, 0x1F, 0xFF, 0xC0, 0x00, 0x00, 0x60, 0x30, 0x1F, 0xFC, 0x07,
    0xFF, 0x01, 0x80, 0xC0, 0x7F, 0xF0, 0x1F, 0xFC, 0x00, 0x00, 0x00, 0x00, 0x00, 0x06, 0x00, 0x01,
    0x80, 0x00, 0x60, 0x00, 0x18, 0x00, 0x07, 0xFF, 0x01, 0xFF, 0xC0, 0x00, 0x00, 0x7F, 0xFF, 0x1F,
    0xFF, 0xC0, 0x00, 0x00, 0x07, 0x00, 0x01, 0xC0, 0x00, 0x70, 0x00, 0x77, 0x00, 0xF8, 0xF8, 0x38,
    0x0E, 0x00, 0x00, 0x00, 0x00, 0x00, 0x06, 0x00, 0x01, 0x80, 0x00, 0x60, 0x00, 0x18, 0x00, 0x07,
    0xFF, 0x01, 0xFF, 0xC0, 0x00, 0x00, 0x7F, 0xFF, 0x1F, 0xFF, 0xC0, 0x00, 0x00, 0x1F, 0xC0, 0x1F,
    0xFC, 0x06, 0x03, 0x01, 0x80, 0xC0, 0x78, 0xF0, 0x0F, 0xF8, 0x00, 0x00, 0x00, 0x00, 0x00, 0x06,
    0x00, 0x01, 0x80, 0x00, 0x60, 0x00, 0x18, 0x00, 0x07, 0xFF, 0x01, 0xFF, 0xC0, 0x00, 0x00, 0x7F,
    0xFF, 0x1F, 0xFF, 0xC0, 0x00, 0x00, 0x7F, 0xF0, 0x1F, 0xFC, 0x00, 0x70, 0x00, 0x7F, 0x00, 0x78,
    0xF8, 0x3C, 0x0E, 0x00, 0x00, 0x00, 0x00, 0x00, 0x06, 0x00, 0x01, 0x80, 0x00, 0x60, 0x00, 0x18,
    0x00, 0x07, 0xFF, 0x81, 0xFF, 0xE0, 0x00, 0x00, 0x7F, 0xFF, 0x1F, 0xFF, 0xC0, 0x00, 0x00, 0x7F,
    0xF8, 0x1F, 0xFE, 0x01, 0x8C, 0x00, 0x63, 0x00, 0x18, 0xC0, 0x1F, 0xFE, 0x07, 0xFF, 0x80, 0x00,
    0x00, 0x00, 0x03, 0x03, 0x00, 0xC0, 0xC0, 0x30, 0x30, 0x0C, 0x0C, 0x03, 0x03, 0x00, 0xC0, 0xFF,
    0xB0, 0x3F, 0xCC, 0x00, 0x03, 0x00, 0x00, 0xC0, 0xFF, 0xF0, 0x7F, 0xFC, 0x00, 0x03, 0x00, 0x00,
    0xC0, 0x00, 0x30, 0x00, 0x0C, 0x00, 0x00, 0x00, 0x00, 0x00, 0x00, 0x01, 0x81, 0x80, 0x60, 0x60,
    0x18, 0x18, 0x06, 0x06, 0x01, 0x81, 0xFE, 0x60, 0x7F, 0x98, 0x00, 0x06, 0x0F, 0xFD, 0x87, 0xFF,
    0x60, 0x00, 0x18, 0x0C, 0x06, 0x03, 0x01, 0x80, 0xC0, 0x00, 0x30, 0x00, 0x0F, 0xFF, 0x03, 0xFF,
    0xC0, 0x00, 0x00, 0x04, 0x01, 0x81, 0x80, 0x60, 0x60, 0x18, 0x18, 0x06, 0x07, 0xF9, 0x80, 0x00,
    0x60, 0xFF, 0xD8, 0x7F, 0xF6, 0x00, 0x01, 0x80, 0xFF, 0xE0, 0x3F, 0xF8, 0x0F, 0xFE, 0x03, 0xFF,
    0x80, 0xC0, 0x00, 0x3F, 0xF8, 0x0F, 0xFE, 0x00, 0x00, 0x00, 0x00, 0x00, 0x00, 0x01, 0x81, 0x00,
    0x60, 0xC0, 0x18, 0x30, 0x06, 0x0C, 0x01, 0x83, 0x00, 0x60, 0xC0, 0x18, 0x30, 0x06, 0x0C, 0x01,
    0x83, 0x00, 0x60, 0xFF, 0xD8, 0x3F, 0xE6, 0x00, 0x01, 0x80, 0x00, 0x60, 0x00, 0x18, 0x00, 0x06,
    0x00, 0x00, 0x00, 0x00, 0x00, 0x00, 0x01, 0x83, 0x00, 0x60, 0xC0, 0x18, 0x30, 0x06, 0x0C, 0x01,
    0x83, 0x00, 0x60, 0xFF, 0xD8, 0x3F, 0xF6, 0x00, 0x01, 0x80, 0x00, 0x40, 0x3F, 0xF8, 0x0F, 0xFE,
    0x00, 0x01, 0x80, 0x00, 0x60, 0x00, 0x18, 0x00, 0x06, 0x00, 0x00, 0x00, 0x00, 0x00, 0x00, 0x01,
    0x83, 0x00, 0x60, 0xC0, 0x18, 0x30, 0x06, 0x0C, 0x01, 0x83, 0x00, 0x60, 0xC0, 0x98, 0x3F, 0xF6,
    0x0F, 0xF1, 0x80, 0x00, 0x60, 0x30, 0x18, 0x0C, 0x06, 0x03, 0x00, 0x00, 0xC0, 0x00, 0x3F, 0xF8,
    0x0F, 0xFE, 0x00, 0x00, 0x00, 0x00, 0x00, 0x00, 0x01, 0x83, 0x00, 0x60, 0xC0, 0x18, 0x30, 0x06,
    0x0C, 0x01, 0x83, 0x0F, 0x60, 0xFF, 0xD8, 0x1C, 0x06, 0x01, 0xFF, 0x00, 0xFF, 0xE0, 0x00, 0x18,
    0x0F, 0xFE, 0x03, 0xFF, 0x80, 0xC0, 0x00, 0x3F, 0xF8, 0x0F, 0xFE, 0x00, 0x00, 0x00, 0x00, 0x00,
    0x00, 0x01, 0x83, 0x00, 0x60, 0xC0, 0x18, 0x30, 0x06, 0x0C, 0x01, 0x83, 0x07, 0x60, 0xFF, 0xD8,
    0x3F, 0x86, 0x00, 0x01, 0x01, 0xFF, 0xE0, 0x37, 0xF8, 0x0F, 0xE6, 0x07, 0xF9, 0x81, 0x86, 0x60,
    0x7F, 0x98, 0x1F, 0xFE, 0x00, 0x00, 0x00, 0x00, 0x00, 0x00, 0x01, 0x83, 0x00, 0x60, 0xC0, 0x18,
    0x30, 0x06, 0x0C, 0x01, 0x83, 0x00, 0x60, 0xFF, 0xD8, 0x3F, 0xE6, 0x00, 0x01, 0x80, 0xFF, 0xE0,
    0x3F, 0xF8, 0x0C, 0x06, 0x03, 0x01, 0x80, 0xC0, 0x60, 0x3F, 0xF8, 0x0F, 0xFE, 0x00, 0x00, 0x00,
    0x00, 0x00, 0x00, 0x01, 0x83, 0x00, 0x60, 0xC0, 0x18, 0x30, 0x06, 0x0C, 0x01, 0x83, 0x00, 0x60,
    0xFF, 0xD8, 0x3F, 0xC6, 0x00, 0x01, 0x00, 0xC0, 0x60, 0x30, 0x18, 0x0F, 0xFE, 0x03, 0xFF, 0x80,
    0xC0, 0x60, 0x3F, 0xF8, 0x0F, 0xFE, 0x00, 0x00, 0x00, 0x00, 0x00, 0x00, 0x01, 0x83, 0x00, 0x60,
    0xC0, 0x18, 0x30, 0x06, 0x0C, 0x01, 0x83, 0x00, 0x60, 0xC3, 0xD8, 0x3F, 0xF6, 0x07, 0xC1, 0x80,
    0x0C, 0x60, 0x03, 0x18, 0x00, 0xE0, 0x00, 0x7C, 0x00, 0x3B, 0x80, 0x7C, 0x7C, 0x1C, 0x06, 0x00,
    0x00, 0x00, 0x00, 0x00, 0x00, 0x01, 0x83, 0x00, 0x60, 0xC0, 0x18, 0x30, 0x06, 0x0C, 0x01, 0x83,
    0x00, 0x60, 0xC3, 0xD8, 0x3F, 0xF6, 0x07, 0x81, 0x80, 0x1E, 0x60, 0x1F, 0xF0, 0x0E, 0x1E, 0x03,
    0x01, 0x80, 0xC0, 0x60, 0x3F, 0xF0, 0x07, 0xF8, 0x00, 0x00, 0x00, 0x00, 0x00, 0x00, 0x01, 0x83,
    0x00, 0x60, 0xC0, 0x18, 0x30, 0x06, 0x0C, 0x01, 0x83, 0x00, 0x60, 0xFF, 0xD8, 0x3F, 0xE6, 0x00,
    0x01, 0x80, 0xFF, 0xC0, 0x3F, 0xF8, 0x03, 0x30, 0x00, 0xCC, 0x00, 0x33, 0x00, 0x3F, 0xF8, 0x0F,
    0xFE, 0x00, 0x00, 0x00, 0x00, 0x00, 0x00, 0x03, 0x03, 0xF8, 0xC0, 0xFF, 0x30, 0x30, 0x0C, 0x0C,
    0x03, 0x03, 0x00, 0xC0, 0xC0, 0x3C, 0x30, 0x0F, 0x0C, 0x03, 0x03, 0x00, 0xC0, 0xFF, 0xB0, 0x3F,
    0xEC, 0x00, 0x03, 0x00, 0x00, 0xC0, 0x00, 0x30, 0x00, 0x0C, 0x00, 0x00, 0x00, 0x00, 0x00, 0x00,
    0x03, 0x03, 0xF8, 0xC0, 0xFE, 0x30, 0x30, 0x0C, 0x0C, 0x03, 0xC3, 0x00, 0xF0, 0xC3, 0xB0, 0x3F,
    0xEC, 0x0F, 0xC3, 0x00, 0x00, 0xC0, 0x7F, 0xF0, 0x1F, 0xFC, 0x00, 0x03, 0x00, 0x00, 0xC0, 0x00,
    0x30, 0x00, 0x0C, 0x00, 0x00, 0x00, 0x00, 0x00, 0x00, 0x03, 0x03, 0xF8, 0xC0, 0xFE, 0x30, 0x30,
    0x0C, 0x0C, 0x03, 0xC3, 0x00, 0xF0, 0xC3, 0xB0, 0x3F, 0xEC, 0x0F, 0x03, 0x00, 0x00, 0xC0, 0xFF,
    0xF0, 0x1B, 0x6C, 0x00, 0xC3, 0x00, 0x30, 0xC0, 0x0C, 0x30, 0x03, 0x0C, 0x00, 0x00, 0x00, 0x00,
    0x00, 0x00, 0x03, 0x03, 0xF8, 0xC0, 0xFE, 0x30, 0x30, 0x0C, 0x0C, 0x03, 0xC3, 0x00, 0xF0, 0xC0,
    0x30, 0x3F, 0xEC, 0x0F, 0xFB, 0x00, 0x00, 0xC0, 0x60, 0x30, 0x18, 0x0C, 0x06, 0x00, 0x01, 0x80,
    0x00, 0x7F, 0xF8, 0x1F, 0xFE, 0x00, 0x00, 0x00, 0x00, 0x00, 0x00, 0x03, 0x03, 0xF8, 0xC0, 0xFE,
    0x30, 0x30, 0x0F, 0x0C, 0x03, 0xC3, 0x00, 0xC0, 0xFF, 0xB0, 0x3F, 0xEC, 0x00, 0x03, 0x00, 0x00,
    0x80, 0x7F, 0xF0, 0x1F, 0xE8, 0x06, 0x00, 0x01, 0x80, 0x00, 0x7F, 0xF0, 0x1F, 0xFC, 0x00, 0x00,
    0x00, 0x00, 0x00, 0x00, 0x03, 0x03, 0xF8, 0xC0, 0xD0, 0x30, 0x30, 0x0F, 0x0C, 0x03, 0xC3, 0x00,
    0xC0, 0xFF, 0xB0, 0x3F, 0x8C, 0x03, 0xFF, 0x01, 0xFF, 0xC0, 0x00, 0x30, 0x0F, 0xFC, 0x07, 0xFF,
    0x01, 0x80, 0x00, 0x7F, 0xF0, 0x1F, 0xFE, 0x00, 0x00, 0x00, 0x00, 0x00, 0x00, 0x02, 0x03, 0xF8,
    0xC0, 0xFE, 0x30, 0x30, 0x0C, 0x0C, 0x03, 0xC3, 0x00, 0xF0, 0xC3, 0x30, 0x3F, 0xEC, 0x08, 0x02,
    0x01, 0xFF, 0x80, 0x7F, 0xF0, 0x03, 0x0C, 0x07, 0xC3, 0x03, 0xC0, 0xC0, 0xFE, 0x30, 0x3F, 0x8C,
    0x00, 0x00, 0x00, 0x00, 0x00, 0x00, 0x03, 0x03, 0xF8, 0xC0, 0xD0, 0x30, 0x30, 0x0F, 0x0C, 0x03,
    0xC3, 0x00, 0xC0, 0xFF, 0xB0, 0x3F, 0xEC, 0x00, 0x03, 0x03, 0xFF, 0xC0, 0x7F, 0xF0, 0x03, 0xCC,
    0x0F, 0xF3, 0x03, 0x8C, 0xC0, 0xFF, 0x30, 0x3F, 0xFC, 0x00, 0x00, 0x00, 0x00, 0x00, 0x00, 0x03,
    0x03, 0xF8, 0xC0, 0xD0, 0x30, 0x30, 0x0F, 0x0C, 0x03, 0xC3, 0x00, 0xC0, 0xFF, 0xB0, 0x3F, 0xEC,
    0x00, 0x03, 0x03, 0xFC, 0xC0, 0x7F, 0x30, 0x03, 0xFC, 0x0F, 0xFF, 0x03, 0x8C, 0xC0, 0xEF, 0x70,
    0x3F, 0xFC, 0x00, 0x00, 0x00, 0x00, 0x00, 0x00, 0x06, 0x03, 0xF9, 0x80, 0xFE, 0x60, 0x20, 0x1E,
    0x0C, 0x07, 0x82, 0x01, 0x80, 0xFF, 0x60, 0x3F, 0xD8, 0x00, 0x0C, 0x03, 0xF7, 0x00, 0xFF, 0xF0,
    0x3F, 0x78, 0x0F, 0xBE, 0x03, 0x0C, 0xC0, 0xFF, 0xE0, 0x3F, 0x70, 0x00, 0x00, 0x00, 0x00, 0x00,
    0x00, 0x03, 0x03, 0xF8, 0xC0, 0xFE, 0x30, 0x30, 0x0C, 0x0C, 0x03, 0xC3, 0x00, 0xC0, 0xC3, 0xB0,
    0x3F, 0xEC, 0x0F, 0x83, 0x00, 0x00, 0x00, 0x7F, 0xF0, 0x1F, 0xFC, 0x06, 0x03, 0x01, 0x80, 0xC0,
    0x7F, 0xF0, 0x1F, 0xFC, 0x00, 0x00, 0x00, 0x00, 0x00, 0x00, 0x03, 0x03, 0xF8, 0xC0, 0xFE, 0x30,
    0x30, 0x0F, 0x0C, 0x03, 0xC3, 0x00, 0xC0, 0xFF, 0xB0, 0x3F, 0xEC, 0x00, 0x03, 0x00, 0x80, 0x80,
    0x60, 0x30, 0x1F, 0xFC, 0x07, 0xFF, 0x01, 0x80, 0xC0, 0x7F, 0xF0, 0x1F, 0xFC, 0x00, 0x00, 0x00,
    0x00, 0x00, 0x00, 0x03, 0x03, 0xF8, 0xC0, 0xFE, 0x30, 0x30, 0x0C, 0x0C, 0x03, 0xC3, 0x00, 0xF0,
    0xC0, 0x30, 0x3F, 0xEC, 0x0F, 0xE3, 0x00, 0x08, 0xC0, 0x03, 0x30, 0x00, 0xC0, 0x00, 0x78, 0x00,
    0x37, 0x00, 0x78, 0xF8, 0x1C, 0x0E, 0x00, 0x00, 0x00, 0x00, 0x00, 0x00, 0x03, 0x03, 0xF8, 0xC0,
    0xFE, 0x30, 0x30, 0x0C, 0x0C, 0x03, 0xC3, 0x00, 0xC0, 0xFF, 0xB0, 0x3F, 0xEC, 0x00, 0x03, 0x00,
    0x41, 0x80, 0x18, 0x60, 0x06, 0x38, 0x03, 0x8E, 0x01, 0xF7, 0xC0, 0xEF, 0xB8, 0x31, 0xC2, 0x00,
    0x00, 0x00, 0x00, 0x00, 0x00, 0x03, 0x03, 0xF8, 0xC0, 0xFE, 0x30, 0x30, 0x0C, 0x0C, 0x03, 0xC3,
    0x00, 0xF0, 0xCF, 0xB0, 0x3F, 0xEC, 0x06, 0x03, 0x00, 0x1C, 0xC0, 0x3F, 0xE0, 0x1C, 0x1C, 0x06,
    0x03, 0x01, 0x80, 0xC0, 0x3F, 0xE0, 0x07, 0xF0, 0x00, 0x00, 0x00, 0x00, 0x00, 0x00, 0x03, 0x03,
    0xF8, 0xC0, 0xFE, 0x30, 0x30, 0x0C, 0x0C, 0x03, 0xC3, 0x00, 0xF0, 0xFF, 0xB0, 0x3F, 0xEC, 0x00,
    0x03, 0x00, 0x00, 0xC0, 0x7F, 0xF0, 0x07, 0xD8, 0x00, 0x70, 0x00, 0x3F, 0x00, 0x7C, 0xF0, 0x1C,
    0x0C, 0x00, 0x00, 0x00, 0x00, 0x00, 0x00, 0x02, 0x03, 0xF9, 0xC0, 0xFE, 0x70, 0x30, 0x1C, 0x0C,
    0x07, 0xC3, 0x01, 0xE0, 0xFF, 0x20, 0x3F, 0xDC, 0x00, 0x07, 0x00, 0x18, 0x00, 0x7F, 0xF0, 0x1F,
    0xFC, 0x00, 0x70, 0x00, 0x3E, 0x00, 0x7D, 0xE0, 0x1C, 0x1C, 0x00, 0x00, 0x00, 0x00, 0x00, 0x00,
    0x03, 0x03, 0xF8, 0xC0, 0xD0, 0x30, 0x30, 0x0F, 0x0C, 0x03, 0xC3, 0x0E, 0xC0, 0xFF, 0xB0, 0x3F,
    0x8C, 0x00, 0x23, 0x01, 0xFF, 0xC0, 0x7F, 0xF0, 0x03, 0xF0, 0x03, 0xFE, 0x00, 0xC1, 0x80, 0x3C,
    0xE0, 0x07, 0xF0, 0x00, 0x00, 0x00, 0x00, 0x00, 0x00, 0x09, 0x80, 0x07, 0x60, 0xFC, 0xD8, 0x30,
    0x36, 0x0C, 0x0D, 0x83, 0x02, 0x60, 0xC1, 0xF8, 0x30, 0x7E, 0x0C, 0x09, 0x83, 0x03, 0x60, 0xFE,
    0xD8, 0x3F, 0xB6, 0x00, 0x1D, 0x80, 0x03, 0x60, 0x01, 0xD8, 0x00, 0x26, 0x00, 0x00, 0x00, 0x00,
    0x00, 0x00, 0x09, 0x83, 0xF6, 0x60, 0xFD, 0x98, 0x30, 0x66, 0x0C, 0x1F, 0x83, 0x07, 0xE0, 0xC1,
    0x98, 0x3F, 0xE6, 0x0F, 0xD9, 0x80, 0x02, 0x60, 0x3F, 0xF8, 0x0F, 0xFE, 0x00, 0x01, 0x80, 0x00,
    0x60, 0x00, 0x18, 0x00, 0x06, 0x00, 0x00, 0x00, 0x00, 0x00, 0x00, 0x09, 0x83, 0xF6, 0x60, 0xFD,
    0x98, 0x30, 0x66, 0x0C, 0x1F, 0x83, 0x07, 0xE0, 0xC1, 0x98, 0x3F, 0xE6, 0x0F, 0xF9, 0x80, 0x06,
    0x60, 0x31, 0x98, 0x0C, 0x26, 0x03, 0x00, 0x00, 0xC0, 0x00, 0x3F, 0xF8, 0x0F, 0xFE, 0x00, 0x00,
    0x00, 0x00, 0x00, 0x00, 0x09, 0x83, 0xF7, 0x60, 0xC1, 0x98, 0x30, 0x7E, 0x0C, 0x1F, 0x83, 0x06,
    0x60, 0xFF, 0x98, 0x3F, 0x66, 0x00, 0x09, 0x80, 0xFF, 0xE0, 0x00, 0x18, 0x07, 0xFE, 0x03, 0xFF,
    0x80, 0xC0, 0x00, 0x3F, 0xF8, 0x0F, 0xFF, 0x00, 0x00, 0x00, 0x00, 0x00, 0x00, 0x09, 0x83, 0xF6,
    0x60, 0xFD, 0x98, 0x30, 0x76, 0x0C, 0x1F, 0x83, 0x07, 0x60, 0xC7, 0x98, 0x3F, 0xE6, 0x0F, 0x19,
    0x80, 0x00, 0x40, 0x3F, 0xF8, 0x0F, 0xFE, 0x03, 0x01, 0x80, 0xC0, 0x60, 0x34, 0x58, 0x0F, 0xFE,
    0x00, 0x00, 0x00, 0x00, 0x00, 0x00, 0x09, 0x83, 0xF6, 0x60, 0xFD, 0x98, 0x30, 0x76, 0x0C, 0x1F,
    0x83, 0x07, 0x60, 0xDF, 0x98, 0x3F, 0xE6, 0x0C, 0x09, 0x80, 0x00, 0x00, 0x30, 0x18, 0x0F, 0xFE,
    0x03, 0xFF, 0x80, 0xC0, 0x60, 0x3F, 0xF8, 0x0F, 0xFE, 0x00, 0x00, 0x00, 0x00, 0x00, 0x00, 0x09,
    0x83, 0xF7, 0x60, 0xFD, 0x98, 0x30, 0x66, 0x0C, 0x1F, 0x83, 0x07, 0xE0, 0xC1, 0x98, 0x3F, 0xF6,
    0x0F, 0xC9, 0x80, 0x06, 0x60, 0x03, 0x18, 0x00, 0xE0, 0x00, 0x78, 0x00, 0x3B, 0x80, 0x7C, 0x78,
    0x1C, 0x06, 0x00, 0x00, 0x00, 0x00, 0x00, 0x00, 0x01, 0x03, 0xF6, 0x60, 0xFD, 0x98, 0x30, 0x66,
    0x0C, 0x1F, 0x83, 0x07, 0xE0, 0xC1, 0x98, 0x3F, 0xE6, 0x0F, 0xD9, 0x80, 0x06, 0x40, 0x18, 0x60,
    0x06, 0x18, 0x01, 0x8E, 0x00, 0xF3, 0xC0, 0xEF, 0xB8, 0x31, 0xC6, 0x00, 0x00, 0x00, 0x00, 0x00,
    0x00, 0x09, 0x83, 0xF6, 0x60, 0xFD, 0x98, 0x30, 0x66, 0x0C, 0x1F, 0x83, 0x07, 0xE0, 0xC1, 0x98,
    0x3F, 0xE6, 0x0F, 0xD9, 0x80, 0x02, 0x60, 0x1F, 0xE0, 0x0F, 0xFC, 0x03, 0x01, 0x80, 0xC0, 0x60,
    0x3F, 0xF0, 0x07, 0xF8, 0x00, 0x00, 0x00, 0x00, 0x00, 0x00, 0x03, 0x03, 0xF8, 0xC0, 0xFF, 0x30,
    0x30, 0x0C, 0x0C, 0x03, 0xC3, 0x00, 0xF0, 0xC0, 0x30, 0x30, 0x0C, 0x0C, 0x03, 0xC3, 0x00, 0xF0,
    0xFF, 0xB0, 0x3F, 0xEC, 0x00, 0x03, 0x00, 0x00, 0xC0, 0x00, 0x30, 0x00, 0x0C, 0x00, 0x00, 0x00,
    0x00, 0x00, 0x00, 0x03, 0x03, 0xF8, 0xC0, 0xFE, 0x30, 0x30, 0x0C, 0x0C, 0x03, 0x03, 0x07, 0xC0,
    0xC3, 0xF0, 0x30, 0x0C, 0x0C, 0x03, 0x03, 0x00, 0xC0, 0xFF, 0x30, 0x3F, 0xCC, 0x00, 0x03, 0x00,
    0x00, 0xC0, 0x00, 0x30, 0x00, 0x0C, 0x00, 0x00, 0x00, 0x00, 0x00, 0x00, 0x01, 0x83, 0xFC, 0x60,
    0xFF, 0x18, 0x30, 0x06, 0x0C, 0x3F, 0x83, 0x07, 0xE0, 0xC0, 0x18, 0x3F, 0xE6, 0x0F, 0xF9, 0x80,
    0x00, 0x60, 0x3F, 0xF8, 0x0F, 0xFE, 0x00, 0x01, 0x80, 0x00, 0x60, 0x00, 0x18, 0x00, 0x06, 0x00,
    0x00, 0x00, 0x00, 0x00, 0x00, 0x01, 0x83, 0xFC, 0x60, 0xFF, 0x18, 0x30, 0x06, 0x0C, 0x3F, 0x83,
    0x07, 0xE0, 0xC0, 0x18, 0x3F, 0xE6, 0x0F, 0xF1, 0x80, 0x00, 0x60, 0x7F, 0xF8, 0x0D, 0xB6, 0x00,
    0x61, 0x80, 0x18, 0x60, 0x06, 0x18, 0x01, 0x86, 0x00, 0x00, 0x00, 0x00, 0x00, 0x00, 0x01, 0x83,
    0xFC, 0x60, 0xFF, 0x18, 0x30, 0x06, 0x0C, 0x3F, 0x83, 0x07, 0xE0, 0xC0, 0x18, 0x30, 0x06, 0x0F,
    0xF9, 0x83, 0xFC, 0x60, 0x00, 0x18, 0x0C, 0x06, 0x03, 0x00, 0x00, 0xC0, 0x00, 0x3F, 0xF8, 0x0F,
    0xFE, 0x00, 0x00, 0x00, 0x00, 0x00, 0x00, 0x01, 0x83, 0xFC, 0x60, 0xDE, 0x18, 0x30, 0x06, 0x0C,
    0x3F, 0x83, 0x00, 0x60, 0xC0, 0x18, 0x3F, 0xE6, 0x0F, 0xF1, 0x80, 0x00, 0x40, 0x3F, 0xF8, 0x0F,
    0xFC, 0x03, 0x00, 0x00, 0xC0, 0x00, 0x3F, 0xF8, 0x0F, 0xFE, 0x00, 0x00, 0x00, 0x00, 0x00, 0x00,
    0x01, 0x83, 0xFC, 0x60, 0xC0, 0x18, 0x30, 0x7E, 0x0C, 0x3F, 0x83, 0x00, 0x60, 0xFF, 0x98, 0x3F,
    0xE6, 0x00, 0x01, 0x80, 0xFF, 0xE0, 0x3F, 0xF8, 0x07, 0xFE, 0x03, 0xFF, 0x80, 0xC0, 0x00, 0x3F,
    0xF8, 0x0F, 0xFE, 0x00, 0x00, 0x00, 0x00, 0x00, 0x00, 0x01, 0x83, 0xFC, 0x60, 0xC0, 0x18, 0x30,
    0x06, 0x0C, 0x3F, 0x83, 0x00, 0x60, 0xC3, 0x98, 0x3F, 0xE6, 0x04, 0x01, 0x81, 0xFF, 0xE0, 0x7F,
    0xF8, 0x01, 0xE6, 0x07, 0xF9, 0x81, 0x86, 0x60, 0x7F, 0x98, 0x1F, 0xFE, 0x00, 0x00, 0x00, 0x00,
    0x00, 0x00, 0x01, 0x03, 0xFC, 0xE0, 0xFF, 0x38, 0x30, 0x06, 0x0C, 0x3F, 0x83, 0x0F, 0xE0, 0xC0,
    0x18, 0x3F, 0xEE, 0x0F, 0xE1, 0x01, 0xFE, 0x40, 0x7F, 0x98, 0x01, 0xFE, 0x07, 0xFF, 0x81, 0x86,
    0x60, 0x67, 0xB8, 0x1F, 0xFE, 0x00, 0x00, 0x00, 0x00, 0x00, 0x00, 0x01, 0x83, 0xFC, 0x60, 0xFF,
    0x18, 0x30, 0x06, 0x0C, 0x3F, 0x83, 0x00, 0x60, 0xC0, 0x18, 0x3F, 0xE6, 0x0F, 0xF1, 0x80, 0x00,
    0x40, 0x3F, 0xF8, 0x0F, 0xFE, 0x03, 0x01, 0x80, 0xC0, 0x60, 0x3F, 0xF8, 0x0F, 0xFE, 0x00, 0x00,
    0x00, 0x00, 0x00, 0x00, 0x01, 0x83, 0xFC, 0x60, 0xC0, 0x18, 0x30, 0x06, 0x0C, 0x3F, 0x83, 0x00,
    0x60, 0xC1, 0x18, 0x3F, 0xE6, 0x07, 0xC1, 0x80, 0x00, 0x00, 0x30, 0x18, 0x0F, 0xFE, 0x03, 0xFF,
    0x80, 0xC0, 0x60, 0x3F, 0xF8, 0x0F, 0xFE, 0x00, 0x00, 0x00, 0x00, 0x00, 0x00, 0x01, 0x83, 0xFC,
    0x60, 0xFF, 0x18, 0x30, 0x06, 0x0C, 0x1F, 0x83, 0x07, 0xE0, 0xC0, 0x18, 0x3F, 0xE6, 0x0F, 0xF1,
    0x80, 0x04, 0x60, 0x01, 0x98, 0x00, 0xE0, 0x00, 0x3C, 0x00, 0x3B, 0x80, 0x7C, 0x7C, 0x1C, 0x07,
    0x00, 0x00, 0x00, 0x00, 0x00, 0x00, 0x01, 0x83, 0xFC, 0x60, 0xFF, 0x18, 0x30, 0x06, 0x0C, 0x3F,
    0x83, 0x07, 0xE0, 0xC0, 0x18, 0x3F, 0xE6, 0x0F, 0xF1, 0x80, 0x00, 0x60, 0x1F, 0xE0, 0x0F, 0xFC,
    0x03, 0x01, 0x80, 0xC0, 0x60, 0x3C, 0x70, 0x07, 0xF8, 0x00, 0x00, 0x00, 0x00, 0x00, 0x00, 0x01,
    0x83, 0xFC, 0x60, 0xC0, 0x18, 0x30, 0x7E, 0x0C, 0x3F, 0x83, 0x00, 0x60, 0xFF, 0x98, 0x3F, 0xE6,
    0x00, 0x11, 0x80, 0x0E, 0x00, 0x3F, 0xF8, 0x0F, 0xFE, 0x00, 0x38, 0x00, 0x1F, 0x00, 0x3E, 0xF8,
    0x1E, 0x0E, 0x00, 0x00, 0x00, 0x00, 0x00, 0x00, 0x01, 0x83, 0xFC, 0x60, 0xDC, 0x18, 0x30, 0x06,
    0x0C, 0x3F, 0x83, 0x00, 0x60, 0xC0, 0x18, 0x3F, 0xE6, 0x0F, 0xE1, 0x80, 0xFF, 0xE0, 0x3F, 0xF8,
    0x03, 0x18, 0x00, 0xC6, 0x00, 0x31, 0x80, 0x3F, 0xF8, 0x0F, 0xFE, 0x00, 0x00, 0x00, 0x00, 0x00,
    0x00, 0x0D, 0x80, 0x03, 0x60, 0xFC, 0xD8, 0x30, 0x36, 0x0C, 0x0D, 0x83, 0x03, 0x60, 0xC7, 0xD8,
    0x31, 0xF6, 0x0C, 0x0D, 0x83, 0x03, 0x60, 0xFE, 0xD8, 0x3F, 0xB6, 0x00, 0x0D, 0x80, 0x03, 0x60,
    0x00, 0xD8, 0x00, 0x06, 0x00, 0x00, 0x00, 0x00, 0x00, 0x00, 0x0D, 0x83, 0xF3, 0x60, 0xFC, 0xD8,
    0x30, 0x36, 0x0C, 0x7D, 0x83, 0x1F, 0x60, 0xC0, 0xD8, 0x3F, 0xB6, 0x0F, 0xED, 0x80, 0x03, 0x60,
    0x3F, 0xF8, 0x0F, 0xFE, 0x00, 0x01, 0x80, 0x00, 0x60, 0x00, 0x18, 0x00, 0x06, 0x00, 0x00, 0x00,
    0x00, 0x00, 0x00, 0x0D, 0x83, 0xF3, 0x60, 0xFC, 0xD8, 0x30, 0x36, 0x0C, 0x7D, 0x83, 0x1F, 0x60,
    0xC0, 0xD8, 0x33, 0xB6, 0x0F, 0xED, 0x80, 0x03, 0x60, 0x30, 0xD8, 0x0C, 0x36, 0x03, 0x00, 0x00,
    0xC0, 0x00, 0x3F, 0xF8, 0x0F, 0xFE, 0x00, 0x00, 0x00, 0x00, 0x00, 0x00, 0x0D, 0x83, 0xF3, 0x60,
    0xF8, 0xD8, 0x31, 0xF6, 0x0C, 0x7D, 0x83, 0x03, 0x60, 0xFE, 0xD8, 0x3F, 0xB6, 0x00, 0x09, 0x80,
    0xFF, 0xE0, 0x3F, 0xF8, 0x0F, 0xFE, 0x03, 0xFF, 0x80, 0xC0, 0x00, 0x3F, 0xF8, 0x0F, 0xFE, 0x00,
    0x00, 0x00, 0x00, 0x00, 0x00, 0x0D, 0x83, 0xF3, 0x60, 0xFC, 0xD8, 0x30, 0x36, 0x0C, 0x7D, 0x83,
    0x07, 0x60, 0xC0, 0xD8, 0x3F, 0xB6, 0x0F, 0xCD, 0x80, 0x02, 0x60, 0x3F, 0xF8, 0x0F, 0xFE, 0x03,
    0x01, 0x80, 0xC0, 0x60, 0x3F, 0xF8, 0x0F, 0xFE, 0x00, 0x00, 0x00, 0x00, 0x00, 0x00, 0x0D, 0x83,
    0xF3, 0x60, 0xFC, 0xD8, 0x30, 0xF6, 0x0C, 0x7D, 0x83, 0x03, 0x60, 0xC6, 0xD8, 0x3F, 0xB6, 0x04,
    0x0D, 0x80, 0x00, 0x00, 0x30, 0x18, 0x0F, 0xFE, 0x03, 0xFF, 0x80, 0xC0, 0x60, 0x3F, 0xF8, 0x0F,
    0xFE, 0x00, 0x00, 0x00, 0x00, 0x00, 0x00, 0x0D, 0x83, 0xF3, 0x60, 0xFC, 0xD8, 0x30, 0x36, 0x0C,
    0x7D, 0x83, 0x1F, 0x60, 0xC0, 0xD8, 0x3F, 0xB6, 0x0F, 0xED, 0x80, 0x03, 0x60, 0x03, 0x18, 0x00,
    0xE0, 0x00, 0x78, 0x00, 0x3B, 0x80, 0x7C, 0x78, 0x1C, 0x06, 0x00, 0x00, 0x00, 0x00, 0x00, 0x00,
    0x0D, 0x83, 0xF3, 0x60, 0xFC, 0xD8, 0x30, 0x36, 0x0C, 0x7D, 0x83, 0x1F, 0x60, 0xC0, 0xD8, 0x3F,
    0xB6, 0x0F, 0xED, 0x80, 0x01, 0x60, 0x18, 0x60, 0x06, 0x18, 0x01, 0xCE, 0x00, 0xF3, 0xC0, 0xE7,
    0x9C, 0x30, 0xC3, 0x00, 0x00, 0x00, 0x00, 0x00, 0x00, 0x0D, 0x83, 0xF3, 0x60, 0xFC, 0xD8, 0x30,
    0x36, 0x0C, 0x7D, 0x83, 0x1F, 0x60, 0xC0, 0xD8, 0x3F, 0xB6, 0x0F, 0xCD, 0x80, 0x00, 0x60, 0x1F,
    0xE0, 0x0F, 0xFC, 0x03, 0x01, 0x80, 0xC0, 0x60, 0x3F, 0xF0, 0x07, 0xF8, 0x00, 0x00, 0x00, 0x00,
    0x00, 0x00, 0x01, 0x83, 0xFC, 0x60, 0xFF, 0x18, 0x30, 0x06, 0x0C, 0x3F, 0x83, 0x07, 0xE0, 0xC0,
    0x18, 0x30, 0x7E, 0x0C, 0x3F, 0x83, 0x00, 0x60, 0xC0, 0x98, 0x3F, 0xE6, 0x0F, 0xE1, 0x80, 0x00,
    0x60, 0x00, 0x18, 0x00, 0x06, 0x00, 0x00, 0x00, 0x00, 0x00, 0x00, 0x01, 0x83, 0xFC, 0x60, 0xFE,
    0x18, 0x30, 0x7E, 0x0C, 0x1F, 0x83, 0x00, 0x60, 0xC1, 0xF8, 0x30, 0x7E, 0x0F, 0xF1, 0x83, 0xFC,
    0x60, 0x00, 0x18, 0x0C, 0x06, 0x03, 0x00, 0x00, 0xC0, 0x00, 0x3F, 0xF8, 0x0F, 0xFE, 0x00, 0x00,
    0x00, 0x00, 0x00, 0x07, 0xE1, 0x83, 0xFC, 0x60, 0xC1, 0xF8, 0x30, 0x7E, 0x0C, 0x01, 0x83, 0x07,
    0xE0, 0xC3, 0xF8, 0x3F, 0xC6, 0x06, 0x01, 0x80, 0xFF, 0xE0, 0x3F, 0xF8, 0x00, 0x06, 0x03, 0xFF,
    0x80, 0xC0, 0x00, 0x3F, 0xF8, 0x0F, 0xFE, 0x00, 0x00, 0x00, 0x00, 0x00, 0x00, 0x01, 0x83, 0xFC,
    0x60, 0xFF, 0x18, 0x30, 0x7E, 0x0C, 0x01, 0x83, 0x07, 0xE0, 0xC1, 0xF8, 0x3F, 0xC6, 0x0F, 0xF1,
    0x80, 0x20, 0x40, 0x18, 0x60, 0x07, 0x18, 0x01, 0xC7, 0x00, 0xFB, 0xC0, 0xF7, 0x9C, 0x10, 0xC3,
    0x00, 0x00, 0x00, 0x00, 0x00, 0x00, 0x01, 0x83, 0xFC, 0x60, 0xFF, 0x18, 0x30, 0x7E, 0x0C, 0x01,
    0x83, 0x03, 0xE0, 0xC1, 0xF8, 0x3F, 0xE6, 0x0F, 0xF1, 0x80, 0x00, 0x60, 0x0F, 0xE0, 0x0F, 0xFE,
    0x03, 0x01, 0x80, 0xC0, 0x60, 0x3C, 0x78, 0x07, 0xF8, 0x00, 0x00, 0x00, 0x00, 0x00, 0x00, 0x0D,
    0x80, 0x03, 0x60, 0xFC, 0xD8, 0x30, 0x36, 0x0C, 0x7D, 0x83, 0x1F, 0x60, 0xC0, 0xD8, 0x31, 0xF6,
    0x0C, 0x7D, 0x83, 0x03, 0x60, 0xFE, 0xD8, 0x3F, 0xB6, 0x00, 0x0D, 0x80, 0x03, 0x60, 0x00, 0xD8,
    0x00, 0x06, 0x00, 0x00, 0x00, 0x00, 0x00, 0x00, 0x01, 0x80, 0x03, 0x60, 0xFC, 0xD8, 0x3F, 0x36,
    0x0C, 0x7D, 0x83, 0x0F, 0x60, 0xC0, 0xD8, 0x31, 0xF6, 0x0C, 0x2D, 0x83, 0xFB, 0x60, 0xFC, 0xD8,
    0x04, 0x36, 0x03, 0x05, 0x80, 0xC0, 0x00, 0x30, 0x00, 0x0F, 0xFF, 0x03, 0xFF, 0xC0, 0x00, 0x00,
    0x00, 0x00, 0x01, 0xFF, 0xE0, 0x7F, 0xF8, 0x18, 0x00, 0x06, 0x00, 0x01, 0x80, 0x00, 0x60, 0x00,
    0x18, 0x00, 0x07, 0xFF, 0x80, 0xFF, 0xE0, 0x03, 0x00, 0x00, 0xC0, 0x00, 0x30, 0x07, 0xFF, 0xF9,
    0xFF, 0xFE, 0x00, 0x00, 0x00, 0x00, 0x00, 0x00, 0x00, 0x03, 0xFF, 0x01, 0xFF, 0xE0, 0x60, 0x00,
    0x18, 0x00, 0x06, 0x00, 0x01, 0xFF, 0xE0, 0x7F, 0xF8, 0x00, 0xC0, 0x1F, 0xFF, 0xE3, 0xFF, 0xF0,
    0x00, 0x00, 0x1F, 0xFE, 0x03, 0xFF, 0x80, 0x00, 0x60, 0x00, 0x18, 0x00, 0x06, 0x00, 0x01, 0x80,
    0x00, 0x00, 0x00, 0x00, 0x01, 0xFF, 0xE0, 0x7F, 0xF0, 0x18, 0x00, 0x06, 0x00, 0x01, 0xFF, 0xE0,
    0x7F, 0xF8, 0x00, 0xC0, 0x00, 0x30, 0x07, 0xFF, 0xF8, 0x00, 0x00, 0x18, 0x00, 0x06, 0x00, 0x01,
    0x80, 0x00, 0x60, 0x00, 0x1F, 0xFE, 0x03, 0xFF, 0x80, 0x00, 0x00, 0x03, 0xFF, 0x01, 0xFF, 0xE0,
    0x60, 0x00, 0x18, 0x00, 0x07, 0x00, 0x01, 0xFF, 0xE0, 0x03, 0x00, 0x00, 0xC0, 0x1F, 0xFF, 0xE2,
    0x00, 0x10, 0x02, 0x10, 0x1F, 0xFE, 0x06, 0x00, 0x01, 0x80, 0x00, 0x60, 0x00, 0x1F, 0xFE, 0x07,
    0xFF, 0x80, 0x00, 0x00, 0x07, 0xFF, 0x01, 0xFF, 0xC0, 0x60, 0x00, 0x18, 0x00, 0x07, 0xFF, 0x01,
    0xFF, 0xC0, 0x03, 0x00, 0x7F, 0xFF, 0x1F, 0xFF, 0xC0, 0x00, 0x00, 0x7F, 0xF0, 0x00, 0x0C, 0x07,
    0xFF, 0x01, 0xFF, 0xC0, 0x60, 0x00, 0x1F, 0xFE, 0x07, 0xFF, 0x80, 0x00, 0x00, 0x03, 0xFF, 0x01,
    0xFF, 0xE0, 0x60, 0x00, 0x18, 0x00, 0x07, 0xFF, 0x81, 0xFF, 0xE0, 0x03, 0x00, 0x7F, 0xFF, 0x1F,
    0xFF, 0xC0, 0x00, 0x00, 0x7D, 0xF8, 0x03, 0x66, 0x07, 0xD9, 0x81, 0xF6, 0x60, 0x61, 0x98, 0x1F,
    0xFE, 0x07, 0xDF, 0x80, 0x00, 0x00, 0x07, 0xFF, 0x01, 0xFF, 0xC0, 0x60, 0x00, 0x1F, 0xFC, 0x07,
    0xFF, 0x00, 0x18, 0x01, 0xFF, 0xFC, 0x7F, 0xFF, 0x00, 0x00, 0x01, 0xF1, 0x80, 0x0C, 0x60, 0x1F,
    0x38, 0x07, 0xCF, 0x01, 0x87, 0xE0, 0x7F, 0x98, 0x1F, 0x42, 0x00, 0x00, 0x00, 0x00, 0x00, 0x03,
    0xFF, 0x01, 0xFF, 0xE0, 0x60, 0x00, 0x18, 0x00, 0x07, 0xFF, 0x01, 0xFF, 0xE0, 0x03, 0x00, 0x00,
    0xC0, 0x1F, 0xFF, 0xC3, 0xFF, 0xF0, 0x3F, 0xF0, 0x1F, 0xFE, 0x06, 0x01, 0x81, 0x80, 0x60, 0x60,
    0x18, 0x1F, 0xFE, 0x07, 0xFF, 0x80, 0x00, 0x00, 0x03, 0xFF, 0x01, 0xFF, 0xE0, 0x60, 0x00, 0x18,
    0x00, 0x07, 0xFF, 0x01, 0xFF, 0xE0, 0x03, 0x00, 0x3F, 0xDF, 0x1F, 0xFF, 0xC0, 0x00, 0x00, 0x60,
    0x18, 0x1F, 0xFE, 0x07, 0xFF, 0x81, 0x80, 0x60, 0x60, 0x18, 0x1F, 0xFE, 0x07, 0xFF, 0x80, 0x00,
    0x00, 0x03, 0xFF, 0x01, 0xFF, 0xE0, 0x60, 0x00, 0x18, 0x00, 0x06, 0x00, 0x01, 0xFF, 0xE0, 0x7F,
    0xF8, 0x00, 0xC0, 0x0F, 0xFF, 0xE3, 0xFF, 0xF8, 0x01, 0x00, 0x00, 0xC0, 0x00, 0x38, 0x00, 0x1F,
    0x00, 0x1C, 0xF0, 0x1E, 0x1F, 0x06, 0x01, 0x80, 0x00, 0x00, 0x00, 0x00, 0x01, 0xFF, 0xC0, 0x60,
    0x00, 0x18, 0x00, 0x06, 0x00, 0x01, 0xFF, 0xE0, 0x7F, 0xF0, 0x00, 0xC0, 0x1F, 0xFF, 0xC3, 0xC1,
    0xF0, 0x0F, 0x80, 0x0F, 0xF8, 0x07, 0x07, 0x01, 0x80, 0xC0, 0x60, 0x30, 0x0F, 0xF8, 0x01, 0xF8,
    0x00, 0x00, 0x00, 0x03, 0xFF, 0x01, 0xFF, 0xE0, 0x60, 0x00, 0x18, 0x00, 0x07, 0xFF, 0x81, 0xFF,
    0xE0, 0x03, 0x00, 0x7F, 0xFF, 0x1F, 0xFF, 0xC0, 0x0C, 0x00, 0x3F, 0xF0, 0x1F, 0xFC, 0x00, 0x70,
    0x00, 0x1E, 0x00, 0x3D, 0xE0, 0x1E, 0x1E, 0x04, 0x01, 0x00, 0x00, 0x00, 0x07, 0xFF, 0x01, 0xFF,
    0xC0, 0x60, 0x00, 0x18, 0x00, 0x07, 0xFF, 0x81, 0xFF, 0xE0, 0x03, 0x00, 0x7F, 0xFF, 0x1F, 0xFF,
    0xC0, 0x00, 0x00, 0x7F, 0xF0, 0x18, 0x00, 0x07, 0xFF, 0x01, 0xFF, 0xC0, 0x60, 0x00, 0x1F, 0xFE,
    0x07, 0xFF, 0x80, 0x00, 0x00, 0x00, 0x03, 0x01, 0xFC, 0xC0, 0xFF, 0xB0, 0x30, 0x0C, 0x0C, 0x03,
    0x03, 0x00, 0xC0, 0xC0, 0x3C, 0x3F, 0xEF, 0x07, 0xF3, 0x00, 0x30, 0xC0, 0x0C, 0x30, 0x7F, 0xFC,
    0x1F, 0xF3, 0x00, 0x00, 0xC0, 0x00, 0x30, 0x00, 0x0C, 0x00, 0x00, 0x00, 0x00, 0x00, 0x00, 0x03,
    0x03, 0xFC, 0xC0, 0xFF, 0x30, 0x30, 0x0C, 0x0C, 0x03, 0x03, 0xFC, 0xF0, 0xFF, 0x3C, 0x06, 0x0C,
    0x0F, 0xFB, 0x07, 0xFE, 0xC0, 0x00, 0x30, 0x18, 0x0C, 0x06, 0x02, 0x01, 0x80, 0x00, 0x7F, 0xF0,
    0x1F, 0xFC, 0x00, 0x00, 0x00, 0x00, 0x00, 0x00, 0x03, 0x03, 0xFC, 0xC0, 0xC0, 0x30, 0x30, 0x0F,
    0x0F, 0xF3, 0xC3, 0xFC, 0xC0, 0x18, 0xB0, 0x7F, 0xEC, 0x1E, 0x03, 0x01, 0xFF, 0xC0, 0x7F, 0xF0,
    0x00, 0x0C, 0x07, 0xFF, 0x01, 0x80, 0x00, 0x7F, 0xF0, 0x1F, 0xFE, 0x00, 0x00, 0x00, 0x00, 0x00,
    0x00, 0x09, 0x83, 0xFB, 0x60, 0xFE, 0xD8, 0x30, 0x36, 0x0C, 0x0D, 0x83, 0x02, 0x60, 0xC1, 0xF8,
    0x3F, 0xFE, 0x03, 0x9D, 0x80, 0x63, 0x60, 0x19, 0xD8, 0x7F, 0xF6, 0x1F, 0xDD, 0x80, 0x03, 0x60,
    0x00, 0xD8, 0x00, 0x06, 0x00, 0x00, 0x00, 0x00, 0x00, 0x00, 0x0D, 0x83, 0xFB, 0x60, 0xFE, 0xD8,
    0x30, 0x36, 0x0C, 0x0F, 0x83, 0xFB, 0xE0, 0x7E, 0xD8, 0x06, 0x36, 0x1F, 0xFD, 0x87, 0xFB, 0x60,
    0x18, 0x60, 0x06, 0x18, 0x01, 0xC6, 0x00, 0xF3, 0xC0, 0xE7, 0x9C, 0x30, 0xC3, 0x00, 0x00, 0x00,
    0x00, 0x00, 0x00, 0x03, 0x01, 0xFE, 0xC0, 0xFF, 0xB0, 0x30, 0x0C, 0x0C, 0x03, 0x03, 0x00, 0xC0,
    0xC0, 0x30, 0x3F, 0xEC, 0x07, 0xF3, 0x00, 0x30, 0xC0, 0x0C, 0x30, 0x7F, 0xFC, 0x1F, 0xFB, 0x00,
    0x00, 0xC0, 0x00, 0x30, 0x00, 0x0C, 0x00, 0x00, 0x00, 0x00, 0x00, 0x00, 0x01, 0x81, 0xFE, 0x60,
    0x7F, 0x18, 0x18, 0x06, 0x06, 0x01, 0x81, 0xFE, 0x60, 0x7F, 0x98, 0x02, 0x06, 0x0F, 0xFD, 0x87,
    0xFF, 0x60, 0x00, 0x18, 0x0C, 0x06, 0x03, 0x00, 0x00, 0xC0, 0x00, 0x3F, 0xF8, 0x0F, 0xFE, 0x00,
    0x00, 0x00, 0x00, 0x00, 0x00, 0x01, 0x81, 0xFE, 0x60, 0x60, 0x18, 0x18, 0x06, 0x07, 0xF9, 0x81,
    0xFC, 0x60, 0x0C, 0xD8, 0x7F, 0xF6, 0x0E, 0x01, 0x80, 0xFF, 0xE0, 0x3F, 0xF8, 0x00, 0x06, 0x03,
    0xFF, 0x80, 0xC0, 0x00, 0x3F, 0xF8, 0x0F, 0xFE, 0x00, 0x00, 0x00, 0x00, 0x00, 0x00, 0x01, 0x81,
    0xFE, 0x60, 0x6F, 0x18, 0x18, 0x06, 0x07, 0xF1, 0x81, 0xFE, 0x60, 0x0C, 0x18, 0x07, 0xF6, 0x1F,
    0xFD, 0x80, 0x00, 0x60, 0x3F, 0xF8, 0x0F, 0xFE, 0x03, 0x01, 0x80, 0xC0, 0x60, 0x3F, 0xF8, 0x0F,
    0xFE, 0x00, 0x00, 0x00, 0x00, 0x00, 0x00, 0x01, 0x81, 0xFE, 0x60, 0x60, 0x18, 0x18, 0x06, 0x07,
    0xF1, 0x81, 0xFE, 0x60, 0x0C, 0x18, 0x3F, 0xF6, 0x1F, 0xFD, 0x80, 0x00, 0x00, 0x30, 0x18, 0x0F,
    0xFE, 0x03, 0xFF, 0x80, 0xC0, 0x60, 0x3F, 0xF8, 0x0F, 0xFE, 0x00, 0x00, 0x00, 0x00, 0x00, 0x00,
    0x01, 0x81, 0xFE, 0x60, 0x60, 0x18, 0x18, 0x06, 0x06, 0x01, 0x81, 0xFE, 0x60, 0x5C, 0x18, 0x03,
    0x36, 0x1F, 0xFD, 0x83, 0xF0, 0x60, 0x03, 0x18, 0x00, 0xC0, 0x00, 0x78, 0x00, 0x3F, 0x80, 0x7C,
    0x78, 0x1C, 0x06, 0x00, 0x00, 0x00, 0x00, 0x00, 0x00, 0x00, 0x01, 0xFF, 0xE0, 0x7F, 0xF8, 0x18,
    0x00, 0x06, 0x00, 0x01, 0x80, 0x00, 0x60, 0x00, 0x18, 0x00, 0x07, 0xFF, 0x81, 0xFF, 0xE0, 0x18,
    0x60, 0x07, 0x38, 0x01, 0x86, 0x07, 0xFF, 0xF9, 0xFF, 0xFE, 0x00, 0x00, 0x00, 0x00, 0x00, 0x00,
    0x00, 0x07, 0xFF, 0x81, 0xFF, 0xC0, 0x60, 0x00, 0x18, 0x00, 0x06, 0x00, 0x01, 0xFF, 0xE0, 0x3F,
    0xF8, 0x00, 0x00, 0x1F, 0xFF, 0xE7, 0xFF, 0xF8, 0x03, 0x00, 0x00, 0xC0, 0x00, 0x30, 0x00, 0x0C,
    0x00, 0x03, 0x00, 0x00, 0xC0, 0x00, 0x00, 0x00, 0x00, 0x00, 0x03, 0xFF, 0x01, 0xFF, 0xE0, 0x60,
    0x00, 0x18, 0x00, 0x06, 0x00, 0x01, 0xFF, 0xE0, 0x00, 0x00, 0x00, 0x00, 0x1F, 0xFF, 0xE0, 0x0C,
    0x00, 0x03, 0x00, 0x1F, 0xFE, 0x03, 0xFF, 0x80, 0x00, 0x60, 0x00, 0x18, 0x00, 0x06, 0x00, 0x01,
    0x80, 0x00, 0x00, 0x00, 0x00, 0x01, 0xFF, 0xE0, 0x7F, 0xF0, 0x18, 0x00, 0x06, 0x00, 0x01, 0xFF,
    0xE0, 0x7F, 0xF8, 0x00, 0x00, 0x1F, 0xFF, 0xE7, 0xFF, 0xF8, 0x03, 0x00, 0x18, 0xC0, 0x06, 0x30,
    0x01, 0x80, 0x00, 0x7F, 0xF0, 0x1F, 0xFE, 0x00, 0x00, 0x00, 0x00, 0x00, 0x07, 0xFF, 0x01, 0xFF,
    0xC0, 0x60, 0x00, 0x18, 0x00, 0x07, 0xFF, 0x81, 0xFF, 0xE0, 0x00, 0x00, 0x7F, 0xFF, 0x00, 0x30,
    0x01, 0xFD, 0x80, 0x7F, 0xF0, 0x00, 0x0C, 0x07, 0xFF, 0x01, 0xFF, 0xC0, 0x60, 0x00, 0x1F, 0xFE,
    0x07, 0xFF, 0x80, 0x00, 0x00, 0x07, 0xFF, 0x01, 0xFF, 0xC0, 0x60, 0x00, 0x18, 0x00, 0x06, 0x00,
    0x01, 0xFF, 0xC0, 0x3F, 0xF0, 0x3F, 0xFF, 0x1F, 0xFF, 0xC0, 0x0C, 0x00, 0x03, 0x00, 0x1F, 0xFC,
    0x06, 0x03, 0x01, 0x80, 0xC0, 0x60, 0x30, 0x1F, 0xFC, 0x07, 0xFF, 0x00, 0x00, 0x00, 0x03, 0xFF,
    0x01, 0xFF, 0xE0, 0x60, 0x00, 0x18, 0x00, 0x07, 0xFF, 0x81, 0xFF, 0xE0, 0x00, 0x00, 0x7F, 0xFF,
    0x9F, 0xFF, 0xE0, 0x0C, 0x00, 0x63, 0x18, 0x1C, 0xCE, 0x07, 0xFF, 0x81, 0x80, 0x60, 0x60, 0x18,
    0x1F, 0xFE, 0x07, 0xFF, 0x80, 0x00, 0x00, 0x03, 0xFF, 0x01, 0xFF, 0xE0, 0x60, 0x00, 0x18, 0x00,
    0x06, 0x00, 0x01, 0xFF, 0xE0, 0x00, 0x00, 0x7F, 0xFF, 0x1F, 0xFF, 0xC0, 0x0C, 0x00, 0x03, 0x00,
    0x00, 0xC0, 0x00, 0x70, 0x00, 0x3E, 0x00, 0x3D, 0xF0, 0x1E, 0x1E, 0x04, 0x00, 0x80, 0x00, 0x00,
    0x00, 0x00, 0x01, 0xFF, 0xC0, 0x60, 0x00, 0x18, 0x00, 0x06, 0x00, 0x01, 0xFF, 0xC0, 0x3F, 0xF0,
    0x20, 0x02, 0x1F, 0xFF, 0xC0, 0x0C, 0x00, 0x0F, 0x80, 0x0F, 0xF8, 0x07, 0x07, 0x01, 0x80, 0xC0,
    0x70, 0x30, 0x0F, 0xF8, 0x00, 0xF8, 0x00, 0x00, 0x00, 0x00, 0x01, 0x81, 0xFE, 0x60, 0x69, 0x18,
    0x18, 0x06, 0x06, 0x01, 0x81, 0xFE, 0x60, 0x7F, 0x98, 0x00, 0x06, 0x1F, 0xFD, 0x83, 0xFC, 0x60,
    0x0C, 0x18, 0x03, 0x7E, 0x00, 0xC1, 0x80, 0x30, 0x60, 0x0C, 0x18, 0x02, 0x06, 0x00, 0x00, 0x00,
    0x00, 0x00, 0x07, 0xF1, 0x81, 0xFC, 0x60, 0x60, 0x18, 0x1A, 0x06, 0x07, 0xF1, 0x80, 0x00, 0x61,
    0xFF, 0xD8, 0x7F, 0xE6, 0x01, 0x9F, 0x80, 0x63, 0xE0, 0x18, 0x20, 0x06, 0x18, 0x01, 0x87, 0x00,
    0xF3, 0xC0, 0xE7, 0x9C, 0x30, 0xC3, 0x00, 0x00, 0x00, 0x00, 0x00, 0x00, 0x0D, 0x83, 0xFB, 0x60,
    0xFE, 0xD8, 0x30, 0x36, 0x0C, 0x0D, 0x83, 0xFB, 0x60, 0xFE, 0xD8, 0x00, 0x36, 0x1F, 0xED, 0x87,
    0xF3, 0x60, 0x37, 0xD8, 0x0D, 0xF6, 0x03, 0x0D, 0x80, 0xC3, 0x60, 0x30, 0xD8, 0x00, 0x06, 0x00,
    0x00, 0x00, 0x00, 0x00, 0x00, 0x0D, 0x83, 0xFB, 0x60, 0xC0, 0xD8, 0x30, 0x36, 0x0F, 0xED, 0x81,
    0xFB, 0x61, 0xFF, 0xD8, 0x7F, 0xB6, 0x01, 0xBD, 0x80, 0x6F, 0x60, 0x1F, 0xD8, 0x0F, 0xFC, 0x03,
    0x03, 0x81, 0xC0, 0x60, 0x3C, 0x78, 0x07, 0xFC, 0x00, 0x00, 0x00, 0x00, 0x00, 0x00, 0x01, 0x81,
    0xFE, 0x60, 0x60, 0x18, 0x18, 0x06, 0x06, 0x01, 0x81, 0xFE, 0x60, 0x7F, 0x98, 0x00, 0x06, 0x1F,
    0xFD, 0x87, 0xFF, 0x60, 0x0C, 0x18, 0x03, 0x06, 0x00, 0xC1, 0x80, 0x30, 0x60, 0x0C, 0x18, 0x02,
    0x06, 0x00, 0x00, 0x00, 0x00, 0x00, 0x00, 0x03, 0x01, 0xFE, 0xC0, 0x7F, 0x30, 0x18, 0x0C, 0x06,
    0x03, 0x01, 0xFE, 0xC0, 0x7F, 0x30, 0x21, 0xFC, 0x1F, 0xFF, 0x00, 0x70, 0xC0, 0x0C, 0x30, 0x1A,
    0x0C, 0x06, 0x00, 0x01, 0x80, 0x00, 0x7F, 0xF8, 0x1F, 0xFE, 0x00, 0x00, 0x00, 0x00, 0x00, 0x07,
    0xF3, 0x01, 0xFC, 0xC0, 0x60, 0x30, 0x18, 0x0C, 0x07, 0xF3, 0x00, 0x04, 0xC1, 0xFF, 0xF0, 0x7F,
    0xEC, 0x00, 0xC3, 0x01, 0xFF, 0xC0, 0x3F, 0xF0, 0x00, 0x0C, 0x07, 0xFF, 0x01, 0xC0, 0x00, 0x7F,
    0xF8, 0x1F, 0xFE, 0x00, 0x00, 0x00, 0x00, 0x00, 0x07, 0xF3, 0x01, 0xFC, 0xC0, 0x60, 0x30, 0x18,
    0x0C, 0x07, 0xFB, 0x01, 0xFC, 0xC0, 0x03, 0xF0, 0x7F, 0xFC, 0x01, 0xC3, 0x00, 0x30, 0x40, 0x60,
    0x10, 0x1F, 0xFC, 0x07, 0xFF, 0x01, 0x80, 0xC0, 0x7F, 0xB0, 0x1F, 0xFC, 0x00, 0x00, 0x00, 0x00,
    0x00, 0x07, 0xF3, 0x01, 0xFE, 0xC0, 0x60, 0x30, 0x18, 0x0C, 0x07, 0xFB, 0x01, 0xFE, 0xC0, 0x00,
    0x30, 0x7F, 0xFC, 0x1F, 0xFB, 0x00, 0x60, 0xC0, 0x1B, 0x30, 0x02, 0xC4, 0x00, 0x38, 0x00, 0x3F,
    0x80, 0x7C, 0x78, 0x1C, 0x06, 0x00, 0x00, 0x00, 0x00, 0x00, 0x00, 0x03, 0x01, 0xFE, 0xC0, 0x60,
    0x30, 0x18, 0x0C, 0x07, 0xF3, 0x01, 0xFE, 0xC0, 0x00, 0xB0, 0x7F, 0xFC, 0x1F, 0xF3, 0x00, 0x30,
    0xC0, 0x1F, 0xE0, 0x0F, 0xFC, 0x03, 0x03, 0x01, 0xC0, 0xC0, 0x3C, 0xF0, 0x07, 0xF8, 0x00, 0x00,
    0x00, 0x00, 0x00, 0x00, 0x00, 0x01, 0xFF, 0xE0, 0x7F, 0xF0, 0x18, 0x00, 0x06, 0x00, 0x01, 0x80,
    0x00, 0x7F, 0xF8, 0x0F, 0xFC, 0x00, 0x00, 0x07, 0xFF, 0xF1, 0xFF, 0xFE, 0x06, 0x18, 0x01, 0x86,
    0x00, 0x61, 0x80, 0x18, 0x60, 0x06, 0x18, 0x01, 0x86, 0x00, 0x00, 0x00, 0x00, 0x00, 0x01, 0xFF,
    0xE0, 0x7F, 0xF0, 0x18, 0x00, 0x06, 0x00, 0x01, 0xFF, 0xE0, 0x7F, 0xF8, 0x00, 0x00, 0x0F, 0xFF,
    0xE3, 0xFF, 0xF0, 0x06, 0x60, 0x19, 0x98, 0x06, 0x66, 0x01, 0x80, 0x00, 0x7F, 0xF0, 0x1F, 0xFE,
    0x00, 0x00, 0x00, 0x00, 0x00, 0x07, 0xFF, 0x01, 0xFF, 0xC0, 0x60, 0x00, 0x18, 0x00, 0x07, 0xFF,
    0x81, 0xFF, 0xC1, 0xC0, 0x0C, 0x7F, 0xFF, 0x01, 0x8C, 0x00, 0x63, 0x00, 0x7F, 0xF0, 0x00, 0x0C,
    0x07, 0xFF, 0x01, 0xFF, 0xC0, 0x60, 0x00, 0x1F, 0xFE, 0x07, 0xFF, 0x80, 0x00, 0x00, 0x07, 0xFF,
    0x01, 0xFF, 0xC0, 0x60, 0x00, 0x18, 0x00, 0x06, 0x00, 0x01, 0xFF, 0xC0, 0x7F, 0xF0, 0x3F, 0xFF,
    0x1F, 0xFF, 0xC0, 0x63, 0x00, 0x18, 0xC0, 0x1F, 0xFC, 0x06, 0x03, 0x01, 0x80, 0xC0, 0x60, 0x30,
    0x1F, 0xFC, 0x07, 0xFF, 0x00, 0x00, 0x00, 0x03, 0xFF, 0x01, 0xFF, 0xC0, 0x60, 0x00, 0x18, 0x00,
    0x06, 0x00, 0x01, 0xFF, 0xC0, 0x3F, 0xF0, 0x7F, 0xFF, 0x1F, 0xFF, 0xC0, 0x63, 0x00, 0x1F, 0xC0,
    0x0F, 0xF8, 0x07, 0x07, 0x01, 0x80, 0xC0, 0x70, 0x30, 0x0F, 0xF8, 0x00, 0xF8, 0x00, 0x00, 0x00,
    0x00, 0x00, 0x00, 0xFF, 0xE0, 0x7F, 0xF8, 0x1C, 0x00, 0x06, 0x00, 0x01, 0x80, 0x00, 0x60, 0x00,
    0x18, 0x00, 0x07, 0xFF, 0x81, 0xFF, 0xF0, 0x00, 0x00, 0x00, 0x00, 0x00, 0x00, 0x03, 0xFF, 0xF9,
    0xFF, 0xFF, 0x00, 0x00, 0x00, 0x00, 0x00, 0x00, 0x00, 0x03, 0xFF, 0x01, 0xFF, 0xE0, 0x60, 0x00,
    0x18, 0x00, 0x06, 0x00, 0x01, 0xFF, 0xE0, 0x0F, 0xD0, 0x00, 0x00, 0x1F, 0xFF, 0xC3, 0xFF, 0xF0,
    0x00, 0x00, 0x1F, 0xFE, 0x07, 0xFF, 0x80, 0x00, 0x60, 0x00, 0x38, 0x00, 0x0E, 0x00, 0x01, 0x00,
    0x00, 0x00, 0x07, 0xFF, 0x81, 0xFF, 0xE0, 0x60, 0x00, 0x18, 0x00, 0x06, 0x00, 0x01, 0xFF, 0xE0,
    0x7F, 0xF8, 0x00, 0x00, 0x1F, 0xFF, 0xE7, 0xFF, 0xF8, 0x00, 0x00, 0x18, 0x00, 0x06, 0x00, 0x01,
    0x80, 0x00, 0x7F, 0xF8, 0x1F, 0xFE, 0x00, 0x00, 0x00, 0x00, 0x00, 0x07, 0xFF, 0x01, 0xFF, 0xE0,
    0x60, 0x00, 0x18, 0x00, 0x07, 0xFF, 0x01, 0xFF, 0xE0, 0x00, 0x00, 0x3F, 0xFF, 0x1F, 0xFF, 0xC0,
    0x00, 0x00, 0x3F, 0xF0, 0x1F, 0xFE, 0x06, 0x00, 0x01, 0x80, 0x00, 0x60, 0x00, 0x1F, 0xFE, 0x07,
    0xFF, 0x80, 0x00, 0x00, 0x03, 0xFF, 0x01, 0xFF, 0xE0, 0x60, 0x00, 0x18, 0x00, 0x07, 0xFF, 0x81,
    0xFF, 0xE0, 0x00, 0x00, 0x7F, 0xFF, 0x00, 0x00, 0x01, 0xFF, 0xC0, 0x7F, 0xF8, 0x00, 0x06, 0x07,
    0xFF, 0x81, 0xFF, 0xC0, 0x60, 0x00, 0x1F, 0xFE, 0x07, 0xFF, 0x80, 0x00, 0x00, 0x07, 0xFF, 0x01,
    0xFF, 0xE0, 0x60, 0x00, 0x18, 0x00, 0x07, 0xFF, 0x81, 0xFF, 0xE0, 0x00, 0x00, 0x7F, 0xFF, 0x08,
    0x30, 0xC1, 0xF7, 0xC0, 0x7F, 0xF8, 0x01, 0x66, 0x07, 0xF9, 0x81, 0xF6, 0x60, 0x61, 0x98, 0x1F,
    0xFE, 0x07, 0xDF, 0x80, 0x00, 0x00, 0x07, 0xFF, 0x01, 0xFF, 0xE0, 0x60, 0x00, 0x18, 0x00, 0x06,
    0x01, 0x01, 0xFF, 0xE0, 0x00, 0x00, 0x3F, 0xFF, 0x1F, 0xFF, 0xC0, 0x00, 0x00, 0x3F, 0xF0, 0x1F,
    0xFE, 0x06, 0x03, 0x81, 0x80, 0x60, 0x60, 0x18, 0x1F, 0xFE, 0x07, 0xFF, 0x00, 0x00, 0x00, 0x07,
    0xFF, 0x01, 0xFF, 0xE0, 0x60, 0x00, 0x18, 0x00, 0x07, 0xFF, 0x81, 0xFF, 0xE0, 0x00, 0x00, 0x7F,
    0xFF, 0x1F, 0xFF, 0xC0, 0x00, 0x00, 0x60, 0x10, 0x1F, 0xFE, 0x07, 0xFF, 0x81, 0x80, 0xE0, 0x60,
    0x38, 0x1F, 0xFE, 0x07, 0xFF, 0x00, 0x00, 0x00, 0x03, 0xFF, 0x01, 0xFF, 0xE0, 0x60, 0x00, 0x18,
    0x00, 0x06, 0x00, 0x01, 0xFF, 0xE0, 0x3F, 0xF0, 0x00, 0x00, 0x1F, 0xFF, 0xC3, 0xFF, 0xF0, 0x03,
    0x00, 0x00, 0xC0, 0x00, 0x70, 0x00, 0x3E, 0x00, 0x3C, 0xF0, 0x3E, 0x1E, 0x04, 0x01, 0x00, 0x00,
    0x00, 0x03, 0xFF, 0x01, 0xFF, 0xE0, 0x60, 0x00, 0x18, 0x00, 0x06, 0x00, 0x01, 0xFF, 0xE0, 0x3F,
    0xF0, 0x20, 0x01, 0x1F, 0xFF, 0xC0, 0x00, 0x00, 0x0F, 0xC0, 0x0F, 0xFC, 0x07, 0x03, 0x01, 0x80,
    0x60, 0x70, 0x30, 0x0F, 0xFC, 0x00, 0xFC, 0x00, 0x00, 0x00, 0x00, 0x01, 0x81, 0xFE, 0x60, 0x7F,
    0x98, 0x18, 0x06, 0x06, 0x01, 0x81, 0x80, 0x60, 0x7F, 0x98, 0x1F, 0xE6, 0x00, 0x01, 0x80, 0x00,
    0x60, 0xFF, 0xD8, 0x7F, 0xF6, 0x08, 0x01, 0x80, 0x00, 0x60, 0x00, 0x18, 0x00, 0x06, 0x00, 0x00,
    0x00, 0x00, 0x00, 0x00, 0x01, 0x83, 0xFC, 0x60, 0xFF, 0x18, 0x30, 0x06, 0x0C, 0x01, 0x83, 0x00,
    0x60, 0xC0, 0x18, 0x30, 0x06, 0x0C, 0x01, 0x83, 0x00, 0x60, 0xFF, 0xD8, 0x3F, 0xF6, 0x00, 0x01,
    0x80, 0x00, 0x60, 0x00, 0x18, 0x00, 0x06, 0x00, 0x00, 0x00, 0x00, 0x00, 0x00, 0x01, 0x83, 0xFC,
    0x60, 0xFF, 0x18, 0x30, 0x06, 0x0C, 0x01, 0x83, 0x00, 0x60, 0xC0, 0x18, 0x3F, 0xF6, 0x0F, 0xF1,
    0x80, 0x00, 0x60, 0x3F, 0xF8, 0x0F, 0xFE, 0x00, 0x01, 0x80, 0x00, 0x60, 0x00, 0x18, 0x00, 0x06,
    0x00, 0x00, 0x00, 0x00, 0x00, 0x00, 0x01, 0x83, 0xFC, 0x60, 0xFF, 0x18, 0x30, 0x06, 0x0C, 0x01,
    0x83, 0x00, 0x60, 0xC0, 0x18, 0x3F, 0xE6, 0x0F, 0xF9, 0x80, 0x00, 0x60, 0x20, 0x18, 0x0C, 0x06,
    0x03, 0x00, 0x00, 0xC0, 0x00, 0x3F, 0xF8, 0x0F, 0xFE, 0x00, 0x00, 0x00, 0x00, 0x00, 0x00, 0x01,
    0x83, 0xFC, 0x60, 0xFF, 0x18, 0x30, 0x06, 0x0C, 0x01, 0x83, 0x00, 0x60, 0xC7, 0xD8, 0x3F, 0xF6,
    0x00, 0x01, 0x80, 0x00, 0x40, 0x3F, 0xF8, 0x0D, 0xF4, 0x03, 0x00, 0x00, 0xC0, 0x00, 0x3F, 0xF8,
    0x0F, 0xFE, 0x00, 0x00, 0x00, 0x00, 0x00, 0x00, 0x01, 0x83, 0xFC, 0x60, 0xFF, 0x18, 0x30, 0x06,
    0x0C, 0x01, 0x83, 0x03, 0x60, 0xFF, 0xD8, 0x3F, 0x86, 0x00, 0x01, 0x80, 0xFF, 0xE0, 0x00, 0x18,
    0x0F, 0xFE, 0x03, 0xFF, 0x80, 0xC0, 0x00, 0x3F, 0xF8, 0x0F, 0xFE, 0x00, 0x00, 0x00, 0x00, 0x00,
    0x00, 0x01, 0x83, 0xFC, 0x60, 0xFF, 0x18, 0x30, 0x06, 0x0C, 0x01, 0x83, 0x00, 0x60, 0xCF, 0xD8,
    0x3F, 0xF6, 0x00, 0x01, 0x80, 0x00, 0x40, 0x3F, 0xF8, 0x0F, 0xFE, 0x03, 0x01, 0x80, 0xC0, 0x60,
    0x3F, 0xF8, 0x0F, 0xFE, 0x00, 0x00, 0x00, 0x00, 0x00, 0x00, 0x01, 0x83, 0xFC, 0x60, 0xFF, 0x18,
    0x30, 0x06, 0x0C, 0x01, 0x83, 0x00, 0x60, 0xFF, 0xD8, 0x3F, 0xF6, 0x00, 0x01, 0x80, 0xC0, 0x40,
    0x30, 0x18, 0x0F, 0xFE, 0x03, 0xFF, 0x80, 0xC0, 0x60, 0x3F, 0xF8, 0x0F, 0xFE, 0x00, 0x00, 0x00,
    0x00, 0x00, 0x00, 0x01, 0x83, 0xFC, 0x60, 0xFF, 0x18, 0x30, 0x06, 0x0C, 0x01, 0x83, 0x00, 0x60,
    0xC0, 0x18, 0x3F, 0xF6, 0x0F, 0xF9, 0x80, 0x04, 0x60, 0x03, 0x18, 0x00, 0xE0, 0x00, 0x78, 0x00,
    0x3B, 0x80, 0x7C, 0x78, 0x1C, 0x06, 0x00, 0x00, 0x00, 0x00, 0x00, 0x00, 0x01, 0x83, 0xFC, 0x60,
    0xFF, 0x18, 0x30, 0x06, 0x0C, 0x01, 0x83, 0x00, 0x60, 0xC3, 0xD8, 0x3F, 0xF6, 0x06, 0x01, 0x80,
    0x21, 0xC0, 0x18, 0x60, 0x06, 0x18, 0x01, 0xC7, 0x00, 0xF3, 0xE0, 0xE7, 0x9C, 0x30, 0xC3, 0x00,
    0x00, 0x00, 0x00, 0x00, 0x00, 0x01, 0x83, 0xFC, 0x60, 0xFF, 0x18, 0x30, 0x06, 0x0C, 0x01, 0x83,
    0x00, 0x60, 0xC0, 0xD8, 0x3F, 0xF6, 0x07, 0xE1, 0x80, 0x00, 0x60, 0x1F, 0xE0, 0x0F, 0xFC, 0x03,
    0x01, 0x80, 0xC0, 0x60, 0x3F, 0xF0, 0x07, 0xF8, 0x00, 0x00, 0x00, 0x00, 0x00, 0x00, 0x01, 0x83,
    0xFC, 0x60, 0xFF, 0x18, 0x30, 0x06, 0x0C, 0x01, 0x83, 0x00, 0x60, 0xFF, 0xD8, 0x3F, 0xF6, 0x00,
    0x01, 0x80, 0x00, 0x60, 0x3F, 0xF8, 0x06, 0xEC, 0x00, 0x38, 0x00, 0x3F, 0x80, 0x3C, 0x78, 0x0C,
    0x0E, 0x00, 0x00, 0x00, 0x00, 0x00, 0x00, 0x03, 0x03, 0xDE, 0xC0, 0xFF, 0xB0, 0x31, 0x8C, 0x0C,
    0x63, 0x03, 0x18, 0xC0, 0xC6, 0x3C, 0x31, 0x8F, 0x0C, 0x63, 0x03, 0x18, 0xC0, 0xFF, 0xF0, 0x3F,
    0xFC, 0x00, 0x03, 0x00, 0x00, 0xC0, 0x00, 0x30, 0x00, 0x0C, 0x00, 0x00, 0x00, 0x00, 0x00, 0x00,
    0x03, 0x03, 0xDE, 0xC0, 0xFF, 0xB0, 0x31, 0x0C, 0x0C, 0xE3, 0xC3, 0x18, 0xF0, 0xCE, 0x30, 0x3F,
    0xFC, 0x0F, 0x7B, 0x00, 0x00, 0x40, 0x7F, 0xF0, 0x1F, 0xFC, 0x00, 0x03, 0x00, 0x00, 0xC0, 0x00,
    0x30, 0x00, 0x0C, 0x00, 0x00, 0x00, 0x00, 0x00, 0x00, 0x03, 0x03, 0xDE, 0xC0, 0xFF, 0xB0, 0x31,
    0x8C, 0x0C, 0x63, 0x83, 0x38, 0xF0, 0xC4, 0x30, 0x3F, 0xFC, 0x0F, 0xFF, 0x00, 0x00, 0xC0, 0x20,
    0x30, 0x1C, 0x0C, 0x07, 0x00, 0x01, 0xC0, 0x00, 0x7F, 0xF8, 0x0F, 0xFE, 0x00, 0x00, 0x00, 0x00,
    0x00, 0x00, 0x03, 0x03, 0xDE, 0xC0, 0xFF, 0xB0, 0x31, 0x0F, 0x0C, 0x63, 0xC3, 0x30, 0xC0, 0xFF,
    0xF0, 0x3D, 0xEC, 0x00, 0x03, 0x01, 0xFF, 0xC0, 0x00, 0x30, 0x0F, 0xFC, 0x07, 0xFF, 0x01, 0x80,
    0x00, 0x7F, 0xF8, 0x1F, 0xFE, 0x00, 0x00, 0x00, 0x00, 0x00, 0x00, 0x03, 0x03, 0xDE, 0xC0, 0xFF,
    0xB0, 0x31, 0x0E, 0x0C, 0xE3, 0xC3, 0x18, 0xE0, 0xCE, 0x30, 0x3F, 0xFC, 0x0E, 0x7B, 0x00, 0x00,
    0x40, 0x7F, 0xF0, 0x1F, 0xFC, 0x06, 0x03, 0x01, 0x80, 0xC0, 0x7F, 0xF0, 0x1F, 0xFC, 0x00, 0x00,
    0x00, 0x00, 0x00, 0x00, 0x03, 0x03, 0xDE, 0xC0, 0xFF, 0xB0, 0x31, 0x0E, 0x0C, 0xE3, 0xC3, 0x10,
    0xE0, 0xFF, 0xF0, 0x3F, 0xFC, 0x00, 0x03, 0x00, 0x80, 0x40, 0x60, 0x30, 0x1F, 0xFC, 0x07, 0xFF,
    0x01, 0x80, 0xC0, 0x7F, 0xF0, 0x1F, 0xFC, 0x00, 0x00, 0x00, 0x00, 0x00, 0x00, 0x03, 0x03, 0xDE,
    0xC0, 0xFF, 0xB0, 0x31, 0x0C, 0x0C, 0x63, 0xC3, 0x18, 0xF0, 0xCC, 0x30, 0x3F, 0xFC, 0x0F, 0x7B,
    0x00, 0x00, 0xC0, 0x03, 0x30, 0x00, 0xC0, 0x00, 0x78, 0x00, 0x37, 0x00, 0x78, 0xF8, 0x1C, 0x0E,
    0x00, 0x00, 0x00, 0x00, 0x00, 0x00, 0x03, 0x03, 0xDE, 0xC0, 0xFF, 0xB0, 0x31, 0x0C, 0x0C, 0xE3,
    0xC3, 0x18, 0xF0, 0xCE, 0x30, 0x3F, 0xFC, 0x0E, 0x7B, 0x00, 0x01, 0x80, 0x18, 0x60, 0x06, 0x18,
    0x03, 0x8E, 0x00, 0xF3, 0xC0, 0xE7, 0x9C, 0x30, 0xC2, 0x00, 0x00, 0x00, 0x00, 0x00, 0x00, 0x03,
    0x03, 0xDE, 0xC0, 0xFF, 0xB0, 0x31, 0x0C, 0x0C, 0xE3, 0xC3, 0x18, 0xF0, 0xCE, 0x30, 0x3F, 0xFC,
    0x0F, 0x7B, 0x00, 0x00, 0xC0, 0x1F, 0xE0, 0x0F, 0xFC, 0x06, 0x03, 0x01, 0x80, 0xC0, 0x3F, 0xF0,
    0x07, 0xF8, 0x00, 0x00, 0x00, 0x00, 0x00, 0x00, 0x03, 0x03, 0xDE, 0xC0, 0xC6, 0x30, 0x33, 0x8F,
    0x0C, 0x43, 0xC3, 0xFF, 0xC0, 0xFF, 0xF0, 0x00, 0x8C, 0x00, 0x30, 0x01, 0xFF, 0xE0, 0x7F, 0xF8,
    0x03, 0xF0, 0x03, 0xFE, 0x00, 0xC1, 0x80, 0x3C, 0xE0, 0x07, 0xF0, 0x00, 0x00, 0x00, 0x00, 0x00,
    0x00, 0x0D, 0x80, 0x03, 0x60, 0xFF, 0xD8, 0x3F, 0xB6, 0x0C, 0xCD, 0x83, 0x33, 0x60, 0xCC, 0xF8,
    0x33, 0x3E, 0x0C, 0xCD, 0x83, 0x33, 0x60, 0xFF, 0xD8, 0x3F, 0xF6, 0x00, 0x0D, 0x80, 0x03, 0x60,
    0x00, 0xD8, 0x00, 0x06, 0x00, 0x00, 0x00, 0x00, 0x00, 0x00, 0x0D, 0x83, 0xFF, 0x60, 0xFE, 0xD8,
    0x33, 0x36, 0x0C, 0xCF, 0x83, 0x33, 0xE0, 0xCC, 0xD8, 0x3F, 0xF6, 0x0F, 0xFD, 0x80, 0x03, 0x20,
    0x3F, 0xF8, 0x0F, 0xFE, 0x00, 0x01, 0x80, 0x00, 0x60, 0x00, 0x18, 0x00, 0x06, 0x00, 0x00, 0x00,
    0x00, 0x00, 0x00, 0x0D, 0x83, 0xBB, 0x60, 0xFF, 0xD8, 0x33, 0x36, 0x0C, 0xCF, 0x83, 0x33, 0xE0,
    0xCC, 0xD8, 0x3F, 0xF6, 0x0F, 0xFD, 0x80, 0x03, 0x60, 0x30, 0xD8, 0x0C, 0x36, 0x03, 0x00, 0x00,
    0xC0, 0x00, 0x3F, 0xFC, 0x0F, 0xFF, 0x00, 0x00, 0x00, 0x00, 0x00, 0x00, 0x0D, 0x83, 0xFF, 0x60,
    0xCC, 0xD8, 0x33, 0x3E, 0x0C, 0xCF, 0x83, 0x33, 0x60, 0xFF, 0xD8, 0x3B, 0xB6, 0x00, 0x0C, 0x80,
    0xFF, 0xE0, 0x10, 0x58, 0x07, 0xFE, 0x03, 0xFF, 0x80, 0xC0, 0x00, 0x3F, 0xFC, 0x0F, 0xFF, 0x00,
    0x00, 0x00, 0x00, 0x00, 0x00, 0x0D, 0x83, 0xFF, 0x60, 0xFE, 0xD8, 0x33, 0x36, 0x0C, 0xCF, 0x83,
    0x33, 0xE0, 0xCC, 0xD8, 0x3F, 0xF6, 0x0E, 0xED, 0x80, 0x03, 0x60, 0x3F, 0xF8, 0x0F, 0xFE, 0x03,
    0x01, 0x80, 0xC0, 0x60, 0x3F, 0xD8, 0x0F, 0xFE, 0x00, 0x00, 0x00, 0x00, 0x00, 0x00, 0x0D, 0x83,
    0xFF, 0x60, 0xFE, 0xD8, 0x33, 0x36, 0x0C, 0xCF, 0x83, 0x33, 0x60, 0xFF, 0xD8, 0x3F, 0xF6, 0x00,
    0x0D, 0x80, 0x40, 0x20, 0x30, 0x18, 0x0F, 0xFE, 0x03, 0xFF, 0x80, 0xC0, 0x60, 0x3F, 0xF8, 0x0F,
    0xFE, 0x00, 0x00, 0x00, 0x00, 0x00, 0x00, 0x0D, 0x83, 0xFF, 0x60, 0xFF, 0xD8, 0x33, 0x36, 0x0C,
    0xCF, 0x83, 0x33, 0xE0, 0xCC, 0xD8, 0x3F, 0xF6, 0x0F, 0xED, 0x80, 0x03, 0x60, 0x01, 0x98, 0x00,
    0xE0, 0x00, 0x3C, 0x00, 0x3B, 0x80, 0x3C, 0x7C, 0x0C, 0x07, 0x00, 0x00, 0x00, 0x00, 0x00, 0x00,
    0x0D, 0x83, 0xFF, 0x60, 0xFE, 0xD8, 0x33, 0x36, 0x0C, 0xCF, 0x83, 0x33, 0xE0, 0xDC, 0xD8, 0x3F,
    0xF6, 0x0E, 0xED, 0x80, 0x01, 0x20, 0x18, 0x60, 0x06, 0x18, 0x01, 0xC7, 0x00, 0xF3, 0xC0, 0x77,
    0xDC, 0x18, 0xE3, 0x00, 0x00, 0x00, 0x00, 0x00, 0x00, 0x0D, 0x83, 0xFF, 0x60, 0xFE, 0xD8, 0x33,
    0x36, 0x0C, 0xCF, 0x83, 0x33, 0xE0, 0xCC, 0xD8, 0x3F, 0xF6, 0x0E, 0xED, 0x80, 0x03, 0x20, 0x0F,
    0xF0, 0x07, 0xFE, 0x03, 0x01, 0x80, 0xC0, 0x60, 0x1E, 0xF8, 0x03, 0xFC, 0x00, 0x00, 0x00, 0x00,
    0x00, 0x00, 0x01, 0x83, 0xDE, 0x60, 0xF7, 0x98, 0x31, 0x86, 0x0C, 0x61, 0x83, 0x19, 0xE0, 0xC6,
    0xF8, 0x31, 0x86, 0x0C, 0x61, 0x83, 0x18, 0x60, 0xFF, 0xD8, 0x3F, 0xF6, 0x00, 0x01, 0x80, 0x00,
    0x60, 0x00, 0x18, 0x00, 0x06, 0x00, 0x00, 0x00, 0x00, 0x00, 0x00, 0x01, 0x83, 0xDE, 0x60, 0xFF,
    0x98, 0x31, 0x06, 0x0C, 0x6F, 0x83, 0x1B, 0xE0, 0xCE, 0x18, 0x3F, 0xF6, 0x0F, 0x7D, 0x80, 0x00,
    0x60, 0x7F, 0xF8, 0x0F, 0xFE, 0x00, 0x01, 0x80, 0x00, 0x60, 0x00, 0x18, 0x00, 0x06, 0x00, 0x00,
    0x00, 0x00, 0x00, 0x00, 0x01, 0x83, 0xDE, 0x60, 0xFF, 0x98, 0x31, 0x86, 0x0C, 0x6F, 0x83, 0x1B,
    0xE0, 0xC6, 0x18, 0x3F, 0xF6, 0x0F, 0xFD, 0x80, 0x00, 0x60, 0x30, 0x18, 0x0C, 0x06, 0x03, 0x00,
    0x00, 0xC0, 0x00, 0x3F, 0xF8, 0x0F, 0xFF, 0x00, 0x00, 0x00, 0x00, 0x00, 0x00, 0x01, 0x83, 0xFF,
    0x60, 0xCE, 0x18, 0x31, 0x9E, 0x0C, 0x6F, 0x83, 0x18, 0x60, 0xFF, 0xD8, 0x3F, 0xF6, 0x00, 0x01,
    0x80, 0xFF, 0xE0, 0x00, 0x18, 0x07, 0xFE, 0x03, 0xFF, 0x80, 0xC0, 0x00, 0x3F, 0xF8, 0x0F, 0xFF,
    0x00, 0x00, 0x00, 0x00, 0x00, 0x00, 0x01, 0x83, 0xFF, 0x60, 0xCE, 0x18, 0x31, 0x9E, 0x0C, 0x6F,
    0x83, 0x18, 0x60, 0xFF, 0xD8, 0x3F, 0xF6, 0x00, 0x01, 0x81, 0xFB, 0xE0, 0x07, 0xF8, 0x0F, 0xE6,
    0x07, 0xF9, 0x81, 0x86, 0x60, 0x7F, 0x98, 0x1F, 0xFE, 0x00, 0x00, 0x00, 0x00, 0x00, 0x00, 0x01,
    0x83, 0xFF, 0x60, 0xCE, 0x18, 0x31, 0x9E, 0x0C, 0x6F, 0x83, 0x18, 0x60, 0xFF, 0xD8, 0x3F, 0xF6,
    0x00, 0x01, 0x81, 0xFA, 0x60, 0x3F, 0xD8, 0x0F, 0xFE, 0x07, 0xFD, 0x81, 0x86, 0x60, 0x77, 0xD8,
    0x1F, 0xFE, 0x00, 0x00, 0x00, 0x00, 0x00, 0x00, 0x01, 0x83, 0xDE, 0x60, 0xFF, 0x98, 0x31, 0x06,
    0x0C, 0x6F, 0x83, 0x1B, 0xE0, 0xCE, 0x18, 0x3F, 0xF6, 0x0F, 0x79, 0x80, 0x00, 0x60, 0x3F, 0xF8,
    0x0D, 0xFE, 0x03, 0x01, 0x80, 0xC0, 0x60, 0x3F, 0xF8, 0x0F, 0xFE, 0x00, 0x00, 0x00, 0x00, 0x00,
    0x00, 0x01, 0x83, 0xFE, 0x60, 0xFF, 0x98, 0x31, 0x1E, 0x0C, 0x6F, 0x83, 0x18, 0x60, 0xFF, 0xD8,
    0x3F, 0xF6, 0x00, 0x01, 0x80, 0x40, 0x40, 0x30, 0x18, 0x0F, 0xFE, 0x03, 0xFF, 0x80, 0xC0, 0x60,
    0x3F, 0xF8, 0x0F, 0xFE, 0x00, 0x00, 0x00, 0x00, 0x00, 0x00, 0x01, 0x83, 0xDE, 0x60, 0xFF, 0x98,
    0x31, 0x06, 0x0C, 0x6F, 0x83, 0x1B, 0xE0, 0xCE, 0x18, 0x3F, 0xF6, 0x0F, 0x7D, 0x80, 0x04, 0x60,
    0x03, 0x18, 0x00, 0xE0, 0x00, 0x78, 0x00, 0x3B, 0x80, 0x7C, 0x78, 0x1C, 0x0E, 0x00, 0x00, 0x00,
    0x00, 0x00, 0x00, 0x01, 0x83, 0xDE, 0x60, 0xFF, 0x98, 0x31, 0x06, 0x0C, 0x6F, 0x83, 0x1B, 0xE0,
    0xC4, 0x18, 0x3F, 0xF6, 0x0F, 0x79, 0x80, 0x00, 0x40, 0x18, 0x60, 0x06, 0x18, 0x01, 0xC7, 0x00,
    0xF3, 0xC0, 0xE7, 0x9C, 0x30, 0xC3, 0x00, 0x00, 0x00, 0x00, 0x00, 0x00, 0x01, 0x83, 0xDE, 0x60,
    0xFF, 0x98, 0x31, 0x06, 0x0C, 0x6F, 0x83, 0x1B, 0xE0, 0xCE, 0x18, 0x3F, 0xF6, 0x0F, 0x79, 0x80,
    0x00, 0x60, 0x1F, 0xE0, 0x0F, 0xFC, 0x03, 0x01, 0x80, 0xC0, 0x60, 0x3E, 0xF0, 0x07, 0xF8, 0x00,
    0x00, 0x00, 0x00, 0x00, 0x00, 0x01, 0x83, 0xFE, 0x60, 0xC6, 0x18, 0x31, 0xBE, 0x0C, 0x6F, 0x83,
    0x38, 0x60, 0xFF, 0xD8, 0x3D, 0xF6, 0x00, 0x11, 0x81, 0xFF, 0xE0, 0x3F, 0xF8, 0x01, 0xE0, 0x01,
    0xFE, 0x00, 0x60, 0xC0, 0x1C, 0x70, 0x03, 0xF8, 0x00, 0x00, 0x00, 0x00, 0x00, 0x00, 0x05, 0x80,
    0x03, 0x60, 0xFF, 0x58, 0x3F, 0xF6, 0x0C, 0xCD, 0x83, 0x33, 0x60, 0xCF, 0xD8, 0x33, 0x76, 0x0C,
    0xCD, 0x83, 0x33, 0x60, 0xFF, 0xD8, 0x3F, 0xF6, 0x00, 0x0D, 0x80, 0x03, 0x60, 0x00, 0xD8, 0x00,
    0x06, 0x00, 0x00, 0x00, 0x00, 0x00, 0x00, 0x05, 0x83, 0xFD, 0xE0, 0xFF, 0x78, 0x33, 0x1E, 0x0C,
    0xDF, 0x83, 0x37, 0xE0, 0xCC, 0x78, 0x3F, 0xFE, 0x0F, 0xFF, 0x80, 0x01, 0x20, 0x3F, 0xF8, 0x0F,
    0xFE, 0x00, 0x01, 0x80, 0x00, 0x60, 0x00, 0x18, 0x00, 0x06, 0x00, 0x00, 0x00, 0x00, 0x00, 0x00,
    0x05, 0x83, 0xB9, 0xE0, 0xFF, 0x58, 0x33, 0x16, 0x0C, 0xDD, 0x83, 0x37, 0x60, 0xCC, 0x58, 0x3F,
    0xF6, 0x0F, 0xFD, 0x80, 0x01, 0x60, 0x30, 0x78, 0x0C, 0x16, 0x03, 0x00, 0x00, 0xC0, 0x00, 0x3F,
    0xFC, 0x0F, 0xFF, 0x00, 0x00, 0x00, 0x00, 0x00, 0x00, 0x05, 0x83, 0xFF, 0x60, 0xFE, 0x58, 0x32,
    0x76, 0x0C, 0xBD, 0x83, 0x23, 0x60, 0xFF, 0xD8, 0x3F, 0xF6, 0x00, 0x04, 0x80, 0xFF, 0xE0, 0x3F,
    0xF8, 0x00, 0x06, 0x03, 0xFF, 0x80, 0xC0, 0x00, 0x3F, 0xFC, 0x0F, 0xFF, 0x00, 0x00, 0x00, 0x00,
    0x00, 0x00, 0x05, 0x83, 0xFD, 0xE0, 0xFE, 0x78, 0x33, 0x3E, 0x0C, 0xDF, 0x83, 0x37, 0xE0, 0xDC,
    0x78, 0x3F, 0xFE, 0x0E, 0xE5, 0x80, 0x01, 0x20, 0x3F, 0xF8, 0x0F, 0xFE, 0x03, 0x01, 0x80, 0xC0,
    0x60, 0x3F, 0xD8, 0x0F, 0xFE, 0x00, 0x00, 0x00, 0x00, 0x00, 0x00, 0x05, 0x83, 0xFD, 0x60, 0xFE,
    0x58, 0x33, 0x76, 0x0C, 0xFD, 0x83, 0x33, 0x60, 0xFF, 0x58, 0x3F, 0xF6, 0x00, 0x05, 0x80, 0x40,
    0x20, 0x30, 0x18, 0x0F, 0xFE, 0x03, 0xFF, 0x80, 0xC0, 0x60, 0x3F, 0xF8, 0x0F, 0xFE, 0x00, 0x00,
    0x00, 0x00, 0x00, 0x00, 0x05, 0x83, 0xFD, 0xE0, 0xFF, 0x78, 0x33, 0x1E, 0x0C, 0xDF, 0x83, 0x37,
    0xE0, 0xCC, 0x78, 0x3F, 0xFE, 0x0F, 0xFF, 0x80, 0x01, 0x60, 0x01, 0x98, 0x00, 0xE0, 0x00, 0x3C,
    0x00, 0x3B, 0x80, 0x3C, 0x7C, 0x0C, 0x07, 0x00, 0x00, 0x00, 0x00, 0x00, 0x00, 0x05, 0x83, 0xFD,
    0xE0, 0xFF, 0x78, 0x33, 0x3E, 0x0C, 0xDF, 0x83, 0x37, 0xE0, 0xCC, 0x78, 0x3F, 0xFE, 0x0E, 0xF5,
    0x80, 0x01, 0xA0, 0x1C, 0x60, 0x07, 0x18, 0x01, 0xC7, 0x00, 0xFB, 0xE0, 0x77, 0xDC, 0x10, 0xE3,
    0x00, 0x00, 0x00, 0x00, 0x00, 0x00, 0x05, 0x83, 0xFD, 0xE0, 0xEE, 0x78, 0x33, 0x1E, 0x0C, 0xDD,
    0x83, 0x37, 0xE0, 0xCC, 0x78, 0x3F, 0xFE, 0x0F, 0xF7, 0x80, 0x01, 0x60, 0x0F, 0xF0, 0x07, 0xFE,
    0x03, 0x01, 0x80, 0xC0, 0x60, 0x1E, 0xF8, 0x03, 0xFC, 0x00, 0x00, 0x00, 0x00, 0x00, 0x00, 0x01,
    0x83, 0xDE, 0x60, 0xFF, 0x98, 0x31, 0x86, 0x0C, 0x6F, 0x83, 0x1B, 0xE0, 0xC6, 0x18, 0x31, 0xBE,
    0x0C, 0x6F, 0x83, 0x18, 0x60, 0xFF, 0xD8, 0x3F, 0xF6, 0x00, 0x01, 0x80, 0x00, 0x60, 0x00, 0x18,
    0x00, 0x06, 0x00, 0x00, 0x00, 0x00, 0x00, 0x00, 0x01, 0x83, 0xFE, 0x60, 0xFF, 0x98, 0x33, 0x1E,
    0x0C, 0xE1, 0x83, 0x39, 0xE0, 0xCC, 0x78, 0x3F, 0xF6, 0x0F, 0x7D, 0x80, 0x00, 0x60, 0x18, 0x60,
    0x06, 0x18, 0x01, 0xC7, 0x00, 0xF3, 0xC0, 0xF7, 0x9C, 0x30, 0xE3, 0x00, 0x00, 0x00, 0x00, 0x00,
    0x00, 0x00, 0x01, 0xF7, 0xE0, 0xFD, 0xFC, 0x30, 0x60, 0x0C, 0x18, 0x03, 0x06, 0x00, 0xC1, 0x80,
    0x3F, 0xFE, 0x0F, 0xFF, 0xC0, 0x00, 0x00, 0x03, 0x00, 0x00, 0xC0, 0x00, 0x30, 0x07, 0xFF, 0xF9,
    0xFF, 0xFE, 0x00, 0x00, 0x00, 0x00, 0x00, 0x00, 0x00, 0x07, 0xCF, 0x01, 0xFF, 0xE0, 0x61, 0x80,
    0x18, 0x60, 0x06, 0x78, 0x01, 0xFF, 0xE0, 0x7B, 0xF8, 0x00, 0xC0, 0x1F, 0xFF, 0xE7, 0xFF, 0xF8,
    0x00, 0x00, 0x1F, 0xFE, 0x07, 0xFF, 0x80, 0x00, 0x60, 0x00, 0x18, 0x00, 0x06, 0x00, 0x01, 0x80,
    0x00, 0x00, 0x07, 0xEF, 0x81, 0xFF, 0xE0, 0x61, 0xC0, 0x18, 0x70, 0x07, 0xFF, 0xC1, 0xFF, 0xF0,
    0x03, 0x80, 0x00, 0xC0, 0x1F, 0xFF, 0xE3, 0xFF, 0xF8, 0x00, 0x00, 0x1C, 0x00, 0x07, 0x00, 0x01,
    0x80, 0x00, 0x7F, 0xF8, 0x1F, 0xFE, 0x00, 0x00, 0x00, 0x00, 0x00, 0x07, 0xCF, 0x01, 0xFF, 0xE0,
    0x61, 0x80, 0x18, 0x60, 0x07, 0xFF, 0x81, 0xFF, 0xE0, 0x03, 0x00, 0x7F, 0xFF, 0x8F, 0xFF, 0xC0,
    0x00, 0x00, 0x7F, 0xF8, 0x00, 0x06, 0x07, 0xFF, 0x81, 0xFF, 0xE0, 0x60, 0x00, 0x1F, 0xFE, 0x07,
    0xFF, 0x80, 0x00, 0x00, 0x03, 0xCB, 0x01, 0xFF, 0xE0, 0x61, 0x80, 0x18, 0x60, 0x06, 0x78, 0x01,
    0xFF, 0xF0, 0x7B, 0xF8, 0x00, 0xC0, 0x1F, 0xFF, 0xE7, 0xFF, 0xF8, 0x0F, 0xC0, 0x0F, 0xFC, 0x07,
    0x03, 0x81, 0x80, 0x60, 0x70, 0x38, 0x0F, 0xFC, 0x00, 0xFC, 0x00, 0x00, 0x00, 0x00, 0x03, 0x03,
    0xDE, 0xC0, 0xFF, 0xB0, 0x31, 0x8C, 0x0C, 0x63, 0x03, 0x18, 0xC0, 0xFF, 0xBC, 0x3D, 0xEF, 0x00,
    0x83, 0x00, 0x30, 0xC0, 0x0C, 0x30, 0x7F, 0xFC, 0x1F, 0xFB, 0x00, 0x00, 0xC0, 0x00, 0x30, 0x00,
    0x0C, 0x00, 0x00, 0x00, 0x00, 0x00, 0x00, 0x03, 0x03, 0xFE, 0xC0, 0xCC, 0x30, 0x33, 0x0F, 0x0F,
    0xFB, 0xC3, 0xFE, 0xC0, 0x18, 0xB0, 0x7F, 0xEC, 0x1F, 0x03, 0x01, 0xFF, 0xC0, 0x7F, 0xF0, 0x00,
    0x0C, 0x07, 0xFF, 0x01, 0x80, 0x00, 0x7F, 0xF0, 0x1F, 0xFE, 0x00, 0x00, 0x00, 0x00, 0x00, 0x00,
    0x0D, 0x83, 0xBB, 0x60, 0xFF, 0xD8, 0x33, 0x36, 0x0C, 0xCD, 0x83, 0x33, 0x60, 0xFF, 0xF8, 0x3F,
    0xFE, 0x01, 0x8D, 0x80, 0x63, 0x60, 0xFF, 0xD8, 0x7F, 0xF6, 0x00, 0x0D, 0x80, 0x03, 0x60, 0x00,
    0xD8, 0x00, 0x16, 0x00, 0x00, 0x00, 0x00, 0x00, 0x00, 0x01, 0x81, 0xCE, 0x60, 0xFF, 0xD8, 0x31,
    0x86, 0x0C, 0x61, 0x83, 0x18, 0x60, 0xFF, 0x98, 0x3F, 0xF6, 0x00, 0xC1, 0x80, 0x30, 0x60, 0x0C,
    0x58, 0x7F, 0xF6, 0x0F, 0xF1, 0x80, 0x00, 0x60, 0x00, 0x18, 0x00, 0x06, 0x00, 0x00, 0x00, 0x00,
    0x00, 0x00, 0x01, 0x83, 0xFF, 0x60, 0xF7, 0x98, 0x31, 0x86, 0x0C, 0x61, 0x83, 0xFF, 0x60, 0xFF,
    0xD8, 0x03, 0x06, 0x0F, 0xFD, 0x87, 0xFF, 0x60, 0x00, 0x18, 0x0C, 0x06, 0x03, 0x00, 0x00, 0xC0,
    0x00, 0x3F, 0xF8, 0x0F, 0xFE, 0x00, 0x00, 0x00, 0x00, 0x00, 0x0F, 0xFF, 0xC3, 0xF7, 0xE0, 0xC1,
    0x80, 0x30, 0x60, 0x0C, 0x18, 0x03, 0xFF, 0xF0, 0xFD, 0xFC, 0x00, 0x00, 0x1F, 0xFF, 0xC7, 0xFF,
    0xF0, 0x07, 0x00, 0x01, 0xC0, 0x00, 0x70, 0x00, 0x1C, 0x00, 0x07, 0x00, 0x01, 0xC0, 0x00, 0x00,
    0x00, 0x00, 0x00, 0x07, 0xCF, 0x01, 0xFF, 0xE0, 0x61, 0x80, 0x18, 0x60, 0x06, 0x78, 0x01, 0xFF,
    0xE0, 0x70, 0xF0, 0x3F, 0xFF, 0x1F, 0xFF, 0xC0, 0x0C, 0x00, 0x03, 0x00, 0x1F, 0xFE, 0x07, 0xFF,
    0x80, 0x00, 0x60, 0x00, 0x18, 0x00, 0x06, 0x00, 0x01, 0x80, 0x00, 0x00, 0x00, 0x00, 0x01, 0xFF,
    0xE0, 0x61, 0x80, 0x18, 0x60, 0x06, 0x18, 0x01, 0xFF, 0xE0, 0x7F, 0xF8, 0x00, 0x00, 0x1F, 0xFF,
    0xC7, 0xFF, 0xF0, 0x03, 0x00, 0x18, 0xC0, 0x06, 0x30, 0x01, 0x80, 0x00, 0x60, 0x00, 0x1F, 0xFE,
    0x03, 0xFF, 0x00, 0x00, 0x00, 0x07, 0xCF, 0x01, 0xFF, 0xE0, 0x61, 0x80, 0x18, 0x60, 0x07, 0xFF,
    0x81, 0xFF, 0xE0, 0x00, 0x00, 0x7F, 0xFF, 0x00, 0x30, 0x00, 0xFD, 0xC0, 0x7F, 0xF8, 0x00, 0x06,
    0x07, 0xFF, 0x81, 0xFF, 0xE0, 0x60, 0x00, 0x1F, 0xFE, 0x07, 0xFF, 0x80, 0x00, 0x00, 0x07, 0xDF,
    0x81, 0xF7, 0xE0, 0x61, 0x80, 0x1F, 0xFC, 0x07, 0xFF, 0x80, 0x00, 0x01, 0xFF, 0xFC, 0x3F, 0xFF,
    0x00, 0x76, 0x01, 0xFF, 0xE0, 0x2F, 0xF8, 0x1F, 0xBC, 0x07, 0xDF, 0x81, 0x86, 0x60, 0x7F, 0xF8,
    0x1F, 0xBC, 0x00, 0x00, 0x00, 0x00, 0x00, 0x07, 0xCF, 0x01, 0xFF, 0xE0, 0x61, 0x80, 0x18, 0x60,
    0x06, 0xF8, 0x01, 0xFF, 0xE0, 0x00, 0x00, 0x3F, 0xFF, 0x1F, 0xFF, 0xC0, 0x0C, 0x00, 0x03, 0x00,
    0x1F, 0xFE, 0x06, 0x0B, 0x81, 0x80, 0x60, 0x60, 0x18, 0x1F, 0xFE, 0x07, 0xFF, 0x80, 0x00, 0x00,
    0x03, 0xCF, 0x01, 0xFF, 0xE0, 0x61, 0x80, 0x18, 0x60, 0x06, 0x78, 0x01, 0xFF, 0xE0, 0x00, 0x00,
    0x3F, 0xFF, 0x1F, 0xFF, 0xC0, 0x0C, 0x00, 0x0F, 0xC0, 0x0F, 0xFC, 0x07, 0x03, 0x81, 0x80, 0x60,
    0x70, 0x38, 0x0F, 0xFC, 0x00, 0xFC, 0x00, 0x00, 0x00, 0x00, 0x05, 0x87, 0xFB, 0x61, 0xFE, 0xD8,
    0x66, 0x36, 0x19, 0x8D, 0x87, 0xFB, 0x61, 0xFF, 0xD8, 0x00, 0xF6, 0x1F, 0xFD, 0x87, 0xC3, 0x60,
    0x33, 0xD8, 0x0D, 0xF6, 0x03, 0x0D, 0x80, 0xC3, 0x60, 0x30, 0xD8, 0x00, 0x06, 0x00, 0x00, 0x00,
    0x00, 0x00, 0x00, 0x01, 0x83, 0xFF, 0x60, 0xFF, 0x98, 0x31, 0x86, 0x0C, 0x61, 0x83, 0xFE, 0x60,
    0xFF, 0xD8, 0x00, 0x06, 0x0F, 0xFD, 0x87, 0xFF, 0x60, 0x0C, 0x18, 0x03, 0x06, 0x00, 0xC1, 0x80,
    0x30, 0x60, 0x0C, 0x18, 0x03, 0x06, 0x00, 0x00, 0x00, 0x00, 0x00, 0x00, 0x01, 0x83, 0xFF, 0x60,
    0xF7, 0x98, 0x31, 0x86, 0x0C, 0x61, 0x83, 0xFF, 0x60, 0x77, 0x98, 0x03, 0xF6, 0x1F, 0xFD, 0x80,
    0x30, 0x60, 0x0C, 0x18, 0x1B, 0x06, 0x06, 0x00, 0x01, 0x80, 0x00, 0x7F, 0xF8, 0x1F, 0xFE, 0x00,
    0x00, 0x00, 0x00, 0x00, 0x0F, 0x79, 0x83, 0xFF, 0x60, 0xC6, 0x18, 0x31, 0x86, 0x0F, 0xFD, 0x81,
    0x8E, 0x61, 0xFF, 0xD8, 0x7F, 0xF6, 0x00, 0xC1, 0x81, 0xFF, 0xE0, 0x3F, 0xF8, 0x00, 0x06, 0x07,
    0xFF, 0x81, 0xC0, 0x00, 0x7F, 0xF8, 0x1F, 0xFE, 0x00, 0x00, 0x00, 0x00, 0x00, 0x00, 0x01, 0x83,
    0xFF, 0x60, 0xF7, 0x98, 0x31, 0x86, 0x0F, 0xF9, 0x83, 0xFF, 0x60, 0x00, 0x18, 0x7F, 0xF6, 0x0F,
    0xF1, 0x80, 0x30, 0x60, 0x3F, 0xF0, 0x0F, 0xFE, 0x03, 0x01, 0x80, 0xC0, 0x60, 0x3F, 0xF8, 0x0F,
    0xFE, 0x00, 0x00, 0x00, 0x00, 0x00, 0x00, 0x01, 0x83, 0xFF, 0x60, 0xF7, 0x98, 0x31, 0x86, 0x0F,
    0xFD, 0x83, 0xFF, 0x60, 0x01, 0xD8, 0x7F, 0xF6, 0x08, 0xC1, 0x80, 0x30, 0x40, 0x34, 0x18, 0x0F,
    0xFE, 0x03, 0xFF, 0x80, 0xC0, 0x60, 0x3F, 0xF8, 0x0F, 0xFE, 0x00, 0x00, 0x00, 0x00, 0x00, 0x00,
    0x01, 0x83, 0xFF, 0x60, 0xD6, 0x98, 0x31, 0x86, 0x0F, 0xF9, 0x83, 0xFF, 0x60, 0x01, 0xD8, 0x7F,
    0xF6, 0x0F, 0xF1, 0x80, 0x30, 0x60, 0x0F, 0xE0, 0x0F, 0xFC, 0x03, 0x01, 0x80, 0xC0, 0x60, 0x3E,
    0xF8, 0x07, 0xF8, 0x00, 0x00, 0x00, 0x00, 0x00, 0x00, 0x00, 0x00, 0x00, 0x00, 0xFF, 0xFC, 0x3B,
    0x76, 0x0E, 0x18, 0x03, 0x86, 0x00, 0xE1, 0x80, 0x38, 0x60, 0x0F, 0xFF, 0xC1, 0xF7, 0xF0, 0x00,
    0x00, 0x00, 0x00, 0x00, 0x00, 0x07, 0xFF, 0xF9, 0xFF, 0xFE, 0x00, 0x00, 0x00, 0x00, 0x00, 0x00,
    0x00, 0x07, 0xCF, 0x03, 0xFF, 0xE0, 0xE1, 0x80, 0x38, 0x60, 0x0E, 0x78, 0x03, 0xFF, 0xE0, 0x70,
    0xF0, 0x00, 0x00, 0x1F, 0xFF, 0xC3, 0xFF, 0xF0, 0x00, 0x00, 0x1F, 0xFE, 0x07, 0xFF, 0x80, 0x00,
    0xE0, 0x00, 0x38, 0x00, 0x0E, 0x00, 0x01, 0x00, 0x00, 0x00, 0x07, 0xFF, 0x83, 0xFF, 0xE0, 0x61,
    0x80, 0x18, 0x60, 0x06, 0x18, 0x03, 0xFF, 0xF0, 0x7D, 0xF8, 0x00, 0x00, 0x1F, 0xFF, 0xE7, 0xFF,
    0xF8, 0x00, 0x00, 0x18, 0x00, 0x06, 0x00, 0x01, 0x80, 0x00, 0x7F, 0xF8, 0x1F, 0xFE, 0x00, 0x00,
    0x00, 0x00, 0x00, 0x07, 0xCF, 0x03, 0xFF, 0xE0, 0xE1, 0x80, 0x38, 0x60, 0x0E, 0x78, 0x03, 0xFF,
    0xE0, 0x00, 0x00, 0x3F, 0xFF, 0x1F, 0xFF, 0xC0, 0x00, 0x00, 0x3F, 0xF0, 0x1F, 0xFE, 0x06, 0x00,
    0x01, 0x80, 0x00, 0x60, 0x00, 0x1F, 0xFE, 0x07, 0xFF, 0x80, 0x00, 0x00, 0x07, 0xCF, 0x03, 0xFF,
    0xE0, 0xE1, 0x80, 0x38, 0x60, 0x0F, 0xFF, 0x81, 0xFF, 0xE0, 0x00, 0x00, 0x7F, 0xFF, 0x0F, 0xFF,
    0xC0, 0x00, 0x00, 0x7F, 0xF8, 0x00, 0x0E, 0x07, 0xFF, 0x81, 0xFF, 0xC0, 0x60, 0x00, 0x1F, 0xFE,
    0x07, 0xFF, 0x80, 0x00, 0x00, 0x07, 0xCF, 0x03, 0xFF, 0xE0, 0xE1, 0x80, 0x38, 0x60, 0x0E, 0x78,
    0x03, 0xFF, 0xE0, 0x60, 0xF0, 0x3F, 0xFF, 0x1F, 0xFF, 0xC0, 0x00, 0x00, 0x3F, 0xF0, 0x1F, 0xFE,
    0x06, 0x03, 0x81, 0x80, 0x60, 0x60, 0x18, 0x1F, 0xFE, 0x07, 0xFF, 0x00, 0x00, 0x00, 0x07, 0xCF,
    0x03, 0xFF, 0xE0, 0xE1, 0x80, 0x38, 0x60, 0x0E, 0xF8, 0x03, 0xFF, 0xE0, 0x00, 0x00, 0x7F, 0xFF,
    0x1F, 0xFF, 0xC0, 0x00, 0x00, 0x60, 0x10, 0x1F, 0xFE, 0x07, 0xFF, 0x81, 0x80, 0xE0, 0x60, 0x38,
    0x1F, 0xFE, 0x07, 0xFF, 0x00, 0x00, 0x00, 0x00, 0x00, 0x03, 0xFF, 0xE0, 0xE1, 0x80, 0x38, 0x60,
    0x0E, 0x58, 0x03, 0xFF, 0xE0, 0x79, 0xF8, 0x00, 0x00, 0x1F, 0xFF, 0xC3, 0xF3, 0xF0, 0x03, 0x00,
    0x00, 0xC0, 0x00, 0x70, 0x00, 0x3E, 0x00, 0x3C, 0xF0, 0x3E, 0x1E, 0x04, 0x01, 0x00, 0x00, 0x00,
    0x00, 0x03, 0x03, 0xDE, 0xC0, 0xFF, 0xB0, 0x31, 0x8C, 0x0C, 0x63, 0x03, 0x18, 0xC0, 0xFF, 0xB0,
    0x3F, 0xEC, 0x00, 0x03, 0x00, 0x00, 0xC0, 0x01, 0xF0, 0x7F, 0xFC, 0x1F, 0x83, 0x00, 0x00, 0xC0,
    0x00, 0x30, 0x00, 0x0C, 0x00, 0x00, 0x00, 0x00, 0x00, 0x00, 0x01, 0x81, 0xCF, 0x60, 0xFF, 0xD8,
    0x31, 0x86, 0x0C, 0x61, 0x83, 0x18, 0x60, 0xFF, 0xD8, 0x1C, 0xF6, 0x00, 0x0F, 0x87, 0xFF, 0xE0,
    0xC0, 0x18, 0x0C, 0x06, 0x03, 0x01, 0x80, 0xC0, 0x00, 0x30, 0x00, 0x0F, 0xFF, 0x03, 0xFF, 0x80,
    0x00, 0x00, 0x0F, 0x79, 0x83, 0xFF, 0x60, 0xC6, 0x18, 0x31, 0x86, 0x0F, 0xFD, 0x81, 0xCE, 0x61,
    0xFF, 0xD8, 0x7F, 0xF6, 0x00, 0x01, 0x01, 0xFF, 0xE0, 0x3F, 0xF8, 0x00, 0x06, 0x07, 0xFF, 0x81,
    0xC0, 0x00, 0x7F, 0xF8, 0x1F, 0xFE, 0x00, 0x00, 0x00, 0x00, 0x00, 0x00, 0x01, 0x83, 0xFF, 0x60,
    0xD6, 0x98, 0x31, 0x86, 0x0F, 0xE9, 0x83, 0xFF, 0x60, 0x00, 0x18, 0x7F, 0xF6, 0x1F, 0xFD, 0x80,
    0x00, 0x60, 0x3F, 0xF8, 0x1F, 0xFE, 0x03, 0x01, 0x80, 0xC0, 0x60, 0x3F, 0xF8, 0x0F, 0xFE, 0x00,
    0x00, 0x00, 0x00, 0x00, 0x07, 0x39, 0x83, 0xFF, 0x60, 0xC6, 0x18, 0x31, 0x86, 0x0F, 0xFD, 0x83,
    0xFF, 0x60, 0x00, 0x58, 0x7F, 0xF6, 0x0F, 0xC1, 0x80, 0x00, 0x00, 0x30, 0x18, 0x0F, 0xFE, 0x03,
    0xFF, 0x80, 0xC0, 0x60, 0x3F, 0xF8, 0x0F, 0xFE, 0x00, 0x00, 0x00, 0x00, 0x00, 0x00, 0x01, 0x83,
    0xDF, 0x60, 0xF7, 0xD8, 0x31, 0x86, 0x0C, 0x61, 0x83, 0x18, 0x60, 0xC6, 0x18, 0x31, 0x86, 0x0C,
    0x61, 0x83, 0x18, 0x60, 0xFF, 0xF8, 0x3F, 0xFE, 0x00, 0x01, 0x80, 0x00, 0x60, 0x00, 0x18, 0x00,
    0x06, 0x00, 0x00, 0x00, 0x00, 0x00, 0x00, 0x01, 0x83, 0xDF, 0x60, 0xF7, 0xD8, 0x31, 0x86, 0x0C,
    0x61, 0x83, 0x18, 0x60, 0xC6, 0x18, 0x3F, 0xF6, 0x0F, 0xFD, 0x80, 0x00, 0x60, 0x30, 0x18, 0x0C,
    0x06, 0x03, 0x00, 0x00, 0xC0, 0x00, 0x3F, 0xF8, 0x0F, 0xFE, 0x00, 0x00, 0x00, 0x00, 0x00, 0x00,
    0x01, 0x83, 0xDF, 0x60, 0xF7, 0x98, 0x31, 0x86, 0x0C, 0x61, 0x83, 0x58, 0x60, 0xFF, 0xF8, 0x30,
    0xC6, 0x03, 0xFF, 0x80, 0xFF, 0xE0, 0x00, 0x18, 0x0F, 0xFE, 0x03, 0xFF, 0x80, 0xC0, 0x00, 0x3F,
    0xF8, 0x0F, 0xFE, 0x00, 0x00, 0x00, 0x00, 0x00, 0x00, 0x01, 0x83, 0xDF, 0x60, 0xF7, 0xD8, 0x31,
    0x86, 0x0C, 0x61, 0x83, 0x18, 0x60, 0xFF, 0xD8, 0x3F, 0xF6, 0x00, 0x01, 0x80, 0x00, 0x00, 0x3F,
    0xF8, 0x0F, 0xFE, 0x03, 0x01, 0x80, 0xC0, 0x60, 0x3F, 0xF8, 0x0F, 0xFE, 0x00, 0x00, 0x00, 0x00,
    0x00, 0x00, 0x01, 0x83, 0xDF, 0x60, 0xF7, 0xD8, 0x31, 0x86, 0x0C, 0x61, 0x83, 0x18, 0x60, 0xFF,
    0xD8, 0x3F, 0xF6, 0x00, 0x01, 0x80, 0x80, 0x60, 0x30, 0x18, 0x0F, 0xFE, 0x03, 0xFF, 0x80, 0xC0,
    0x60, 0x3F, 0xF8, 0x0F, 0xFE, 0x00, 0x00, 0x00, 0x00, 0x00, 0x00, 0x01, 0x83, 0xDF, 0x60, 0xF7,
    0xD8, 0x31, 0x86, 0x0C, 0x61, 0x83, 0x18, 0x60, 0xC6, 0x18, 0x3F, 0xF6, 0x0F, 0x79, 0x80, 0x04,
    0x60, 0x03, 0x18, 0x00, 0xE0, 0x00, 0x78, 0x00, 0x3B, 0x80, 0x7C, 0x78, 0x1C, 0x06, 0x00, 0x00,
    0x00, 0x00, 0x00, 0x00, 0x01, 0x83, 0xDF, 0x60, 0xF7, 0xD8, 0x31, 0x86, 0x0C, 0x61, 0x83, 0x18,
    0x60, 0xC6, 0x18, 0x3F, 0xF6, 0x0F, 0x79, 0x80, 0x00, 0x60, 0x1F, 0xE0, 0x0F, 0xFC, 0x03, 0x01,
    0x80, 0xC0, 0x60, 0x3C, 0x70, 0x07, 0xF8, 0x00, 0x00, 0x00, 0x00, 0x00, 0x00, 0x03, 0x03, 0xF8,
    0xC0, 0xFF, 0x30, 0x00, 0xCC, 0x00, 0x73, 0x00, 0x1C, 0xC0, 0xFF, 0x3C, 0x3F, 0x8F, 0x0C, 0x03,
    0x03, 0x00, 0xC0, 0xFF, 0xB0, 0x3F, 0xEC, 0x00, 0x03, 0x00, 0x00, 0xC0, 0x00, 0x30, 0x00, 0x0C,
    0x00, 0x00, 0x00, 0x00, 0x00, 0x00, 0x03, 0x03, 0xFC, 0xC0, 0xFF, 0x30, 0x00, 0xCC, 0x0F, 0xF3,
    0xC3, 0xF8, 0xF0, 0xC0, 0x30, 0x3F, 0xEC, 0x0F, 0xFB, 0x00, 0x00, 0xC0, 0x7F, 0xF0, 0x1F, 0xFC,
    0x00, 0x03, 0x00, 0x00, 0xC0, 0x00, 0x30, 0x00, 0x0C, 0x00, 0x00, 0x00, 0x00, 0x00, 0x00, 0x03,
    0x03, 0xF8, 0xC0, 0xFF, 0x30, 0x00, 0xCC, 0x0F, 0xF3, 0x03, 0xF8, 0xF0, 0xC0, 0x30, 0x30, 0x2C,
    0x0F, 0xFB, 0x03, 0xF8, 0xC0, 0x00, 0x30, 0x0C, 0x0C, 0x03, 0x00, 0x00, 0xC0, 0x00, 0x7F, 0xF0,
    0x0F, 0xFE, 0x00, 0x00, 0x00, 0x00, 0x00, 0x00, 0x03, 0x03, 0xFC, 0xC0, 0x03, 0x30, 0x3F, 0xCF,
    0x0F, 0xF3, 0xC3, 0x00, 0xC0, 0xFF, 0xB0, 0x3F, 0xEC, 0x00, 0x03, 0x01, 0xFF, 0xC0, 0x3F, 0xF0,
    0x0F, 0xFC, 0x07, 0xFF, 0x01, 0x80, 0x00, 0x7F, 0xF0, 0x1F, 0xFE, 0x00, 0x00, 0x00, 0x00, 0x00,
    0x00, 0x03, 0x03, 0xFC, 0xC0, 0x17, 0x30, 0x01, 0xCC, 0x0F, 0xF3, 0xC3, 0xF8, 0xF0, 0xC0, 0x30,
    0x3F, 0xEC, 0x0F, 0xFB, 0x00, 0x00, 0xC0, 0x7F, 0xF0, 0x1F, 0xFC, 0x06, 0x03, 0x01, 0x80, 0xC0,
    0x7F, 0xF0, 0x1F, 0xFC, 0x00, 0x00, 0x00, 0x00, 0x00, 0x00, 0x03, 0x03, 0xFC, 0xC0, 0x07, 0x30,
    0x01, 0xCC, 0x0F, 0xF3, 0xC3, 0x00, 0xC0, 0xC0, 0x30, 0x3F, 0xEC, 0x0F, 0xF3, 0x00, 0x00, 0x00,
    0x60, 0x30, 0x1F, 0xFC, 0x07, 0xFF, 0x01, 0x80, 0xC0, 0x7F, 0xF0, 0x1F, 0xFC, 0x00, 0x00, 0x00,
    0x00, 0x00, 0x00, 0x03, 0x03, 0xF8, 0xC0, 0xFF, 0x30, 0x00, 0xCC, 0x0F, 0xF3, 0xC3, 0xF8, 0xF0,
    0xC0, 0x30, 0x3F, 0xEC, 0x0F, 0xFB, 0x00, 0x00, 0xC0, 0x03, 0x30, 0x00, 0xC0, 0x00, 0x78, 0x00,
    0x77, 0x00, 0x78, 0xF8, 0x1C, 0x0E, 0x00, 0x00, 0x00, 0x00, 0x00, 0x00, 0x03, 0x03, 0xFC, 0xC0,
    0x07, 0x30, 0x01, 0xCC, 0x0F, 0xF3, 0xC3, 0x40, 0xC0, 0xC0, 0x30, 0x3F, 0xEC, 0x0F, 0xF3, 0x00,
    0x01, 0x80, 0x18, 0x60, 0x06, 0x38, 0x03, 0x8E, 0x01, 0xF7, 0xC0, 0xE7, 0x9C, 0x30, 0xC2, 0x00,
    0x00, 0x00, 0x00, 0x00, 0x00, 0x03, 0x03, 0xFC, 0xC0, 0x17, 0x30, 0x00, 0xCC, 0x0F, 0xF3, 0xC3,
    0xF8, 0xF0, 0xC0, 0x30, 0x3F, 0xEC, 0x0F, 0xF3, 0x00, 0x00, 0xC0, 0x1F, 0xC0, 0x0F, 0xF8, 0x06,
    0x03, 0x01, 0x80, 0xC0, 0x78, 0xE0, 0x0F, 0xF0, 0x00, 0x00, 0x00, 0x00, 0x00, 0x00, 0x03, 0x03,
    0xFC, 0xC0, 0x57, 0x30, 0x00, 0xCC, 0x0F, 0xF3, 0xC3, 0xF8, 0xF0, 0xC0, 0x30, 0x3F, 0xEC, 0x0F,
    0xF3, 0x00, 0x00, 0xC0, 0x7F, 0xF0, 0x0F, 0xFC, 0x00, 0x70, 0x00, 0x3F, 0x00, 0x7C, 0xF0, 0x1C,
    0x0C, 0x00, 0x00, 0x00, 0x00, 0x00, 0x00, 0x03, 0x03, 0xF8, 0xC0, 0xF6, 0x30, 0x00, 0x8C, 0x0F,
    0xE3, 0xC3, 0xF8, 0xF0, 0xC0, 0x30, 0x3F, 0xEC, 0x0F, 0xF3, 0x00, 0x00, 0xC0, 0x7F, 0xF0, 0x0F,
    0xF8, 0x00, 0xCC, 0x00, 0x33, 0x00, 0x7F, 0xF0, 0x1F, 0xFC, 0x00, 0x00, 0x00, 0x00, 0x00, 0x0F,
    0xE3, 0x03, 0xFC, 0xC0, 0x03, 0x30, 0x3F, 0xCF, 0x0F, 0xE3, 0xC3, 0x00, 0xC0, 0xFF, 0xB0, 0x3F,
    0xEC, 0x00, 0x33, 0x01, 0xFF, 0xC0, 0x7F, 0xF8, 0x03, 0xE0, 0x01, 0xFE, 0x00, 0xC1, 0x80, 0x38,
    0xE0, 0x07, 0xF0, 0x00, 0x00, 0x00, 0x00, 0x00, 0x00, 0x09, 0x83, 0xE7, 0x60, 0xFD, 0xD8, 0x03,
    0x76, 0x00, 0xDD, 0x80, 0x36, 0x60, 0xFD, 0xF8, 0x3F, 0x7E, 0x0C, 0x09, 0x83, 0x03, 0x60, 0xFE,
    0xD8, 0x3F, 0xB6, 0x00, 0x0D, 0x80, 0x03, 0x60, 0x00, 0xD8, 0x00, 0x06, 0x00, 0x00, 0x00, 0x00,
    0x00, 0x00, 0x09, 0x83, 0xF6, 0x60, 0xFD, 0x98, 0x03, 0x66, 0x0F, 0xDF, 0x83, 0xF7, 0xE0, 0xC1,
    0x98, 0x33, 0xE6, 0x0F, 0xF9, 0x80, 0x02, 0x60, 0x3F, 0xF8, 0x0F, 0xFE, 0x00, 0x01, 0x80, 0x00,
    0x60, 0x00, 0x18, 0x00, 0x06, 0x00, 0x00, 0x00, 0x00, 0x00, 0x00, 0x09, 0x83, 0xF6, 0x60, 0xFD,
    0x98, 0x03, 0x66, 0x02, 0xDF, 0x83, 0xF7, 0xE0, 0xC1, 0xD8, 0x30, 0x66, 0x0F, 0xF9, 0x83, 0xF6,
    0x60, 0x01, 0x98, 0x0C, 0x26, 0x03, 0x00, 0x00, 0xC0, 0x00, 0x3F, 0xF8, 0x0F, 0xFE, 0x00, 0x00,
    0x00, 0x00, 0x00, 0x00, 0x09, 0x83, 0xF7, 0x60, 0x0D, 0x98, 0x0B, 0x7E, 0x0F, 0xDF, 0x83, 0x06,
    0x60, 0xFF, 0x98, 0x3F, 0xE6, 0x00, 0x09, 0x80, 0xFF, 0xE0, 0x3F, 0xF8, 0x00, 0x06, 0x03, 0xFF,
    0x80, 0xC0, 0x00, 0x3F, 0xF8, 0x0F, 0xFF, 0x00, 0x00, 0x00, 0x00, 0x00, 0x00, 0x09, 0x83, 0xF6,
    0x60, 0xFD, 0x98, 0x03, 0x66, 0x0F, 0xDF, 0x83, 0xF7, 0xE0, 0xC1, 0x98, 0x3F, 0xE6, 0x0F, 0xF9,
    0x80, 0x02, 0x60, 0x3F, 0xF8, 0x0F, 0xFE, 0x03, 0x01, 0x80, 0xC0, 0x60, 0x3F, 0xF8, 0x0F, 0xFE,
    0x00, 0x00, 0x00, 0x00, 0x00, 0x00, 0x09, 0x83, 0xF6, 0x60, 0x0D, 0x98, 0x03, 0x7E, 0x0F, 0xDF,
    0x83, 0x06, 0x60, 0xC1, 0x98, 0x3F, 0xE6, 0x0F, 0xD9, 0x80, 0x00, 0x00, 0x30, 0x18, 0x0F, 0xFE,
    0x03, 0xFF, 0x80, 0xC0, 0x60, 0x3F, 0xF8, 0x0F, 0xFE, 0x00, 0x00, 0x00, 0x00, 0x00, 0x00, 0x09,
    0x83, 0xF6, 0x60, 0xFD, 0x98, 0x03, 0x66, 0x0F, 0xDF, 0x83, 0xF7, 0xE0, 0xC1, 0x98, 0x3F, 0xE6,
    0x0F, 0xF9, 0x80, 0x02, 0x60, 0x03, 0x18, 0x00, 0xE0, 0x00, 0x78, 0x00, 0x3B, 0x80, 0x7C, 0x78,
    0x1C, 0x0E, 0x00, 0x00, 0x00, 0x00, 0x00, 0x00, 0x09, 0x83, 0xF6, 0x60, 0xFD, 0x98, 0x03, 0x66,
    0x0F, 0xDF, 0x83, 0xF7, 0xE0, 0xC1, 0x98, 0x3F, 0xE6, 0x0F, 0xF9, 0x80, 0x02, 0x60, 0x18, 0x60,
    0x06, 0x18, 0x01, 0xC7, 0x00, 0xF3, 0xC0, 0xE7, 0x9C, 0x30, 0xC3, 0x00, 0x00, 0x00, 0x00, 0x00,
    0x00, 0x09, 0x83, 0xF6, 0x60, 0xFD, 0x98, 0x03, 0x66, 0x0F, 0xDF, 0x83, 0xF7, 0xE0, 0xC1, 0x98,
    0x3F, 0xE6, 0x0F, 0xF9, 0x80, 0x02, 0x60, 0x0F, 0xE0, 0x0F, 0xFC, 0x03, 0x01, 0x80, 0xC0, 0x60,
    0x3E, 0xF8, 0x07, 0xF8, 0x00, 0x00, 0x00, 0x00, 0x00, 0x00, 0x03, 0x03, 0xF8, 0xC0, 0xFF, 0x30,
    0x00, 0xCC, 0x00, 0x73, 0xC0, 0x1C, 0xF0, 0xFF, 0x30, 0x3F, 0x8C, 0x0C, 0x03, 0xC3, 0x00, 0xF0,
    0xFF, 0xB0, 0x3F, 0xEC, 0x00, 0x03, 0x00, 0x00, 0xC0, 0x00, 0x30, 0x00, 0x0C, 0x00, 0x00, 0x00,
    0x00, 0x00, 0x00, 0x03, 0x03, 0xF8, 0xC0, 0xFF, 0x3C, 0x00, 0xCF, 0x0F, 0xF3, 0x03, 0xF8, 0xF0,
    0xC0, 0x3C, 0x3F, 0xEC, 0x0F, 0xFB, 0x00, 0x00, 0xC0, 0x7F, 0xF0, 0x1F, 0xFC, 0x00, 0x03, 0x00,
    0x00, 0xC0, 0x00, 0x30, 0x00, 0x0C, 0x00, 0x00, 0x00, 0x00, 0x00, 0x00, 0x03, 0x03, 0xF8, 0xC0,
    0xFF, 0x30, 0x00, 0xCF, 0x0F, 0xF3, 0xC3, 0xF8, 0xC0, 0xC0, 0x30, 0x30, 0x0F, 0x0F, 0xFB, 0x03,
    0xFC, 0xC0, 0x00, 0x30, 0x0C, 0x0C, 0x03, 0x00, 0x00, 0xC0, 0x00, 0x7F, 0xF0, 0x0F, 0xFE, 0x00,
    0x00, 0x00, 0x00, 0x00, 0x00, 0x03, 0x03, 0xF8, 0xC0, 0xFF, 0x30, 0x00, 0xCF, 0x0F, 0xF3, 0x03,
    0xF8, 0xC0, 0xC0, 0x3C, 0x3F, 0xEF, 0x0F, 0xFB, 0x00, 0x00, 0xC0, 0x03, 0x30, 0x00, 0xC0, 0x00,
    0x78, 0x00, 0x77, 0x00, 0x78, 0xF8, 0x1C, 0x0E, 0x00, 0x00, 0x00, 0x00, 0x00, 0x00, 0x03, 0x03,
    0xF8, 0xC0, 0xFF, 0x3C, 0x00, 0xCF, 0x0F, 0xF3, 0x03, 0xF8, 0xF0, 0xC0, 0x3C, 0x3F, 0xEC, 0x0F,
    0xF3, 0x00, 0x00, 0xC0, 0x1F, 0xC0, 0x0F, 0xF8, 0x06, 0x03, 0x01, 0x80, 0xC0, 0x78, 0xE0, 0x0F,
    0xF0, 0x00, 0x00, 0x00, 0x00, 0x00, 0x00, 0x03, 0x83, 0xF8, 0xE0, 0xFE, 0x38, 0x01, 0x8E, 0x00,
    0x63, 0x80, 0x18, 0xE0, 0xFE, 0xF8, 0x30, 0x3E, 0x0C, 0x03, 0x83, 0x00, 0xE0, 0xFF, 0x38, 0x3F,
    0xCE, 0x00, 0x03, 0x80, 0x00, 0xE0, 0x00, 0x38, 0x00, 0x0E, 0x00, 0x00, 0x00, 0x00, 0x00, 0x00,
    0x03, 0x03, 0xF8, 0xC0, 0xFE, 0x30, 0x01, 0x8C, 0x0F, 0xFF, 0x03, 0xF8, 0xC0, 0xC0, 0x30, 0x3F,
    0xCC, 0x0F, 0xF3, 0x00, 0x00, 0x40, 0x3F, 0xF0, 0x1F, 0xFC, 0x00, 0x03, 0x00, 0x00, 0xC0, 0x00,
    0x30, 0x00, 0x0C, 0x00, 0x00, 0x00, 0x00, 0x00, 0x00, 0x03, 0x83, 0xF8, 0xE0, 0xFE, 0x38, 0x01,
    0x8E, 0x0F, 0xEF, 0x83, 0xFB, 0xE0, 0xC0, 0x38, 0x30, 0x0E, 0x0F, 0xFB, 0x83, 0xFC, 0xE0, 0x00,
    0x38, 0x0C, 0x04, 0x03, 0x00, 0x00, 0xC0, 0x00, 0x3F, 0xF8, 0x0F, 0xFE, 0x00, 0x00, 0x00, 0x00,
    0x00, 0x00, 0x03, 0x03, 0xF8, 0xC0, 0x06, 0x30, 0x3F, 0xBC, 0x0F, 0xEF, 0x03, 0x00, 0xC0, 0xFF,
    0x30, 0x3F, 0xCC, 0x00, 0x01, 0x00, 0xFF, 0xC0, 0x3F, 0xF0, 0x00, 0x0C, 0x03, 0xFF, 0x80, 0xC0,
    0x00, 0x3F, 0xF8, 0x0F, 0xFE, 0x00, 0x00, 0x00, 0x00, 0x00, 0x00, 0x03, 0x03, 0xF8, 0xC0, 0x06,
    0x30, 0x01, 0xBC, 0x0F, 0xFF, 0x03, 0xF8, 0xC0, 0xC0, 0x30, 0x3F, 0xCC, 0x0F, 0xF3, 0x00, 0x00,
    0x40, 0x3F, 0xF0, 0x0F, 0xFC, 0x03, 0x03, 0x00, 0xC0, 0xC0, 0x3F, 0xF0, 0x0F, 0xFC, 0x00, 0x00,
    0x00, 0x00, 0x00, 0x0F, 0xE3, 0x03, 0xF8, 0xC0, 0x06, 0x30, 0x01, 0xBC, 0x0F, 0xEF, 0x03, 0x00,
    0xC0, 0xC0, 0x30, 0x3F, 0xCC, 0x0F, 0xE3, 0x00, 0x00, 0x00, 0x30, 0x30, 0x0F, 0xFC, 0x03, 0xFF,
    0x00, 0xC0, 0xC0, 0x3F, 0xF0, 0x0F, 0xFC, 0x00, 0x00, 0x00, 0x00, 0x00, 0x00, 0x03, 0x03, 0xF8,
    0xC0, 0xF6, 0x30, 0x01, 0xBC, 0x0F, 0xEF, 0x03, 0xF8, 0xC0, 0xC0, 0x30, 0x3F, 0xEC, 0x0F, 0xFB,
    0x00, 0x00, 0xC0, 0x03, 0x30, 0x00, 0xE0, 0x00, 0x78, 0x00, 0x3B, 0x00, 0x7C, 0xF8, 0x1C, 0x0E,
    0x00, 0x00, 0x00, 0x00, 0x00, 0x0F, 0xC3, 0x03, 0xF8, 0xC0, 0x06, 0x30, 0x01, 0xBC, 0x0F, 0xFF,
    0x03, 0xF8, 0xC0, 0xC0, 0x30, 0x3F, 0xCC, 0x0F, 0xF3, 0x00, 0x00, 0xC0, 0x18, 0x60, 0x06, 0x18,
    0x03, 0x8E, 0x01, 0xF7, 0xC0, 0xEF, 0x9C, 0x31, 0xC2, 0x00, 0x00, 0x00, 0x00, 0x00, 0x00, 0x03,
    0x03, 0xF8, 0xC0, 0xFE, 0x30, 0x01, 0xBC, 0x0F, 0xEF, 0x03, 0xF8, 0xC0, 0xC0, 0x30, 0x3F, 0xCC,
    0x0F, 0xF3, 0x00, 0x00, 0xC0, 0x1F, 0xE0, 0x0F, 0xFC, 0x03, 0x03, 0x00, 0xC0, 0xC0, 0x3C, 0xF0,
    0x07, 0xF8, 0x00, 0x00, 0x00, 0x00, 0x00, 0x00, 0x01, 0x83, 0xF8, 0xE0, 0x06, 0x18, 0x3F, 0xBE,
    0x0F, 0xEF, 0x83, 0x00, 0x60, 0xFF, 0x38, 0x3F, 0xCE, 0x00, 0x31, 0x80, 0xFF, 0xE0, 0x7F, 0xF8,
    0x01, 0xF0, 0x01, 0xFE, 0x00, 0x60, 0xC0, 0x1C, 0x70, 0x03, 0xF8, 0x00, 0x00, 0x00, 0x00, 0x00,
    0x00, 0x0D, 0x83, 0xE3, 0x60, 0xFC, 0xD8, 0x03, 0x36, 0x00, 0xCD, 0x80, 0x37, 0x60, 0xFF, 0xD8,
    0x3F, 0x36, 0x0C, 0x0D, 0x83, 0x03, 0x60, 0xFE, 0xD8, 0x3F, 0xB6, 0x00, 0x0D, 0x80, 0x03, 0x60,
    0x00, 0xD8, 0x00, 0x06, 0x00, 0x00, 0x00, 0x00, 0x00, 0x00, 0x0D, 0x83, 0xF3, 0x60, 0xFC, 0xD8,
    0x03, 0x36, 0x0F, 0xFD, 0x83, 0xFF, 0x60, 0xC0, 0xD8, 0x31, 0xB6, 0x0F, 0xED, 0x83, 0x03, 0x60,
    0x3F, 0xF8, 0x0F, 0xFE, 0x00, 0x01, 0x80, 0x00, 0x60, 0x00, 0x18, 0x00, 0x06, 0x00, 0x00, 0x00,
    0x00, 0x00, 0x00, 0x00, 0x80, 0x03, 0x60, 0xFC, 0xD8, 0x1B, 0x36, 0x00, 0xCD, 0x83, 0xFF, 0x60,
    0xFF, 0xD8, 0x30, 0x36, 0x0C, 0x2D, 0x83, 0xFB, 0x60, 0xF8, 0xD8, 0x04, 0x36, 0x03, 0x0D, 0x80,
    0xC0, 0x00, 0x30, 0x00, 0x0F, 0xFF, 0x03, 0xFF, 0xC0, 0x00, 0x00, 0x00, 0x0D, 0x83, 0xF3, 0x60,
    0x0C, 0xD8, 0x1B, 0xF6, 0x0F, 0xFD, 0x83, 0x03, 0x60, 0xFE, 0xD8, 0x3F, 0xB6, 0x00, 0x09, 0x80,
    0xFF, 0xE0, 0x3F, 0xF8, 0x00, 0x06, 0x03, 0xFF, 0x80, 0xC0, 0x00, 0x3F, 0xF8, 0x0F, 0xFF, 0x00,
    0x00, 0x00, 0x00, 0x00, 0x00, 0x0D, 0x83, 0xF3, 0x60, 0xFC, 0xD8, 0x03, 0x76, 0x0F, 0xFD, 0x83,
    0xF3, 0x60, 0xC0, 0xD8, 0x3F, 0xB6, 0x0F, 0xED, 0x80, 0x03, 0x60, 0x3F, 0xF8, 0x0F, 0xFE, 0x03,
    0x01, 0x80, 0xC0, 0x60, 0x3F, 0xF8, 0x0F, 0xFE, 0x00, 0x00, 0x00, 0x00, 0x00, 0x00, 0x0D, 0x83,
    0xF3, 0x60, 0xFC, 0xD8, 0x03, 0xF6, 0x0F, 0xFD, 0x83, 0xF3, 0x60, 0xC0, 0xD8, 0x3F, 0xB6, 0x0F,
    0xED, 0x80, 0x00, 0x00, 0x30, 0x18, 0x0F, 0xFE, 0x03, 0xFF, 0x80, 0xC0, 0x60, 0x3F, 0xF8, 0x0F,
    0xFE, 0x00, 0x00, 0x00, 0x00, 0x00, 0x00, 0x0D, 0x83, 0xF3, 0x60, 0xFC, 0xD8, 0x03, 0x36, 0x0F,
    0xFD, 0x83, 0xFF, 0x60, 0xC0, 0xD8, 0x31, 0xB6, 0x0F, 0xED, 0x83, 0xE3, 0x60, 0x03, 0x18, 0x00,
    0xE0, 0x00, 0x78, 0x00, 0x3B, 0x80, 0x7C, 0x78, 0x1C, 0x06, 0x00, 0x00, 0x00, 0x00, 0x00, 0x00,
    0x0D, 0x83, 0xF3, 0x60, 0xFC, 0xD8, 0x03, 0x36, 0x0F, 0xFD, 0x83, 0xFF, 0x60, 0xC0, 0xD8, 0x3F,
    0xB6, 0x0F, 0xED, 0x80, 0x03, 0x60, 0x0F, 0xE0, 0x0F, 0xFC, 0x03, 0x01, 0x80, 0xC0, 0x60, 0x3C,
    0x78, 0x07, 0xF8, 0x00, 0x00, 0x00, 0x00, 0x00, 0x00, 0x03, 0x83, 0xF8, 0xE0, 0xFE, 0x38, 0x01,
    0xBE, 0x00, 0x7F, 0x80, 0x18, 0xE0, 0xFE, 0x38, 0x3F, 0x8E, 0x0C, 0x1F, 0x83, 0x03, 0xE0, 0xC1,
    0x38, 0x3F, 0xCE, 0x0F, 0xE3, 0x80, 0x00, 0xE0, 0x00, 0x38, 0x00, 0x0E, 0x00, 0x00, 0x00, 0x00,
    0x00, 0x00, 0x03, 0x83, 0xF8, 0xE0, 0xFE, 0xF8, 0x01, 0xBE, 0x0F, 0xE1, 0x83, 0xFB, 0xE0, 0xC1,
    0xF8, 0x30, 0xCE, 0x0F, 0xF3, 0x83, 0x00, 0x60, 0x3F, 0xF0, 0x1F, 0xFE, 0x00, 0x03, 0x80, 0x00,
    0xE0, 0x00, 0x38, 0x00, 0x0E, 0x00, 0x00, 0x00, 0x00, 0x00, 0x00, 0x03, 0x83, 0xF8, 0xE0, 0xFE,
    0xF8, 0x01, 0xFE, 0x0F, 0xE3, 0x83, 0xF8, 0xE0, 0xC1, 0xF8, 0x30, 0x3E, 0x0F, 0xF3, 0x83, 0xFC,
    0xE0, 0x00, 0x38, 0x0C, 0x0C, 0x03, 0x00, 0x00, 0xC0, 0x00, 0x3F, 0xF8, 0x0F, 0xFE, 0x00, 0x00,
    0x00, 0x00, 0x00, 0x0F, 0xE3, 0x83, 0xF8, 0xE0, 0x07, 0xF8, 0x3F, 0x8E, 0x0F, 0xE3, 0x83, 0x07,
    0xE0, 0xFF, 0x38, 0x3F, 0xCE, 0x00, 0x01, 0x00, 0xFF, 0xC0, 0x3F, 0xF8, 0x00, 0x0E, 0x03, 0xFF,
    0x80, 0xC0, 0x00, 0x3F, 0xF8, 0x0F, 0xFE, 0x00, 0x00, 0x00, 0x00, 0x00, 0x00, 0x03, 0x83, 0xF8,
    0xE0, 0x16, 0xF8, 0x01, 0xBE, 0x0F, 0xE1, 0x83, 0xFB, 0xE0, 0xC1, 0xF8, 0x3F, 0xCE, 0x0F, 0xF3,
    0x80, 0x00, 0x40, 0x3F, 0xF8, 0x0F, 0xFE, 0x03, 0x03, 0x80, 0xC0, 0xE0, 0x37, 0xF8, 0x0F, 0xFE,
    0x00, 0x00, 0x00, 0x00, 0x00, 0x00, 0x03, 0x83, 0xF8, 0xE0, 0x07, 0xF8, 0x01, 0xBE, 0x0F, 0xE1,
    0x83, 0xF7, 0xE0, 0xC1, 0xF8, 0x3F, 0xCE, 0x0F, 0xE3, 0x80, 0x00, 0x40, 0x30, 0x18, 0x0F, 0xFE,
    0x03, 0xFF, 0x80, 0xC0, 0x60, 0x3F, 0xF8, 0x0F, 0xFE, 0x00, 0x00, 0x00, 0x00, 0x00, 0x00, 0x03,
    0x83, 0xF8, 0xE0, 0xFE, 0xF8, 0x01, 0xFE, 0x0F, 0xE3, 0x83, 0xFB, 0xE0, 0xC1, 0xF8, 0x30, 0x8E,
    0x0F, 0xF3, 0x83, 0xF0, 0xE0, 0x03, 0x38, 0x00, 0xC0, 0x00, 0x78, 0x00, 0x3B, 0x00, 0x7C, 0x78,
    0x1C, 0x0E, 0x00, 0x00, 0x00, 0x00, 0x00, 0x00, 0x03, 0x03, 0xF8, 0xC0, 0xFE, 0xF0, 0x01, 0xFC,
    0x0F, 0xE3, 0x03, 0xFA, 0xC0, 0xC1, 0xF0, 0x30, 0xCC, 0x0F, 0xF3, 0x03, 0xE0, 0xC0, 0x18, 0x40,
    0x06, 0x38, 0x03, 0x8E, 0x00, 0xF3, 0xC0, 0xEF, 0xB8, 0x31, 0xC6, 0x00, 0x00, 0x00, 0x00, 0x00,
    0x00, 0x03, 0x03, 0xF8, 0xE0, 0xFE, 0xF8, 0x01, 0xFE, 0x0F, 0xE3, 0x83, 0xFB, 0xE0, 0xC1, 0xF8,
    0x3F, 0xCE, 0x0F, 0xF3, 0x80, 0x00, 0x60, 0x0F, 0xE0, 0x0F, 0xFC, 0x03, 0x03, 0x80, 0xC0, 0xE0,
    0x3E, 0xF0, 0x07, 0xF8, 0x00, 0x00, 0x00, 0x00, 0x00, 0x00, 0x0D, 0x83, 0xE3, 0x60, 0xFC, 0xD8,
    0x07, 0x36, 0x00, 0xFD, 0x80, 0x3F, 0x60, 0xFC, 0xD8, 0x3E, 0x36, 0x0C, 0x3D, 0x83, 0x0F, 0x60,
    0xFE, 0xD8, 0x3F, 0xB6, 0x00, 0x0D, 0x80, 0x03, 0x60, 0x00, 0xD8, 0x00, 0x06, 0x00, 0x00, 0x00,
    0x00, 0x00, 0x00, 0x00, 0x80, 0x03, 0x60, 0xFC, 0xD8, 0x1F, 0xF6, 0x00, 0xFD, 0x83, 0xF3, 0x60,
    0xFC, 0xD8, 0x30, 0xF6, 0x0C, 0x2D, 0x83, 0xFB, 0x60, 0xFC, 0xD8, 0x0C, 0x36, 0x03, 0x0D, 0x80,
    0xC0, 0x00, 0x30, 0x00, 0x0F, 0xFF, 0x01, 0xFF, 0x80, 0x00, 0x00, 0x00, 0x0D, 0x83, 0xF3, 0x60,
    0xFF, 0xD8, 0x03, 0xF6, 0x0F, 0xCD, 0x83, 0xEF, 0x60, 0xC3, 0xD8, 0x3F, 0xB6, 0x0F, 0xCD, 0x80,
    0x00, 0x00, 0x30, 0x18, 0x0F, 0xFE, 0x03, 0xFF, 0x80, 0xC0, 0x60, 0x3F, 0xF8, 0x0F, 0xFE, 0x00,
    0x00, 0x00, 0x00, 0x00, 0x00, 0x0D, 0x83, 0xF3, 0x60, 0xFD, 0xD8, 0x03, 0xF6, 0x0F, 0xCD, 0x83,
    0xF3, 0x60, 0xC3, 0xD8, 0x30, 0xB6, 0x0F, 0xED, 0x83, 0xF3, 0x60, 0x03, 0x18, 0x00, 0xC0, 0x00,
    0x78, 0x00, 0x3B, 0x00, 0x7C, 0x78, 0x1C, 0x0E, 0x00, 0x00, 0x00, 0x00, 0x00, 0x00, 0x00, 0x01,
    0xFF, 0xE0, 0x7F, 0xF8, 0x00, 0x06, 0x00, 0x01, 0x81, 0xFF, 0xE0, 0x7F, 0xF0, 0x18, 0x00, 0x06,
    0x00, 0x01, 0xFF, 0xE0, 0x7F, 0xF8, 0x00, 0xC0, 0x00, 0x30, 0x07, 0xFF, 0xF9, 0xFF, 0xFE, 0x00,
    0x00, 0x00, 0x00, 0x00, 0x00, 0x00, 0x07, 0xFF, 0x81, 0xFF, 0xE0, 0x00, 0x18, 0x1F, 0xFE, 0x07,
    0xFF, 0x81, 0x80, 0x00, 0x7F, 0xF8, 0x1F, 0xFE, 0x00, 0x30, 0x07, 0xFF, 0xF0, 0x80, 0x0C, 0x1F,
    0xFE, 0x07, 0xFF, 0x80, 0x00, 0x60, 0x00, 0x18, 0x00, 0x06, 0x00, 0x01, 0x80, 0x00, 0x00, 0x07,
    0xFF, 0x81, 0xFF, 0xE0, 0x00, 0x18, 0x1F, 0xFE, 0x07, 0xFF, 0x81, 0x80, 0x00, 0x7F, 0xF8, 0x1F,
    0xFE, 0x00, 0x30, 0x07, 0xFF, 0xF1, 0xFF, 0xFC, 0x08, 0x00, 0x06, 0x00, 0x01, 0x80, 0x00, 0x60,
    0x00, 0x1F, 0xFE, 0x07, 0xFF, 0x80, 0x00, 0x00, 0x07, 0xFF, 0x01, 0xFF, 0xC0, 0x00, 0x30, 0x1F,
    0xFC, 0x06, 0x00, 0x01, 0xFF, 0xE0, 0x7F, 0xF8, 0x00, 0xC0, 0x1F, 0xFF, 0xC3, 0xFF, 0xC0, 0x7F,
    0xF0, 0x00, 0x0C, 0x07, 0xFF, 0x01, 0xFF, 0xC0, 0x60, 0x00, 0x1F, 0xFE, 0x07, 0xFF, 0x80, 0x00,
    0x00, 0x07, 0xFF, 0x01, 0xFF, 0xC0, 0x00, 0x30, 0x1F, 0xFC, 0x07, 0xFF, 0x01, 0xFF, 0xC0, 0x7F,
    0xF8, 0x00, 0x80, 0x1F, 0xFF, 0xC7, 0xFF, 0xF0, 0x00, 0x00, 0x1F, 0xFC, 0x06, 0x0B, 0x01, 0x80,
    0xC0, 0x7F, 0xF0, 0x1F, 0xFC, 0x00, 0x00, 0x00, 0x00, 0x00, 0x07, 0xFF, 0x01, 0xFF, 0xC0, 0x00,
    0x30, 0x1F, 0xFC, 0x06, 0x00, 0x01, 0xFF, 0xC0, 0x7F, 0xF0, 0x00, 0x80, 0x1F, 0xFF, 0xC7, 0xFF,
    0xF0, 0x60, 0x10, 0x1F, 0xFC, 0x07, 0xFF, 0x01, 0x80, 0xC0, 0x6F, 0xB0, 0x1F, 0xFC, 0x00, 0x00,
    0x00, 0x00, 0x00, 0x07, 0xFF, 0x81, 0xFF, 0xE0, 0x00, 0x18, 0x1F, 0xFE, 0x07, 0xFF, 0x81, 0x80,
    0x00, 0x7F, 0xF8, 0x00, 0xC0, 0x00, 0x30, 0x07, 0xFF, 0xF0, 0x03, 0x00, 0x00, 0xC0, 0x00, 0x70,
    0x00, 0x3E, 0x00, 0x3C, 0xF0, 0x1E, 0x1E, 0x04, 0x00, 0x80, 0x00, 0x00, 0x07, 0xFF, 0x01, 0xFF,
    0xC0, 0x00, 0x30, 0x1F, 0xFC, 0x07, 0xFF, 0x01, 0x80, 0x00, 0x7F, 0xF8, 0x00, 0xC0, 0x0F, 0xFF,
    0xC7, 0xFF, 0xF0, 0x00, 0x00, 0x0F, 0xF8, 0x07, 0x8F, 0x01, 0x80, 0xC0, 0x60, 0x30, 0x0F, 0xFC,
    0x01, 0xFC, 0x00, 0x00, 0x00, 0x00, 0x03, 0x03, 0xFC, 0xC0, 0xFF, 0xB0, 0x00, 0x6C, 0x07, 0xFB,
    0x03, 0xFC, 0xC0, 0xC0, 0x3C, 0x3F, 0xEF, 0x0F, 0xFB, 0x00, 0x30, 0xC0, 0x0C, 0x30, 0x3F, 0xFC,
    0x1F, 0xFB, 0x00, 0x00, 0xC0, 0x00, 0x30, 0x00, 0x0C, 0x00, 0x00, 0x00, 0x00, 0x00, 0x00, 0x01,
    0x03, 0xFC, 0xC0, 0xFF, 0x30, 0x00, 0xCC, 0x0F, 0xF3, 0x03, 0xFC, 0xC0, 0xC0, 0x3E, 0x3F, 0xEE,
    0x01, 0x83, 0x00, 0x67, 0xC1, 0xFF, 0xF0, 0x3C, 0x0C, 0x02, 0x03, 0x01, 0x80, 0x00, 0x60, 0x00,
    0x1F, 0xFE, 0x03, 0xFF, 0x80, 0x00, 0x00, 0x00, 0x00, 0x03, 0xF9, 0x80, 0xFF, 0x60, 0x00, 0xD8,
    0x0F, 0xF6, 0x03, 0x01, 0xF0, 0xFF, 0x7C, 0x3F, 0xD8, 0x01, 0x86, 0x07, 0xFF, 0x81, 0xFC, 0x60,
    0x07, 0xF0, 0x07, 0xFE, 0x01, 0x81, 0xC0, 0x60, 0x60, 0x0F, 0xF8, 0x01, 0xF8, 0x00, 0x00, 0x00,
    0x00, 0x09, 0x83, 0xFB, 0x60, 0x06, 0xD8, 0x3F, 0xA6, 0x0F, 0xCF, 0x83, 0x07, 0xE0, 0xFE, 0x98,
    0x0C, 0x76, 0x1F, 0xFD, 0x87, 0xFE, 0x60, 0x08, 0x60, 0x06, 0x18, 0x01, 0x86, 0x00, 0xF3, 0xC0,
    0xEF, 0xBC, 0x31, 0xC3, 0x00, 0x00, 0x00, 0x00, 0x00, 0x00, 0x03, 0x03, 0xFC, 0xC0, 0xFF, 0xB0,
    0x00, 0x6C, 0x07, 0xFB, 0x03, 0xFE, 0xC0, 0xC0, 0x30, 0x3F, 0xEC, 0x0F, 0xFB, 0x00, 0x30, 0xC0,
    0x0C, 0x30, 0x3F, 0xFC, 0x1F, 0xFF, 0x00, 0x00, 0xC0, 0x00, 0x30, 0x00, 0x0C, 0x00, 0x00, 0x00,
    0x00, 0x00, 0x00, 0x01, 0x81, 0xFE, 0x60, 0x7B, 0x98, 0x1F, 0xE6, 0x07, 0xF1, 0x81, 0x80, 0x60,
    0x7F, 0x98, 0x1F, 0xE6, 0x00, 0xCD, 0x87, 0xFF, 0x60, 0xF8, 0x18, 0x0C, 0x06, 0x03, 0x00, 0x00,
    0xC0, 0x00, 0x3F, 0xF8, 0x0F, 0xFE, 0x00, 0x00, 0x00, 0x00, 0x00, 0x07, 0xF1, 0x81, 0xFE, 0x60,
    0x7F, 0x98, 0x1F, 0xC6, 0x06, 0x01, 0x81, 0xFE, 0x60, 0x1C, 0x18, 0x7F, 0xF6, 0x1F, 0xF1, 0x80,
    0xFF, 0xC0, 0x3F, 0xF8, 0x00, 0x06, 0x03, 0xFF, 0x80, 0xC0, 0x00, 0x3F, 0xF8, 0x0F, 0xFE, 0x00,
    0x00, 0x00, 0x00, 0x00, 0x07, 0xF1, 0x81, 0xFE, 0x60, 0x01, 0x98, 0x1F, 0xE6, 0x07, 0xF1, 0x81,
    0xFE, 0x60, 0x7F, 0x98, 0x03, 0x06, 0x1F, 0xFD, 0x87, 0xFE, 0x60, 0x1F, 0xF0, 0x0F, 0xFE, 0x03,
    0x01, 0x80, 0xC0, 0x60, 0x3F, 0xF8, 0x0F, 0xFE, 0x00, 0x00, 0x00, 0x00, 0x00, 0x07, 0xF1, 0x81,
    0xFE, 0x60, 0x03, 0x98, 0x1F, 0xE6, 0x06, 0x01, 0x81, 0xFE, 0x60, 0x7F, 0x98, 0x07, 0x76, 0x1F,
    0xFD, 0x83, 0x00, 0x60, 0x30, 0x18, 0x0F, 0xFE, 0x03, 0xFF, 0x80, 0xC0, 0x60, 0x37, 0xD8, 0x0F,
    0xFE, 0x00, 0x00, 0x00, 0x00, 0x00, 0x07, 0xF1, 0x81, 0xFE, 0x60, 0x01, 0x98, 0x1F, 0xE6, 0x07,
    0xF1, 0x81, 0x84, 0x60, 0x7F, 0x98, 0x03, 0x06, 0x0F, 0xFD, 0x87, 0xFF, 0x60, 0x03, 0x18, 0x00,
    0xC6, 0x00, 0x78, 0x00, 0x3F, 0x00, 0x7C, 0x78, 0x1C, 0x0E, 0x00, 0x00, 0x00, 0x00, 0x00, 0x00,
    0x01, 0x81, 0xFE, 0x60, 0x01, 0x98, 0x1F, 0xE6, 0x07, 0xF1, 0x81, 0xFC, 0x60, 0x7F, 0x98, 0x03,
    0x06, 0x1F, 0xFD, 0x83, 0xF8, 0x60, 0x07, 0xD8, 0x07, 0xFC, 0x03, 0x83, 0x80, 0xC0, 0x60, 0x3C,
    0x78, 0x07, 0xFC, 0x00, 0x00, 0x00, 0x00, 0x00, 0x00, 0x00, 0x01, 0xFF, 0xE0, 0x7F, 0xF8, 0x00,
    0x06, 0x00, 0x01, 0x81, 0xFF, 0xE0, 0x7F, 0xF8, 0x18, 0x00, 0x06, 0x00, 0x01, 0xFF, 0xF0, 0x7F,
    0xFC, 0x03, 0x18, 0x00, 0xC6, 0x01, 0xFF, 0xE1, 0xFF, 0xFE, 0x20, 0x00, 0x00, 0x00, 0x00, 0x00,
    0x00, 0x07, 0xFF, 0x81, 0xFF, 0xE0, 0x00, 0x18, 0x1F, 0xFE, 0x07, 0xFF, 0x81, 0x80, 0x00, 0x7F,
    0xF8, 0x1F, 0xFE, 0x01, 0x8C, 0x07, 0xFF, 0xF1, 0xFF, 0xFC, 0x00, 0x00, 0x06, 0x00, 0x01, 0x80,
    0x00, 0x60, 0x00, 0x1F, 0xFE, 0x03, 0xFF, 0x00, 0x00, 0x00, 0x07, 0xFF, 0x01, 0xFF, 0xC0, 0x00,
    0x30, 0x1F, 0xFC, 0x06, 0x00, 0x01, 0xFF, 0xE0, 0x7F, 0xF8, 0x06, 0x30, 0x1F, 0xFF, 0xC3, 0xFF,
    0xF0, 0x7F, 0xF0, 0x00, 0x0C, 0x07, 0xFF, 0x01, 0xFF, 0xC0, 0x60, 0x00, 0x1F, 0xFE, 0x07, 0xFF,
    0x80, 0x00, 0x00, 0x07, 0xFF, 0x01, 0xFF, 0xC0, 0x00, 0x30, 0x1F, 0xFC, 0x06, 0x00, 0x01, 0xFF,
    0xC0, 0x7F, 0xF0, 0x06, 0x30, 0x1F, 0xFF, 0xC7, 0xFF, 0xF0, 0x60, 0x10, 0x1F, 0xFC, 0x07, 0xFF,
    0x01, 0x80, 0xC0, 0x6F, 0xB0, 0x1F, 0xFC, 0x00, 0x00, 0x00, 0x00, 0x00, 0x07, 0xFF, 0x81, 0xFF,
    0xE0, 0x00, 0x18, 0x1F, 0xFE, 0x07, 0xFF, 0x81, 0x80, 0x00, 0x7F, 0xF8, 0x1F, 0xFE, 0x01, 0x86,
    0x07, 0xFF, 0xF8, 0xFF, 0xFC, 0x00, 0xC0, 0x00, 0x30, 0x00, 0x1E, 0x00, 0x3C, 0xF0, 0x1E, 0x1F,
    0x06, 0x00, 0x80, 0x00, 0x00, 0x07, 0xFF, 0x01, 0xFF, 0xC0, 0x00, 0x30, 0x1F, 0xFC, 0x07, 0xFF,
    0x01, 0x80, 0x00, 0x7F, 0xF8, 0x06, 0x30, 0x01, 0x8C, 0x07, 0xFF, 0xF0, 0xFF, 0xFC, 0x0F, 0xF8,
    0x07, 0xCF, 0x01, 0x80, 0xC0, 0x60, 0x30, 0x0F, 0xFC, 0x01, 0xFC, 0x00, 0x00, 0x00, 0x07, 0xFF,
    0x01, 0xFF, 0xC0, 0x00, 0x30, 0x00, 0x0C, 0x07, 0xFF, 0x01, 0x80, 0x00, 0x60, 0x00, 0x1F, 0xFE,
    0x07, 0xFF, 0x00, 0x00, 0x01, 0xFF, 0xFC, 0x7F, 0xFF, 0x00, 0x30, 0x00, 0x0C, 0x00, 0x03, 0x00,
    0x00, 0xC0, 0x00, 0x30, 0x00, 0x00, 0x00, 0x07, 0xFF, 0x81, 0xFF, 0xE0, 0x00, 0x18, 0x1F, 0xFE,
    0x07, 0xFF, 0x81, 0x80, 0x00, 0x7F, 0xF8, 0x0F, 0xFC, 0x0F, 0xDF, 0xC7, 0xFF, 0xF0, 0x03, 0x00,
    0x1F, 0xFE, 0x07, 0xFF, 0x80, 0x00, 0x60, 0x00, 0x18, 0x00, 0x06, 0x00, 0x01, 0x80, 0x00, 0x00,
    0x07, 0xFF, 0x81, 0xFF, 0xE0, 0x00, 0x18, 0x1F, 0xFE, 0x07, 0xFF, 0x81, 0x80, 0x00, 0x7F, 0xF8,
    0x1F, 0xFE, 0x00, 0x00, 0x07, 0xFF, 0xF9, 0xFF, 0xFC, 0x00, 0xC0, 0x06, 0x30, 0x01, 0x84, 0x00,
    0x60, 0x00, 0x1F, 0xFE, 0x00, 0x00, 0x00, 0x00, 0x00, 0x07, 0xFF, 0x01, 0xFF, 0xC0, 0x00, 0x30,
    0x1F, 0xFC, 0x06, 0x00, 0x01, 0xFF, 0xE0, 0x7F, 0xF8, 0x7F, 0xFF, 0x1F, 0xFF, 0xC0, 0x0C, 0x00,
    0x7F, 0xF0, 0x00, 0x0C, 0x07, 0xFF, 0x01, 0xFF, 0xC0, 0x60, 0x00, 0x1F, 0xFE, 0x07, 0xFF, 0x80,
    0x00, 0x00, 0x07, 0xFF, 0x01, 0xFF, 0xC0, 0x00, 0x30, 0x1F, 0xFC, 0x07, 0xFF, 0x01, 0xFF, 0xC0,
    0x7F, 0xF8, 0x00, 0x00, 0x1F, 0xFF, 0xC7, 0xFF, 0xF0, 0x02, 0x00, 0x1F, 0xFC, 0x07, 0xFF, 0x01,
    0x80, 0xC0, 0x7F, 0xF0, 0x1F, 0xFC, 0x00, 0x00, 0x00, 0x00, 0x00, 0x07, 0xFF, 0x01, 0xFF, 0xC0,
    0x00, 0x30, 0x1F, 0xFC, 0x06, 0x00, 0x01, 0xFF, 0xC0, 0x7F, 0xF8, 0x3F, 0x3E, 0x1F, 0xFF, 0xC0,
    0x1C, 0x00, 0x62, 0x10, 0x18, 0x0C, 0x07, 0xFF, 0x01, 0x80, 0xC0, 0x60, 0x30, 0x1F, 0xFC, 0x00,
    0x00, 0x00, 0x00, 0x00, 0x07, 0xFF, 0x81, 0xFF, 0xE0, 0x00, 0x18, 0x1F, 0xFE, 0x07, 0xFF, 0x81,
    0x80, 0x00, 0x7F, 0xF8, 0x00, 0x80, 0x1F, 0xFF, 0xC7, 0xFF, 0xF0, 0x03, 0x00, 0x00, 0xC0, 0x00,
    0x30, 0x00, 0x1E, 0x00, 0x1F, 0xE0, 0x1E, 0x3E, 0x04, 0x01, 0x80, 0x00, 0x00, 0x07, 0xFF, 0x01,
    0xFF, 0xC0, 0x00, 0x30, 0x1F, 0xFC, 0x07, 0xFF, 0x01, 0x80, 0x00, 0x7F, 0xF8, 0x00, 0x00, 0x1F,
    0xFF, 0xC7, 0xFF, 0xF0, 0x03, 0x00, 0x0F, 0xF8, 0x07, 0xDF, 0x01, 0x80, 0xC0, 0x60, 0x30, 0x0F,
    0xFC, 0x01, 0xFC, 0x00, 0x00, 0x00, 0x00, 0x03, 0x83, 0xFE, 0xE0, 0x03, 0xB8, 0x1F, 0xEE, 0x0F,
    0xFB, 0x83, 0x00, 0xE0, 0xFF, 0xB8, 0x3F, 0xEE, 0x00, 0x0B, 0x87, 0xFF, 0xE1, 0xFC, 0x38, 0x06,
    0x7E, 0x01, 0x9F, 0x80, 0x60, 0xE0, 0x18, 0x38, 0x06, 0x0E, 0x00, 0x00, 0x00, 0x00, 0x00, 0x07,
    0xF1, 0x81, 0xFE, 0x60, 0x03, 0x98, 0x1F, 0xC6, 0x06, 0x01, 0x81, 0xFE, 0x60, 0x17, 0xD8, 0x7F,
    0xF6, 0x01, 0xCF, 0x80, 0x37, 0xE0, 0x08, 0x18, 0x06, 0x18, 0x01, 0xC6, 0x00, 0xF3, 0xC0, 0xF7,
    0xDC, 0x30, 0xC3, 0x00, 0x00, 0x00, 0x00, 0x00, 0x00, 0x0D, 0x83, 0xFB, 0x60, 0x06, 0xD8, 0x3F,
    0xB6, 0x0F, 0xCD, 0x83, 0x03, 0x60, 0xFE, 0xD8, 0x00, 0x36, 0x1F, 0xFD, 0x87, 0xFB, 0x60, 0x33,
    0xD8, 0x0D, 0xF6, 0x03, 0x0D, 0x80, 0xC3, 0x60, 0x30, 0xD8, 0x00, 0x06, 0x00, 0x00, 0x00, 0x00,
    0x00, 0x00, 0x01, 0x81, 0xFE, 0x60, 0x01, 0x98, 0x0F, 0x66, 0x07, 0xF9, 0x81, 0x80, 0x60, 0x7F,
    0x98, 0x1F, 0xE6, 0x00, 0x01, 0x87, 0xFF, 0x60, 0xFF, 0x18, 0x03, 0x06, 0x00, 0xC1, 0x80, 0x30,
    0x60, 0x0C, 0x18, 0x03, 0x06, 0x00, 0x00, 0x00, 0x00, 0x00, 0x07, 0xF1, 0x81, 0xFE, 0x60, 0x01,
    0x98, 0x1F, 0xE6, 0x07, 0xF1, 0x81, 0xFE, 0x60, 0x7F, 0x98, 0x00, 0x36, 0x1F, 0xFD, 0x83, 0xF0,
    0x60, 0x0C, 0x00, 0x1F, 0xFE, 0x03, 0xFF, 0x80, 0x00, 0x60, 0x00, 0x18, 0x00, 0x06, 0x00, 0x00,
    0x00, 0x00, 0x00, 0x07, 0xF1, 0x81, 0xFE, 0x60, 0x01, 0x98, 0x1F, 0xE6, 0x07, 0xF1, 0x81, 0x80,
    0x60, 0x7F, 0x98, 0x00, 0x06, 0x1F, 0xFD, 0x87, 0xFF, 0x60, 0x0C, 0x18, 0x0B, 0x06, 0x07, 0x00,
    0x01, 0xC0, 0x00, 0x7F, 0xF8, 0x0F, 0xFE, 0x00, 0x00, 0x00, 0x00, 0x00, 0x07, 0xF1, 0x81, 0xFE,
    0x60, 0x7F, 0x98, 0x1F, 0xC6, 0x06, 0x01, 0x81, 0xFE, 0x60, 0x01, 0xD8, 0x7F, 0xF6, 0x0D, 0xC1,
    0x80, 0xFF, 0xE0, 0x7F, 0xF8, 0x00, 0x06, 0x03, 0xFF, 0x81, 0xC0, 0x00, 0x7F, 0xF8, 0x1F, 0xFE,
    0x00, 0x00, 0x00, 0x00, 0x00, 0x07, 0xF1, 0x81, 0xFE, 0x60, 0x03, 0x98, 0x1F, 0xE6, 0x06, 0x01,
    0x81, 0xFE, 0x60, 0x7F, 0x98, 0x3F, 0xF6, 0x1F, 0xFD, 0x80, 0x30, 0x60, 0x3F, 0xF0, 0x0F, 0xFE,
    0x03, 0x01, 0x80, 0xC0, 0x60, 0x3F, 0xF8, 0x0F, 0xFE, 0x00, 0x00, 0x00, 0x00, 0x00, 0x07, 0xF1,
    0x81, 0xFE, 0x60, 0x03, 0x98, 0x1F, 0xE6, 0x06, 0x01, 0x81, 0xFE, 0x60, 0x7F, 0x98, 0x00, 0x36,
    0x1F, 0xFD, 0x83, 0xF0, 0x60, 0x0D, 0x18, 0x02, 0xE6, 0x00, 0x38, 0x00, 0x3F, 0x80, 0x3C, 0x7C,
    0x0C, 0x07, 0x00, 0x00, 0x00, 0x00, 0x00, 0x00, 0x01, 0x81, 0xFE, 0x60, 0x01, 0x98, 0x1F, 0xE6,
    0x07, 0xF1, 0x81, 0xFE, 0x60, 0x7F, 0x98, 0x00, 0x36, 0x1F, 0xFD, 0x83, 0xF0, 0x60, 0x0F, 0xD8,
    0x07, 0xFC, 0x03, 0x83, 0x80, 0xC0, 0x60, 0x3C, 0x78, 0x07, 0xFC, 0x00, 0x00, 0x00, 0x00, 0x00,
    0x07, 0xFF, 0x01, 0xFF, 0xC0, 0x00, 0x30, 0x00, 0x0C, 0x07, 0xFF, 0x01, 0x80, 0x00, 0x60, 0x00,
    0x1F, 0xFE, 0x03, 0xFF, 0x03, 0x00, 0x21, 0xFF, 0xFC, 0x06, 0x30, 0x01, 0x8C, 0x00, 0x63, 0x00,
    0x18, 0xC0, 0x06, 0x30, 0x01, 0x8C, 0x00, 0x00, 0x00, 0x07, 0xFF, 0x81, 0xFF, 0xE0, 0x00, 0x18,
    0x1F, 0xFE, 0x07, 0xFF, 0x81, 0x80, 0x00, 0x7F, 0xF8, 0x00, 0x00, 0x0F, 0xFF, 0xC7, 0xFF, 0xF8,
    0x18, 0x60, 0x06, 0x18, 0x07, 0xFF, 0x81, 0xFF, 0xE0, 0x00, 0x18, 0x00, 0x06, 0x00, 0x01, 0x80,
    0x00, 0x00, 0x07, 0xFF, 0x81, 0xFF, 0xE0, 0x00, 0x18, 0x1F, 0xFE, 0x07, 0xFF, 0x81, 0x80, 0x00,
    0x7F, 0xF8, 0x1F, 0xFE, 0x00, 0x00, 0x07, 0xFF, 0xF8, 0x0C, 0x60, 0x03, 0x18, 0x06, 0xC6, 0x01,
    0x80, 0x00, 0x60, 0x00, 0x1F, 0xFE, 0x00, 0x00, 0x00, 0x00, 0x00, 0x07, 0xFF, 0x01, 0xFF, 0xC0,
    0x00, 0x30, 0x1F, 0xFC, 0x06, 0x00, 0x01, 0xFF, 0xE0, 0x7F, 0xF8, 0x7F, 0xFF, 0x1F, 0xFF, 0xC0,
    0x63, 0x00, 0x7F, 0xF0, 0x00, 0x0C, 0x07, 0xFF, 0x01, 0xFF, 0xC0, 0x60, 0x00, 0x1F, 0xFE, 0x07,
    0xFF, 0x80, 0x00, 0x00, 0x07, 0xFF, 0x01, 0xFF, 0xC0, 0x00, 0x30, 0x1F, 0xFC, 0x07, 0xFF, 0x01,
    0xFF, 0xC0, 0x7F, 0xF8, 0x00, 0x00, 0x1F, 0xFF, 0xC3, 0xFF, 0xF0, 0x18, 0xC0, 0x1F, 0xFC, 0x06,
    0x03, 0x01, 0x80, 0xC0, 0x6F, 0xB0, 0x1F, 0xFC, 0x00, 0x00, 0x00, 0x00, 0x00, 0x07, 0xFF, 0x01,
    0xFF, 0xC0, 0x00, 0x30, 0x1F, 0xFC, 0x06, 0x00, 0x01, 0xFF, 0xC0, 0x7F, 0xF8, 0x20, 0x02, 0x1F,
    0xFF, 0xC0, 0x73, 0x00, 0x6C, 0xD0, 0x18, 0x0C, 0x07, 0xFF, 0x01, 0x80, 0xC0, 0x60, 0x30, 0x1F,
    0xFC, 0x00, 0x00, 0x00, 0x00, 0x00, 0x07, 0xFF, 0x00, 0x00, 0xC0, 0x1F, 0xB0, 0x1F, 0xFC, 0x06,
    0x00, 0x01, 0xFF, 0xE0, 0x7F, 0xF0, 0x30, 0x02, 0x1F, 0xFF, 0xC0, 0xE1, 0x80, 0x33, 0x60, 0x04,
    0xD8, 0x00, 0x78, 0x00, 0x77, 0x00, 0x78, 0xF8, 0x18, 0x0E, 0x00, 0x00, 0x00, 0x00, 0x00, 0x07,
    0xFF, 0x01, 0xFF, 0xE0, 0x00, 0x18, 0x1F, 0xFE, 0x07, 0xFF, 0x01, 0x80, 0x00, 0x7F, 0xF8, 0x00,
    0x00, 0x1F, 0xFF, 0xC7, 0xFF, 0xF0, 0x18, 0x60, 0x0F, 0xF8, 0x07, 0xFF, 0x01, 0x80, 0xE0, 0x60,
    0x38, 0x0F, 0xFC, 0x01, 0xFC, 0x00, 0x00, 0x00, 0x00, 0x00, 0x01, 0xFF, 0xE0, 0x7F, 0xFC, 0x00,
    0x07, 0x00, 0x01, 0xC1, 0xFF, 0xF0, 0x7F, 0xF8, 0x18, 0x00, 0x06, 0x00, 0x01, 0xFF, 0xF0, 0x7F,
    0xFC, 0x00, 0x00, 0x00, 0x00, 0x00, 0xFF, 0xF1, 0xFF, 0xFF, 0x20, 0x00, 0x00, 0x00, 0x00, 0x00,
    0x00, 0x07, 0xFF, 0x01, 0xFF, 0xE0, 0x00, 0x18, 0x1F, 0xFE, 0x07, 0xFF, 0x01, 0x80, 0x00, 0x7F,
    0xF8, 0x0F, 0xFC, 0x08, 0x00, 0x47, 0xFF, 0xF8, 0x00, 0x00, 0x1F, 0xFC, 0x07, 0xFF, 0x80, 0x00,
    0x60, 0x00, 0x18, 0x00, 0x06, 0x00, 0x01, 0x80, 0x00, 0x00, 0x03, 0xFF, 0x01, 0xFF, 0xE0, 0x00,
    0x38, 0x1F, 0xFE, 0x07, 0xFF, 0x01, 0x80, 0x00, 0x7F, 0xF8, 0x1F, 0xFE, 0x00, 0x00, 0x07, 0xFF,
    0xF8, 0xFF, 0xFC, 0x00, 0x00, 0x06, 0x00, 0x01, 0x80, 0x00, 0x60, 0x00, 0x1F, 0xFE, 0x03, 0xFF,
    0x00, 0x00, 0x00, 0x07, 0xFF, 0x01, 0xFF, 0xE0, 0x00, 0x38, 0x1F, 0xFE, 0x06, 0x00, 0x01, 0xFF,
    0xE0, 0x7F, 0xF8, 0x00, 0x00, 0x1F, 0xFF, 0xE0, 0x00, 0x00, 0x7F, 0xF8, 0x00, 0x0E, 0x07, 0xFF,
    0x81, 0xFF, 0xC0, 0x60, 0x00, 0x1F, 0xFE, 0x07, 0xFF, 0x80, 0x00, 0x00, 0x07, 0xFF, 0x01, 0xFF,
    0xE0, 0x00, 0x18, 0x1F, 0xFE, 0x07, 0xFF, 0x01, 0x80, 0x00, 0x7F, 0xF8, 0x00, 0x00, 0x1F, 0xFF,
    0xC7, 0xFF, 0xF8, 0x00, 0x00, 0x1F, 0xFE, 0x07, 0xFF, 0x81, 0x80, 0x60, 0x60, 0x38, 0x1F, 0xFE,
    0x07, 0xFF, 0x00, 0x00, 0x00, 0x07, 0xFF, 0x01, 0xFF, 0xC0, 0x00, 0x30, 0x1F, 0xFC, 0x06, 0x00,
    0x01, 0xFF, 0xC0, 0x7F, 0xF0, 0x00, 0x00, 0x1F, 0xFF, 0xC3, 0xFF, 0xF0, 0x60, 0x30, 0x1F, 0xFC,
    0x07, 0xFF, 0x01, 0x80, 0xC0, 0x6F, 0xB0, 0x1F, 0xFC, 0x00, 0x00, 0x00, 0x00, 0x00, 0x07, 0xFF,
    0x01, 0xFF, 0xE0, 0x00, 0x18, 0x1F, 0xFE, 0x07, 0xFF, 0x01, 0x80, 0x00, 0x7F, 0xF8, 0x03, 0xF4,
    0x0F, 0xFF, 0xC7, 0xFF, 0xF8, 0x00, 0x00, 0x00, 0xC0, 0x00, 0x70, 0x00, 0x1E, 0x00, 0x1D, 0xE0,
    0x1E, 0x1E, 0x06, 0x01, 0x80, 0x00, 0x00, 0x07, 0xFF, 0x01, 0xFF, 0xE0, 0x00, 0x18, 0x1F, 0xFE,
    0x07, 0xFF, 0x01, 0x80, 0x00, 0x7F, 0xF8, 0x03, 0xF4, 0x0F, 0xFF, 0xC7, 0xFF, 0xF8, 0x00, 0x00,
    0x0F, 0xF8, 0x07, 0xCF, 0x01, 0x80, 0x60, 0x70, 0x38, 0x0F, 0xFC, 0x00, 0xFC, 0x00, 0x00, 0x00,
    0x07, 0xFF, 0x01, 0xFF, 0xE0, 0x00, 0x18, 0x1F, 0xFE, 0x07, 0xFF, 0x01, 0x80, 0x00, 0x7F, 0xF8,
    0x00, 0x00, 0x1F, 0xFF, 0xC7, 0xFF, 0xF8, 0x00, 0x00, 0x1F, 0xFE, 0x00, 0x70, 0x00, 0x1E, 0x00,
    0x3D, 0xF0, 0x3E, 0x1E, 0x04, 0x00, 0x00, 0x00, 0x00, 0x07, 0xFF, 0x01, 0xFF, 0xE0, 0x00, 0x38,
    0x1F, 0xFE, 0x06, 0x00, 0x01, 0xFF, 0xE0, 0x7F, 0xF8, 0x00, 0x00, 0x1F, 0xFF, 0xE0, 0x00, 0x00,
    0x7F, 0xF8, 0x18, 0x00, 0x07, 0xFF, 0x01, 0xFF, 0xC0, 0x60, 0x00, 0x1F, 0xFE, 0x07, 0xFF, 0x80,
    0x00, 0x00, 0x07, 0xFF, 0x01, 0xFF, 0xE0, 0x00, 0x18, 0x1F, 0xFE, 0x07, 0xFF, 0x01, 0x80, 0x00,
    0x7F, 0xF8, 0x00, 0x00, 0x1F, 0xFF, 0xE7, 0xFF, 0xF0, 0x00, 0x00, 0x1F, 0xFE, 0x01, 0x8C, 0x00,
    0x63, 0x00, 0x18, 0xC0, 0x1F, 0xFE, 0x07, 0xFF, 0x80, 0x00, 0x00, 0x00, 0x01, 0x83, 0xFC, 0x60,
    0xFF, 0x18, 0x00, 0xC6, 0x00, 0x31, 0x80, 0x0C, 0x60, 0xFF, 0x18, 0x3F, 0xC6, 0x0C, 0x01, 0x83,
    0x00, 0x60, 0xFF, 0xD8, 0x3F, 0xF6, 0x00, 0x01, 0x80, 0x00, 0x60, 0x00, 0x18, 0x00, 0x06, 0x00,
    0x00, 0x00, 0x00, 0x00, 0x00, 0x03, 0x03, 0xFC, 0xC0, 0xFF, 0x30, 0x00, 0xCC, 0x0F, 0xF3, 0x03,
    0xF8, 0xC0, 0xC0, 0x30, 0x3F, 0xEC, 0x0F, 0xFB, 0x00, 0x00, 0x40, 0x3F, 0xF0, 0x1F, 0xFC, 0x00,
    0x03, 0x00, 0x00, 0xC0, 0x00, 0x30, 0x00, 0x0C, 0x00, 0x00, 0x00, 0x00, 0x00, 0x00, 0x03, 0x03,
    0xF8, 0xC0, 0xFF, 0x30, 0x00, 0xCC, 0x0F, 0xF3, 0x03, 0xF8, 0xC0, 0xC0, 0x30, 0x30, 0x0C, 0x0F,
    0xFB, 0x03, 0xFC, 0xC0, 0x00, 0x30, 0x0C, 0x0C, 0x03, 0x00, 0x00, 0xC0, 0x00, 0x3F, 0xF8, 0x0F,
    0xFE, 0x00, 0x00, 0x00, 0x00, 0x00, 0x0F, 0xE3, 0x03, 0xFC, 0xC0, 0x03, 0x30, 0x3F, 0xCC, 0x0F,
    0xE3, 0x03, 0x00, 0xC0, 0xFF, 0xB0, 0x3F, 0xEC, 0x00, 0x01, 0x00, 0xFF, 0xC0, 0x3F, 0xB0, 0x0F,
    0xFC, 0x03, 0xFF, 0x00, 0xC0, 0x00, 0x3F, 0xF8, 0x0F, 0xFE, 0x00, 0x00, 0x00, 0x00, 0x00, 0x00,
    0x03, 0x03, 0xFC, 0xC0, 0x07, 0x30, 0x00, 0xCC, 0x0F, 0xF3, 0x03, 0xF8, 0xC0, 0xC0, 0x30, 0x3F,
    0xEC, 0x0F, 0xFB, 0x00, 0x00, 0x40, 0x3F, 0xF0, 0x0F, 0xFC, 0x03, 0x03, 0x00, 0xC0, 0xC0, 0x3F,
    0xF0, 0x0F, 0xFC, 0x00, 0x00, 0x00, 0x00, 0x00, 0x0F, 0xE3, 0x03, 0xFC, 0xC0, 0x07, 0x30, 0x01,
    0xCC, 0x0F, 0xF3, 0x03, 0xF0, 0xC0, 0xC0, 0x30, 0x3F, 0xEC, 0x0F, 0xF3, 0x00, 0x00, 0x00, 0x30,
    0x30, 0x0F, 0xFC, 0x03, 0xFF, 0x00, 0xC0, 0xC0, 0x3F, 0xF0, 0x0F, 0xFC, 0x00, 0x00, 0x00, 0x00,
    0x00, 0x00, 0x03, 0x03, 0xFC, 0xC0, 0xFF, 0x30, 0x00, 0xCC, 0x0F, 0xF3, 0x03, 0xF8, 0xC0, 0xC0,
    0x30, 0x3F, 0xEC, 0x0F, 0xFB, 0x00, 0x00, 0xC0, 0x03, 0x30, 0x00, 0xC0, 0x00, 0x78, 0x00, 0x3B,
    0x80, 0x7C, 0x78, 0x1C, 0x0E, 0x00, 0x00, 0x00, 0x00, 0x00, 0x00, 0x03, 0x03, 0xF8, 0xC0, 0xFF,
    0x30, 0x00, 0xCC, 0x0F, 0xF3, 0x03, 0xF8, 0xC0, 0xC0, 0x30, 0x3F, 0xEC, 0x0F, 0xFB, 0x00, 0x00,
    0xC0, 0x1F, 0xE0, 0x0F, 0xFC, 0x07, 0x03, 0x01, 0xC0, 0xC0, 0x3F, 0xF0, 0x07, 0xF8, 0x00, 0x00,
    0x00, 0x00, 0x00, 0x00, 0x03, 0x03, 0xF8, 0xC0, 0xFF, 0x30, 0x30, 0xCC, 0x0C, 0x73, 0x03, 0x1C,
    0xC0, 0xC7, 0x3C, 0x31, 0xCF, 0x0C, 0x73, 0x03, 0x0C, 0xC0, 0xFF, 0x30, 0x3F, 0xCC, 0x00, 0x03,
    0x00, 0x00, 0xC0, 0x00, 0x30, 0x00, 0x0C, 0x00, 0x00, 0x00, 0x00, 0x00, 0x00, 0x03, 0x03, 0xF8,
    0xC0, 0xFF, 0x30, 0x30, 0xCC, 0x0C, 0x73, 0xC3, 0x0C, 0xF0, 0xC7, 0x30, 0x3F, 0xCC, 0x0F, 0xE3,
    0x00, 0x00, 0xC0, 0x7F, 0xF0, 0x1F, 0xFC, 0x00, 0x03, 0x00, 0x00, 0xC0, 0x00, 0x30, 0x00, 0x0C,
    0x00, 0x00, 0x00, 0x00, 0x00, 0x00, 0x03, 0x03, 0xF8, 0xC0, 0xFF, 0x30, 0x30, 0xCC, 0x0C, 0x73,
    0x83, 0x1C, 0xF0, 0xC3, 0x30, 0x3F, 0xCC, 0x0F, 0xF3, 0x00, 0x00, 0xC0, 0x20, 0x30, 0x1C, 0x0C,
    0x07, 0x00, 0x01, 0x80, 0x00, 0x7F, 0xF0, 0x0F, 0xFE, 0x00, 0x00, 0x00, 0x00, 0x00, 0x00, 0x03,
    0x03, 0xF8, 0xC0, 0xFF, 0x30, 0x30, 0xCF, 0x0C, 0x73, 0xC3, 0x0C, 0xC0, 0xFF, 0x30, 0x3F, 0x8C,
    0x00, 0x04, 0x01, 0x9F, 0xE0, 0x67, 0xFC, 0x18, 0x38, 0x06, 0x3F, 0x01, 0x8C, 0xC0, 0x7F, 0xB0,
    0x1E, 0x7C, 0x00, 0x00, 0x00, 0x00, 0x00, 0x00, 0x03, 0x03, 0xF8, 0xC0, 0xFF, 0x30, 0x30, 0xCC,
    0x0C, 0x73, 0xC3, 0x0C, 0xC0, 0xFF, 0x30, 0x3F, 0xCC, 0x00, 0x03, 0x00, 0x00, 0x00, 0x7F, 0xF0,
    0x1F, 0xFC, 0x06, 0x00, 0x01, 0x80, 0x00, 0x7F, 0xF0, 0x1F, 0xFC, 0x00, 0x00, 0x00, 0x00, 0x00,
    0x00, 0x00, 0x00, 0xE0, 0xC0, 0xFE, 0x30, 0x31, 0x8C, 0x0C, 0x63, 0xC3, 0x18, 0xF0, 0xC6, 0x30,
    0x3F, 0x8C, 0x00, 0x02, 0x00, 0xFF, 0x80, 0x7F, 0xF0, 0x00, 0x0C, 0x07, 0xFF, 0x01, 0xFF, 0x80,
    0x60, 0x00, 0x1F, 0xFC, 0x07, 0xFF, 0x00, 0x00, 0x00, 0x00, 0x02, 0x03, 0xF8, 0xC0, 0xFE, 0x30,
    0x31, 0x8C, 0x0C, 0x63, 0xC3, 0x18, 0xC0, 0xFE, 0x30, 0x3F, 0x8C, 0x00, 0x02, 0x01, 0xFF, 0x80,
    0x7F, 0xF0, 0x03, 0x0C, 0x07, 0xC3, 0x01, 0xC0, 0xC0, 0x7E, 0x30, 0x1F, 0x8C, 0x00, 0x00, 0x00,
    0x00, 0x00, 0x00, 0x03, 0x03, 0xFC, 0xC0, 0xC7, 0x30, 0x30, 0xCF, 0x0C, 0x33, 0xC3, 0x0C, 0xC0,
    0xFF, 0x30, 0x3F, 0x8C, 0x00, 0x03, 0x03, 0xF7, 0xC0, 0x7F, 0xF0, 0x03, 0xCC, 0x0F, 0xF3, 0x03,
    0x8C, 0xC0, 0xFF, 0xB0, 0x3F, 0xFC, 0x00, 0x00, 0x00, 0x00, 0x00, 0x00, 0x03, 0x03, 0xF8, 0xC0,
    0xFF, 0x30, 0x30, 0xCC, 0x0C, 0x73, 0xC3, 0x0C, 0xC0, 0xFF, 0x30, 0x3F, 0xCC, 0x00, 0x03, 0x00,
    0x00, 0x80, 0x7F, 0xF0, 0x1F, 0xFC, 0x06, 0x03, 0x01, 0x80, 0xC0, 0x7F, 0xF0, 0x1F, 0xFC, 0x00,
    0x00, 0x00, 0x00, 0x00, 0x00, 0x03, 0x03, 0xF8, 0xC0, 0xFF, 0x30, 0x30, 0xCF, 0x0C, 0x73, 0xC3,
    0x0C, 0xC0, 0xFF, 0x30, 0x3F, 0xCC, 0x00, 0x03, 0x00, 0x80, 0x00, 0x60, 0x30, 0x1F, 0xFC, 0x07,
    0xFF, 0x01, 0x80, 0xC0, 0x7F, 0xF0, 0x1F, 0xFC, 0x00, 0x00, 0x00, 0x00, 0x00, 0x00, 0x03, 0x03,
    0xF8, 0xC0, 0xFF, 0x30, 0x30, 0xCC, 0x0C, 0x73, 0xC3, 0x1C, 0xF0, 0xC7, 0x30, 0x3F, 0xCC, 0x0F,
    0xE3, 0x00, 0x00, 0xC0, 0x03, 0x30, 0x00, 0xC0, 0x00, 0x78, 0x00, 0x77, 0x00, 0x78, 0xF8, 0x1C,
    0x0E, 0x00, 0x00, 0x00, 0x00, 0x00, 0x00, 0x03, 0x03, 0xF8, 0xC0, 0xFF, 0x30, 0x30, 0xCC, 0x0C,
    0x73, 0xC3, 0x0C, 0xF0, 0xC7, 0x30, 0x3F, 0xCC, 0x0F, 0xE3, 0x00, 0x00, 0xC0, 0x1F, 0xC0, 0x0F,
    0xF8, 0x06, 0x03, 0x01, 0x80, 0xC0, 0x3F, 0xE0, 0x07, 0xF0, 0x00, 0x00, 0x00, 0x00, 0x00, 0x00,
    0x03, 0x03, 0xF8, 0xC0, 0xFF, 0x30, 0x30, 0xCC, 0x0C, 0x73, 0xC3, 0x0C, 0xC0, 0xFF, 0x30, 0x3F,
    0xCC, 0x00, 0x03, 0x00, 0x00, 0x00, 0x7F, 0xF0, 0x0F, 0xDC, 0x00, 0x70, 0x00, 0x3F, 0x00, 0x7C,
    0xF0, 0x1C, 0x0E, 0x00, 0x00, 0x00, 0x00, 0x00, 0x00, 0x03, 0x03, 0xF8, 0xC0, 0xFF, 0x30, 0x30,
    0xCF, 0x0C, 0x73, 0xC3, 0x0C, 0xC0, 0xFF, 0x30, 0x3F, 0xCC, 0x00, 0x03, 0x00, 0xFF, 0xC0, 0x3F,
    0xF0, 0x0C, 0x00, 0x03, 0xFF, 0x00, 0xC0, 0x00, 0x3F, 0xF0, 0x0F, 0xFE, 0x00, 0x00, 0x00, 0x00,
    0x00, 0x00, 0x03, 0x03, 0xFC, 0xC0, 0xD7, 0x30, 0x30, 0xCF, 0x0C, 0x33, 0xC3, 0xFC, 0xC0, 0xFF,
    0x30, 0x00, 0x8C, 0x00, 0x33, 0x01, 0xFF, 0xE0, 0x7F, 0xF8, 0x03, 0xF0, 0x03, 0xFE, 0x00, 0xC1,
    0x80, 0x3C, 0xE0, 0x07, 0xF0, 0x00, 0x00, 0x00, 0x00, 0x00, 0x00, 0x09, 0x80, 0x07, 0x60, 0xFC,
    0xD8, 0x33, 0x36, 0x0C, 0x4D, 0x83, 0x32, 0x60, 0xCC, 0xF8, 0x33, 0x3E, 0x0C, 0xC9, 0x83, 0x13,
    0x60, 0xFC, 0xD8, 0x3F, 0x36, 0x00, 0x1D, 0x80, 0x07, 0x60, 0x01, 0xD8, 0x00, 0x06, 0x00, 0x00,
    0x00, 0x00, 0x00, 0x00, 0x09, 0x83, 0xF3, 0x60, 0xFE, 0xD8, 0x31, 0x36, 0x0C, 0xCF, 0x83, 0x33,
    0xE0, 0xC4, 0xD8, 0x3F, 0x36, 0x0F, 0xCD, 0x80, 0x02, 0x60, 0x3F, 0xF8, 0x0F, 0xFE, 0x00, 0x01,
    0x80, 0x00, 0x60, 0x00, 0x18, 0x00, 0x06, 0x00, 0x00, 0x00, 0x00, 0x00, 0x00, 0x09, 0x83, 0xF3,
    0x60, 0xFC, 0xD8, 0x31, 0x36, 0x0C, 0x4F, 0x83, 0x33, 0xE0, 0xC4, 0xD8, 0x3F, 0x36, 0x0F, 0xCD,
    0x80, 0x03, 0x60, 0x30, 0xD8, 0x0C, 0x26, 0x03, 0x00, 0x00, 0xC0, 0x00, 0x3F, 0xF8, 0x0F, 0xFE,
    0x00, 0x00, 0x00, 0x00, 0x00, 0x00, 0x09, 0x83, 0xF3, 0x60, 0xFC, 0x98, 0x31, 0x3E, 0x0C, 0xCF,
    0x83, 0x12, 0x60, 0xFC, 0xD8, 0x3F, 0x36, 0x00, 0x09, 0x80, 0xFF, 0xE0, 0x1F, 0xF8, 0x07, 0xFE,
    0x03, 0xFF, 0x80, 0xC0, 0x00, 0x3F, 0xF8, 0x0F, 0xFF, 0x00, 0x00, 0x00, 0x00, 0x00, 0x00, 0x09,
    0x83, 0xF3, 0x60, 0xFC, 0x98, 0x31, 0x36, 0x0C, 0xCF, 0x83, 0x33, 0x60, 0xC4, 0x98, 0x3F, 0x36,
    0x0F, 0xC9, 0x80, 0x00, 0x40, 0x3F, 0xF8, 0x0F, 0xFE, 0x03, 0x01, 0x80, 0xC0, 0x60, 0x3F, 0xF8,
    0x0F, 0xFE, 0x00, 0x00, 0x00, 0x00, 0x00, 0x00, 0x09, 0x83, 0xF3, 0x60, 0xFC, 0x98, 0x31, 0x3E,
    0x0C, 0xCF, 0x83, 0x13, 0x60, 0xFC, 0x98, 0x3F, 0x36, 0x00, 0x09, 0x80, 0x40, 0x00, 0x30, 0x18,
    0x0F, 0xFE, 0x03, 0xFF, 0x80, 0xC0, 0x60, 0x3F, 0xF8, 0x0F, 0xFE, 0x00, 0x00, 0x00, 0x00, 0x00,
    0x00, 0x09, 0x83, 0xF7, 0x60, 0xFC, 0x98, 0x31, 0x36, 0x0C, 0xCF, 0x83, 0x33, 0xE0, 0xC4, 0x98,
    0x3F, 0x36, 0x0F, 0xCD, 0x80, 0x02, 0x60, 0x03, 0x18, 0x00, 0xE0, 0x00, 0x78, 0x00, 0x3B, 0x80,
    0x7C, 0x78, 0x1C, 0x0E, 0x00, 0x00, 0x00, 0x00, 0x00, 0x00, 0x09, 0x83, 0xF7, 0x60, 0xFC, 0x98,
    0x31, 0x36, 0x0C, 0x4F, 0x83, 0x13, 0xE0, 0xC4, 0x98, 0x3F, 0x36, 0x0F, 0xD9, 0x80, 0x02, 0x60,
    0x18, 0x60, 0x06, 0x18, 0x01, 0xC7, 0x00, 0xF3, 0xC0, 0xE7, 0x9C, 0x30, 0xC3, 0x00, 0x00, 0x00,
    0x00, 0x00, 0x00, 0x09, 0x83, 0xF3, 0x60, 0xFC, 0xD8, 0x31, 0x26, 0x0C, 0xCF, 0x83, 0x33, 0xE0,
    0xC4, 0x98, 0x3F, 0x36, 0x0F, 0xCD, 0x80, 0x02, 0x60, 0x0F, 0xE0, 0x07, 0xFC, 0x03, 0x01, 0x80,
    0xC0, 0x60, 0x1E, 0xF0, 0x03, 0xF8, 0x00, 0x00, 0x00, 0x00, 0x00, 0x00, 0x09, 0x83, 0xF3, 0x60,
    0xFC, 0xD8, 0x31, 0x36, 0x0C, 0xCF, 0x83, 0x33, 0xE0, 0xC4, 0x98, 0x3F, 0x36, 0x0F, 0xC9, 0x80,
    0x02, 0x60, 0x3F, 0xF8, 0x07, 0xEC, 0x00, 0x38, 0x00, 0x1F, 0x80, 0x3E, 0x78, 0x0E, 0x06, 0x00,
    0x00, 0x00, 0x00, 0x00, 0x00, 0x03, 0x03, 0xF8, 0xC0, 0xFF, 0x30, 0x30, 0xCC, 0x0C, 0x73, 0xC3,
    0x1C, 0xF0, 0xC7, 0x30, 0x31, 0xCC, 0x0C, 0x73, 0xC3, 0x0C, 0xF0, 0xFF, 0x30, 0x3F, 0xCC, 0x00,
    0x03, 0x00, 0x00, 0xC0, 0x00, 0x30, 0x00, 0x0C, 0x00, 0x00, 0x00, 0x00, 0x00, 0x00, 0x03, 0x03,
    0xFC, 0xC0, 0xFF, 0x3C, 0x30, 0xCF, 0x0C, 0x73, 0x03, 0x0C, 0xE0, 0xC7, 0x3C, 0x3F, 0xCC, 0x0F,
    0xE3, 0x00, 0x00, 0xC0, 0x7F, 0xF0, 0x1F, 0xFC, 0x00, 0x03, 0x00, 0x00, 0xC0, 0x00, 0x30, 0x00,
    0x0C, 0x00, 0x00, 0x00, 0x00, 0x00, 0x00, 0x03, 0x03, 0xFC, 0xC0, 0xC7, 0x3C, 0x30, 0xCC, 0x0C,
    0x73, 0x03, 0x0C, 0xF0, 0xFF, 0x38, 0x3F, 0x8C, 0x00, 0x02, 0x01, 0xFF, 0xC0, 0x00, 0x30, 0x0F,
    0xFC, 0x07, 0xFF, 0x01, 0x80, 0x00, 0x7F, 0xF0, 0x1F, 0xFE, 0x00, 0x00, 0x00, 0x00, 0x00, 0x00,
    0x03, 0x03, 0xFC, 0xC0, 0xFF, 0x3C, 0x30, 0xCF, 0x0C, 0x73, 0x03, 0x0C, 0xC0, 0xC7, 0x3C, 0x3F,
    0xCF, 0x0F, 0xE3, 0x00, 0x00, 0xC0, 0x1F, 0xC0, 0x0F, 0xF8, 0x06, 0x03, 0x01, 0x80, 0xC0, 0x3F,
    0xE0, 0x07, 0xF0, 0x00, 0x00, 0x00, 0x00, 0x00, 0x00, 0x01, 0x83, 0xF8, 0x60, 0xFF, 0x18, 0x31,
    0xC6, 0x0C, 0x61, 0x83, 0x1F, 0xE0, 0xC7, 0xF8, 0x31, 0xC6, 0x0C, 0x71, 0x83, 0x1C, 0x60, 0xFF,
    0x18, 0x3F, 0x86, 0x00, 0x01, 0x80, 0x00, 0x60, 0x00, 0x18, 0x00, 0x06, 0x00, 0x00, 0x00, 0x00,
    0x00, 0x00, 0x03, 0x03, 0xF8, 0xC0, 0xFF, 0x30, 0x31, 0xCC, 0x0C, 0x7F, 0x03, 0x1F, 0xC0, 0xC6,
    0x30, 0x3F, 0xCC, 0x0F, 0xE3, 0x00, 0x00, 0x40, 0x7F, 0xF0, 0x0F, 0xFC, 0x00, 0x03, 0x00, 0x00,
    0xC0, 0x00, 0x30, 0x00, 0x0C, 0x00, 0x00, 0x00, 0x00, 0x00, 0x00, 0x03, 0x03, 0xF8, 0xE0, 0xFF,
    0x38, 0x30, 0x8E, 0x0C, 0x7F, 0x83, 0x1F, 0xE0, 0xC2, 0x38, 0x3F, 0xCE, 0x0F, 0xE3, 0x80, 0x00,
    0xE0, 0x10, 0x38, 0x0C, 0x0C, 0x03, 0x00, 0x00, 0xC0, 0x00, 0x3F, 0xF8, 0x0F, 0xFE, 0x00, 0x00,
    0x00, 0x00, 0x00, 0x00, 0x00, 0x01, 0xF0, 0xC0, 0xFE, 0x30, 0x31, 0x8C, 0x0C, 0x7F, 0x03, 0x1F,
    0xC0, 0xC6, 0x30, 0x3F, 0x8C, 0x00, 0x03, 0x00, 0xFF, 0xC0, 0x7F, 0xF0, 0x00, 0x0C, 0x03, 0xFF,
    0x01, 0xFF, 0xC0, 0x60, 0x00, 0x1F, 0xFE, 0x03, 0xFF, 0x00, 0x00, 0x00, 0x00, 0x03, 0x03, 0xFC,
    0xC0, 0xC7, 0x30, 0x30, 0xFC, 0x0C, 0x7F, 0x03, 0x0C, 0xC0, 0xFF, 0x30, 0x3F, 0x8C, 0x00, 0x01,
    0x01, 0xFF, 0xC0, 0x0F, 0xF0, 0x1F, 0xE4, 0x07, 0xDB, 0x01, 0x86, 0xC0, 0x7F, 0xB0, 0x1F, 0xFC,
    0x00, 0x00, 0x00, 0x00, 0x00, 0x00, 0x00, 0x00, 0x00, 0xC0, 0xFE, 0x30, 0x3F, 0x8C, 0x0C, 0x7F,
    0x03, 0x1F, 0xC0, 0xC6, 0x30, 0x3F, 0x8C, 0x0F, 0xE3, 0x00, 0x00, 0xC0, 0x3F, 0xF0, 0x1F, 0xFC,
    0x06, 0x03, 0x01, 0xC0, 0xC0, 0x60, 0x30, 0x1F, 0xFC, 0x03, 0xFF, 0x00, 0x00, 0x00, 0x00, 0x03,
    0x03, 0xF8, 0xC0, 0xFE, 0x30, 0x31, 0xFC, 0x0C, 0x7F, 0x03, 0x1C, 0xC0, 0xFF, 0x30, 0x3F, 0x8C,
    0x00, 0x01, 0x00, 0x80, 0x40, 0x30, 0x30, 0x0F, 0xFC, 0x03, 0xFF, 0x00, 0xC0, 0xC0, 0x3F, 0xF0,
    0x0F, 0xFC, 0x00, 0x00, 0x00, 0x00, 0x00, 0x00, 0x03, 0x03, 0xF8, 0xE0, 0xFF, 0x38, 0x30, 0xCE,
    0x0C, 0x7F, 0x83, 0x1F, 0xE0, 0xC2, 0x38, 0x3F, 0xCE, 0x0F, 0xE3, 0x80, 0x04, 0xE0, 0x03, 0x38,
    0x00, 0xE0, 0x00, 0x78, 0x00, 0x3B, 0x80, 0x7C, 0x78, 0x1C, 0x0E, 0x00, 0x00, 0x00, 0x00, 0x00,
    0x00, 0x03, 0x83, 0xF8, 0xE0, 0xFF, 0x38, 0x30, 0xCE, 0x0C, 0x7F, 0x83, 0x1F, 0xE0, 0xC6, 0x38,
    0x3F, 0xCE, 0x0F, 0xE3, 0x80, 0x00, 0x40, 0x1F, 0xE0, 0x0F, 0xFC, 0x03, 0x03, 0x80, 0xC0, 0xE0,
    0x3E, 0xF0, 0x07, 0xF8, 0x00, 0x00, 0x00, 0x00, 0x00, 0x00, 0x03, 0x83, 0xF8, 0xE0, 0xFE, 0x38,
    0x30, 0xCE, 0x0C, 0x7F, 0x83, 0x1C, 0xE0, 0xC6, 0x38, 0x3F, 0xCE, 0x0F, 0xE3, 0x80, 0x00, 0x40,
    0x3F, 0xF8, 0x06, 0xFC, 0x00, 0x38, 0x00, 0x3F, 0x00, 0x3C, 0xF8, 0x0C, 0x0E, 0x00, 0x00, 0x00,
    0x00, 0x00, 0x00, 0x01, 0x83, 0xFC, 0x60, 0xC6, 0x18, 0x31, 0xFE, 0x0C, 0x7F, 0x83, 0x18, 0x60,
    0xFF, 0x18, 0x3F, 0x86, 0x00, 0x31, 0x01, 0xFF, 0xE0, 0x7F, 0xF8, 0x03, 0xF0, 0x03, 0xFF, 0x00,
    0xC0, 0xC0, 0x3C, 0xF0, 0x07, 0xF8, 0x00, 0x00, 0x00, 0x00, 0x00, 0x00, 0x0D, 0x80, 0x03, 0x60,
    0xFC, 0xD8, 0x33, 0x36, 0x0C, 0xCD, 0x83, 0x33, 0x60, 0xCF, 0xD8, 0x33, 0xF6, 0x0C, 0xCD, 0x83,
    0x33, 0x60, 0xFC, 0xD8, 0x3F, 0x36, 0x00, 0x0D, 0x80, 0x03, 0x60, 0x00, 0xD8, 0x00, 0x06, 0x00,
    0x00, 0x00, 0x00, 0x00, 0x00, 0x0D, 0x83, 0xF3, 0x60, 0xFE, 0xD8, 0x31, 0xB6, 0x0C, 0xFD, 0x83,
    0x1F, 0x60, 0xC4, 0xD8, 0x3F, 0xB6, 0x0F, 0xCD, 0x80, 0x03, 0x60, 0x3F, 0xF8, 0x0F, 0xFE, 0x00,
    0x01, 0x80, 0x00, 0x60, 0x00, 0x18, 0x00, 0x06, 0x00, 0x00, 0x00, 0x00, 0x00, 0x00, 0x0D, 0x83,
    0xF3, 0x60, 0xFE, 0xD8, 0x31, 0x36, 0x0C, 0x7D, 0x83, 0x3F, 0x60, 0xC4, 0xD8, 0x3F, 0xB6, 0x0F,
    0xCD, 0x80, 0x03, 0x60, 0x30, 0xD8, 0x0C, 0x36, 0x03, 0x00, 0x00, 0xC0, 0x00, 0x3F, 0xF8, 0x0F,
    0xFE, 0x00, 0x00, 0x00, 0x00, 0x00, 0x00, 0x0D, 0x83, 0xFB, 0x60, 0xFC, 0xD8, 0x31, 0xF6, 0x0C,
    0xFD, 0x83, 0x13, 0x60, 0xFE, 0xD8, 0x3F, 0x36, 0x00, 0x0D, 0x80, 0xFF, 0xE0, 0x00, 0x18, 0x07,
    0xFE, 0x03, 0xFF, 0x80, 0xC0, 0x00, 0x3F, 0xF8, 0x0F, 0xFF, 0x00, 0x00, 0x00, 0x00, 0x00, 0x00,
    0x0D, 0x83, 0xF3, 0x60, 0xFE, 0xD8, 0x31, 0xB6, 0x0C, 0xFD, 0x83, 0x1F, 0x60, 0xCC, 0xD8, 0x3F,
    0xB6, 0x00, 0x0D, 0x80, 0x00, 0x40, 0x3F, 0xF8, 0x0F, 0xFE, 0x03, 0x01, 0x80, 0xC0, 0x60, 0x3F,
    0xF8, 0x0F, 0xFE, 0x00, 0x00, 0x00, 0x00, 0x00, 0x00, 0x0D, 0x83, 0xF3, 0x60, 0xFE, 0xD8, 0x31,
    0xB6, 0x0C, 0xFD, 0x83, 0x1B, 0x60, 0xFE, 0xD8, 0x3F, 0xB6, 0x00, 0x0D, 0x80, 0x40, 0x00, 0x30,
    0x18, 0x0F, 0xFE, 0x03, 0xFF, 0x80, 0xC0, 0x60, 0x3F, 0xF8, 0x0F, 0xFE, 0x00, 0x00, 0x00, 0x00,
    0x00, 0x00, 0x0D, 0x83, 0xF3, 0x60, 0xFE, 0xD8, 0x31, 0xB6, 0x0C, 0xFD, 0x83, 0x3F, 0x60, 0xC4,
    0xD8, 0x3F, 0xB6, 0x0F, 0xCD, 0x80, 0x03, 0x60, 0x03, 0x18, 0x00, 0xE0, 0x00, 0x78, 0x00, 0x3B,
    0x80, 0x7C, 0x78, 0x1C, 0x06, 0x00, 0x00, 0x00, 0x00, 0x00, 0x00, 0x0D, 0x83, 0xF3, 0x60, 0xFE,
    0xD8, 0x31, 0xB6, 0x0C, 0xFD, 0x83, 0x1F, 0x60, 0xCC, 0xD8, 0x3F, 0xB6, 0x07, 0xCD, 0x80, 0x00,
    0x00, 0x18, 0x60, 0x06, 0x18, 0x01, 0xC7, 0x00, 0xF3, 0xC0, 0xE7, 0x9C, 0x30, 0xC3, 0x00, 0x00,
    0x00, 0x00, 0x00, 0x00, 0x0D, 0x83, 0xF3, 0x60, 0xFE, 0xD8, 0x31, 0xB6, 0x0C, 0xFD, 0x83, 0x3F,
    0x60, 0xC4, 0xD8, 0x3F, 0xB6, 0x0F, 0xCD, 0x80, 0x02, 0x60, 0x0F, 0xE0, 0x07, 0xFC, 0x03, 0x01,
    0x80, 0xC0, 0x60, 0x1E, 0xF0, 0x03, 0xF8, 0x00, 0x00, 0x00, 0x00, 0x00, 0x00, 0x01, 0x83, 0xF8,
    0x60, 0xFF, 0x18, 0x30, 0xC6, 0x0C, 0x7F, 0x83, 0x1C, 0x60, 0xC3, 0x18, 0x30, 0xC6, 0x0C, 0x7F,
    0x83, 0x0F, 0xE0, 0xFF, 0x18, 0x3F, 0xC6, 0x00, 0x01, 0x80, 0x00, 0x60, 0x00, 0x18, 0x00, 0x06,
    0x00, 0x00, 0x00, 0x00, 0x00, 0x00, 0x03, 0x03, 0xF8, 0xC0, 0xFF, 0xF0, 0x30, 0xFC, 0x0C, 0x63,
    0x03, 0x1F, 0xC0, 0xC3, 0xF0, 0x3F, 0xCC, 0x0F, 0xE3, 0x00, 0x00, 0x40, 0x7F, 0xF0, 0x0F, 0xFC,
    0x00, 0x03, 0x00, 0x00, 0xC0, 0x00, 0x30, 0x00, 0x0C, 0x00, 0x00, 0x00, 0x00, 0x00, 0x00, 0x03,
    0x03, 0xF8, 0xC0, 0xFF, 0x30, 0x30, 0xFC, 0x0C, 0x73, 0x03, 0x18, 0xC0, 0xC3, 0xF0, 0x3F, 0xFC,
    0x0F, 0xE3, 0x00, 0x00, 0xC0, 0x20, 0x30, 0x0C, 0x0C, 0x03, 0x00, 0x00, 0xC0, 0x00, 0x3F, 0xF8,
    0x0F, 0xFE, 0x00, 0x00, 0x00, 0x00, 0x00, 0x00, 0x03, 0x03, 0xFC, 0xC0, 0xD7, 0xF0, 0x30, 0xFC,
    0x0C, 0x33, 0x03, 0x0F, 0xC0, 0xFF, 0xF0, 0x3F, 0x8C, 0x00, 0x01, 0x00, 0xFF, 0xC0, 0x00, 0x30,
    0x0F, 0xFC, 0x03, 0xFF, 0x00, 0xC0, 0x00, 0x3F, 0xF8, 0x0F, 0xFE, 0x00, 0x00, 0x00, 0x00, 0x00,
    0x00, 0x03, 0x03, 0xF8, 0xC0, 0xFF, 0xF0, 0x30, 0xFC, 0x0C, 0x63, 0x03, 0x1C, 0xC0, 0xC7, 0xF0,
    0x3F, 0xCC, 0x0F, 0xE3, 0x00, 0x04, 0xC0, 0x03, 0x30, 0x00, 0xC0, 0x00, 0x78, 0x00, 0x3B, 0x80,
    0x7C, 0x78, 0x1C, 0x0E, 0x00, 0x00, 0x00, 0x00, 0x00, 0x00, 0x03, 0x03, 0xF8, 0xC0, 0xFF, 0xF0,
    0x30, 0xFC, 0x0C, 0x63, 0x03, 0x1F, 0xC0, 0xC7, 0xF0, 0x3F, 0xCC, 0x0F, 0xE3, 0x00, 0x41, 0xC0,
    0x18, 0x60, 0x06, 0x18, 0x03, 0x8E, 0x01, 0xF3, 0xC0, 0xE7, 0x9C, 0x30, 0xC2, 0x00, 0x00, 0x00,
    0x00, 0x00, 0x00, 0x03, 0x03, 0xF8, 0xC0, 0xFF, 0xF0, 0x30, 0xFC, 0x0C, 0x63, 0x03, 0x1F, 0xC0,
    0xC7, 0xF0, 0x3F, 0xCC, 0x0F, 0xE3, 0x00, 0x00, 0x40, 0x1F, 0xE0, 0x0F, 0xFC, 0x03, 0x03, 0x00,
    0xC0, 0xC0, 0x3E, 0xF0, 0x07, 0xF8, 0x00, 0x00, 0x00, 0x00, 0x00, 0x00, 0x03, 0x03, 0xFC, 0xC0,
    0xFF, 0xF0, 0x30, 0xFC, 0x0C, 0x33, 0x03, 0x0F, 0xC0, 0xFF, 0xF0, 0x3F, 0xCC, 0x00, 0x13, 0x00,
    0x0C, 0x00, 0x3F, 0xF8, 0x0F, 0xFE, 0x00, 0x38, 0x00, 0x1F, 0x00, 0x3E, 0xF8, 0x1E, 0x0E, 0x00,
    0x00, 0x00, 0x00, 0x00, 0x00, 0x0D, 0x80, 0x03, 0x60, 0xFE, 0xD8, 0x33, 0xB6, 0x0C, 0x7D, 0x83,
    0x1F, 0x60, 0xC4, 0xD8, 0x31, 0xB6, 0x0C, 0xFD, 0x83, 0x1F, 0x60, 0xFE, 0xD8, 0x3F, 0x36, 0x00,
    0x0D, 0x80, 0x03, 0x60, 0x00, 0xD8, 0x00, 0x06, 0x00, 0x00, 0x00, 0x00, 0x00, 0x00, 0x00, 0x01,
    0xFF, 0xE0, 0x7F, 0xF8, 0x18, 0x06, 0x06, 0x01, 0x81, 0x80, 0x60, 0x60, 0x18, 0x18, 0x06, 0x07,
    0xFF, 0x81, 0xFF, 0xE0, 0x03, 0x00, 0x00, 0xC0, 0x00, 0x30, 0x07, 0xFF, 0xF9, 0xFF, 0xFE, 0x00,
    0x00, 0x00, 0x00, 0x00, 0x00, 0x00, 0x03, 0xFF, 0x01, 0xFF, 0xE0, 0x60, 0x18, 0x18, 0x06, 0x06,
    0x01, 0x81, 0xFF, 0xE0, 0x7F, 0xF8, 0x00, 0xC0, 0x1F, 0xFF, 0xE7, 0xFF, 0xF8, 0x00, 0x00, 0x1F,
    0xFE, 0x07, 0xFF, 0x80, 0x00, 0x60, 0x00, 0x18, 0x00, 0x06, 0x00, 0x01, 0x80, 0x00, 0x00, 0x07,
    0xFF, 0x01, 0xFF, 0xC0, 0x60, 0x30, 0x18, 0x0C, 0x07, 0xFF, 0x01, 0xFF, 0xC0, 0x03, 0x00, 0x7F,
    0xFF, 0x1F, 0xFF, 0xC0, 0x01, 0x00, 0x7E, 0x60, 0x0F, 0x98, 0x00, 0x6E, 0x00, 0x1B, 0xC0, 0x0F,
    0xB8, 0x01, 0xC6, 0x00, 0x00, 0x00, 0x00, 0x00, 0x00, 0x00, 0x01, 0xFF, 0xE0, 0x60, 0x18, 0x18,
    0x06, 0x06, 0x01, 0x81, 0xFF, 0xE0, 0x7F, 0xF8, 0x00, 0xC0, 0x00, 0x30, 0x07, 0xFF, 0xF8, 0x80,
    0x84, 0x18, 0x00, 0x06, 0x00, 0x01, 0x80, 0x00, 0x60, 0x00, 0x1F, 0xFE, 0x03, 0xFF, 0x80, 0x00,
    0x00, 0x03, 0xFF, 0x01, 0xFF, 0xE0, 0x60, 0x18, 0x18, 0x06, 0x07, 0xFF, 0x81, 0xFF, 0xE0, 0x03,
    0x00, 0x7F, 0xFF, 0x1F, 0xFF, 0xC0, 0x00, 0x00, 0x7F, 0xF8, 0x00, 0x06, 0x07, 0xFF, 0x81, 0xFF,
    0xE0, 0x60, 0x00, 0x1F, 0xFE, 0x07, 0xFF, 0x80, 0x00, 0x00, 0x03, 0xFF, 0x01, 0xFF, 0xC0, 0x60,
    0x30, 0x18, 0x0C, 0x07, 0xFF, 0x01, 0xFF, 0xC0, 0x03, 0x00, 0x7F, 0xFF, 0x1F, 0xFF, 0xC0, 0x00,
    0x00, 0x7D, 0xF8, 0x03, 0x66, 0x07, 0xD9, 0x81, 0xF6, 0x60, 0x61, 0x98, 0x1F, 0xFE, 0x07, 0xDF,
    0x00, 0x00, 0x00, 0x07, 0xFF, 0x01, 0xFF, 0xC0, 0x60, 0x30, 0x18, 0x0C, 0x06, 0x03, 0x01, 0xFF,
    0xC0, 0x7F, 0xF0, 0x00, 0xC0, 0x1F, 0xFF, 0xC7, 0xFF, 0xF0, 0x00, 0x00, 0x1F, 0xFC, 0x06, 0x03,
    0x01, 0x80, 0xC0, 0x60, 0x30, 0x1F, 0xFC, 0x07, 0xFF, 0x00, 0x00, 0x00, 0x07, 0xFF, 0x01, 0xFF,
    0xC0, 0x60, 0x30, 0x18, 0x0C, 0x07, 0xFF, 0x01, 0xFF, 0xC0, 0x03, 0x00, 0x00, 0xC0, 0x1F, 0xFF,
    0xC0, 0x73, 0x00, 0x60, 0x30, 0x1F, 0xFC, 0x07, 0xFF, 0x01, 0x80, 0xC0, 0x60, 0x30, 0x1F, 0xFC,
    0x07, 0xFF, 0x00, 0x00, 0x00, 0x03, 0xFF, 0x01, 0xFF, 0xE0, 0x60, 0x18, 0x18, 0x06, 0x06, 0x01,
    0x81, 0xFF, 0xE0, 0x3F, 0xF0, 0x00, 0xC0, 0x1F, 0xFF, 0xC3, 0xFF, 0xF0, 0x03, 0x00, 0x00, 0xC0,
    0x00, 0x78, 0x00, 0x3F, 0x00, 0x7C, 0xF8, 0x1C, 0x1E, 0x00, 0x00, 0x00, 0x00, 0x00, 0x03, 0xFF,
    0x01, 0xFF, 0xC0, 0x60, 0x30, 0x18, 0x0C, 0x06, 0x03, 0x01, 0xFF, 0xC0, 0x7F, 0xF0, 0x00, 0xC0,
    0x1F, 0xFF, 0xC7, 0xF7, 0xF0, 0x0F, 0x80, 0x0F, 0xF8, 0x07, 0x03, 0x01, 0x80, 0xC0, 0x70, 0x30,
    0x0F, 0xF8, 0x00, 0xFC, 0x00, 0x00, 0x00, 0x00, 0x03, 0x01, 0xFC, 0xC0, 0xFF, 0xB0, 0x30, 0xEC,
    0x0C, 0x3B, 0x03, 0x0E, 0xC0, 0xC3, 0xBC, 0x3F, 0xEF, 0x07, 0xF3, 0x00, 0x30, 0xC0, 0x0C, 0x30,
    0x7F, 0xFC, 0x1F, 0xF3, 0x00, 0x00, 0xC0, 0x00, 0x30, 0x00, 0x0C, 0x00, 0x00, 0x00, 0x00, 0x00,
    0x00, 0x03, 0x03, 0xFC, 0xC0, 0xFF, 0xB0, 0x30, 0x6C, 0x0C, 0x1B, 0x03, 0xFE, 0xF0, 0xFF, 0x3C,
    0x06, 0x0C, 0x0F, 0xFF, 0x07, 0xFE, 0xC0, 0x00, 0x30, 0x18, 0x0C, 0x06, 0x00, 0x01, 0x80, 0x00,
    0x7F, 0xF0, 0x1F, 0xFC, 0x00, 0x00, 0x00, 0x00, 0x00, 0x00, 0x03, 0x03, 0xFE, 0xC0, 0xCB, 0xB0,
    0x30, 0xEC, 0x0C, 0x3B, 0xC3, 0xFE, 0xF0, 0x7F, 0x30, 0x07, 0xEC, 0x1F, 0xFB, 0x00, 0x00, 0xC0,
    0x18, 0x40, 0x06, 0x38, 0x03, 0x8E, 0x01, 0xF7, 0xC0, 0xEF, 0xB8, 0x31, 0xC2, 0x00, 0x00, 0x00,
    0x00, 0x00, 0x00, 0x03, 0x03, 0xFE, 0xC0, 0xC3, 0xB0, 0x30, 0xCC, 0x0C, 0x33, 0xC3, 0xFE, 0xF0,
    0x7F, 0x30, 0x07, 0xEC, 0x1F, 0xFB, 0x00, 0x00, 0xC0, 0x1F, 0xE0, 0x0F, 0xF8, 0x06, 0x03, 0x01,
    0x80, 0xC0, 0x7D, 0xE0, 0x0F, 0xF0, 0x00, 0x00, 0x00, 0x00, 0x00, 0x00, 0x03, 0x01, 0xFC, 0xC0,
    0xFF, 0xB0, 0x30, 0xEC, 0x0C, 0x3B, 0x03, 0x0E, 0xC0, 0xC3, 0xB0, 0x3F, 0xEC, 0x05, 0xD3, 0x00,
    0x30, 0xC0, 0x0C, 0x30, 0x7F, 0xFC, 0x1F, 0xF3, 0x00, 0x00, 0xC0, 0x00, 0x30, 0x00, 0x0C, 0x00,
    0x00, 0x00, 0x00, 0x00, 0x00, 0x01, 0x81, 0xFE, 0x60, 0x7F, 0x98, 0x18, 0x66, 0x06, 0x19, 0x81,
    0xFE, 0x60, 0x7F, 0x98, 0x03, 0x06, 0x0F, 0xFD, 0x87, 0xFF, 0x60, 0x00, 0x18, 0x0C, 0x06, 0x03,
    0x00, 0x00, 0xC0, 0x00, 0x3F, 0xF8, 0x0F, 0xFE, 0x00, 0x00, 0x00, 0x00, 0x00, 0x07, 0xF1, 0x81,
    0xFE, 0x60, 0x61, 0x98, 0x18, 0x66, 0x07, 0xF9, 0x81, 0xFE, 0x60, 0x0C, 0xD8, 0x7F, 0xF6, 0x0C,
    0x01, 0x80, 0xFF, 0xE0, 0x3F, 0xF8, 0x00, 0x06, 0x03, 0xFF, 0x80, 0xC0, 0x00, 0x3F, 0xF8, 0x0F,
    0xFE, 0x00, 0x00, 0x00, 0x00, 0x00, 0x07, 0xF1, 0x81, 0xFE, 0x60, 0x61, 0x98, 0x18, 0x66, 0x07,
    0xF9, 0x81, 0xFE, 0x60, 0x0C, 0x18, 0x3F, 0xF6, 0x1F, 0xFD, 0x80, 0x00, 0x00, 0x30, 0x18, 0x0F,
    0xFE, 0x03, 0xFF, 0x80, 0xC0, 0x60, 0x3F, 0xF8, 0x0F, 0xFE, 0x00, 0x00, 0x00, 0x00, 0x00, 0x00,
    0x01, 0x81, 0xFE, 0x60, 0x61, 0x98, 0x18, 0x66, 0x06, 0x19, 0x81, 0xFE, 0x60, 0x7F, 0x18, 0x03,
    0x36, 0x1F, 0xFD, 0x83, 0xF8, 0x60, 0x03, 0x18, 0x00, 0xC4, 0x00, 0x78, 0x00, 0x3B, 0x80, 0x7C,
    0x78, 0x1C, 0x06, 0x00, 0x00, 0x00, 0x00, 0x00, 0x00, 0x01, 0x81, 0xFE, 0x60, 0x6B, 0x98, 0x18,
    0x66, 0x06, 0x39, 0x81, 0xFE, 0x60, 0x7F, 0x18, 0x03, 0x06, 0x1F, 0xFD, 0x83, 0xF8, 0x60, 0x07,
    0xD8, 0x07, 0xFC, 0x03, 0x03, 0x80, 0xC0, 0x60, 0x3E, 0xF8, 0x07, 0xFC, 0x00, 0x00, 0x00, 0x00,
    0x00, 0x00, 0x00, 0x01, 0xFF, 0xE0, 0x7F, 0xFC, 0x18, 0x07, 0x06, 0x01, 0xC1, 0x80, 0x70, 0x60,
    0x1C, 0x18, 0x03, 0x07, 0xFF, 0xC1, 0xFF, 0xF0, 0x0C, 0x60, 0x03, 0x18, 0x00, 0xC6, 0x00, 0x71,
    0x81, 0xFF, 0xFE, 0x3F, 0xFF, 0x80, 0x00, 0x00, 0x00, 0x00, 0x00, 0x00, 0x01, 0xFF, 0xE0, 0x60,
    0x18, 0x18, 0x06, 0x06, 0x01, 0x81, 0xFF, 0xE0, 0x7F, 0xF8, 0x06, 0x18, 0x01, 0x86, 0x07, 0xFF,
    0xF8, 0x87, 0xBC, 0x18, 0x00, 0x06, 0x00, 0x01, 0x80, 0x00, 0x60, 0x00, 0x1F, 0xFE, 0x03, 0xFF,
    0x80, 0x00, 0x00, 0x07, 0xFF, 0x81, 0xFF, 0xE0, 0x60, 0x18, 0x18, 0x06, 0x07, 0xFF, 0x81, 0xFF,
    0xE0, 0x18, 0xC0, 0x7F, 0xFF, 0x1F, 0xFF, 0xC0, 0x00, 0x00, 0x7F, 0xF8, 0x00, 0x06, 0x07, 0xFF,
    0x81, 0xFF, 0xE0, 0x60, 0x00, 0x1F, 0xFE, 0x07, 0xFF, 0x80, 0x00, 0x00, 0x07, 0xFF, 0x01, 0xFF,
    0xC0, 0x60, 0x30, 0x18, 0x0C, 0x07, 0xFF, 0x01, 0xFF, 0xC0, 0x18, 0xC0, 0x06, 0x30, 0x1F, 0xFF,
    0xC7, 0xFF, 0xF0, 0x60, 0x30, 0x1F, 0xFC, 0x07, 0xFF, 0x01, 0x80, 0xC0, 0x60, 0x30, 0x1F, 0xFC,
    0x07, 0xFF, 0x00, 0x00, 0x00, 0x07, 0xFF, 0x81, 0xFF, 0xE0, 0x60, 0x18, 0x18, 0x06, 0x07, 0xFF,
    0x81, 0xFF, 0xC0, 0x18, 0x40, 0x3F, 0xFF, 0x1F, 0xFF, 0xC0, 0x08, 0x00, 0x03, 0x00, 0x01, 0xC0,
    0x00, 0x78, 0x00, 0x77, 0x80, 0x78, 0xF8, 0x18, 0x06, 0x00, 0x00, 0x00, 0x00, 0x00, 0x07, 0xFF,
    0x81, 0xFF, 0xE0, 0x60, 0x18, 0x18, 0x06, 0x06, 0x01, 0x81, 0xFF, 0xE0, 0x7F, 0xF8, 0x00, 0x00,
    0x00, 0x00, 0x07, 0xFF, 0xF8, 0xFF, 0xFE, 0x00, 0xC0, 0x00, 0x30, 0x00, 0x0C, 0x00, 0x03, 0x00,
    0x00, 0xC0, 0x00, 0x00, 0x00, 0x00, 0x00, 0x03, 0xFF, 0x01, 0xFF, 0xE0, 0x60, 0x18, 0x18, 0x06,
    0x06, 0x01, 0x81, 0xFF, 0xE0, 0x3F, 0xF0, 0x3F, 0xFF, 0x1F, 0xFF, 0xC0, 0x0C, 0x00, 0x03, 0x00,
    0x1F, 0xFE, 0x07, 0xFF, 0x80, 0x00, 0x60, 0x00, 0x18, 0x00, 0x06, 0x00, 0x01, 0x80, 0x00, 0x00,
    0x03, 0xFF, 0x01, 0xFF, 0xE0, 0x60, 0x18, 0x18, 0x06, 0x06, 0x01, 0x81, 0xFF, 0xE0, 0x00, 0x00,
    0x7F, 0xFF, 0x1F, 0xFF, 0xC0, 0x0C, 0x00, 0x7F, 0xF8, 0x1F, 0xFE, 0x07, 0xEF, 0x80, 0x18, 0x60,
    0x06, 0x18, 0x01, 0x86, 0x00, 0x61, 0x80, 0x00, 0x00, 0x00, 0x00, 0x01, 0xFF, 0xE0, 0x60, 0x18,
    0x18, 0x06, 0x06, 0x01, 0x81, 0xFF, 0xE0, 0x7F, 0xF8, 0x00, 0x00, 0x1F, 0xFF, 0xE7, 0xFF, 0xF8,
    0x03, 0x00, 0x18, 0xC0, 0x06, 0x30, 0x01, 0x80, 0x00, 0x60, 0x00, 0x1F, 0xFE, 0x03, 0xFF, 0x80,
    0x00, 0x00, 0x07, 0xFF, 0x01, 0xFF, 0xC0, 0x60, 0x30, 0x18, 0x0C, 0x06, 0x03, 0x01, 0xFF, 0xC0,
    0x00, 0x00, 0x3F, 0xFF, 0x1F, 0xFF, 0xC0, 0x0C, 0x00, 0x03, 0x00, 0x1F, 0xFE, 0x07, 0xFF, 0x01,
    0x80, 0x00, 0x60, 0x00, 0x1F, 0xFE, 0x07, 0xFF, 0x80, 0x00, 0x00, 0x03, 0xFF, 0x01, 0xFF, 0xE0,
    0x60, 0x18, 0x18, 0x06, 0x07, 0xFF, 0x81, 0xFF, 0xE0, 0xFF, 0xFC, 0x7F, 0xFF, 0x80, 0x30, 0x00,
    0x0C, 0x00, 0x7F, 0xF8, 0x00, 0x06, 0x07, 0xFF, 0x81, 0xFF, 0xE0, 0x60, 0x00, 0x1F, 0xFE, 0x07,
    0xFF, 0x80, 0x00, 0x00, 0x07, 0xFF, 0x01, 0xFF, 0xC0, 0x60, 0x30, 0x1F, 0xFC, 0x07, 0xFF, 0x00,
    0x00, 0x01, 0xFF, 0xFC, 0x7F, 0xFF, 0x00, 0x70, 0x01, 0xFF, 0xC0, 0x0F, 0xF0, 0x1F, 0x8C, 0x07,
    0xC3, 0x01, 0x80, 0xC0, 0x7F, 0x30, 0x1F, 0x8C, 0x00, 0x00, 0x00, 0x00, 0x00, 0x03, 0xFF, 0x01,
    0xFF, 0xC0, 0x60, 0x30, 0x18, 0x0C, 0x07, 0xFF, 0x01, 0xFF, 0xC1, 0xFF, 0xFC, 0x7F, 0xFF, 0x80,
    0x30, 0x01, 0xFF, 0xC0, 0x7F, 0xF8, 0x03, 0xE6, 0x07, 0xF9, 0x81, 0xF6, 0x60, 0x61, 0x98, 0x1F,
    0xFE, 0x07, 0xDF, 0x00, 0x00, 0x00, 0x07, 0xFF, 0x01, 0xFF, 0xC0, 0x60, 0x30, 0x18, 0x0C, 0x06,
    0x03, 0x01, 0xFF, 0xC0, 0x00, 0x00, 0x7F, 0xFF, 0x1F, 0xFF, 0xC0, 0x0C, 0x00, 0x7F, 0xF0, 0x1F,
    0xFC, 0x06, 0x03, 0x01, 0x80, 0xC0, 0x60, 0x30, 0x1F, 0xFC, 0x07, 0xFF, 0x00, 0x00, 0x00, 0x03,
    0xFF, 0x01, 0xFF, 0xE0, 0x60, 0x18, 0x18, 0x06, 0x07, 0x03, 0x81, 0xFF, 0xE0, 0x00, 0x00, 0x7F,
    0xFF, 0x1F, 0xFF, 0xC0, 0x0C, 0x00, 0x63, 0x18, 0x1C, 0x0E, 0x07, 0xFF, 0x81, 0x80, 0x60, 0x60,
    0x18, 0x1F, 0xFE, 0x07, 0xFF, 0x80, 0x00, 0x00, 0x03, 0xFF, 0x01, 0xFF, 0xE0, 0x60, 0x18, 0x18,
    0x06, 0x06, 0x03, 0x81, 0xFF, 0xE0, 0x00, 0x00, 0x7F, 0xFF, 0x1F, 0xFF, 0xC0, 0x0C, 0x00, 0x03,
    0x00, 0x00, 0xC0, 0x00, 0x70, 0x00, 0x3E, 0x00, 0x7D, 0xF0, 0x1E, 0x1E, 0x00, 0x00, 0x00, 0x00,
    0x00, 0x03, 0xFF, 0x01, 0xFF, 0xC0, 0x60, 0x30, 0x18, 0x0C, 0x06, 0x03, 0x01, 0xFF, 0xC0, 0x3F,
    0xE0, 0x3F, 0xFF, 0x1F, 0xFF, 0xC0, 0x0C, 0x00, 0x0F, 0x80, 0x0F, 0xF8, 0x07, 0x07, 0x01, 0x80,
    0xC0, 0x70, 0x70, 0x0F, 0xF8, 0x00, 0xFC, 0x00, 0x00, 0x00, 0x03, 0xFF, 0x01, 0xFF, 0xC0, 0x60,
    0x30, 0x18, 0x0C, 0x07, 0xFF, 0x01, 0xFF, 0xC0, 0x00, 0x00, 0x7F, 0xFF, 0x1F, 0xFF, 0xC0, 0x0C,
    0x00, 0x7F, 0xF0, 0x18, 0x00, 0x07, 0xFF, 0x01, 0xFF, 0xC0, 0x60, 0x00, 0x1F, 0xFE, 0x07, 0xFF,
    0x80, 0x00, 0x00, 0x07, 0xFF, 0x81, 0xFF, 0xE0, 0x60, 0x18, 0x18, 0x06, 0x07, 0xFF, 0x80, 0xFF,
    0xC1, 0xFF, 0xFE, 0x7F, 0xFF, 0x80, 0x30, 0x00, 0x0C, 0x00, 0x7F, 0xF8, 0x1F, 0xFE, 0x00, 0xFC,
    0x00, 0xFF, 0xC0, 0x30, 0x30, 0x0F, 0xFC, 0x00, 0xFC, 0x00, 0x00, 0x00, 0x00, 0x03, 0x03, 0xFE,
    0xE0, 0xC3, 0xB0, 0x30, 0xEC, 0x0C, 0x3B, 0x03, 0xFE, 0xC0, 0xFF, 0x30, 0x00, 0x0C, 0x1F, 0xFF,
    0x07, 0xFE, 0xC0, 0x18, 0x30, 0x06, 0x7E, 0x01, 0x83, 0x00, 0x60, 0xC0, 0x18, 0x30, 0x06, 0x0C,
    0x00, 0x00, 0x00, 0x00, 0x00, 0x00, 0x00, 0x81, 0xFE, 0x60, 0x7F, 0x98, 0x18, 0x66, 0x06, 0x19,
    0x81, 0xFE, 0x60, 0x7F, 0x98, 0x00, 0x06, 0x1F, 0xFD, 0x87, 0xFC, 0x60, 0x0C, 0xF8, 0x0B, 0x3E,
    0x07, 0xC1, 0x81, 0xC0, 0x20, 0x70, 0x00, 0x1F, 0xFF, 0x03, 0xFF, 0xC0, 0x00, 0x00, 0x07, 0xF1,
    0x81, 0xFE, 0x60, 0x61, 0x98, 0x1F, 0xE6, 0x07, 0xF1, 0x80, 0x00, 0x61, 0xFF, 0xD8, 0x3F, 0xFE,
    0x00, 0xCF, 0x80, 0x20, 0x60, 0x3F, 0xF8, 0x0F, 0xFE, 0x03, 0xFF, 0x80, 0xC0, 0x00, 0x3F, 0xF8,
    0x0F, 0xFE, 0x00, 0x00, 0x00, 0x00, 0x00, 0x00, 0x00, 0x01, 0xFC, 0xE0, 0x7F, 0x38, 0x10, 0xCE,
    0x07, 0xF3, 0x81, 0xFC, 0xE0, 0x03, 0xD8, 0x7F, 0xE6, 0x01, 0x9F, 0x80, 0x67, 0xE0, 0x18, 0x10,
    0x08, 0x04, 0x07, 0xFF, 0x81, 0xFF, 0xE0, 0x60, 0x18, 0x1F, 0xFE, 0x03, 0xFF, 0x00, 0x00, 0x00,
    0x00, 0x01, 0x81, 0xFE, 0x60, 0x63, 0x98, 0x18, 0x66, 0x07, 0xF9, 0x81, 0xFC, 0x61, 0xFF, 0xD8,
    0x7F, 0xF6, 0x01, 0x8F, 0x80, 0x63, 0xE0, 0x19, 0x18, 0x00, 0xE6, 0x00, 0x38, 0x00, 0x3F, 0x00,
    0x3C, 0xF8, 0x1E, 0x0F, 0x00, 0x00, 0x00, 0x00, 0x00, 0x00, 0x0D, 0x83, 0xFB, 0x60, 0xFE, 0xD8,
    0x31, 0xB6, 0x0C, 0x6D, 0x83, 0xFB, 0x60, 0xFE, 0xD8, 0x00, 0xB6, 0x1F, 0xFD, 0x87, 0xC3, 0x60,
    0x37, 0xD8, 0x0D, 0xF6, 0x03, 0x0D, 0x80, 0xC3, 0x60, 0x30, 0xD8, 0x00, 0x06, 0x00, 0x00, 0x00,
    0x00, 0x00, 0x00, 0x01, 0x81, 0xFE, 0x60, 0x7F, 0x98, 0x18, 0x66, 0x06, 0x19, 0x81, 0xFE, 0x60,
    0x7F, 0x98, 0x00, 0x06, 0x0F, 0xFD, 0x87, 0xFF, 0x60, 0x0C, 0x18, 0x03, 0x06, 0x00, 0xC1, 0x80,
    0x30, 0x60, 0x0C, 0x18, 0x03, 0x06, 0x00, 0x00, 0x00, 0x00, 0x00, 0x00, 0x03, 0x01, 0xFE, 0xC0,
    0x6F, 0xB0, 0x18, 0x6C, 0x06, 0x3B, 0x01, 0xFE, 0xC0, 0x3E, 0x30, 0x2F, 0xFC, 0x1F, 0xFF, 0x00,
    0x30, 0xC0, 0x0C, 0x30, 0x1B, 0x0C, 0x07, 0x00, 0x01, 0x80, 0x00, 0x7F, 0xF8, 0x1F, 0xFE, 0x00,
    0x00, 0x00, 0x00, 0x00, 0x07, 0xF3, 0x01, 0xFE, 0xC0, 0x63, 0xB0, 0x18, 0xEC, 0x07, 0xFB, 0x01,
    0xFC, 0xC1, 0xFF, 0xF0, 0x7F, 0xEC, 0x00, 0xC3, 0x01, 0xFF, 0xC0, 0x3F, 0xF0, 0x00, 0x0C, 0x07,
    0xFF, 0x01, 0xC0, 0x00, 0x7F, 0xF8, 0x1F, 0xFE, 0x00, 0x00, 0x00, 0x00, 0x00, 0x00, 0x00, 0x01,
    0xFF, 0xE0, 0x7F, 0xF8, 0x18, 0x06, 0x06, 0x01, 0x81, 0x80, 0xE0, 0x7F, 0xF8, 0x0F, 0xFC, 0x00,
    0x00, 0x07, 0xFF, 0xF1, 0xFF, 0xFE, 0x06, 0x18, 0x01, 0x86, 0x00, 0x61, 0x80, 0x18, 0x60, 0x06,
    0x18, 0x01, 0x86, 0x00, 0x00, 0x00, 0x03, 0xFF, 0x01, 0xFF, 0xC0, 0x60, 0x30, 0x18, 0x0C, 0x06,
    0x03, 0x01, 0xFF, 0xC0, 0x7F, 0xF0, 0x00, 0x00, 0x1F, 0xFF, 0xC7, 0xFF, 0xF0, 0x0C, 0xC0, 0x1B,
    0x30, 0x06, 0xCC, 0x01, 0x80, 0x00, 0x60, 0x00, 0x1F, 0xFE, 0x01, 0xFF, 0x00, 0x00, 0x00, 0x03,
    0xFF, 0x01, 0xFF, 0xE0, 0x60, 0x18, 0x18, 0x06, 0x07, 0xFF, 0x81, 0xFF, 0xE0, 0xFF, 0xFC, 0x7F,
    0xFF, 0x81, 0x86, 0x00, 0x71, 0x80, 0x7F, 0xF8, 0x00, 0x06, 0x07, 0xFF, 0x81, 0xFF, 0xE0, 0x60,
    0x00, 0x1F, 0xFE, 0x07, 0xFF, 0x80, 0x00, 0x00, 0x07, 0xFF, 0x01, 0xFF, 0xC0, 0x60, 0x30, 0x18,
    0x0C, 0x06, 0x03, 0x01, 0xFF, 0xC0, 0x00, 0x00, 0x7F, 0xFF, 0x1F, 0xFF, 0xC0, 0x63, 0x00, 0x18,
    0xC0, 0x1F, 0xFC, 0x06, 0xFB, 0x01, 0x80, 0xC0, 0x60, 0x30, 0x1F, 0xFC, 0x07, 0xFF, 0x00, 0x00,
    0x00, 0x03, 0xFF, 0x01, 0xFF, 0xE0, 0x60, 0x18, 0x18, 0x06, 0x06, 0x03, 0x81, 0xFF, 0xE0, 0x00,
    0x00, 0x3F, 0xFF, 0x1F, 0xFF, 0xE0, 0x61, 0x80, 0x1B, 0x60, 0x06, 0xD8, 0x00, 0x78, 0x00, 0x3F,
    0x00, 0x3C, 0xF0, 0x1E, 0x1E, 0x00, 0x00, 0x00, 0x00, 0x00, 0x00, 0x00, 0x01, 0xFF, 0xE0, 0x7F,
    0xFC, 0x18, 0x07, 0x06, 0x01, 0xC1, 0x80, 0x70, 0x60, 0x1C, 0x18, 0x03, 0x07, 0xFF, 0xC1, 0xFF,
    0xF0, 0x00, 0x00, 0x00, 0x00, 0x00, 0x00, 0x00, 0xFF, 0xD1, 0xFF, 0xFF, 0x20, 0x00, 0x00, 0x00,
    0x00, 0x00, 0x00, 0x07, 0xFF, 0x81, 0xFF, 0xE0, 0x60, 0x18, 0x18, 0x06, 0x06, 0x01, 0x81, 0xFF,
    0xE0, 0x7F, 0xF8, 0x00, 0x00, 0x1F, 0xFF, 0xE7, 0xFF, 0xF8, 0x00, 0x00, 0x18, 0x00, 0x06, 0x00,
    0x01, 0x80, 0x00, 0x7F, 0xF8, 0x1F, 0xFE, 0x00, 0x00, 0x00, 0x00, 0x00, 0x03, 0xFF, 0x01, 0xFF,
    0xE0, 0x60, 0x38, 0x18, 0x0E, 0x07, 0xFF, 0x81, 0xFF, 0xC0, 0x00, 0x00, 0x7F, 0xFF, 0x0F, 0xFF,
    0xC0, 0x00, 0x00, 0x7F, 0xF8, 0x00, 0x0E, 0x07, 0xFF, 0x81, 0xFF, 0xC0, 0x60, 0x00, 0x1F, 0xFE,
    0x07, 0xFF, 0x80, 0x00, 0x00, 0x03, 0xFF, 0x01, 0xFF, 0xE0, 0x60, 0x38, 0x18, 0x0E, 0x06, 0x03,
    0x81, 0xFF, 0xE0, 0x00, 0x00, 0x30, 0x03, 0x1F, 0xFF, 0xC0, 0x00, 0x00, 0x3F, 0xF0, 0x1F, 0xFE,
    0x06, 0x03, 0x81, 0x80, 0x60, 0x60, 0x18, 0x1F, 0xFE, 0x07, 0xFF, 0x00, 0x00, 0x00, 0x03, 0xFF,
    0x01, 0xFF, 0xE0, 0x60, 0x38, 0x18, 0x0E, 0x06, 0x03, 0x81, 0xFF, 0xE0, 0x3F, 0xF0, 0x00, 0x00,
    0x1F, 0xFF, 0xC3, 0xFF, 0xF0, 0x03, 0x00, 0x00, 0xC0, 0x00, 0x70, 0x00, 0x3E, 0x00, 0x3C, 0xF0,
    0x3E, 0x1E, 0x04, 0x01, 0x00, 0x00, 0x00, 0x00, 0x01, 0x81, 0xFC, 0x60, 0xFF, 0x18, 0x30, 0xC6,
    0x0C, 0x31, 0x83, 0x0C, 0x60, 0xC3, 0x18, 0x30, 0xC6, 0x0C, 0x31, 0x83, 0x0C, 0x60, 0xFF, 0x18,
    0x3F, 0xC6, 0x00, 0x01, 0x80, 0x00, 0x60, 0x00, 0x18, 0x00, 0x06, 0x00, 0x00, 0x00, 0x00, 0x00,
    0x00, 0x03, 0x03, 0xFC, 0xC0, 0xFF, 0x30, 0x30, 0xCC, 0x0C, 0x73, 0x03, 0x0C, 0xC0, 0xC7, 0x30,
    0x3F, 0xCC, 0x00, 0x03, 0x00, 0x00, 0x40, 0x7F, 0xF0, 0x1F, 0xFC, 0x00, 0x03, 0x00, 0x00, 0xC0,
    0x00, 0x30, 0x00, 0x0C, 0x00, 0x00, 0x00, 0x00, 0x00, 0x00, 0x01, 0x80, 0x00, 0x60, 0xFF, 0x18,
    0x30, 0xC6, 0x0C, 0x31, 0x83, 0x0C, 0x60, 0xC3, 0x18, 0x30, 0xC6, 0x0F, 0xF1, 0x83, 0xFC, 0x60,
    0x00, 0x18, 0x0C, 0x06, 0x03, 0x01, 0x00, 0xC0, 0x00, 0x30, 0x00, 0x0F, 0xFE, 0x03, 0xFF, 0x80,
    0x00, 0x00, 0x00, 0x03, 0x03, 0xFC, 0xC0, 0xFF, 0x30, 0x30, 0xCC, 0x0C, 0x73, 0x03, 0x0C, 0xC0,
    0xD7, 0x30, 0x3F, 0xCC, 0x00, 0x03, 0x00, 0x00, 0x40, 0x3F, 0xF8, 0x0F, 0xFC, 0x03, 0x00, 0x00,
    0xC0, 0x00, 0x3F, 0xF8, 0x0F, 0xFE, 0x00, 0x00, 0x00, 0x00, 0x00, 0x00, 0x03, 0x03, 0xFC, 0xC0,
    0xDF, 0x30, 0x30, 0xCC, 0x0C, 0x73, 0x03, 0x0C, 0xC0, 0xFF, 0x30, 0x3F, 0x8C, 0x00, 0x01, 0x00,
    0xFF, 0xC0, 0x00, 0x30, 0x0F, 0xFC, 0x03, 0xFF, 0x00, 0xC0, 0x00, 0x3F, 0xF8, 0x0F, 0xFE, 0x00,
    0x00, 0x00, 0x00, 0x00, 0x00, 0x03, 0x03, 0xFC, 0xC0, 0xC7, 0x30, 0x30, 0xCC, 0x0C, 0x33, 0x03,
    0x0C, 0xC0, 0xFF, 0x30, 0x3F, 0x8C, 0x00, 0x01, 0x01, 0xF7, 0xC0, 0x2D, 0xF0, 0x1F, 0x64, 0x07,
    0xDB, 0x01, 0x86, 0xC0, 0x7F, 0xB0, 0x1F, 0xFC, 0x00, 0x00, 0x00, 0x00, 0x00, 0x00, 0x03, 0x03,
    0xFC, 0xC0, 0xFF, 0x30, 0x30, 0xCC, 0x0C, 0x73, 0x03, 0x0C, 0xC0, 0xD7, 0x30, 0x3F, 0xCC, 0x00,
    0x03, 0x00, 0x00, 0x40, 0x3F, 0xF0, 0x0F, 0xFC, 0x03, 0x03, 0x00, 0xC0, 0xC0, 0x3F, 0xF0, 0x0F,
    0xFC, 0x00, 0x00, 0x00, 0x00, 0x00, 0x00, 0x03, 0x03, 0xFC, 0xC0, 0xC7, 0x30, 0x30, 0xCC, 0x0C,
    0x73, 0x03, 0x0C, 0xC0, 0xFF, 0x30, 0x3F, 0x8C, 0x00, 0x01, 0x00, 0x80, 0x40, 0x30, 0x30, 0x0F,
    0xFC, 0x03, 0xFF, 0x00, 0xC0, 0xC0, 0x3F, 0xF0, 0x0F, 0xFC, 0x00, 0x00, 0x00, 0x00, 0x00, 0x00,
    0x03, 0x03, 0xF8, 0xC0, 0xFF, 0x30, 0x30, 0xCC, 0x0C, 0x73, 0x03, 0x1C, 0xC0, 0xC3, 0x30, 0x3F,
    0xCC, 0x0F, 0xE3, 0x00, 0x04, 0xC0, 0x03, 0x30, 0x00, 0xE0, 0x00, 0x78, 0x00, 0x33, 0x80, 0x78,
    0x78, 0x1C, 0x0E, 0x00, 0x00, 0x00, 0x00, 0x00, 0x00, 0x03, 0x03, 0xFC, 0xC0, 0xFF, 0x30, 0x30,
    0xCC, 0x0C, 0x73, 0x03, 0x0C, 0xC0, 0xD7, 0x30, 0x3F, 0xCC, 0x00, 0x03, 0x00, 0x41, 0x40, 0x18,
    0x60, 0x06, 0x38, 0x03, 0x8E, 0x01, 0xF7, 0xC0, 0xEF, 0xB8, 0x31, 0xC2, 0x00, 0x00, 0x00, 0x00,
    0x00, 0x00, 0x03, 0x03, 0xF8, 0xC0, 0xFF, 0x30, 0x30, 0xCC, 0x0C, 0x73, 0x03, 0x0C, 0xC0, 0xC7,
    0x30, 0x3F, 0xCC, 0x0F, 0xC3, 0x00, 0x1E, 0x40, 0x1F, 0xE0, 0x0E, 0x1C, 0x06, 0x03, 0x01, 0xC0,
    0xC0, 0x3F, 0xF0, 0x07, 0xF8, 0x00, 0x00, 0x00, 0x00, 0x00, 0x00, 0x03, 0x03, 0xFC, 0xC0, 0xFF,
    0x30, 0x30, 0xCC, 0x0C, 0x73, 0x03, 0x0C, 0xC0, 0xFF, 0x30, 0x3F, 0x8C, 0x00, 0x13, 0x00, 0x0C,
    0x00, 0x7F, 0xF8, 0x0F, 0xFE, 0x00, 0x30, 0x00, 0x3F, 0x00, 0x3C, 0xF8, 0x1E, 0x0E, 0x00, 0x00,
    0x00, 0x00, 0x00, 0x00, 0x03, 0x03, 0xFC, 0xC0, 0xFF, 0x30, 0x30, 0xCC, 0x0C, 0x73, 0x03, 0x0C,
    0xC0, 0xFF, 0x30, 0x3F, 0x8C, 0x00, 0x00, 0x00, 0xFF, 0xE0, 0x3F, 0xF0, 0x0C, 0x00, 0x03, 0xFF,
    0x00, 0xC0, 0x00, 0x3F, 0xF8, 0x0F, 0xFE, 0x00, 0x00, 0x00, 0x00, 0x00, 0x00, 0x03, 0x03, 0x08,
    0xC0, 0xC7, 0x30, 0x31, 0xCC, 0x0C, 0x33, 0x03, 0xFC, 0xC0, 0xFF, 0x3C, 0x30, 0xCF, 0x0C, 0x73,
    0x03, 0x0C, 0xC0, 0xC7, 0x30, 0x3F, 0xCC, 0x00, 0x03, 0x00, 0x00, 0xC0, 0x00, 0x30, 0x00, 0x0C,
    0x00, 0x00, 0x00, 0x00, 0x00, 0x00, 0x03, 0x03, 0x1C, 0xC0, 0xC3, 0x30, 0x3F, 0xCC, 0x0F, 0xF3,
    0xC3, 0x0C, 0xF0, 0xC3, 0x30, 0x3F, 0xCC, 0x0F, 0xE3, 0x00, 0x00, 0xC0, 0x7F, 0xF0, 0x1F, 0xFC,
    0x00, 0x03, 0x00, 0x00, 0xC0, 0x00, 0x30, 0x00, 0x0C, 0x00, 0x00, 0x00, 0x00, 0x00, 0x00, 0x03,
    0x03, 0x1C, 0xC0, 0xC7, 0x30, 0x3F, 0xCC, 0x0F, 0xF3, 0xC3, 0x1C, 0xF0, 0xC7, 0x30, 0x3F, 0xCC,
    0x0F, 0xE3, 0x00, 0x00, 0xC0, 0xFF, 0xF0, 0x1F, 0x7C, 0x00, 0xC3, 0x00, 0x30, 0xC0, 0x0C, 0x30,
    0x03, 0x0C, 0x00, 0x00, 0x00, 0x00, 0x00, 0x00, 0x06, 0x02, 0x19, 0x80, 0x86, 0x60, 0x3F, 0x98,
    0x0F, 0xE7, 0x82, 0x19, 0xE0, 0xC6, 0x60, 0x3F, 0x98, 0x0F, 0xE6, 0x00, 0x03, 0x00, 0xFC, 0xC0,
    0x03, 0x30, 0x00, 0xCC, 0x00, 0x37, 0x80, 0x0F, 0x30, 0x03, 0x84, 0x00, 0x00, 0x00, 0x00, 0x00,
    0x00, 0x03, 0x02, 0x08, 0xC0, 0xC3, 0x30, 0x30, 0xCC, 0x0F, 0xF3, 0x03, 0xFC, 0xF8, 0xC3, 0x3E,
    0x30, 0xCC, 0x0F, 0xF3, 0x03, 0xFC, 0xC0, 0x00, 0x30, 0x0C, 0x0C, 0x07, 0x03, 0x00, 0xC0, 0x00,
    0x30, 0x00, 0x1F, 0xFE, 0x03, 0xFF, 0x80, 0x00, 0x00, 0x00, 0x00, 0x02, 0x08, 0xC0, 0xC6, 0x30,
    0x3F, 0x8C, 0x0F, 0xE3, 0xC3, 0x18, 0xF0, 0xC6, 0x30, 0x3F, 0x8C, 0x0F, 0xE3, 0x00, 0xFF, 0x80,
    0x7F, 0xF0, 0x00, 0x0C, 0x07, 0xFF, 0x01, 0xFF, 0x80, 0x60, 0x00, 0x1F, 0xFC, 0x07, 0xFF, 0x00,
    0x00, 0x00, 0x00, 0x02, 0x03, 0x08, 0xC0, 0xC6, 0x30, 0x3F, 0x8C, 0x0F, 0xE3, 0xC3, 0x08, 0xC0,
    0xC6, 0x30, 0x3F, 0x8C, 0x00, 0x03, 0x01, 0xE7, 0x80, 0x7F, 0xF0, 0x03, 0x0C, 0x07, 0xC3, 0x01,
    0xC0, 0xC0, 0x7E, 0x30, 0x1F, 0x8C, 0x00, 0x00, 0x00, 0x00, 0x00, 0x00, 0x03, 0x03, 0x1C, 0xC0,
    0xC3, 0x30, 0x3F, 0xCC, 0x0F, 0xF3, 0xC3, 0x0C, 0xC0, 0xC7, 0x30, 0x3F, 0xCC, 0x0F, 0xE3, 0x00,
    0x00, 0x80, 0x7F, 0xF0, 0x1F, 0xFC, 0x06, 0x03, 0x01, 0x80, 0xC0, 0x7F, 0xF0, 0x1F, 0xFC, 0x00,
    0x00, 0x00, 0x00, 0x00, 0x08, 0x23, 0x03, 0x0C, 0xC0, 0xC7, 0x30, 0x3F, 0xCF, 0x0F, 0xF3, 0xC3,
    0x0C, 0xC0, 0xFF, 0x30, 0x3F, 0xCC, 0x00, 0x03, 0x00, 0x80, 0x00, 0x60, 0x30, 0x1F, 0xFC, 0x07,
    0xFF, 0x01, 0x80, 0xC0, 0x7F, 0xF0, 0x1F, 0xFC, 0x00, 0x00, 0x00, 0x00, 0x00, 0x00, 0x03, 0x03,
    0x08, 0xC0, 0xC3, 0x30, 0x3F, 0xCC, 0x0F, 0xF3, 0xC3, 0x0C, 0xF0, 0xC3, 0x30, 0x3F, 0xCC, 0x0F,
    0xE3, 0x00, 0x00, 0xC0, 0x03, 0x30, 0x00, 0xC0, 0x00, 0x78, 0x00, 0x77, 0x00, 0x78, 0xF8, 0x1C,
    0x0E, 0x00, 0x00, 0x00, 0x00, 0x00, 0x00, 0x03, 0x03, 0x0C, 0xC0, 0xC3, 0x30, 0x3F, 0xCC, 0x0F,
    0xF3, 0xC3, 0x0C, 0xF0, 0xC3, 0x30, 0x3F, 0xCC, 0x0F, 0xE3, 0x00, 0x00, 0xC0, 0x1F, 0xC0, 0x0F,
    0xF8, 0x06, 0x03, 0x01, 0x80, 0xC0, 0x3F, 0xE0, 0x07, 0xF0, 0x00, 0x00, 0x00, 0x00, 0x00, 0x00,
    0x03, 0x03, 0x1C, 0xC0, 0xC3, 0x30, 0x3F, 0xCF, 0x0F, 0xF3, 0xC3, 0x0C, 0xC0, 0xFF, 0x30, 0x3F,
    0xCC, 0x00, 0x03, 0x00, 0xFF, 0xC0, 0x3F, 0xF0, 0x0C, 0x00, 0x03, 0xFF, 0x00, 0xC0, 0x00, 0x3F,
    0xF0, 0x0F, 0xFE, 0x00, 0x00, 0x00, 0x00, 0x00, 0x00, 0x09, 0x82, 0x17, 0x60, 0xCC, 0xD8, 0x33,
    0x36, 0x0C, 0x4D, 0x83, 0xF2, 0x60, 0xFC, 0xF8, 0x31, 0x3E, 0x0C, 0xC9, 0x83, 0x13, 0x60, 0xFC,
    0xD8, 0x3F, 0x36, 0x00, 0x1D, 0x80, 0x07, 0x60, 0x01, 0xD8, 0x00, 0x06, 0x00, 0x00, 0x00, 0x00,
    0x00, 0x00, 0x09, 0x83, 0x13, 0x60, 0xC4, 0xD8, 0x3F, 0x36, 0x0F, 0xCF, 0x83, 0x13, 0xE0, 0xC4,
    0xD8, 0x3F, 0x36, 0x0F, 0xCD, 0x80, 0x02, 0x60, 0x3F, 0xF8, 0x0F, 0xFE, 0x00, 0x01, 0x80, 0x00,
    0x60, 0x00, 0x18, 0x00, 0x06, 0x00, 0x00, 0x00, 0x00, 0x00, 0x00, 0x09, 0x83, 0x13, 0x60, 0xC4,
    0xD8, 0x33, 0x36, 0x0F, 0xCF, 0x83, 0x33, 0xE0, 0xC4, 0xD8, 0x3F, 0x36, 0x0F, 0xCD, 0x80, 0x03,
    0x60, 0x30, 0xD8, 0x0C, 0x26, 0x03, 0x00, 0x00, 0xC0, 0x00, 0x3F, 0xF8, 0x0F, 0xFE, 0x00, 0x00,
    0x00, 0x00, 0x00, 0x08, 0x49, 0x83, 0x13, 0x60, 0xCC, 0x98, 0x3F, 0x3E, 0x0F, 0xCF, 0x83, 0x13,
    0x60, 0xFC, 0xD8, 0x3F, 0x36, 0x00, 0x09, 0x80, 0xFF, 0xE0, 0x10, 0x98, 0x07, 0xFE, 0x03, 0xFF,
    0x80, 0xC0, 0x00, 0x3F, 0xF8, 0x0F, 0xFF, 0x00, 0x00, 0x00, 0x00, 0x00, 0x00, 0x09, 0x83, 0x13,
    0x60, 0xC4, 0xD8, 0x3F, 0x36, 0x0F, 0xCF, 0x83, 0x13, 0xE0, 0xC4, 0x98, 0x3F, 0x36, 0x0F, 0xCD,
    0x80, 0x02, 0x60, 0x3F, 0xF8, 0x0F, 0xFE, 0x03, 0x01, 0x80, 0xC0, 0x60, 0x3F, 0xF8, 0x0F, 0xFE,
    0x00, 0x00, 0x00, 0x00, 0x00, 0x00, 0x09, 0x83, 0x13, 0x60, 0xC4, 0x98, 0x3F, 0x36, 0x0F, 0xCF,
    0x83, 0x13, 0x60, 0xCC, 0x98, 0x3F, 0x36, 0x0F, 0xC9, 0x80, 0x00, 0x40, 0x30, 0x18, 0x0F, 0xFE,
    0x03, 0xFF, 0x80, 0xC0, 0x60, 0x3F, 0xF8, 0x0F, 0xFE, 0x00, 0x00, 0x00, 0x00, 0x00, 0x00, 0x09,
    0x83, 0x13, 0x60, 0xC4, 0xD8, 0x3F, 0x26, 0x0F, 0xCF, 0x83, 0x13, 0xE0, 0xC4, 0x98, 0x3F, 0x36,
    0x0F, 0xDD, 0x80, 0x02, 0x60, 0x03, 0x18, 0x00, 0xC0, 0x00, 0x78, 0x00, 0x3F, 0x80, 0x7C, 0x78,
    0x1C, 0x0E, 0x00, 0x00, 0x00, 0x00, 0x00, 0x00, 0x09, 0x83, 0x13, 0x60, 0xC6, 0xD8, 0x3F, 0x36,
    0x0F, 0xCF, 0x83, 0x13, 0xE0, 0xC4, 0x98, 0x3F, 0xB6, 0x0F, 0xCD, 0x80, 0x02, 0x60, 0x18, 0x60,
    0x06, 0x18, 0x01, 0xC7, 0x00, 0xF3, 0xC0, 0xE7, 0x9C, 0x30, 0xC3, 0x00, 0x00, 0x00, 0x00, 0x00,
    0x00, 0x09, 0x83, 0x13, 0x60, 0xC4, 0xD8, 0x3F, 0x26, 0x0F, 0xCF, 0x83, 0x33, 0xE0, 0xC4, 0x98,
    0x3F, 0x36, 0x0F, 0xDD, 0x80, 0x02, 0x60, 0x0F, 0xE0, 0x07, 0xFC, 0x03, 0x01, 0x80, 0xC0, 0x60,
    0x1E, 0xF0, 0x03, 0xF8, 0x00, 0x00, 0x00, 0x00, 0x00, 0x00, 0x09, 0x83, 0x13, 0x60, 0xCC, 0x98,
    0x3F, 0x3E, 0x0F, 0xCF, 0x83, 0x13, 0x60, 0xFC, 0xD8, 0x3F, 0x36, 0x00, 0x09, 0x80, 0xFF, 0xE0,
    0x3F, 0xF8, 0x0C, 0x00, 0x03, 0xFF, 0x80, 0xC0, 0x00, 0x3F, 0xF8, 0x0F, 0xFE, 0x00, 0x00, 0x00,
    0x00, 0x00, 0x00, 0x03, 0x03, 0x08, 0xC0, 0xC7, 0x30, 0x31, 0xCC, 0x0C, 0x33, 0xC3, 0xFC, 0xF0,
    0xFF, 0x30, 0x30, 0xCC, 0x0C, 0x73, 0xC3, 0x0C, 0xF0, 0xC7, 0x30, 0x3F, 0xCC, 0x00, 0x03, 0x00,
    0x00, 0xC0, 0x00, 0x30, 0x00, 0x0C, 0x00, 0x00, 0x00, 0x00, 0x00, 0x00, 0x03, 0x03, 0x1C, 0xC0,
    0xC3, 0x3C, 0x3F, 0xCF, 0x0F, 0xF3, 0x03, 0x0C, 0xC0, 0xC3, 0x3C, 0x3F, 0xCC, 0x0F, 0xE3, 0x00,
    0x00, 0xC0, 0x7F, 0xF0, 0x1F, 0xFC, 0x00, 0x03, 0x00, 0x00, 0xC0, 0x00, 0x30, 0x00, 0x0C, 0x00,
    0x00, 0x00, 0x00, 0x00, 0x00, 0x03, 0x02, 0x08, 0xC0, 0xC3, 0x30, 0x30, 0xCF, 0x0F, 0xF3, 0xE3,
    0xFC, 0xC0, 0xC3, 0x30, 0x30, 0xCF, 0x8F, 0xF3, 0xE3, 0xFC, 0xC0, 0x00, 0x30, 0x0C, 0x0C, 0x07,
    0x03, 0x00, 0xC0, 0x00, 0x30, 0x00, 0x1F, 0xFE, 0x03, 0xFF, 0x80, 0x00, 0x00, 0x08, 0x23, 0x03,
    0x1C, 0xC0, 0xC3, 0x3C, 0x3F, 0xCF, 0x0F, 0xF3, 0x03, 0x0C, 0xF0, 0xFF, 0x3C, 0x3F, 0xCC, 0x00,
    0x03, 0x00, 0x80, 0x00, 0x60, 0x30, 0x1F, 0xFC, 0x07, 0xFF, 0x01, 0x80, 0xC0, 0x7F, 0xF0, 0x1F,
    0xFC, 0x00, 0x00, 0x00, 0x00, 0x00, 0x00, 0x03, 0x03, 0x08, 0xC0, 0xC7, 0x30, 0x31, 0xCC, 0x0C,
    0x33, 0x03, 0xFC, 0xC0, 0xFF, 0xF0, 0x30, 0xFC, 0x0C, 0x63, 0x03, 0x0C, 0xC0, 0xFF, 0x30, 0x3F,
    0xCC, 0x00, 0x03, 0x00, 0x00, 0xC0, 0x00, 0x30, 0x00, 0x0C, 0x00, 0x00, 0x00, 0x00, 0x00, 0x00,
    0x03, 0x03, 0x18, 0xC0, 0xC6, 0x30, 0x3F, 0x8C, 0x0F, 0xFF, 0x03, 0x1F, 0xC0, 0xC6, 0x30, 0x3F,
    0xCC, 0x0F, 0xE3, 0x00, 0x00, 0x40, 0x7F, 0xF0, 0x1F, 0xFC, 0x00, 0x03, 0x00, 0x00, 0xC0, 0x00,
    0x30, 0x00, 0x0C, 0x00, 0x00, 0x00, 0x00, 0x00, 0x00, 0x03, 0x03, 0x08, 0xC0, 0xC7, 0x30, 0x31,
    0x8C, 0x0F, 0xFF, 0x03, 0xFF, 0xC0, 0xC2, 0x30, 0x31, 0xCC, 0x0F, 0xF3, 0x03, 0x78, 0xC0, 0x20,
    0x30, 0x0C, 0x0C, 0x03, 0x00, 0x00, 0xC0, 0x00, 0x3F, 0xF8, 0x0F, 0xFE, 0x00, 0x00, 0x00, 0x00,
    0x00, 0x00, 0x03, 0x03, 0x18, 0xC0, 0xC6, 0x30, 0x3F, 0xCC, 0x0F, 0xFF, 0x03, 0x1F, 0xC0, 0xC6,
    0x30, 0x3F, 0xCC, 0x0F, 0xE3, 0x80, 0x00, 0x40, 0x3F, 0xF0, 0x0F, 0xFC, 0x03, 0x00, 0x00, 0xC0,
    0x00, 0x3F, 0xF8, 0x0F, 0xFE, 0x00, 0x00, 0x00, 0x00, 0x00, 0x00, 0x03, 0x03, 0x1C, 0xC0, 0xC6,
    0x30, 0x3F, 0xFC, 0x0F, 0xFF, 0x03, 0x08, 0xC0, 0xFF, 0x30, 0x3F, 0x8C, 0x00, 0x01, 0x00, 0xFF,
    0xC0, 0x3F, 0xB0, 0x0F, 0xFC, 0x03, 0xFF, 0x00, 0xC0, 0x00, 0x3F, 0xF8, 0x0F, 0xFE, 0x00, 0x00,
    0x00, 0x00, 0x00, 0x00, 0x03, 0x03, 0x1C, 0xC0, 0xC6, 0x30, 0x3F, 0xFC, 0x0F, 0xFF, 0x03, 0x08,
    0xC0, 0xFF, 0x30, 0x3F, 0x8C, 0x00, 0x01, 0x01, 0xF7, 0xC0, 0x6F, 0xF0, 0x1F, 0xEC, 0x07, 0xDB,
    0x01, 0x86, 0xC0, 0x7F, 0xB0, 0x1F, 0xFC, 0x00, 0x00, 0x00, 0x00, 0x00, 0x00, 0x03, 0x03, 0x18,
    0xC0, 0xC6, 0x30, 0x3F, 0xCC, 0x0F, 0xFF, 0x03, 0x1F, 0xC0, 0xC6, 0x30, 0x3F, 0xCC, 0x0F, 0xE3,
    0x00, 0x00, 0x40, 0x3F, 0xF0, 0x0F, 0xFE, 0x03, 0x03, 0x00, 0xC0, 0xC0, 0x3F, 0xF0, 0x0F, 0xFC,
    0x00, 0x00, 0x00, 0x00, 0x00, 0x08, 0x23, 0x03, 0x1C, 0xC0, 0xC6, 0x30, 0x3F, 0xCC, 0x0F, 0xFF,
    0x03, 0x1C, 0xC0, 0xC6, 0x30, 0x3F, 0xCC, 0x0F, 0xE3, 0x00, 0x00, 0x00, 0x30, 0x30, 0x0F, 0xFC,
    0x03, 0xFF, 0x00, 0xC0, 0xC0, 0x3F, 0xF0, 0x0F, 0xFC, 0x00, 0x00, 0x00, 0x00, 0x00, 0x00, 0x03,
    0x03, 0x18, 0xC0, 0xC7, 0x30, 0x3F, 0x8C, 0x0F, 0xFF, 0x03, 0x1F, 0xC0, 0xC6, 0x30, 0x3F, 0xCC,
    0x0F, 0xE3, 0x00, 0x00, 0xC0, 0x03, 0x30, 0x00, 0xC0, 0x00, 0x78, 0x00, 0x3B, 0x80, 0x7C, 0x78,
    0x1C, 0x0E, 0x00, 0x00, 0x00, 0x00, 0x00, 0x00, 0x03, 0x03, 0x18, 0xC0, 0xC6, 0x30, 0x3F, 0xCC,
    0x0F, 0xFF, 0x03, 0x1F, 0xC0, 0xC6, 0x30, 0x3F, 0xCC, 0x0F, 0xE3, 0x80, 0x00, 0x40, 0x1F, 0xE0,
    0x0F, 0xFC, 0x03, 0x03, 0x00, 0xC0, 0xC0, 0x3E, 0xF0, 0x07, 0xF8, 0x00, 0x00, 0x00, 0x00, 0x00,
    0x00, 0x03, 0x03, 0x18, 0xC0, 0xC6, 0x30, 0x3F, 0xCC, 0x0F, 0xFF, 0x03, 0x1F, 0xC0, 0xC6, 0x30,
    0x3F, 0xCC, 0x0F, 0xE3, 0x00, 0x00, 0x40, 0x3F, 0xF8, 0x0F, 0xFC, 0x00, 0x38, 0x00, 0x3F, 0x00,
    0x3C, 0xF8, 0x1E, 0x0E, 0x00, 0x00, 0x00, 0x00, 0x00, 0x00, 0x0D, 0x82, 0x13, 0x60, 0xCE, 0xD8,
    0x33, 0xB6, 0x0C, 0xCD, 0x83, 0xFB, 0x60, 0xFF, 0xD8, 0x33, 0xF6, 0x0C, 0xCD, 0x83, 0x3B, 0x60,
    0xFE, 0xD8, 0x3F, 0x36, 0x00, 0x0D, 0x80, 0x03, 0x60, 0x00, 0xD8, 0x00, 0x06, 0x00, 0x00, 0x00,
    0x00, 0x00, 0x00, 0x0D, 0x83, 0x1B, 0x60, 0xC6, 0xD8, 0x3F, 0xB6, 0x0F, 0xFD, 0x83, 0x1F, 0x60,
    0xC4, 0xD8, 0x3F, 0xB6, 0x0F, 0xCD, 0x80, 0x03, 0x60, 0x3F, 0xF8, 0x0F, 0xFE, 0x00, 0x01, 0x80,
    0x00, 0x60, 0x00, 0x18, 0x00, 0x06, 0x00, 0x00, 0x00, 0x00, 0x00, 0x00, 0x0D, 0x83, 0x13, 0x60,
    0xC6, 0xD8, 0x33, 0x36, 0x0F, 0xFD, 0x83, 0xFF, 0x60, 0xC6, 0xD8, 0x33, 0xB6, 0x0F, 0xED, 0x80,
    0x03, 0x60, 0x30, 0xD8, 0x0C, 0x36, 0x03, 0x00, 0x00, 0xC0, 0x00, 0x3F, 0xF8, 0x0F, 0xFE, 0x00,
    0x00, 0x00, 0x00, 0x00, 0x00, 0x0D, 0x83, 0x1B, 0x60, 0xC6, 0xD8, 0x3F, 0xB6, 0x0F, 0xFD, 0x83,
    0x1F, 0x60, 0xC4, 0xD8, 0x3F, 0xB6, 0x0F, 0xCD, 0x80, 0x00, 0x00, 0x3F, 0xF8, 0x0F, 0xFE, 0x03,
    0x00, 0x00, 0xC0, 0x00, 0x3F, 0xF8, 0x0F, 0xFE, 0x00, 0x00, 0x00, 0x00, 0x00, 0x00, 0x0D, 0x83,
    0x1B, 0x60, 0xCC, 0xD8, 0x3F, 0xF6, 0x0F, 0xFD, 0x83, 0x1B, 0x60, 0xFE, 0xD8, 0x3F, 0x36, 0x00,
    0x01, 0x00, 0xFF, 0xE0, 0x3F, 0xF8, 0x00, 0x06, 0x03, 0xFF, 0x80, 0xC0, 0x00, 0x3F, 0xF8, 0x0F,
    0xFF, 0x00, 0x00, 0x00, 0x00, 0x00, 0x00, 0x0D, 0x83, 0x1B, 0x60, 0xC6, 0xD8, 0x3F, 0xB6, 0x0F,
    0xFD, 0x83, 0x1F, 0x60, 0xC4, 0xD8, 0x3F, 0xB6, 0x0F, 0xCD, 0x80, 0x00, 0x00, 0x3F, 0xF8, 0x0F,
    0xFE, 0x03, 0x01, 0x80, 0xC0, 0x60, 0x3F, 0xF8, 0x0F, 0xFE, 0x00, 0x00, 0x00, 0x00, 0x00, 0x00,
    0x0D, 0x83, 0x1B, 0x60, 0xC6, 0xD8, 0x3F, 0xB6, 0x0F, 0xFD, 0x83, 0x1F, 0x60, 0xCE, 0xD8, 0x3F,
    0xB6, 0x06, 0xCD, 0x80, 0x00, 0x00, 0x30, 0x18, 0x0F, 0xFE, 0x03, 0xFF, 0x80, 0xC0, 0x60, 0x3F,
    0xF8, 0x0F, 0xFE, 0x00, 0x00, 0x00, 0x00, 0x00, 0x00, 0x0D, 0x83, 0x1B, 0x60, 0xC6, 0xD8, 0x3F,
    0xB6, 0x0F, 0xFD, 0x83, 0x1F, 0x60, 0xC4, 0xD8, 0x3F, 0xB6, 0x0F, 0xCD, 0x80, 0x03, 0x60, 0x03,
    0x18, 0x00, 0xC0, 0x00, 0x78, 0x00, 0x3B, 0x80, 0x7C, 0x78, 0x1C, 0x06, 0x00, 0x00, 0x00, 0x00,
    0x00, 0x00, 0x0D, 0x83, 0x1B, 0x60, 0xC6, 0xD8, 0x3F, 0xB6, 0x0F, 0xFD, 0x83, 0x1F, 0x60, 0xC4,
    0xD8, 0x3F, 0xB6, 0x0F, 0xCD, 0x80, 0x00, 0x00, 0x18, 0x60, 0x06, 0x18, 0x01, 0xC7, 0x00, 0xF3,
    0xC0, 0xE7, 0x9C, 0x30, 0xC3, 0x00, 0x00, 0x00, 0x00, 0x00, 0x00, 0x0D, 0x83, 0x13, 0x60, 0xC6,
    0xD8, 0x3F, 0xB6, 0x0F, 0xFD, 0x83, 0x1F, 0x60, 0xC4, 0xD8, 0x3F, 0xB6, 0x0F, 0xED, 0x80, 0x02,
    0x60, 0x0F, 0xE0, 0x07, 0xFC, 0x03, 0x01, 0x80, 0xC0, 0x60, 0x1C, 0x78, 0x03, 0xF8, 0x00, 0x00,
    0x00, 0x00, 0x00, 0x00, 0x01, 0x83, 0x08, 0x60, 0xC7, 0x18, 0x31, 0xC6, 0x0C, 0x3F, 0x83, 0xFC,
    0xE0, 0xFF, 0x18, 0x30, 0x86, 0x0C, 0x7F, 0x83, 0x0F, 0xE0, 0xFE, 0x18, 0x3F, 0xC6, 0x00, 0x01,
    0x80, 0x00, 0x60, 0x00, 0x18, 0x00, 0x06, 0x00, 0x00, 0x00, 0x00, 0x00, 0x00, 0x03, 0x03, 0x18,
    0xC0, 0xC7, 0xF0, 0x3F, 0xFC, 0x0F, 0xE3, 0x03, 0x1F, 0xC0, 0xC3, 0xF0, 0x3F, 0xCC, 0x0F, 0xE3,
    0x00, 0x00, 0x40, 0x7F, 0xF0, 0x1F, 0xFC, 0x00, 0x03, 0x00, 0x00, 0xC0, 0x00, 0x30, 0x00, 0x0C,
    0x00, 0x00, 0x00, 0x00, 0x00, 0x00, 0x03, 0x03, 0x18, 0xC0, 0xC7, 0x30, 0x35, 0xFC, 0x0F, 0xF3,
    0x03, 0x18, 0xC0, 0xC7, 0xF0, 0x31, 0xFC, 0x0F, 0xE3, 0x03, 0x78, 0xC0, 0x20, 0x30, 0x0C, 0x0C,
    0x03, 0x00, 0x00, 0xC0, 0x00, 0x3F, 0xF8, 0x0F, 0xFE, 0x00, 0x00, 0x00, 0x00, 0x00, 0x08, 0x23,
    0x03, 0x18, 0xC0, 0xC3, 0xF0, 0x3F, 0xFC, 0x0F, 0xE1, 0x03, 0x0F, 0xC0, 0xFF, 0xF0, 0x3F, 0x8C,
    0x00, 0x01, 0x00, 0xFF, 0xC0, 0x3F, 0xF0, 0x0F, 0xFC, 0x03, 0xFF, 0x00, 0xC0, 0x00, 0x3F, 0xF8,
    0x0F, 0xFE, 0x00, 0x00, 0x00, 0x00, 0x00, 0x00, 0x03, 0x03, 0x18, 0xC0, 0xC3, 0xF0, 0x3F, 0xFC,
    0x0F, 0xE3, 0x03, 0x0F, 0xC0, 0xC7, 0xF0, 0x3F, 0xCC, 0x0F, 0xE3, 0x00, 0x00, 0x00, 0x30, 0x30,
    0x0F, 0xFC, 0x03, 0xFF, 0x00, 0xC0, 0xC0, 0x3F, 0xF0, 0x0F, 0xFC, 0x00, 0x00, 0x00, 0x00, 0x00,
    0x00, 0x03, 0x03, 0x18, 0xC0, 0xC7, 0xF0, 0x3F, 0xFC, 0x0F, 0xF3, 0x03, 0x1C, 0xC0, 0xC3, 0xF0,
    0x3F, 0xFC, 0x0F, 0xE3, 0x00, 0x00, 0xC0, 0x03, 0x30, 0x00, 0xC0, 0x00, 0x78, 0x00, 0x3B, 0x00,
    0x7C, 0x78, 0x1C, 0x0E, 0x00, 0x00, 0x00, 0x00, 0x00, 0x00, 0x03, 0x03, 0x18, 0xC0, 0xC3, 0xF0,
    0x3F, 0xFC, 0x0F, 0xE3, 0x03, 0x1F, 0xC0, 0xC7, 0xF0, 0x3F, 0xCC, 0x0F, 0xE3, 0x00, 0x01, 0xC0,
    0x18, 0x60, 0x06, 0x18, 0x03, 0x8E, 0x01, 0xF3, 0xC0, 0xE7, 0x9C, 0x30, 0xC2, 0x00, 0x00, 0x00,
    0x00, 0x00, 0x00, 0x03, 0x03, 0x18, 0xE0, 0xC7, 0xF8, 0x3F, 0xFE, 0x0F, 0xF3, 0x83, 0x1C, 0xE0,
    0xC3, 0xF8, 0x3F, 0xCE, 0x0F, 0xE3, 0x80, 0x00, 0x40, 0x1F, 0xE0, 0x0F, 0xFC, 0x03, 0x03, 0x00,
    0xC0, 0xE0, 0x3E, 0xF0, 0x07, 0xF8, 0x00, 0x00, 0x00, 0x00, 0x00, 0x00, 0x03, 0x03, 0x18, 0xE0,
    0xC3, 0xF8, 0x3F, 0xFE, 0x0F, 0xE1, 0x83, 0x0F, 0xE0, 0xFF, 0xF8, 0x3F, 0x8E, 0x00, 0x01, 0x00,
    0xFF, 0xC0, 0x3F, 0xF8, 0x0C, 0x00, 0x03, 0xFF, 0x00, 0xC0, 0x00, 0x3F, 0xF8, 0x0F, 0xFE, 0x00,
    0x00, 0x00, 0x00, 0x00, 0x00, 0x0D, 0x82, 0x13, 0x60, 0xCE, 0xD8, 0x33, 0x36, 0x0C, 0x7D, 0x83,
    0xFF, 0x60, 0xFC, 0xD8, 0x31, 0x36, 0x0C, 0xFD, 0x83, 0x1F, 0x60, 0xFC, 0xD8, 0x3F, 0xB6, 0x00,
    0x0D, 0x80, 0x03, 0x60, 0x00, 0xD8, 0x00, 0x06, 0x00, 0x00, 0x00, 0x00, 0x00, 0x00, 0x0D, 0x83,
    0x13, 0x60, 0xC6, 0xD8, 0x33, 0xF6, 0x0F, 0xFD, 0x83, 0xF3, 0x60, 0xC7, 0xD8, 0x33, 0xF6, 0x0F,
    0xED, 0x80, 0x03, 0x60, 0x30, 0xD8, 0x0C, 0x36, 0x03, 0x00, 0x00, 0xC0, 0x00, 0x3F, 0xF8, 0x0F,
    0xFE, 0x00, 0x00, 0x00, 0x00, 0x00, 0x00, 0x00, 0x01, 0x80, 0x60, 0x60, 0x18, 0x18, 0x06, 0x07,
    0xFF, 0x81, 0xFF, 0xE0, 0x60, 0x18, 0x18, 0x06, 0x07, 0xFF, 0x81, 0xFF, 0xE0, 0x03, 0x00, 0x00,
    0xC0, 0x00, 0x30, 0x07, 0xFF, 0xF9, 0xFF, 0xFE, 0x00, 0x00, 0x00, 0x00, 0x00, 0x00, 0x00, 0x06,
    0x03, 0x01, 0x80, 0xC0, 0x7F, 0xF0, 0x1F, 0xFC, 0x06, 0x03, 0x01, 0xFF, 0xC0, 0x3F, 0xF0, 0x00,
    0x80, 0x1F, 0xFF, 0xC7, 0xFF, 0xF0, 0x00, 0x00, 0x1F, 0xFE, 0x03, 0xFB, 0x80, 0x00, 0xE0, 0x00,
    0x38, 0x00, 0x0E, 0x00, 0x00, 0x00, 0x00, 0x00, 0x06, 0x03, 0x01, 0x80, 0xC0, 0x7F, 0xF0, 0x1F,
    0xFC, 0x06, 0x03, 0x01, 0xFF, 0xC0, 0x3F, 0xF0, 0x21, 0xC2, 0x1F, 0xFF, 0xC0, 0x00, 0x00, 0x7D,
    0xF0, 0x1F, 0xFE, 0x00, 0x61, 0x80, 0x18, 0xE0, 0x0E, 0x38, 0x01, 0x86, 0x00, 0x00, 0x00, 0x00,
    0x00, 0x02, 0x01, 0x01, 0x80, 0x60, 0x7F, 0xF8, 0x1F, 0xFE, 0x06, 0x01, 0x81, 0x80, 0x60, 0x7F,
    0xF8, 0x0F, 0xFC, 0x00, 0x30, 0x07, 0xFF, 0xF8, 0xFF, 0xFC, 0x08, 0x00, 0x06, 0x00, 0x01, 0x80,
    0x00, 0x60, 0x00, 0x1F, 0xFE, 0x03, 0xFF, 0x80, 0x00, 0x00, 0x06, 0x03, 0x01, 0xBE, 0xC0, 0x7F,
    0xF0, 0x18, 0x0C, 0x07, 0xFF, 0x01, 0xFF, 0xC0, 0x02, 0x00, 0x7F, 0xFF, 0x1F, 0xFF, 0xC1, 0xFF,
    0x80, 0x7F, 0xF0, 0x00, 0x0C, 0x07, 0xFF, 0x01, 0x80, 0x00, 0x7F, 0xF0, 0x1F, 0xFC, 0x00, 0x00,
    0x00, 0x00, 0x00, 0x06, 0x03, 0x01, 0x80, 0xC0, 0x7F, 0xF0, 0x1F, 0xFC, 0x06, 0x03, 0x01, 0xFF,
    0xC0, 0x3F, 0xE0, 0x7D, 0xDE, 0x1F, 0xFF, 0xC0, 0x00, 0x00, 0x7F, 0xF0, 0x1F, 0xFC, 0x06, 0x03,
    0x01, 0x80, 0xC0, 0x7F, 0xF0, 0x1F, 0xFC, 0x00, 0x00, 0x00, 0x00, 0x00, 0x06, 0x01, 0x81, 0x80,
    0x60, 0x7F, 0xF8, 0x18, 0x06, 0x06, 0x01, 0x81, 0xFF, 0xE0, 0x3F, 0xF0, 0x00, 0xC0, 0x1F, 0xFF,
    0xE3, 0x7F, 0xB0, 0x60, 0x10, 0x18, 0x06, 0x07, 0xFF, 0x81, 0x80, 0x60, 0x60, 0x18, 0x1F, 0xFE,
    0x07, 0xFF, 0x80, 0x00, 0x00, 0x06, 0x01, 0x81, 0x80, 0x60, 0x7F, 0xF8, 0x1F, 0xFE, 0x06, 0x01,
    0x81, 0xFF, 0xE0, 0x7F, 0xF8, 0x00, 0xC0, 0x1F, 0xFF, 0xC7, 0xFF, 0xF0, 0x02, 0x00, 0x00, 0xC0,
    0x00, 0x70, 0x00, 0x3E, 0x00, 0x1D, 0xE0, 0x1E, 0x1E, 0x06, 0x01, 0x80, 0x00, 0x00, 0x06, 0x03,
    0x01, 0x80, 0xC0, 0x7F, 0xF0, 0x1F, 0xFC, 0x06, 0x03, 0x01, 0xFF, 0xC0, 0x7F, 0xF0, 0x00, 0xC0,
    0x1F, 0xFF, 0xC7, 0xFF, 0xF0, 0x00, 0x00, 0x0F, 0xF8, 0x07, 0x8F, 0x01, 0x80, 0xC0, 0x60, 0x30,
    0x0F, 0xFC, 0x01, 0xFC, 0x00, 0x00, 0x00, 0x00, 0x03, 0x03, 0x04, 0xC0, 0xC3, 0xB0, 0x3F, 0xEC,
    0x0F, 0xFB, 0x03, 0x0E, 0xC0, 0xC1, 0xBC, 0x3F, 0xEF, 0x0F, 0xF3, 0x00, 0x30, 0xC0, 0x0C, 0x30,
    0x7F, 0xEC, 0x1F, 0xF3, 0x00, 0x00, 0xC0, 0x00, 0x30, 0x00, 0x0C, 0x00, 0x00, 0x00, 0x00, 0x00,
    0x00, 0x03, 0x03, 0x0E, 0xC0, 0xFF, 0xB0, 0x3F, 0xEC, 0x0C, 0x1B, 0x03, 0xFE, 0xF0, 0xFF, 0x3C,
    0x06, 0x0C, 0x0F, 0xFF, 0x07, 0xFE, 0xC0, 0x00, 0x30, 0x18, 0x0C, 0x06, 0x02, 0x01, 0x80, 0x00,
    0x7F, 0xF0, 0x1F, 0xFC, 0x00, 0x00, 0x00, 0x00, 0x00, 0x04, 0x13, 0x03, 0x06, 0xC0, 0xFF, 0xB0,
    0x3F, 0xEC, 0x0C, 0x1B, 0xC3, 0xFE, 0xF0, 0xFF, 0x30, 0x06, 0x0C, 0x1F, 0xFF, 0x07, 0xFC, 0xC0,
    0x18, 0x60, 0x06, 0x38, 0x03, 0x8E, 0x01, 0xF7, 0xC0, 0xEF, 0xB8, 0x31, 0xC2, 0x00, 0x00, 0x00,
    0x00, 0x00, 0x00, 0x09, 0x82, 0x1B, 0x60, 0xC6, 0xD8, 0x3F, 0xB6, 0x0F, 0xED, 0x83, 0x1A, 0x60,
    0xC6, 0xF8, 0x3F, 0xBE, 0x0F, 0xED, 0x80, 0xC3, 0x60, 0x31, 0xD8, 0x7F, 0xF6, 0x1F, 0xFD, 0x80,
    0x03, 0x60, 0x00, 0xD8, 0x00, 0x06, 0x00, 0x00, 0x00, 0x00, 0x00, 0x00, 0x09, 0x83, 0x13, 0x60,
    0xFE, 0xD8, 0x3F, 0xA6, 0x0C, 0x6F, 0x83, 0xFB, 0xE0, 0xFC, 0xD8, 0x0C, 0x66, 0x1F, 0xFD, 0x87,
    0xF6, 0x60, 0x18, 0x60, 0x06, 0x18, 0x01, 0x8E, 0x00, 0xF3, 0xC0, 0xE7, 0xBC, 0x30, 0xC3, 0x00,
    0x00, 0x00, 0x00, 0x00, 0x00, 0x03, 0x03, 0x06, 0xC0, 0xC1, 0xB0, 0x3F, 0xEC, 0x0F, 0xFB, 0x03,
    0x06, 0xC0, 0xC1, 0xB0, 0x3F, 0xEC, 0x0F, 0xFB, 0x00, 0x30, 0xC0, 0x0C, 0x30, 0x7F, 0xFC, 0x1F,
    0xFB, 0x00, 0x00, 0xC0, 0x00, 0x30, 0x00, 0x0C, 0x00, 0x00, 0x00, 0x00, 0x00, 0x04, 0x11, 0x81,
    0x86, 0x60, 0x7F, 0x98, 0x1F, 0xE6, 0x06, 0x19, 0x81, 0xFE, 0x60, 0x7F, 0x98, 0x03, 0x16, 0x1F,
    0xFD, 0x83, 0xF8, 0x60, 0x00, 0x10, 0x0F, 0xFE, 0x00, 0x01, 0x80, 0x00, 0x60, 0x00, 0x18, 0x00,
    0x06, 0x00, 0x00, 0x00, 0x00, 0x00, 0x00, 0x01, 0x81, 0x86, 0x60, 0x6D, 0x98, 0x1F, 0xE6, 0x06,
    0x19, 0x81, 0x86, 0x60, 0x7F, 0x98, 0x07, 0x06, 0x01, 0xFD, 0x87, 0xFF, 0x60, 0x00, 0x18, 0x0C,
    0x06, 0x03, 0x01, 0x80, 0xC0, 0x00, 0x3F, 0xF8, 0x0F, 0xFE, 0x00, 0x00, 0x00, 0x00, 0x00, 0x04,
    0x19, 0x81, 0x86, 0x60, 0x7F, 0x98, 0x18, 0x66, 0x07, 0xF9, 0x81, 0xFE, 0x60, 0x0C, 0x58, 0x7F,
    0xF6, 0x0F, 0x01, 0x80, 0xFF, 0xE0, 0x3F, 0xF8, 0x00, 0x06, 0x03, 0xFF, 0x80, 0xC0, 0x00, 0x3F,
    0xF8, 0x0F, 0xFE, 0x00, 0x00, 0x00, 0x00, 0x00, 0x00, 0x01, 0x81, 0x86, 0x60, 0x7F, 0x98, 0x1F,
    0xE6, 0x06, 0x19, 0x81, 0xFE, 0x60, 0x7F, 0x98, 0x03, 0x36, 0x1F, 0xFD, 0x83, 0xC0, 0x60, 0x3F,
    0xF0, 0x0F, 0xFE, 0x03, 0x01, 0x80, 0xC0, 0x60, 0x3F, 0xF8, 0x0F, 0xFE, 0x00, 0x00, 0x00, 0x00,
    0x00, 0x04, 0x19, 0x81, 0x86, 0x60, 0x7F, 0x98, 0x1F, 0xE6, 0x06, 0x19, 0x81, 0xFE, 0x60, 0x1C,
    0x18, 0x27, 0xF6, 0x1F, 0xFD, 0x80, 0x00, 0x40, 0x30, 0x18, 0x0F, 0xFE, 0x03, 0xFF, 0x80, 0xC0,
    0x60, 0x3F, 0xF8, 0x0F, 0xFE, 0x00, 0x00, 0x00, 0x00, 0x00, 0x00, 0x00, 0x01, 0x80, 0x60, 0x60,
    0x18, 0x18, 0x06, 0x07, 0xFF, 0x81, 0xFF, 0xE0, 0x60, 0x18, 0x18, 0x06, 0x07, 0xFF, 0x81, 0xFF,
    0xE0, 0x18, 0x60, 0x06, 0x38, 0x01, 0x86, 0x07, 0xFF, 0xF9, 0xFF, 0xFE, 0x00, 0x00, 0x00, 0x00,
    0x00, 0x00, 0x00, 0x06, 0x01, 0x81, 0x80, 0x60, 0x7F, 0xF8, 0x1F, 0xFE, 0x06, 0x01, 0x81, 0xFF,
    0xE0, 0x7F, 0xF8, 0x06, 0x30, 0x01, 0x8C, 0x07, 0xFF, 0xF0, 0xFF, 0xFC, 0x08, 0x00, 0x06, 0x00,
    0x01, 0x80, 0x00, 0x60, 0x00, 0x1F, 0xFE, 0x03, 0xFF, 0x80, 0x00, 0x00, 0x04, 0x01, 0x01, 0x80,
    0xC0, 0x60, 0x30, 0x1F, 0xFC, 0x07, 0xFF, 0x01, 0x80, 0xC0, 0x7F, 0xF0, 0x1F, 0xFC, 0x00, 0x00,
    0x01, 0xE7, 0xA1, 0xFF, 0xFC, 0x01, 0x80, 0x00, 0x60, 0x00, 0x18, 0x00, 0x06, 0x00, 0x01, 0x80,
    0x00, 0x60, 0x00, 0x00, 0x00, 0x06, 0x03, 0x01, 0x80, 0xC0, 0x7F, 0xF0, 0x1F, 0xFC, 0x06, 0x03,
    0x01, 0xFF, 0xC0, 0x7F, 0xF0, 0x00, 0x00, 0x1F, 0xFF, 0xC0, 0x1C, 0x00, 0x7F, 0xF0, 0x1F, 0xFE,
    0x00, 0x03, 0x00, 0x00, 0xC0, 0x00, 0x38, 0x00, 0x0C, 0x00, 0x00, 0x00, 0x00, 0x00, 0x06, 0x03,
    0x01, 0x80, 0xC0, 0x60, 0x30, 0x1F, 0xFC, 0x06, 0x03, 0x01, 0x80, 0xC0, 0x7F, 0xF0, 0x00, 0x00,
    0x0F, 0xDF, 0xC7, 0xFF, 0xF0, 0x03, 0x00, 0x10, 0xC0, 0x06, 0x30, 0x01, 0x80, 0x00, 0x60, 0x00,
    0x1F, 0xFE, 0x07, 0xFF, 0x00, 0x00, 0x00, 0x06, 0x03, 0x01, 0x80, 0xC0, 0x7F, 0xF0, 0x1F, 0xFC,
    0x06, 0x03, 0x01, 0xFF, 0xC0, 0x3F, 0xE0, 0x7F, 0xFF, 0x1F, 0xFF, 0xC0, 0x08, 0x00, 0x7F, 0xF0,
    0x1F, 0xFC, 0x06, 0x00, 0x01, 0x80, 0x00, 0x7F, 0xF0, 0x1F, 0xFC, 0x00, 0x00, 0x00, 0x00, 0x00,
    0x06, 0x03, 0x01, 0xBE, 0xC0, 0x7F, 0xF0, 0x18, 0x0C, 0x07, 0xFF, 0x01, 0xFF, 0xC0, 0x00, 0x00,
    0x7F, 0xFF, 0x00, 0x70, 0x81, 0xFF, 0xC0, 0x7F, 0xF0, 0x00, 0x0C, 0x07, 0xFF, 0x01, 0x80, 0x00,
    0x7F, 0xF0, 0x1F, 0xFC, 0x00, 0x00, 0x00, 0x00, 0x00, 0x06, 0x03, 0x01, 0xFF, 0xC0, 0x7F, 0xF0,
    0x18, 0x0C, 0x07, 0xFF, 0x00, 0xFF, 0x81, 0xFF, 0xFC, 0x7F, 0xFF, 0x00, 0x20, 0x01, 0xFF, 0xC0,
    0x7F, 0xF0, 0x1F, 0x8C, 0x07, 0xC3, 0x01, 0x80, 0xC0, 0x7F, 0x30, 0x1F, 0x8C, 0x00, 0x00, 0x00,
    0x00, 0x00, 0x06, 0x03, 0x01, 0x80, 0xC0, 0x7F, 0xF0, 0x18, 0x0C, 0x07, 0xFF, 0x01, 0xFF, 0xC0,
    0x00, 0x00, 0x7F, 0xFF, 0x08, 0x70, 0xC1, 0xFF, 0xC0, 0x7F, 0xF0, 0x03, 0xEC, 0x07, 0xFB, 0x01,
    0x86, 0xC0, 0x7F, 0xB0, 0x1F, 0xFC, 0x00, 0x00, 0x00, 0x00, 0x00, 0x06, 0x03, 0x01, 0x80, 0xC0,
    0x7F, 0xF0, 0x1F, 0xFC, 0x06, 0x03, 0x01, 0xFF, 0xC0, 0x7F, 0xF0, 0x00, 0x00, 0x1F, 0xFF, 0xC0,
    0x0C, 0x00, 0x03, 0x00, 0x1F, 0xFC, 0x07, 0xFF, 0x01, 0x80, 0xC0, 0x60, 0x30, 0x1F, 0xFC, 0x07,
    0xFF, 0x00, 0x00, 0x00, 0x06, 0x03, 0x01, 0x80, 0xC0, 0x7F, 0xF0, 0x18, 0x0C, 0x06, 0x03, 0x01,
    0xFF, 0xC0, 0x00, 0x00, 0x7F, 0xFF, 0x1F, 0xFF, 0xC0, 0x0C, 0x00, 0x62, 0x30, 0x1F, 0xFC, 0x07,
    0xFF, 0x01, 0x80, 0xC0, 0x7F, 0xF0, 0x1F, 0xFC, 0x00, 0x00, 0x00, 0x00, 0x00, 0x06, 0x03, 0x01,
    0x80, 0xC0, 0x7F, 0xF0, 0x18, 0x0C, 0x06, 0x03, 0x01, 0xFF, 0xC0, 0x00, 0x00, 0x7F, 0xFF, 0x1F,
    0xFF, 0xC0, 0x0C, 0x00, 0x02, 0x00, 0x00, 0x80, 0x00, 0x70, 0x00, 0x3E, 0x00, 0x7D, 0xF8, 0x3C,
    0x1E, 0x00, 0x00, 0x00, 0x00, 0x00, 0x06, 0x03, 0x01, 0x80, 0xC0, 0x7F, 0xF0, 0x1F, 0xFC, 0x06,
    0x03, 0x01, 0xFF, 0xC0, 0x7F, 0xF0, 0x00, 0x00, 0x1F, 0xFF, 0xC0, 0x0C, 0x00, 0x0F, 0x80, 0x0F,
    0xF8, 0x07, 0x07, 0x01, 0x80, 0xC0, 0x70, 0x30, 0x0F, 0xF8, 0x00, 0xFC, 0x00, 0x00, 0x00, 0x06,
    0x01, 0x81, 0x80, 0x60, 0x7F, 0xF8, 0x18, 0x06, 0x07, 0xFF, 0x81, 0xFF, 0xE0, 0x00, 0x00, 0x7F,
    0xFF, 0x1F, 0xFF, 0xC0, 0x0C, 0x00, 0x7F, 0xF8, 0x1F, 0x7C, 0x07, 0xFF, 0x01, 0xFF, 0xE0, 0x60,
    0x00, 0x1F, 0xFE, 0x07, 0xFF, 0x80, 0x00, 0x00, 0x06, 0x03, 0x01, 0x80, 0xC0, 0x7F, 0xF0, 0x1F,
    0xFC, 0x06, 0x03, 0x01, 0xFF, 0xC0, 0x3F, 0xF0, 0x7F, 0xFF, 0x1F, 0xFF, 0xC0, 0x08, 0x00, 0x7F,
    0xF0, 0x1F, 0xFC, 0x01, 0x8C, 0x00, 0x63, 0x00, 0x7F, 0xF0, 0x3F, 0xFE, 0x00, 0x00, 0x00, 0x00,
    0x00, 0x04, 0x19, 0x81, 0x86, 0x60, 0x7F, 0x98, 0x1F, 0xE6, 0x06, 0x19, 0x81, 0xFE, 0x60, 0x7F,
    0x98, 0x00, 0x06, 0x0F, 0xFD, 0x87, 0xFF, 0x60, 0x0C, 0x18, 0x03, 0x7E, 0x00, 0xC1, 0x80, 0x30,
    0x60, 0x0C, 0x18, 0x02, 0x06, 0x00, 0x00, 0x00, 0x00, 0x00, 0x04, 0x11, 0x81, 0x8E, 0x60, 0x7F,
    0x98, 0x18, 0x66, 0x07, 0xF9, 0x81, 0xFC, 0x61, 0xFF, 0xD8, 0x7F, 0xFE, 0x00, 0xCF, 0x80, 0x20,
    0x60, 0x3F, 0xF8, 0x0F, 0xFE, 0x03, 0xFF, 0x80, 0xC0, 0x00, 0x3F, 0xF8, 0x0F, 0xFE, 0x00, 0x00,
    0x00, 0x00, 0x00, 0x04, 0x11, 0x81, 0x8E, 0x60, 0x7F, 0x98, 0x18, 0x66, 0x07, 0xF9, 0x81, 0xFC,
    0x60, 0x87, 0xD8, 0x7F, 0xF6, 0x00, 0xCF, 0x80, 0x33, 0xE0, 0x18, 0x20, 0x06, 0x18, 0x01, 0xC7,
    0x00, 0xF3, 0xC0, 0xE7, 0x9C, 0x30, 0xC3, 0x00, 0x00, 0x00, 0x00, 0x00, 0x00, 0x0D, 0x83, 0x1B,
    0x60, 0xD6, 0xD8, 0x3F, 0xB6, 0x0C, 0x6D, 0x83, 0xFB, 0x60, 0xFE, 0xD8, 0x00, 0x36, 0x1F, 0xFD,
    0x87, 0xF3, 0x60, 0x37, 0xD8, 0x0D, 0xF6, 0x03, 0x0D, 0x80, 0xC3, 0x60, 0x30, 0xD8, 0x00, 0x06,
    0x00, 0x00, 0x00, 0x00, 0x00, 0x04, 0x19, 0x81, 0x86, 0x60, 0x7F, 0x98, 0x1F, 0xE6, 0x06, 0x19,
    0x81, 0xFE, 0x60, 0x7F, 0x98, 0x00, 0x06, 0x00, 0x7D, 0x87, 0xFF, 0x60, 0x1C, 0x18, 0x03, 0x06,
    0x00, 0xC1, 0x80, 0x30, 0x60, 0x0C, 0x18, 0x02, 0x06, 0x00, 0x00, 0x00, 0x00, 0x00, 0x04, 0x01,
    0x81, 0x86, 0x60, 0x7F, 0x98, 0x1F, 0xE6, 0x06, 0x19, 0x81, 0xFE, 0x60, 0x7F, 0x18, 0x21, 0xF6,
    0x1F, 0xFD, 0x80, 0x30, 0x60, 0x3F, 0xF8, 0x1F, 0xFE, 0x00, 0x01, 0x80, 0x00, 0x60, 0x00, 0x18,
    0x00, 0x06, 0x00, 0x00, 0x00, 0x00, 0x00, 0x00, 0x01, 0x81, 0x86, 0x60, 0x7F, 0x98, 0x1F, 0xE6,
    0x06, 0x19, 0x81, 0xFE, 0x60, 0x7F, 0x98, 0x00, 0x36, 0x1F, 0xFD, 0x83, 0xF0, 0x60, 0x0C, 0x18,
    0x1B, 0x06, 0x07, 0x00, 0x01, 0xC0, 0x00, 0x7F, 0xF8, 0x0F, 0xFE, 0x00, 0x00, 0x00, 0x00, 0x00,
    0x04, 0x19, 0x81, 0x86, 0x60, 0x7F, 0x98, 0x18, 0x66, 0x07, 0xF9, 0x81, 0xFE, 0x60, 0x87, 0xD8,
    0x7F, 0xF6, 0x00, 0xC1, 0x80, 0xFF, 0xC0, 0x3F, 0xF8, 0x00, 0x06, 0x03, 0xFF, 0x80, 0xC0, 0x00,
    0x3F, 0xF8, 0x0F, 0xFE, 0x00, 0x00, 0x00, 0x00, 0x00, 0x00, 0x01, 0x81, 0x86, 0x60, 0x7F, 0x98,
    0x1F, 0xE6, 0x06, 0x19, 0x81, 0xFE, 0x60, 0x7F, 0x18, 0x3F, 0xF6, 0x1F, 0xFD, 0x80, 0x20, 0x60,
    0x0F, 0xD8, 0x07, 0xFC, 0x03, 0x03, 0x80, 0xC0, 0x60, 0x3C, 0x78, 0x07, 0xFC, 0x00, 0x00, 0x00,
    0x00, 0x00, 0x04, 0x01, 0x01, 0x80, 0xC0, 0x60, 0x30, 0x1F, 0xFC, 0x07, 0xFF, 0x01, 0x80, 0xC0,
    0x7F, 0xF0, 0x1F, 0xFC, 0x00, 0x00, 0x03, 0xFF, 0xF1, 0xFF, 0xFC, 0x06, 0x30, 0x01, 0x8C, 0x00,
    0x63, 0x00, 0x18, 0xC0, 0x06, 0x30, 0x01, 0x8C, 0x00, 0x00, 0x00, 0x06, 0x03, 0x01, 0x80, 0xC0,
    0x60, 0x30, 0x1F, 0xFC, 0x06, 0x03, 0x01, 0x80, 0xC0, 0x7F, 0xF0, 0x00, 0x00, 0x1F, 0xFF, 0xC7,
    0xFF, 0xF0, 0x0C, 0xC0, 0x1B, 0x30, 0x06, 0xCC, 0x01, 0x80, 0x00, 0x7F, 0xF0, 0x1F, 0xFE, 0x00,
    0x00, 0x00, 0x00, 0x00, 0x06, 0x03, 0x01, 0xBF, 0xC0, 0x7F, 0xF0, 0x18, 0x0C, 0x07, 0xFF, 0x01,
    0xFF, 0xC0, 0x00, 0x00, 0x7F, 0xFF, 0x1B, 0x8C, 0x81, 0xFF, 0x80, 0x7F, 0xF0, 0x00, 0x0C, 0x07,
    0xFF, 0x01, 0x80, 0x00, 0x7F, 0xF0, 0x1F, 0xFC, 0x00, 0x00, 0x00, 0x00, 0x00, 0x06, 0x03, 0x01,
    0x80, 0xC0, 0x7F, 0xF0, 0x1F, 0xFC, 0x06, 0x03, 0x01, 0xFF, 0xC0, 0x7F, 0xF0, 0x00, 0x00, 0x1F,
    0xFF, 0xC0, 0x63, 0x00, 0x18, 0xC0, 0x1F, 0xFC, 0x07, 0xFF, 0x01, 0x80, 0xC0, 0x60, 0x30, 0x1F,
    0xFC, 0x07, 0xFF, 0x00, 0x00, 0x00, 0x06, 0x03, 0x01, 0x80, 0xC0, 0x7F, 0xF0, 0x1F, 0xFC, 0x06,
    0x03, 0x01, 0xFF, 0xC0, 0x3F, 0xF0, 0x7F, 0xFF, 0x1F, 0xFF, 0xC0, 0xC1, 0x80, 0x3B, 0x60, 0x04,
    0xD8, 0x00, 0x78, 0x00, 0x77, 0x00, 0x78, 0xF8, 0x18, 0x0E, 0x00, 0x00, 0x00, 0x00, 0x00, 0x06,
    0x03, 0x01, 0x80, 0xC0, 0x7F, 0xF0, 0x1F, 0xFC, 0x06, 0x03, 0x01, 0xFF, 0xC0, 0x7F, 0xF0, 0x7F,
    0xFF, 0x1F, 0xFF, 0xC0, 0x63, 0x00, 0x1F, 0xC0, 0x0F, 0xF8, 0x07, 0x07, 0x01, 0x80, 0xC0, 0x60,
    0x30, 0x0F, 0xF8, 0x00, 0xFC, 0x00, 0x00, 0x00, 0x00, 0x00, 0x01, 0x80, 0x30, 0x60, 0x1C, 0x18,
    0x03, 0x07, 0xFF, 0xC1, 0xFF, 0xF0, 0x60, 0x1C, 0x18, 0x07, 0x06, 0x01, 0xC1, 0xFF, 0xF0, 0x7F,
    0xF8, 0x00, 0x00, 0x00, 0x00, 0x00, 0xFF, 0xD1, 0xFF, 0xFF, 0x20, 0x00, 0x00, 0x00, 0x00, 0x00,
    0x00, 0x06, 0x01, 0x01, 0x80, 0xE0, 0x7F, 0xF8, 0x1F, 0xFE, 0x06, 0x03, 0x81, 0xFF, 0xE0, 0x7F,
    0xF0, 0x00, 0x00, 0x1F, 0xFF, 0xC7, 0xFF, 0xF0, 0x00, 0x00, 0x1F, 0xFE, 0x07, 0xFF, 0x80, 0x00,
    0x60, 0x00, 0x38, 0x00, 0x0E, 0x00, 0x01, 0x00, 0x00, 0x00, 0x06, 0x01, 0x01, 0x80, 0xE0, 0x7F,
    0xB8, 0x1F, 0xFE, 0x06, 0x03, 0x81, 0x80, 0xE0, 0x7F, 0xF8, 0x0F, 0xFC, 0x08, 0x00, 0x07, 0xFF,
    0xF0, 0x00, 0x00, 0x18, 0x00, 0x06, 0x00, 0x01, 0x80, 0x00, 0x60, 0x00, 0x1F, 0xFE, 0x03, 0xFF,
    0x00, 0x00, 0x00, 0x06, 0x03, 0x01, 0x80, 0xC0, 0x7F, 0xF0, 0x18, 0x0C, 0x07, 0xFF, 0x01, 0xFF,
    0xC0, 0xC0, 0x18, 0x7F, 0xFF, 0x00, 0x00, 0x01, 0xFF, 0xC0, 0x7F, 0xF0, 0x00, 0x0C, 0x07, 0xFF,
    0x01, 0x80, 0x00, 0x7F, 0xF0, 0x1F, 0xFE, 0x00, 0x00, 0x00, 0x00, 0x00, 0x06, 0x01, 0x01, 0x80,
    0xE0, 0x7F, 0xF8, 0x1F, 0xFE, 0x06, 0x03, 0x81, 0xFF, 0xE0, 0x7F, 0xF0, 0x00, 0x00, 0x1F, 0xFF,
    0xC3, 0xFF, 0xF0, 0x00, 0x00, 0x1F, 0xFE, 0x07, 0xFF, 0x81, 0x80, 0x60, 0x60, 0x18, 0x1F, 0xFE,
    0x07, 0xFF, 0x00, 0x00, 0x00, 0x06, 0x03, 0x01, 0x80, 0xC0, 0x7F, 0xF0, 0x1F, 0xFC, 0x06, 0x03,
    0x01, 0xFF, 0xC0, 0x00, 0x00, 0x7F, 0xFF, 0x1F, 0xFF, 0xC0, 0x00, 0x00, 0x60, 0x30, 0x1F, 0xFC,
    0x07, 0xFF, 0x01, 0x80, 0xC0, 0x7F, 0xF0, 0x1F, 0xFC, 0x00, 0x00, 0x00, 0x00, 0x00, 0x06, 0x01,
    0x01, 0x80, 0xE0, 0x7F, 0xF8, 0x1F, 0xFE, 0x06, 0x03, 0x81, 0xFF, 0xE0, 0x7F, 0xF0, 0x00, 0x00,
    0x1F, 0xFF, 0xC7, 0xFF, 0xF0, 0x02, 0x00, 0x00, 0xC0, 0x00, 0x70, 0x00, 0x3E, 0x00, 0x3D, 0xE0,
    0x3E, 0x1E, 0x04, 0x01, 0x80, 0x00, 0x00, 0x00, 0x01, 0x83, 0x0C, 0x60, 0xC3, 0x18, 0x30, 0xC6,
    0x0C, 0x31, 0x83, 0xFC, 0x60, 0xFF, 0x18, 0x30, 0xC6, 0x0C, 0x31, 0x83, 0x0C, 0x60, 0xC3, 0x18,
    0x3F, 0xC6, 0x00, 0x01, 0x80, 0x00, 0x60, 0x00, 0x18, 0x00, 0x06, 0x00, 0x00, 0x00, 0x00, 0x00,
    0x00, 0x03, 0x03, 0x0C, 0xC0, 0xC3, 0x30, 0x3F, 0xCC, 0x0F, 0xF3, 0x03, 0x0C, 0xC0, 0xC3, 0x30,
    0x3F, 0xCC, 0x0F, 0xE3, 0x00, 0x00, 0x40, 0x7F, 0xF0, 0x1F, 0xFC, 0x00, 0x03, 0x00, 0x00, 0xC0,
    0x00, 0x30, 0x00, 0x0C, 0x00, 0x00, 0x00, 0x00, 0x00, 0x00, 0x03, 0x03, 0x08, 0xC0, 0xC3, 0x30,
    0x31, 0xCC, 0x0F, 0xF3, 0x03, 0x1C, 0xC0, 0xC3, 0x30, 0x31, 0xCC, 0x0F, 0xF3, 0x01, 0x38, 0xC0,
    0x20, 0x30, 0x0C, 0x0C, 0x03, 0x00, 0x00, 0xC0, 0x00, 0x3F, 0xF8, 0x0F, 0xFE, 0x00, 0x00, 0x00,
    0x00, 0x00, 0x08, 0x23, 0x03, 0x0C, 0xC0, 0xC7, 0x30, 0x3F, 0xCC, 0x0D, 0x73, 0x03, 0x0C, 0xC0,
    0xFF, 0x30, 0x3F, 0x8C, 0x00, 0x01, 0x00, 0xFF, 0xC0, 0x3F, 0xF0, 0x00, 0x0C, 0x03, 0xFF, 0x00,
    0xC0, 0x00, 0x3F, 0xF8, 0x0F, 0xFE, 0x00, 0x00, 0x00, 0x00, 0x00, 0x00, 0x03, 0x03, 0x0C, 0xC0,
    0xC3, 0x30, 0x3F, 0xCC, 0x0F, 0xF3, 0x03, 0x0C, 0xC0, 0xFF, 0x30, 0x3F, 0xCC, 0x00, 0x01, 0x01,
    0xF7, 0xC0, 0x7D, 0xF0, 0x01, 0x64, 0x07, 0xDB, 0x01, 0x86, 0xC0, 0x7F, 0xB0, 0x1F, 0xFC, 0x00,
    0x00, 0x00, 0x00, 0x00, 0x00, 0x03, 0x03, 0x1C, 0xC0, 0xC3, 0x30, 0x3F, 0xCC, 0x0F, 0xF3, 0x03,
    0x0C, 0xC0, 0xC7, 0x30, 0x3F, 0xCC, 0x0F, 0xE3, 0x00, 0x00, 0x40, 0x3F, 0xF0, 0x0F, 0xFC, 0x03,
    0x03, 0x00, 0xC0, 0xC0, 0x3F, 0xF0, 0x0F, 0xFC, 0x00, 0x00, 0x00, 0x00, 0x00, 0x00, 0x23, 0x03,
    0x1C, 0xC0, 0xC3, 0x30, 0x3F, 0xCC, 0x0F, 0xF3, 0x03, 0x0C, 0xC0, 0xFF, 0x30, 0x3F, 0xCC, 0x00,
    0x03, 0x00, 0x80, 0x00, 0x30, 0x30, 0x0F, 0xFC, 0x03, 0xFF, 0x00, 0xC0, 0xC0, 0x3F, 0xF0, 0x0F,
    0xFC, 0x00, 0x00, 0x00, 0x00, 0x00, 0x00, 0x03, 0x03, 0x0C, 0xC0, 0xC3, 0x30, 0x3F, 0xCC, 0x0F,
    0xF3, 0x03, 0x0C, 0xC0, 0xC3, 0x30, 0x3F, 0xCC, 0x0F, 0xE3, 0x00, 0x00, 0xC0, 0x03, 0x30, 0x00,
    0xE0, 0x00, 0x78, 0x00, 0x73, 0x80, 0x78, 0x78, 0x1C, 0x0E, 0x00, 0x00, 0x00, 0x00, 0x00, 0x00,
    0x03, 0x03, 0x0C, 0xC0, 0xC3, 0x30, 0x3F, 0xCC, 0x0F, 0xF3, 0x03, 0x0C, 0xC0, 0xC3, 0x30, 0x3F,
    0xCC, 0x0F, 0xE3, 0x00, 0x00, 0xC0, 0x1F, 0xE0, 0x0F, 0xFC, 0x06, 0x03, 0x01, 0x80, 0xC0, 0x3D,
    0xF0, 0x07, 0xF8, 0x00, 0x00, 0x00, 0x00, 0x00, 0x00, 0x03, 0x03, 0x1C, 0xC0, 0xC3, 0x30, 0x3F,
    0xCC, 0x0F, 0xF3, 0x03, 0x0C, 0xC0, 0xC7, 0x30, 0x3F, 0xCC, 0x0F, 0xE3, 0x00, 0x00, 0x40, 0x3F,
    0xF8, 0x0F, 0xFC, 0x00, 0x38, 0x00, 0x3F, 0x00, 0x7C, 0xF8, 0x1C, 0x0E, 0x00, 0x00, 0x00, 0x00,
    0x00, 0x08, 0x23, 0x03, 0x1C, 0xC0, 0xC7, 0x30, 0x3F, 0xCC, 0x0F, 0xF3, 0x03, 0x0C, 0xC0, 0xFF,
    0x30, 0x3F, 0x8C, 0x00, 0x03, 0x00, 0x0C, 0x00, 0x7F, 0xF8, 0x0F, 0xFE, 0x00, 0x30, 0x00, 0x3F,
    0x00, 0x7C, 0xF8, 0x1C, 0x0E, 0x00, 0x00, 0x00, 0x00, 0x00, 0x00, 0x03, 0x02, 0x52, 0xC1, 0x9C,
    0xB0, 0x67, 0x2C, 0x19, 0xCB, 0x07, 0xFE, 0xC1, 0xFF, 0xBC, 0x67, 0x2F, 0x19, 0xCB, 0x06, 0x72,
    0xC1, 0xBF, 0xB0, 0x7F, 0xEC, 0x00, 0x03, 0x00, 0x00, 0xC0, 0x00, 0x30, 0x00, 0x0C, 0x00, 0x00,
    0x00, 0x00, 0x00, 0x00, 0x03, 0x06, 0xD2, 0xC1, 0xB4, 0xB0, 0x7D, 0xEC, 0x1F, 0x7B, 0xC6, 0xD2,
    0xF1, 0xB4, 0xB0, 0x7D, 0xEC, 0x1F, 0x7B, 0x00, 0x00, 0x40, 0x7F, 0xF0, 0x1F, 0xFC, 0x00, 0x03,
    0x00, 0x00, 0xC0, 0x00, 0x30, 0x00, 0x0C, 0x00, 0x00, 0x00, 0x00, 0x00, 0x00, 0x01, 0x02, 0x52,
    0x61, 0x9E, 0xD8, 0x67, 0xB6, 0x1F, 0xFD, 0x87, 0xFF, 0x79, 0x9E, 0xDE, 0x67, 0xB6, 0x1F, 0xFD,
    0x87, 0xFF, 0x60, 0x00, 0x18, 0x0C, 0x06, 0x03, 0x01, 0x80, 0xC0, 0x00, 0x30, 0x00, 0x0F, 0xFE,
    0x03, 0xFF, 0x80, 0x00, 0x00, 0x00, 0x03, 0x06, 0x72, 0xC1, 0x9C, 0xB0, 0x7F, 0xEF, 0x1F, 0xFB,
    0xC6, 0x72, 0xC1, 0xFF, 0xB0, 0x7F, 0xEC, 0x00, 0x01, 0x00, 0xFF, 0xC0, 0x3F, 0xF0, 0x0F, 0xFC,
    0x03, 0xFF, 0x00, 0xC0, 0x00, 0x3F, 0xF8, 0x0F, 0xFE, 0x00, 0x00, 0x00, 0x00, 0x00, 0x00, 0x03,
    0x06, 0xDA, 0xC1, 0xB6, 0xB0, 0x7D, 0xEF, 0x1F, 0x7B, 0xC6, 0xD2, 0xC1, 0xF7, 0xB0, 0x7D, 0xEC,
    0x00, 0x03, 0x01, 0xF7, 0xC0, 0x7F, 0xF0, 0x01, 0xEC, 0x07, 0xFB, 0x01, 0x86, 0xC0, 0x7F, 0xB0,
    0x1F, 0xFC, 0x00, 0x00, 0x00, 0x00, 0x00, 0x00, 0x03, 0x06, 0xD2, 0xC1, 0xB4, 0xB0, 0x7D, 0xEC,
    0x1F, 0x7B, 0xC6, 0xD2, 0xF1, 0xB4, 0xB0, 0x7D, 0xEC, 0x0F, 0x7B, 0x00, 0x00, 0xC0, 0x7F, 0xF0,
    0x1F, 0xFC, 0x06, 0x03, 0x01, 0x80, 0xC0, 0x7F, 0xF0, 0x1F, 0xFC, 0x00, 0x00, 0x00, 0x00, 0x00,
    0x00, 0x03, 0x06, 0xD2, 0xC1, 0xB4, 0xB0, 0x7D, 0xEF, 0x1F, 0x7B, 0xC6, 0xD2, 0xC1, 0xB4, 0xB0,
    0x7D, 0xEC, 0x0E, 0x7B, 0x00, 0x00, 0x40, 0x60, 0x30, 0x1F, 0xFC, 0x07, 0xFF, 0x01, 0x80, 0xC0,
    0x7F, 0xF0, 0x1F, 0xFC, 0x00, 0x00, 0x00, 0x00, 0x00, 0x00, 0x03, 0x06, 0xD2, 0xC1, 0xB4, 0xB0,
    0x7D, 0xEC, 0x1F, 0x7B, 0xC6, 0xD2, 0xF1, 0xB4, 0xB0, 0x7D, 0xEC, 0x1F, 0x7B, 0x00, 0x00, 0xC0,
    0x03, 0x30, 0x00, 0xC0, 0x00, 0x78, 0x00, 0x37, 0x00, 0x78, 0xF8, 0x1C, 0x0E, 0x00, 0x00, 0x00,
    0x00, 0x00, 0x00, 0x03, 0x06, 0xD2, 0xC1, 0xB4, 0xB0, 0x7D, 0xEC, 0x1F, 0x7B, 0xC6, 0xD2, 0xF1,
    0xB4, 0xB0, 0x7D, 0xEC, 0x0F, 0x7B, 0x00, 0x00, 0xC0, 0x18, 0x60, 0x06, 0x18, 0x03, 0x8E, 0x01,
    0xF7, 0xC0, 0xEF, 0xB8, 0x31, 0xC2, 0x00, 0x00, 0x00, 0x00, 0x00, 0x00, 0x03, 0x06, 0xD2, 0xC1,
    0xBC, 0xB0, 0x7D, 0xEC, 0x1F, 0x7B, 0xC6, 0xD2, 0xF1, 0xB4, 0xB0, 0x7D, 0xEC, 0x0F, 0x7B, 0x00,
    0x00, 0xC0, 0x1F, 0xE0, 0x0F, 0xFC, 0x06, 0x03, 0x01, 0x80, 0xC0, 0x3D, 0xF0, 0x07, 0xF8, 0x00,
    0x00, 0x00, 0x00, 0x00, 0x09, 0x4B, 0x06, 0xF2, 0xC1, 0xBC, 0xB0, 0x7F, 0xEF, 0x1F, 0xFB, 0xC6,
    0xF2, 0xC1, 0xFF, 0xB0, 0x3D, 0xEC, 0x00, 0x31, 0x01, 0xFF, 0xC0, 0x7F, 0xF8, 0x01, 0xE0, 0x01,
    0xFE, 0x00, 0xC1, 0x80, 0x38, 0xE0, 0x07, 0xF0, 0x00, 0x00, 0x00, 0x00, 0x00, 0x00, 0x06, 0xC2,
    0xA5, 0xB1, 0xBD, 0xEC, 0x6F, 0x7B, 0x1B, 0xDE, 0xC7, 0xFD, 0xB1, 0xFF, 0x7C, 0x6F, 0x7F, 0x1B,
    0xDE, 0xC6, 0xF7, 0xB1, 0xFF, 0xEC, 0x7F, 0xDB, 0x00, 0x06, 0xC0, 0x01, 0xB0, 0x00, 0x6C, 0x00,
    0x03, 0x00, 0x00, 0x00, 0x00, 0x00, 0x00, 0x06, 0x86, 0xF5, 0xA1, 0xBD, 0xE8, 0x7F, 0xDA, 0x1F,
    0xF7, 0x86, 0xF7, 0xE1, 0xBD, 0xE8, 0x7F, 0xDA, 0x0E, 0xF6, 0x80, 0x01, 0xA0, 0x3F, 0xF8, 0x0F,
    0xFE, 0x00, 0x01, 0x80, 0x00, 0x60, 0x00, 0x18, 0x00, 0x06, 0x00, 0x00, 0x00, 0x00, 0x00, 0x00,
    0x06, 0xC2, 0xF5, 0xB1, 0xBD, 0xEC, 0x6F, 0x7B, 0x1F, 0xF7, 0xC7, 0xFF, 0xF1, 0xBD, 0xEC, 0x6F,
    0x7B, 0x1F, 0xF6, 0xC3, 0x1D, 0xB0, 0x10, 0x6C, 0x0C, 0x1B, 0x03, 0x00, 0x00, 0xC0, 0x00, 0x3F,
    0xFC, 0x0F, 0xFF, 0x00, 0x00, 0x00, 0x00, 0x00, 0x00, 0x06, 0x86, 0xF5, 0xA1, 0xBD, 0xE8, 0x7F,
    0xDE, 0x1F, 0xFF, 0x86, 0xF7, 0xA1, 0xFF, 0x68, 0x3F, 0xDA, 0x00, 0x06, 0x80, 0xFF, 0xE0, 0x3F,
    0xF8, 0x00, 0x06, 0x03, 0xFF, 0x80, 0xC0, 0x00, 0x3F, 0xFC, 0x0F, 0xFF, 0x00, 0x00, 0x00, 0x00,
    0x00, 0x00, 0x06, 0x86, 0xF5, 0xA1, 0xBD, 0xE8, 0x7F, 0xDA, 0x1F, 0xF7, 0x86, 0xF7, 0xE1, 0xBD,
    0xE8, 0x7F, 0xDA, 0x0F, 0xF6, 0x80, 0x01, 0xA0, 0x3F, 0xF8, 0x0F, 0xFE, 0x03, 0x01, 0x80, 0xC0,
    0x60, 0x3F, 0xF8, 0x0F, 0xFE, 0x00, 0x00, 0x00, 0x00, 0x00, 0x00, 0x06, 0x86, 0xF7, 0xA1, 0xBD,
    0xE8, 0x7F, 0xDE, 0x1F, 0xF7, 0x86, 0xF7, 0xE1, 0xFF, 0xE8, 0x7F, 0xDA, 0x00, 0x06, 0x80, 0x00,
    0x00, 0x30, 0x18, 0x0F, 0xFE, 0x03, 0xFF, 0x80, 0xC0, 0x60, 0x3F, 0xF8, 0x0F, 0xFE, 0x00, 0x00,
    0x00, 0x00, 0x00, 0x00, 0x06, 0xC2, 0xF5, 0xB1, 0xBD, 0xEC, 0x7F, 0xDB, 0x1F, 0xF7, 0xC6, 0xF7,
    0xF1, 0xBD, 0xEC, 0x7F, 0xDB, 0x0F, 0xF6, 0xC0, 0x01, 0xB0, 0x01, 0x8C, 0x00, 0x60, 0x00, 0x3C,
    0x00, 0x3B, 0x80, 0x7C, 0x7C, 0x1C, 0x07, 0x00, 0x00, 0x00, 0x00, 0x00, 0x00, 0x06, 0xC6, 0xF7,
    0xB1, 0xBD, 0xEC, 0x7F, 0xFB, 0x1F, 0xFF, 0xC6, 0xF7, 0xF1, 0xBD, 0xEC, 0x7F, 0xFB, 0x0E, 0xF6,
    0xC0, 0x01, 0xA0, 0x18, 0x60, 0x06, 0x18, 0x01, 0xC7, 0x00, 0xFB, 0xE0, 0x77, 0xDC, 0x18, 0xE3,
    0x00, 0x00, 0x00, 0x00, 0x00, 0x00, 0x06, 0xC2, 0xF5, 0xB1, 0xBD, 0xEC, 0x7F, 0xDB, 0x1F, 0xF7,
    0xC6, 0xF7, 0xF1, 0xBD, 0xEC, 0x7F, 0xDB, 0x0F, 0xF6, 0xC0, 0x01, 0xB0, 0x0F, 0xF0, 0x07, 0xFE,
    0x03, 0x00, 0xC0, 0xC0, 0x30, 0x1E, 0x78, 0x03, 0xFC, 0x00, 0x00, 0x00, 0x00, 0x00, 0x00, 0x03,
    0x02, 0x52, 0xC1, 0x9C, 0xB0, 0x67, 0x2C, 0x19, 0xCB, 0xC7, 0xFE, 0xF1, 0xFF, 0xB0, 0x67, 0x2C,
    0x19, 0xCB, 0xC6, 0x72, 0xF1, 0xBF, 0xB0, 0x7F, 0xEC, 0x00, 0x03, 0x00, 0x00, 0xC0, 0x00, 0x30,
    0x00, 0x0C, 0x00, 0x00, 0x00, 0x00, 0x00, 0x00, 0x03, 0x06, 0xD2, 0xC1, 0xB4, 0xBC, 0x7D, 0xEF,
    0x1F, 0x7B, 0x06, 0xD2, 0xE1, 0xB4, 0xBC, 0x7D, 0xEF, 0x1F, 0x7B, 0x00, 0x00, 0x40, 0x7F, 0xF0,
    0x1F, 0xFC, 0x00, 0x03, 0x00, 0x00, 0xC0, 0x00, 0x30, 0x00, 0x0C, 0x00, 0x00, 0x00, 0x00, 0x00,
    0x00, 0x03, 0x06, 0xD2, 0xC1, 0xB4, 0xBC, 0x7D, 0xEF, 0x1F, 0x7B, 0x06, 0xD2, 0xF1, 0xB4, 0xBC,
    0x7D, 0xEC, 0x0F, 0x7B, 0x00, 0x00, 0x40, 0x7F, 0xF0, 0x1F, 0xFC, 0x06, 0x03, 0x01, 0x80, 0xC0,
    0x7F, 0xF0, 0x1F, 0xFC, 0x00, 0x00, 0x00, 0x00, 0x00, 0x00, 0x01, 0x82, 0x52, 0x61, 0x9E, 0xD8,
    0x67, 0xB6, 0x19, 0xED, 0x87, 0xFF, 0x61, 0xFF, 0xF8, 0x67, 0xBE, 0x19, 0xE9, 0x86, 0x7B, 0x61,
    0xBE, 0xD8, 0x7F, 0xF6, 0x00, 0x01, 0x80, 0x00, 0x60, 0x00, 0x18, 0x00, 0x06, 0x00, 0x00, 0x00,
    0x00, 0x00, 0x00, 0x01, 0x86, 0x7B, 0x61, 0x9E, 0xD8, 0x7F, 0xF6, 0x1F, 0xFF, 0x86, 0x7B, 0xE1,
    0x9E, 0x98, 0x7F, 0xF6, 0x1F, 0x79, 0x80, 0x00, 0x60, 0x7F, 0xF8, 0x1F, 0xFE, 0x00, 0x01, 0x80,
    0x00, 0x60, 0x00, 0x18, 0x00, 0x06, 0x00, 0x00, 0x00, 0x00, 0x00, 0x00, 0x00, 0x80, 0x00, 0x61,
    0x9E, 0xD8, 0x67, 0xB6, 0x1F, 0xFD, 0x87, 0xFF, 0xE1, 0x9E, 0xF8, 0x67, 0xB6, 0x1F, 0xFD, 0x87,
    0xFF, 0x60, 0x00, 0x18, 0x0C, 0x06, 0x03, 0x01, 0x80, 0xC0, 0x00, 0x30, 0x00, 0x0F, 0xFF, 0x03,
    0xFF, 0xC0, 0x00, 0x00, 0x00, 0x01, 0x86, 0x5A, 0x61, 0x9E, 0xD8, 0x7F, 0xF6, 0x1F, 0xFF, 0x86,
    0x5B, 0xE1, 0x96, 0x98, 0x7F, 0xF6, 0x0F, 0x79, 0x80, 0x00, 0x60, 0x3F, 0xF8, 0x0F, 0xFE, 0x03,
    0x00, 0x00, 0xC0, 0x00, 0x3F, 0xF8, 0x0F, 0xFE, 0x00, 0x00, 0x00, 0x00, 0x00, 0x00, 0x01, 0x86,
    0xDB, 0x61, 0xB6, 0x98, 0x7D, 0xFE, 0x1F, 0x7F, 0x86, 0x52, 0x61, 0xF7, 0xD8, 0x7D, 0xE6, 0x00,
    0x01, 0x80, 0xFF, 0xE0, 0x3F, 0xF8, 0x00, 0x06, 0x03, 0xFF, 0x80, 0xC0, 0x00, 0x3F, 0xF8, 0x0F,
    0xFE, 0x00, 0x00, 0x00, 0x00, 0x00, 0x00, 0x01, 0x86, 0xDA, 0x61, 0x96, 0xD8, 0x7D, 0xF6, 0x1F,
    0xFF, 0x86, 0xDB, 0xE1, 0x96, 0x98, 0x7F, 0xF6, 0x0F, 0x79, 0x80, 0x00, 0x60, 0x3F, 0xF8, 0x0F,
    0xFE, 0x03, 0x01, 0x80, 0xC0, 0x60, 0x3F, 0xF8, 0x0F, 0xFE, 0x00, 0x00, 0x00, 0x00, 0x00, 0x00,
    0x01, 0x86, 0x5A, 0x61, 0x9E, 0xD8, 0x7F, 0xF6, 0x1F, 0xFF, 0x86, 0x7B, 0xE1, 0x9E, 0x98, 0x7F,
    0xF6, 0x1F, 0x79, 0x80, 0x00, 0x60, 0x03, 0x18, 0x00, 0xE0, 0x00, 0x78, 0x00, 0x3B, 0x80, 0x7C,
    0x78, 0x1C, 0x0E, 0x00, 0x00, 0x00, 0x00, 0x00, 0x00, 0x01, 0x86, 0x5A, 0x61, 0x9E, 0xD8, 0x7F,
    0xF6, 0x1F, 0xFF, 0x86, 0x7B, 0xE1, 0x9E, 0x98, 0x7F, 0xF6, 0x0F, 0x79, 0x80, 0x00, 0x60, 0x18,
    0x60, 0x06, 0x18, 0x01, 0x86, 0x00, 0xF3, 0xC0, 0xE7, 0x9C, 0x30, 0xC3, 0x00, 0x00, 0x00, 0x00,
    0x00, 0x00, 0x01, 0x86, 0x5A, 0x61, 0x9E, 0xD8, 0x7F, 0xE6, 0x1F, 0xFF, 0x86, 0x7B, 0xE1, 0x9E,
    0x98, 0x7F, 0xF6, 0x1F, 0xF9, 0x80, 0x00, 0x60, 0x0F, 0xE0, 0x0F, 0xFC, 0x03, 0x01, 0x80, 0xC0,
    0x60, 0x3E, 0xF8, 0x07, 0xF8, 0x00, 0x00, 0x00, 0x00, 0x00, 0x00, 0x06, 0xC2, 0x85, 0xB1, 0xBD,
    0x6C, 0x6F, 0x5B, 0x1B, 0xD6, 0xC7, 0xFD, 0xB1, 0xFF, 0xEC, 0x6F, 0x7B, 0x1B, 0xD6, 0xC6, 0xF5,
    0xB1, 0xFF, 0x6C, 0x7F, 0xDB, 0x00, 0x06, 0xC0, 0x01, 0xB0, 0x00, 0x6C, 0x00, 0x03, 0x00, 0x00,
    0x00, 0x00, 0x00, 0x00, 0x06, 0xC6, 0xF5, 0xB1, 0xBD, 0x6C, 0x7F, 0xDB, 0x1F, 0xFE, 0xC6, 0xF7,
    0xB1, 0xBD, 0x6C, 0x7F, 0xDB, 0x0F, 0xF6, 0xC0, 0x00, 0xB0, 0x0F, 0xF0, 0x07, 0xFE, 0x03, 0x01,
    0xC0, 0xC0, 0x30, 0x3E, 0x78, 0x03, 0xFC, 0x00, 0x00, 0x00, 0x00, 0x00, 0x00, 0x01, 0x82, 0x52,
    0x61, 0x9E, 0xD8, 0x67, 0xB6, 0x19, 0xEF, 0x87, 0xFF, 0xE1, 0xFF, 0x98, 0x67, 0xA6, 0x19, 0xEF,
    0x86, 0x7B, 0xE1, 0xBE, 0x98, 0x7F, 0xF6, 0x00, 0x01, 0x80, 0x00, 0x60, 0x00, 0x18, 0x00, 0x06,
    0x00, 0x00, 0x00, 0x00, 0x00, 0x00, 0x01, 0x86, 0x7A, 0x61, 0x9E, 0xF8, 0x7F, 0xFE, 0x1F, 0xFD,
    0x86, 0x7B, 0xE1, 0x9E, 0xF8, 0x7F, 0xF6, 0x1F, 0x79, 0x80, 0x00, 0x60, 0x7F, 0xF8, 0x1F, 0xFE,
    0x00, 0x01, 0x80, 0x00, 0x60, 0x00, 0x18, 0x00, 0x06, 0x00, 0x00, 0x00, 0x00, 0x00, 0x00, 0x01,
    0x86, 0xDA, 0x61, 0x96, 0xF8, 0x7D, 0xFE, 0x1F, 0xFD, 0x86, 0xDB, 0xE1, 0x96, 0xF8, 0x7F, 0xF6,
    0x0F, 0x79, 0x80, 0x00, 0x60, 0x3F, 0xF8, 0x0F, 0xFE, 0x03, 0x01, 0x80, 0xC0, 0x60, 0x3F, 0xF8,
    0x0F, 0xFE, 0x00, 0x00, 0x00, 0x00, 0x00, 0x00, 0x01, 0x86, 0xDA, 0x61, 0xB6, 0xF8, 0x7D, 0xFE,
    0x1F, 0x79, 0x86, 0xDB, 0xE1, 0xB6, 0xF8, 0x7D, 0xE6, 0x0F, 0x79, 0x80, 0x00, 0x00, 0x30, 0x18,
    0x0F, 0xFE, 0x03, 0xFF, 0x80, 0xC0, 0x60, 0x3F, 0xF8, 0x0F, 0xFE, 0x00, 0x00, 0x00, 0x00, 0x00,
    0x00, 0x01, 0x86, 0x5A, 0x61, 0x9E, 0xF8, 0x7F, 0xFE, 0x1F, 0xFD, 0x86, 0x7B, 0x61, 0x9E, 0xF8,
    0x7F, 0xF6, 0x1F, 0x79, 0x80, 0x00, 0x60, 0x03, 0x18, 0x00, 0xE0, 0x00, 0x78, 0x00, 0x3B, 0x80,
    0x7C, 0x78, 0x1C, 0x0E, 0x00, 0x00, 0x00, 0x00, 0x00, 0x00, 0x01, 0x86, 0x5A, 0x61, 0x9E, 0xF8,
    0x7F, 0xFE, 0x1F, 0xF9, 0x86, 0x7B, 0xE1, 0x9E, 0xF8, 0x7F, 0xF6, 0x0F, 0x79, 0x80, 0x00, 0x60,
    0x18, 0x60, 0x06, 0x18, 0x01, 0xCF, 0x00, 0xF3, 0xC0, 0xE7, 0x9C, 0x30, 0xC3, 0x00, 0x00, 0x00,
    0x00, 0x00, 0x00, 0x01, 0x86, 0x5A, 0x61, 0x9E, 0xD8, 0x7F, 0xFE, 0x1F, 0xFD, 0x86, 0x7B, 0xE1,
    0x9E, 0xF8, 0x7F, 0xF6, 0x1F, 0xF9, 0x80, 0x00, 0x60, 0x0F, 0xE0, 0x0F, 0xFC, 0x03, 0x01, 0x80,
    0xC0, 0x60, 0x3E, 0xF8, 0x07, 0xF8, 0x00, 0x00, 0x00, 0x00, 0x00, 0x00, 0x00, 0x03, 0x12, 0x30,
    0xCC, 0xCC, 0x33, 0x33, 0x0F, 0xCF, 0xC3, 0xF3, 0xF0, 0xCC, 0xCC, 0x33, 0x33, 0x0F, 0xCF, 0xC3,
    0xFF, 0xF0, 0x03, 0x00, 0x00, 0xC0, 0x00, 0x30, 0x07, 0xFF, 0xF9, 0xFF, 0xFE, 0x00, 0x00, 0x00,
    0x00, 0x00, 0x00, 0x00, 0x0C, 0xDB, 0x03, 0x36, 0xC0, 0xFD, 0xF0, 0x3F, 0x7C, 0x0C, 0xDB, 0x03,
    0xFF, 0xC0, 0x7F, 0xF0, 0x01, 0x80, 0x1F, 0xFF, 0xC7, 0xFF, 0xF0, 0x00, 0x00, 0x3F, 0xFC, 0x00,
    0x03, 0x00, 0x00, 0xC0, 0x00, 0x30, 0x00, 0x0C, 0x00, 0x00, 0x00, 0x00, 0x00, 0x00, 0x00, 0x03,
    0x36, 0x60, 0xCD, 0x98, 0x3F, 0x7E, 0x0F, 0xDF, 0x83, 0x36, 0x60, 0xFD, 0xF8, 0x3F, 0xFE, 0x00,
    0x70, 0x07, 0xFF, 0xF1, 0xFF, 0xFC, 0x00, 0x00, 0x06, 0x00, 0x01, 0x80, 0x00, 0x60, 0x00, 0x1F,
    0xFE, 0x07, 0xFF, 0x00, 0x00, 0x00, 0x0C, 0xD9, 0x03, 0x76, 0xC0, 0xFD, 0xF0, 0x33, 0x6C, 0x0F,
    0xDF, 0x03, 0xFF, 0xC0, 0x06, 0x00, 0x7F, 0xFF, 0x1F, 0xFF, 0xC1, 0xFF, 0x80, 0x7F, 0xF0, 0x00,
    0x0C, 0x07, 0xFF, 0x01, 0x80, 0x00, 0x7F, 0xF0, 0x1F, 0xFC, 0x00, 0x00, 0x00, 0x00, 0x00, 0x0C,
    0xDB, 0x03, 0x36, 0xC0, 0xFD, 0xF0, 0x3F, 0x7C, 0x0C, 0xDB, 0x03, 0xFF, 0xC0, 0x7F, 0xF0, 0x01,
    0x80, 0x1F, 0xFF, 0xC7, 0xFF, 0xF0, 0x7F, 0xE0, 0x1F, 0xFC, 0x06, 0x03, 0x01, 0x80, 0xC0, 0x7F,
    0xF0, 0x1F, 0xFC, 0x00, 0x00, 0x00, 0x00, 0x00, 0x0C, 0xD9, 0x03, 0x36, 0xC0, 0xFD, 0xF0, 0x33,
    0x6C, 0x0F, 0xDB, 0x03, 0xFF, 0xC0, 0x07, 0x00, 0x7F, 0xFE, 0x1F, 0xFF, 0xC0, 0x00, 0x00, 0x40,
    0x30, 0x1F, 0xFC, 0x07, 0xFF, 0x01, 0x80, 0xC0, 0x7F, 0xF0, 0x1F, 0xFC, 0x00, 0x00, 0x00, 0x00,
    0x00, 0x04, 0xD9, 0x83, 0x36, 0x60, 0xFD, 0xF8, 0x3F, 0x7E, 0x0C, 0xD9, 0x83, 0xF7, 0xE0, 0xFF,
    0xF8, 0x01, 0xC0, 0x1F, 0xFF, 0xC7, 0xFF, 0xF0, 0x00, 0x00, 0x0F, 0xF8, 0x07, 0x8F, 0x01, 0x80,
    0xC0, 0x60, 0x30, 0x0F, 0xF8, 0x01, 0xFC, 0x00, 0x00, 0x00, 0x00, 0x01, 0x82, 0x7B, 0x60, 0x9E,
    0xD8, 0x3F, 0xF6, 0x0F, 0xFD, 0x82, 0x7B, 0x60, 0xDE, 0xD8, 0x3F, 0xF6, 0x0F, 0x79, 0x80, 0x30,
    0x60, 0x0C, 0x18, 0x7F, 0xF6, 0x1F, 0xFD, 0x80, 0x00, 0x60, 0x00, 0x18, 0x00, 0x06, 0x00, 0x00,
    0x00, 0x00, 0x00, 0x00, 0x00, 0x03, 0x32, 0x30, 0xCC, 0xCC, 0x33, 0x33, 0x0F, 0xCF, 0xC3, 0xF3,
    0xF0, 0xCC, 0xCC, 0x33, 0x33, 0x0F, 0xCF, 0xC3, 0xF3, 0xF0, 0x18, 0x60, 0x06, 0x18, 0x01, 0x86,
    0x07, 0xFF, 0xF9, 0xFF, 0xFE, 0x00, 0x00, 0x00, 0x00, 0x00, 0x00, 0x00, 0x04, 0xD9, 0x83, 0x36,
    0x60, 0xFD, 0xF8, 0x3F, 0x7E, 0x0C, 0xD9, 0x83, 0xF7, 0xE0, 0xFD, 0xF8, 0x06, 0x30, 0x1F, 0xFF,
    0xC7, 0xFF, 0xF0, 0x00, 0x00, 0x0F, 0xF8, 0x07, 0x8F, 0x01, 0x80, 0xC0, 0x60, 0x30, 0x0F, 0xF8,
    0x01, 0xFC, 0x00, 0x00, 0x00, 0x00, 0x00, 0x03, 0x36, 0x60, 0xCD, 0x98, 0x3F, 0x7E, 0x0F, 0xDF,
    0x83, 0x36, 0x60, 0xFD, 0xF8, 0x3F, 0x7E, 0x00, 0x00, 0x03, 0xFF, 0xF1, 0xFF, 0xFC, 0x00, 0xC0,
    0x00, 0x30, 0x00, 0x0C, 0x00, 0x03, 0x00, 0x00, 0xC0, 0x00, 0x30, 0x00, 0x00, 0x00, 0x0C, 0xD1,
    0x03, 0x36, 0xC0, 0xFD, 0xF0, 0x3F, 0x7C, 0x0C, 0xD3, 0x03, 0xF7, 0xC0, 0xFD, 0xF0, 0x00, 0x00,
    0x1F, 0xFF, 0xC3, 0xFF, 0xE0, 0x06, 0x00, 0x1F, 0xFC, 0x07, 0xFF, 0x00, 0x00, 0xC0, 0x00, 0x30,
    0x00, 0x0C, 0x00, 0x00, 0x00, 0x00, 0x00, 0x04, 0x59, 0x83, 0x36, 0x60, 0xFD, 0xF8, 0x3F, 0x7E,
    0x0C, 0xD9, 0x83, 0x36, 0x60, 0xFD, 0xF8, 0x00, 0x00, 0x0F, 0xFF, 0xC7, 0xFF, 0xF0, 0x03, 0x00,
    0x10, 0xC0, 0x06, 0x30, 0x01, 0x80, 0x00, 0x60, 0x00, 0x1F, 0xFE, 0x07, 0xFF, 0x80, 0x00, 0x00,
    0x0C, 0xD1, 0x03, 0x36, 0xE0, 0xFD, 0xF8, 0x33, 0x6E, 0x0F, 0xDF, 0x83, 0xF7, 0xC0, 0x00, 0x00,
    0x7F, 0xFF, 0x0F, 0xFF, 0x81, 0xFF, 0x80, 0x7F, 0xF0, 0x00, 0x0C, 0x07, 0xFF, 0x01, 0x80, 0x00,
    0x7F, 0xF0, 0x1F, 0xFC, 0x00, 0x00, 0x00, 0x00, 0x00, 0x0C, 0xD1, 0x03, 0x36, 0xC0, 0xFD, 0xF0,
    0x3F, 0x7C, 0x0C, 0xD3, 0x03, 0xF7, 0xE0, 0x7D, 0xF0, 0x7F, 0xFF, 0x1F, 0xFF, 0xC0, 0x18, 0x00,
    0x7F, 0xF0, 0x1F, 0xFC, 0x06, 0x03, 0x01, 0x80, 0xC0, 0x7F, 0xF0, 0x1F, 0xFC, 0x00, 0x00, 0x00,
    0x00, 0x00, 0x0C, 0xD9, 0x83, 0x36, 0x60, 0xFD, 0xF8, 0x3F, 0x7E, 0x0C, 0xD9, 0x83, 0xF7, 0xE0,
    0xFD, 0xF8, 0x00, 0x00, 0x1F, 0xFF, 0xC0, 0x1C, 0x00, 0x02, 0x00, 0x00, 0x80, 0x00, 0x70, 0x00,
    0x3E, 0x00, 0x3D, 0xE0, 0x3E, 0x3E, 0x04, 0x01, 0x00, 0x00, 0x00, 0x0C, 0xD9, 0x83, 0x36, 0x60,
    0xFD, 0xF8, 0x3F, 0x7E, 0x0C, 0xD9, 0x83, 0xF7, 0xE0, 0xFD, 0xF8, 0x00, 0x00, 0x1F, 0xFF, 0xC7,
    0xFF, 0xF0, 0x03, 0x00, 0x0F, 0xF8, 0x07, 0xDF, 0x01, 0x80, 0xC0, 0x60, 0x30, 0x0F, 0xF8, 0x01,
    0xFC, 0x00, 0x00, 0x00, 0x04, 0x48, 0x83, 0x36, 0x60, 0xCD, 0x98, 0x3F, 0x7E, 0x0F, 0xDF, 0x83,
    0x36, 0x60, 0xFD, 0xF8, 0x3F, 0x7E, 0x00, 0x00, 0x07, 0xFF, 0xF1, 0xFF, 0xFC, 0x06, 0x18, 0x01,
    0x86, 0x00, 0x61, 0x80, 0x18, 0x60, 0x06, 0x18, 0x01, 0x86, 0x00, 0x00, 0x00, 0x0C, 0x59, 0x83,
    0x36, 0x60, 0xFD, 0xF8, 0x3F, 0x7E, 0x0C, 0xD9, 0x83, 0xF7, 0xE0, 0xFD, 0xF8, 0x00, 0x00, 0x1F,
    0xFF, 0xC3, 0xFF, 0xF0, 0x1F, 0xC0, 0x0F, 0xF8, 0x07, 0x07, 0x01, 0x80, 0xC0, 0x70, 0x30, 0x0F,
    0xF8, 0x00, 0xF8, 0x00, 0x00, 0x00, 0x00, 0x00, 0x01, 0x12, 0x30, 0xCF, 0xCC, 0x31, 0xE3, 0x0F,
    0xFF, 0xC3, 0xFF, 0xF0, 0xC7, 0xCC, 0x33, 0xF3, 0x0F, 0xFF, 0xC3, 0xFF, 0xF0, 0x00, 0x00, 0x00,
    0x00, 0x00, 0x00, 0x07, 0xFF, 0xF9, 0xFF, 0xFE, 0x00, 0x00, 0x00, 0x00, 0x00, 0x00, 0x00, 0x06,
    0x6C, 0xC1, 0x9B, 0x30, 0x7E, 0xFC, 0x1F, 0xBF, 0x06, 0x68, 0xC1, 0xFB, 0xF0, 0x7E, 0xFC, 0x00,
    0x00, 0x1F, 0xFF, 0xE7, 0xFF, 0xF8, 0x00, 0x00, 0x18, 0x00, 0x06, 0x00, 0x01, 0x80, 0x00, 0x7F,
    0xF8, 0x1F, 0xFE, 0x00, 0x00, 0x00, 0x00, 0x00, 0x04, 0xD9, 0x83, 0xB6, 0xE0, 0xFD, 0xF8, 0x33,
    0x66, 0x0F, 0xDF, 0x83, 0xF7, 0xE0, 0x00, 0x00, 0x7F, 0xFF, 0x0F, 0xFF, 0xC1, 0xFF, 0xC0, 0x7F,
    0xF0, 0x00, 0x0C, 0x07, 0xFF, 0x01, 0x80, 0x00, 0x7F, 0xF0, 0x1F, 0xFE, 0x00, 0x00, 0x00, 0x00,
    0x00, 0x0C, 0xD9, 0x83, 0x36, 0x60, 0xFD, 0xF8, 0x3F, 0x7E, 0x0C, 0xD9, 0x83, 0xF7, 0xE0, 0x7D,
    0xF0, 0x00, 0x00, 0x1F, 0xFF, 0xC2, 0x00, 0x20, 0x7F, 0xF0, 0x1F, 0xFC, 0x06, 0x03, 0x01, 0x80,
    0xC0, 0x7F, 0xF0, 0x1F, 0xFC, 0x00, 0x00, 0x00, 0x00, 0x00, 0x0C, 0xD9, 0x83, 0x36, 0x60, 0xFD,
    0xF8, 0x3F, 0x7E, 0x0C, 0xD9, 0x83, 0xF7, 0xE0, 0x7D, 0xF0, 0x3F, 0xFE, 0x1F, 0xFF, 0xC0, 0x00,
    0x00, 0x60, 0x30, 0x1F, 0xFC, 0x07, 0xFF, 0x01, 0x80, 0xC0, 0x7F, 0xF0, 0x1F, 0xFC, 0x00, 0x00,
    0x00, 0x00, 0x00, 0x00, 0x01, 0x82, 0x4B, 0x60, 0xDE, 0xD8, 0x37, 0xB6, 0x09, 0xED, 0x83, 0xFF,
    0x60, 0xFF, 0xD8, 0x27, 0xB6, 0x0D, 0xED, 0x82, 0x7B, 0x60, 0xDE, 0xD8, 0x3F, 0xF6, 0x00, 0x01,
    0x80, 0x00, 0x60, 0x00, 0x18, 0x00, 0x06, 0x00, 0x00, 0x00, 0x00, 0x00, 0x00, 0x01, 0x83, 0x7B,
    0x60, 0x9E, 0xD8, 0x3F, 0xF6, 0x0F, 0xFD, 0x83, 0x7B, 0x60, 0x9E, 0xD8, 0x3F, 0xF6, 0x0F, 0x7D,
    0x80, 0x00, 0x60, 0x7F, 0xF8, 0x1F, 0xFE, 0x00, 0x01, 0x80, 0x00, 0x60, 0x00, 0x18, 0x00, 0x06,
    0x00, 0x00, 0x00, 0x00, 0x00, 0x00, 0x01, 0x82, 0x49, 0x60, 0xDE, 0xD8, 0x37, 0xB6, 0x0F, 0xFD,
    0x83, 0xFF, 0x60, 0xDE, 0xD8, 0x37, 0xB6, 0x0F, 0xFD, 0x83, 0xFF, 0x60, 0x00, 0x18, 0x0C, 0x06,
    0x03, 0x01, 0x80, 0xC0, 0x00, 0x30, 0x00, 0x0F, 0xFF, 0x03, 0xFF, 0xC0, 0x00, 0x00, 0x00, 0x01,
    0x83, 0x5B, 0x60, 0xD6, 0xD8, 0x3D, 0xF6, 0x0F, 0x7D, 0x82, 0x5B, 0x60, 0xFF, 0xD8, 0x3D, 0xF6,
    0x00, 0x01, 0x00, 0xFF, 0xE0, 0x3F, 0xF8, 0x0F, 0xFE, 0x03, 0xFF, 0x80, 0xC0, 0x00, 0x3F, 0xF8,
    0x0F, 0xFE, 0x00, 0x00, 0x00, 0x00, 0x00, 0x00, 0x01, 0x83, 0x5B, 0x60, 0x96, 0xD8, 0x3D, 0xF6,
    0x0F, 0x7D, 0x82, 0x5B, 0x60, 0xD6, 0xD8, 0x3D, 0xF6, 0x0F, 0x7D, 0x80, 0x00, 0x40, 0x3F, 0xF8,
    0x0F, 0xFE, 0x03, 0x01, 0x80, 0xC0, 0x60, 0x3F, 0xF8, 0x0F, 0xFE, 0x00, 0x00, 0x00, 0x00, 0x00,
    0x00, 0x01, 0x83, 0x5B, 0x60, 0x96, 0xD8, 0x3D, 0xF6, 0x0F, 0x7D, 0x82, 0x5B, 0x60, 0xD6, 0xD8,
    0x3D, 0xF6, 0x0C, 0x39, 0x80, 0x80, 0x00, 0x30, 0x18, 0x0F, 0xFE, 0x03, 0xFF, 0x80, 0xC0, 0x60,
    0x3F, 0xF8, 0x0F, 0xFE, 0x00, 0x00, 0x00, 0x00, 0x00, 0x00, 0x01, 0x83, 0x7B, 0x60, 0x9E, 0xD8,
    0x3F, 0xF6, 0x0F, 0xFD, 0x83, 0x7B, 0x60, 0x9E, 0xD8, 0x3F, 0xF6, 0x0F, 0x7D, 0x80, 0x00, 0x60,
    0x03, 0x18, 0x00, 0xE0, 0x00, 0x78, 0x00, 0x3B, 0x80, 0x7C, 0x78, 0x1C, 0x0E, 0x00, 0x00, 0x00,
    0x00, 0x00, 0x00, 0x01, 0x82, 0x7B, 0x60, 0xDE, 0xD8, 0x3F, 0xF6, 0x0F, 0xFD, 0x83, 0x7B, 0x60,
    0x9E, 0xD8, 0x3F, 0xF6, 0x0F, 0x7D, 0x80, 0x00, 0x60, 0x1F, 0xE0, 0x0F, 0xFC, 0x03, 0x01, 0x80,
    0xC0, 0x60, 0x3E, 0xF8, 0x07, 0xF8, 0x00, 0x00, 0x00, 0x00, 0x00, 0x00, 0x03, 0x00, 0x60, 0xC0,
    0x18, 0x30, 0x06, 0x0C, 0x01, 0x83, 0x00, 0x60, 0xC0, 0x38, 0x3C, 0x0F, 0x0F, 0x03, 0xC3, 0x01,
    0x98, 0xC0, 0xE7, 0x30, 0x70, 0xEC, 0x18, 0x03, 0x00, 0x00, 0xC0, 0x00, 0x30, 0x00, 0x0C, 0x00,
    0x00, 0x00, 0x00, 0x00, 0x00, 0x03, 0x00, 0x60, 0xC0, 0x18, 0x30, 0x06, 0x0C, 0x03, 0x83, 0xC0,
    0xF0, 0xF0, 0x6E, 0x30, 0x79, 0xEC, 0x1C, 0x33, 0x00, 0x00, 0xC0, 0x7F, 0xF0, 0x1F, 0xFC, 0x00,
    0x03, 0x00, 0x00, 0xC0, 0x00, 0x30, 0x00, 0x0C, 0x00, 0x00, 0x00, 0x00, 0x00, 0x00, 0x02, 0x00,
    0x61, 0xC0, 0x18, 0x70, 0x06, 0x18, 0x03, 0x87, 0xC0, 0xF1, 0xF0, 0x7E, 0x60, 0x39, 0xDC, 0x1C,
    0x37, 0x00, 0x00, 0x80, 0x7C, 0xC0, 0x1F, 0x30, 0x00, 0xCE, 0x00, 0x37, 0x80, 0x0F, 0xB0, 0x03,
    0xCE, 0x00, 0x00, 0x00, 0x00, 0x00, 0x00, 0x03, 0x00, 0x60, 0xC0, 0x18, 0x30, 0x06, 0x0C, 0x01,
    0x83, 0x00, 0xF0, 0xF0, 0x3E, 0x30, 0x39, 0xCC, 0x1C, 0x3B, 0x02, 0x00, 0xC0, 0x20, 0x30, 0x0C,
    0x0C, 0x03, 0x00, 0x00, 0xC0, 0x00, 0x3F, 0xF8, 0x0F, 0xFE, 0x00, 0x00, 0x00, 0x00, 0x00, 0x00,
    0x03, 0x00, 0x60, 0xC0, 0x18, 0x30, 0x06, 0x0C, 0x01, 0xC3, 0xC0, 0xF0, 0xF0, 0x77, 0x30, 0x38,
    0xEC, 0x1C, 0x13, 0x00, 0x00, 0xC0, 0x3F, 0xF0, 0x0F, 0xFC, 0x03, 0x00, 0x00, 0xC0, 0x00, 0x3F,
    0xF0, 0x0F, 0xFC, 0x00, 0x00, 0x00, 0x00, 0x00, 0x01, 0x83, 0x00, 0x60, 0xC0, 0x18, 0x30, 0x06,
    0x0F, 0x03, 0xC3, 0xC1, 0xF8, 0xC0, 0xE7, 0x30, 0x70, 0xCC, 0x00, 0x03, 0x01, 0xFF, 0xC0, 0x20,
    0x30, 0x0F, 0xFC, 0x07, 0xFF, 0x01, 0x80, 0x00, 0x7F, 0xF0, 0x1F, 0xFC, 0x00, 0x00, 0x00, 0x00,
    0x00, 0x00, 0x02, 0x00, 0x60, 0xC0, 0x18, 0x30, 0x06, 0x0C, 0x03, 0x83, 0xC0, 0xF0, 0xE0, 0x6E,
    0x30, 0x71, 0xCC, 0x18, 0x02, 0x01, 0xE7, 0x80, 0x7F, 0xF0, 0x03, 0x0C, 0x07, 0xC3, 0x01, 0xC0,
    0xC0, 0x7E, 0x30, 0x1F, 0x8C, 0x00, 0x00, 0x00, 0x00, 0x00, 0x01, 0x83, 0x00, 0x60, 0xC0, 0x18,
    0x30, 0x07, 0x0F, 0x01, 0xC3, 0xE0, 0xF8, 0xC0, 0x67, 0xB0, 0x78, 0xEC, 0x08, 0x03, 0x01, 0xFF,
    0xC0, 0x7F, 0xF0, 0x03, 0xEC, 0x07, 0xFB, 0x01, 0x86, 0xC0, 0x7F, 0xB0, 0x1F, 0xFC, 0x00, 0x00,
    0x00, 0x00, 0x00, 0x00, 0x03, 0x00, 0x60, 0xC0, 0x18, 0x30, 0x06, 0x0C, 0x01, 0x83, 0xC0, 0xF0,
    0xF0, 0x76, 0x30, 0x39, 0xEC, 0x1C, 0x13, 0x00, 0x00, 0xC0, 0x3F, 0xF0, 0x0F, 0xFC, 0x03, 0x03,
    0x00, 0xC0, 0xC0, 0x3F, 0xF0, 0x0F, 0xFC, 0x00, 0x00, 0x00, 0x00, 0x00, 0x00, 0x03, 0x00, 0x60,
    0xC0, 0x18, 0x30, 0x06, 0x0F, 0x03, 0xC3, 0xE0, 0xF8, 0xC0, 0x67, 0x30, 0x78, 0xEC, 0x08, 0x03,
    0x00, 0x80, 0x00, 0x30, 0x30, 0x0F, 0xFC, 0x03, 0xFF, 0x00, 0xC0, 0xC0, 0x3F, 0xF0, 0x0F, 0xFC,
    0x00, 0x00, 0x00, 0x00, 0x00, 0x00, 0x03, 0x00, 0x60, 0xC0, 0x18, 0x30, 0x06, 0x0C, 0x01, 0x83,
    0xC0, 0xF0, 0xF0, 0x7E, 0x30, 0x39, 0xCC, 0x1C, 0x33, 0x00, 0x00, 0xC0, 0x03, 0x30, 0x00, 0xC0,
    0x00, 0x78, 0x00, 0x37, 0x00, 0x78, 0xF8, 0x1C, 0x0E, 0x00, 0x00, 0x00, 0x00, 0x00, 0x01, 0x03,
    0x00, 0x60, 0xC0, 0x18, 0x30, 0x06, 0x0C, 0x03, 0x83, 0xC0, 0xF0, 0xC0, 0x67, 0x30, 0x78, 0xCC,
    0x18, 0x13, 0x00, 0x41, 0x80, 0x18, 0x60, 0x06, 0x38, 0x03, 0x8E, 0x01, 0xF7, 0xC0, 0xEF, 0xBC,
    0x30, 0xC2, 0x00, 0x00, 0x00, 0x00, 0x00, 0x00, 0x03, 0x00, 0x60, 0xC0, 0x18, 0x30, 0x06, 0x0C,
    0x03, 0x83, 0xC0, 0xF0, 0xF0, 0x6E, 0x30, 0x79, 0xCC, 0x1C, 0x13, 0x00, 0x00, 0xC0, 0x1F, 0xC0,
    0x0F, 0xF8, 0x06, 0x03, 0x01, 0x80, 0xC0, 0x3F, 0xE0, 0x07, 0xF0, 0x00, 0x00, 0x00, 0x00, 0x00,
    0x00, 0x03, 0x00, 0x60, 0xC0, 0x18, 0x30, 0x06, 0x0F, 0x03, 0xC3, 0xE0, 0xF8, 0xC0, 0x67, 0x30,
    0x70, 0xEC, 0x08, 0x03, 0x00, 0xFF, 0xC0, 0x3F, 0xF0, 0x0C, 0x00, 0x03, 0xFF, 0x00, 0xC0, 0x00,
    0x3F, 0xF0, 0x0F, 0xFE, 0x00, 0x00, 0x00, 0x00, 0x00, 0x00, 0x09, 0x80, 0x47, 0x60, 0x31, 0xD8,
    0x0C, 0x76, 0x03, 0x1D, 0x80, 0xC6, 0x60, 0x39, 0xF8, 0x0E, 0x7E, 0x07, 0x99, 0x81, 0xB7, 0x60,
    0xEF, 0xD8, 0x71, 0xF6, 0x08, 0x1D, 0x80, 0x07, 0x60, 0x01, 0xD8, 0x00, 0x26, 0x00, 0x00, 0x00,
    0x00, 0x00, 0x00, 0x09, 0x80, 0xC3, 0x60, 0x30, 0xD8, 0x0C, 0x36, 0x03, 0x8F, 0x80, 0xE3, 0xE0,
    0x7C, 0xD8, 0x7B, 0xF6, 0x1C, 0x7D, 0x80, 0x02, 0x60, 0x3F, 0xF8, 0x0F, 0xFE, 0x00, 0x01, 0x80,
    0x00, 0x60, 0x00, 0x18, 0x00, 0x06, 0x00, 0x00, 0x00, 0x00, 0x00, 0x00, 0x09, 0x80, 0xC7, 0x60,
    0x30, 0xD8, 0x0C, 0x26, 0x03, 0x8D, 0x80, 0xE7, 0xE0, 0x7D, 0xD8, 0x3B, 0xF6, 0x1C, 0x7D, 0x82,
    0x03, 0x60, 0x31, 0xD8, 0x0C, 0x26, 0x03, 0x00, 0x00, 0xC0, 0x00, 0x3F, 0xF8, 0x0F, 0xFE, 0x00,
    0x00, 0x00, 0x00, 0x00, 0x01, 0x09, 0x80, 0xC7, 0x60, 0x31, 0x98, 0x0E, 0x7E, 0x03, 0x9F, 0x81,
    0xF7, 0x60, 0xEF, 0xD8, 0x71, 0xF6, 0x00, 0x08, 0x80, 0xFF, 0xE0, 0x3F, 0xF8, 0x00, 0x06, 0x03,
    0xFF, 0x80, 0xC0, 0x00, 0x3F, 0xF8, 0x0F, 0xFF, 0x00, 0x00, 0x00, 0x00, 0x00, 0x00, 0x09, 0x80,
    0xC7, 0x60, 0x31, 0x98, 0x0C, 0x76, 0x03, 0x9F, 0x80, 0xE7, 0xE0, 0x7D, 0x98, 0x3B, 0xF6, 0x1C,
    0x7D, 0x80, 0x02, 0x60, 0x3F, 0xF8, 0x0F, 0xFE, 0x03, 0x01, 0x80, 0xC0, 0x60, 0x3F, 0xF8, 0x0F,
    0xFE, 0x00, 0x00, 0x00, 0x00, 0x00, 0x00, 0x09, 0x80, 0xC7, 0x60, 0x31, 0x98, 0x0C, 0x7E, 0x03,
    0x9F, 0x80, 0xE7, 0x60, 0x6D, 0x98, 0x71, 0xF6, 0x08, 0x09, 0x80, 0x00, 0x40, 0x30, 0x18, 0x0F,
    0xFE, 0x03, 0xFF, 0x80, 0xC0, 0x60, 0x3F, 0xF8, 0x0F, 0xFE, 0x00, 0x00, 0x00, 0x00, 0x00, 0x00,
    0x09, 0x80, 0xC7, 0x60, 0x31, 0xD8, 0x0C, 0x66, 0x03, 0x9F, 0x80, 0xE7, 0xE0, 0x6C, 0x98, 0x3B,
    0xF6, 0x1C, 0x3D, 0x80, 0x02, 0x60, 0x01, 0x98, 0x00, 0xE0, 0x00, 0x3C, 0x00, 0x3B, 0x80, 0x3C,
    0x78, 0x1C, 0x06, 0x00, 0x00, 0x00, 0x00, 0x00, 0x00, 0x09, 0x80, 0xC7, 0x60, 0x31, 0x98, 0x0C,
    0x76, 0x03, 0x9F, 0x80, 0xE7, 0xE0, 0x6D, 0x98, 0x7B, 0xF6, 0x1C, 0x39, 0x80, 0x02, 0x60, 0x18,
    0x60, 0x06, 0x18, 0x01, 0xC7, 0x00, 0xF3, 0xC0, 0xE7, 0x9C, 0x30, 0xC3, 0x00, 0x00, 0x00, 0x00,
    0x00, 0x00, 0x0D, 0x80, 0xC3, 0x60, 0x30, 0xD8, 0x0C, 0x36, 0x03, 0x8F, 0x80, 0xE3, 0xE0, 0x7C,
    0xD8, 0x3B, 0xF6, 0x0C, 0x2D, 0x80, 0x03, 0x60, 0x0F, 0xE0, 0x07, 0xFE, 0x03, 0x01, 0x80, 0xC0,
    0x60, 0x1C, 0x78, 0x03, 0xFC, 0x00, 0x00, 0x00, 0x00, 0x00, 0x00, 0x03, 0x00, 0x60, 0xC0, 0x18,
    0x30, 0x06, 0x0C, 0x01, 0x83, 0xC0, 0x60, 0xF0, 0x38, 0x30, 0x0F, 0x0C, 0x03, 0xC3, 0xC1, 0x98,
    0xF0, 0xE7, 0x30, 0x70, 0xEC, 0x18, 0x03, 0x00, 0x00, 0xC0, 0x00, 0x30, 0x00, 0x0C, 0x00, 0x00,
    0x00, 0x00, 0x00, 0x00, 0x03, 0x00, 0x60, 0xC0, 0x18, 0x3C, 0x06, 0x0F, 0x03, 0x83, 0x00, 0xF0,
    0xF0, 0x6E, 0x3C, 0x79, 0xEC, 0x18, 0x13, 0x00, 0x00, 0xC0, 0x7F, 0xF0, 0x1F, 0xFC, 0x00, 0x03,
    0x00, 0x00, 0xC0, 0x00, 0x30, 0x00, 0x0C, 0x00, 0x00, 0x00, 0x00, 0x00, 0x00, 0x03, 0x00, 0x60,
    0xC0, 0x18, 0x30, 0x06, 0x0F, 0x01, 0x83, 0xC0, 0xF0, 0xC0, 0x3E, 0x3C, 0x39, 0xCF, 0x1C, 0x3B,
    0x02, 0x00, 0xC0, 0x20, 0x30, 0x0C, 0x0C, 0x03, 0x00, 0x00, 0xC0, 0x00, 0x3F, 0xF8, 0x0F, 0xFE,
    0x00, 0x00, 0x00, 0x00, 0x00, 0x01, 0x83, 0x00, 0x60, 0xC0, 0x18, 0x3C, 0x06, 0x0F, 0x03, 0xC3,
    0x01, 0xF8, 0xF0, 0xE7, 0x3C, 0x70, 0xCC, 0x00, 0x03, 0x01, 0xFF, 0xC0, 0x20, 0x30, 0x0F, 0xFC,
    0x07, 0xFF, 0x01, 0x80, 0x00, 0x7F, 0xF0, 0x1F, 0xFC, 0x00, 0x00, 0x00, 0x00, 0x00, 0x00, 0x03,
    0x00, 0x60, 0xC0, 0x18, 0x3C, 0x06, 0x0F, 0x01, 0xC3, 0x00, 0xF0, 0xF0, 0x76, 0x3C, 0x39, 0xEC,
    0x1C, 0x13, 0x00, 0x00, 0xC0, 0x3F, 0xF0, 0x0F, 0xFC, 0x03, 0x03, 0x00, 0xC0, 0xC0, 0x3F, 0xF0,
    0x0F, 0xFC, 0x00, 0x00, 0x00, 0x00, 0x00, 0x00, 0x03, 0x00, 0x60, 0xC0, 0x18, 0x3E, 0x06, 0x0F,
    0x83, 0xC3, 0x00, 0xF8, 0xF8, 0x67, 0x3E, 0x78, 0xEC, 0x08, 0x03, 0x00, 0x80, 0x00, 0x30, 0x30,
    0x0F, 0xFC, 0x03, 0xFF, 0x00, 0xC0, 0xC0, 0x3F, 0xF0, 0x0F, 0xFC, 0x00, 0x00, 0x00, 0x00, 0x00,
    0x00, 0x03, 0x00, 0x60, 0xC0, 0x18, 0x3C, 0x06, 0x0F, 0x03, 0x83, 0x00, 0xF0, 0xC0, 0x6E, 0x3C,
    0x79, 0xCF, 0x1C, 0x13, 0x00, 0x00, 0xC0, 0x03, 0x30, 0x01, 0xC0, 0x00, 0x78, 0x00, 0x77, 0x00,
    0x78, 0xF8, 0x1C, 0x0E, 0x00, 0x00, 0x00, 0x00, 0x00, 0x01, 0x03, 0x00, 0x60, 0xC0, 0x18, 0x3C,
    0x06, 0x0F, 0x03, 0x83, 0x00, 0xF0, 0xF0, 0x6E, 0x3C, 0x39, 0xCC, 0x1C, 0x13, 0x00, 0x00, 0xC0,
    0x1F, 0xC0, 0x0F, 0xF8, 0x06, 0x03, 0x01, 0x80, 0xC0, 0x3F, 0xE0, 0x07, 0xF0, 0x00, 0x00, 0x00,
    0x00, 0x00, 0x00, 0x09, 0x80, 0x47, 0x60, 0x31, 0xD8, 0x0C, 0x66, 0x03, 0x1F, 0x80, 0xC7, 0xE0,
    0x39, 0x98, 0x0E, 0x66, 0x07, 0x9F, 0x81, 0xB7, 0xE0, 0xCF, 0xD8, 0x71, 0xF6, 0x08, 0x1D, 0x80,
    0x07, 0x60, 0x01, 0xD8, 0x00, 0x06, 0x00, 0x00, 0x00, 0x00, 0x00, 0x00, 0x09, 0x80, 0xC7, 0x60,
    0x31, 0xD8, 0x0C, 0x7E, 0x03, 0x9F, 0x80, 0xE6, 0x60, 0x79, 0xD8, 0x1B, 0xFE, 0x1C, 0x7F, 0x82,
    0x02, 0x60, 0x31, 0xD8, 0x0C, 0x26, 0x03, 0x00, 0x00, 0xC0, 0x00, 0x3F, 0xF8, 0x0F, 0xFE, 0x00,
    0x00, 0x00, 0x00, 0x00, 0x01, 0x09, 0x80, 0xC6, 0x60, 0x31, 0xF8, 0x0E, 0x7E, 0x03, 0x99, 0x81,
    0xF7, 0xE0, 0xEF, 0xF8, 0x71, 0xE6, 0x00, 0x08, 0x80, 0xFF, 0xE0, 0x3F, 0xF8, 0x00, 0x06, 0x03,
    0xFF, 0x80, 0xC0, 0x00, 0x3F, 0xF8, 0x0F, 0xFF, 0x00, 0x00, 0x00, 0x00, 0x00, 0x00, 0x09, 0x80,
    0xC6, 0x60, 0x31, 0xF8, 0x0C, 0x7E, 0x03, 0x99, 0x80, 0xE7, 0xE0, 0x6D, 0xF8, 0x3B, 0xF6, 0x1C,
    0x3D, 0x80, 0x00, 0x60, 0x3F, 0xF8, 0x0F, 0xFE, 0x03, 0x01, 0x80, 0xC0, 0x60, 0x3F, 0xF8, 0x0F,
    0xFE, 0x00, 0x00, 0x00, 0x00, 0x00, 0x00, 0x0D, 0x80, 0xC3, 0x60, 0x30, 0xF8, 0x0C, 0x3E, 0x03,
    0x8D, 0x80, 0xE3, 0x60, 0x7C, 0xF8, 0x3B, 0xFE, 0x1C, 0x2D, 0x80, 0x03, 0x60, 0x0F, 0xF0, 0x07,
    0xFE, 0x03, 0x01, 0x80, 0xC0, 0x60, 0x1C, 0x78, 0x03, 0xFC, 0x00, 0x00, 0x00, 0x00, 0x00, 0x00,
    0x01, 0x80, 0x60, 0x60, 0x18, 0x18, 0x06, 0x06, 0x01, 0x81, 0x80, 0x67, 0xE0, 0x1D, 0xF8, 0x07,
    0x06, 0x03, 0xE1, 0x81, 0xD8, 0x60, 0xE3, 0x18, 0x70, 0xE6, 0x08, 0x01, 0x80, 0x00, 0x60, 0x00,
    0x18, 0x00, 0x06, 0x00, 0x00, 0x00, 0x00, 0x00, 0x01, 0x03, 0x00, 0x60, 0xC0, 0x18, 0x30, 0x06,
    0x7C, 0x03, 0x9F, 0x00, 0xF0, 0xC0, 0x6E, 0x30, 0x79, 0xEC, 0x1C, 0x13, 0x00, 0x00, 0x40, 0x7F,
    0xF0, 0x0F, 0xFC, 0x00, 0x03, 0x00, 0x00, 0xC0, 0x00, 0x30, 0x00, 0x0C, 0x00, 0x00, 0x00, 0x00,
    0x00, 0x00, 0x03, 0x80, 0x60, 0xE0, 0x18, 0x38, 0x06, 0x7E, 0x03, 0x9F, 0x80, 0xF0, 0xE0, 0x6E,
    0x38, 0x79, 0xCE, 0x18, 0x13, 0x80, 0x00, 0x40, 0x7D, 0xF8, 0x1F, 0xFE, 0x00, 0x63, 0x80, 0x18,
    0xE0, 0x06, 0x38, 0x01, 0x8E, 0x00, 0x00, 0x00, 0x00, 0x00, 0x00, 0x03, 0x00, 0x60, 0xC0, 0x18,
    0x30, 0x06, 0x7C, 0x03, 0x9F, 0x00, 0xF0, 0xC0, 0x6E, 0x30, 0x79, 0xCC, 0x1C, 0x33, 0x00, 0x00,
    0xC0, 0x7C, 0x60, 0x1F, 0x18, 0x00, 0xC6, 0x00, 0x33, 0xC0, 0x0D, 0xF8, 0x03, 0xE6, 0x00, 0x00,
    0x00, 0x00, 0x00, 0x00, 0x01, 0x80, 0x60, 0x60, 0x18, 0x18, 0x06, 0x3E, 0x01, 0x9F, 0x80, 0xF0,
    0x60, 0x3E, 0x18, 0x1D, 0xC6, 0x0E, 0x39, 0x83, 0x04, 0x60, 0x10, 0x18, 0x0C, 0x06, 0x03, 0x00,
    0x00, 0xC0, 0x00, 0x3F, 0xF8, 0x0F, 0xFE, 0x00, 0x00, 0x00, 0x00, 0x00, 0x01, 0x81, 0x80, 0x60,
    0x60, 0x18, 0x18, 0x06, 0x7E, 0x01, 0xCF, 0x80, 0xF0, 0x60, 0x77, 0x18, 0x38, 0xE6, 0x0C, 0x11,
    0x80, 0x00, 0x40, 0x3F, 0xF8, 0x0F, 0xFE, 0x03, 0x00, 0x00, 0xC0, 0x00, 0x3F, 0xF8, 0x0F, 0xFE,
    0x00, 0x00, 0x00, 0x00, 0x00, 0x01, 0x81, 0x80, 0x60, 0x60, 0x18, 0x18, 0x06, 0x7E, 0x03, 0xC1,
    0x80, 0xF8, 0x60, 0xE7, 0x98, 0x70, 0x66, 0x00, 0x01, 0x00, 0xFF, 0xE0, 0x10, 0x18, 0x07, 0xFE,
    0x03, 0xFF, 0x80, 0xC0, 0x00, 0x3F, 0xF8, 0x0F, 0xFE, 0x00, 0x00, 0x00, 0x00, 0x00, 0x00, 0x81,
    0x80, 0x60, 0x60, 0x18, 0x18, 0x07, 0x7E, 0x01, 0xC1, 0x80, 0xD8, 0x60, 0xE7, 0x98, 0x70, 0x66,
    0x00, 0x01, 0x01, 0xFF, 0xE0, 0x07, 0xF8, 0x0F, 0xE6, 0x07, 0xF9, 0x81, 0x86, 0x60, 0x7F, 0x98,
    0x1F, 0xFE, 0x00, 0x00, 0x00, 0x00, 0x00, 0x01, 0x81, 0x80, 0x60, 0x60, 0x18, 0x18, 0x07, 0x7E,
    0x03, 0xC1, 0x80, 0xD8, 0x60, 0xE7, 0x98, 0x70, 0x66, 0x00, 0x00, 0x01, 0xFE, 0x60, 0x3F, 0x98,
    0x0F, 0xFE, 0x07, 0xF9, 0x81, 0x86, 0x60, 0x6F, 0x98, 0x1F, 0xFE, 0x00, 0x00, 0x00, 0x00, 0x00,
    0x01, 0x83, 0x80, 0x60, 0xE0, 0x18, 0x38, 0x06, 0x7E, 0x01, 0xDF, 0x80, 0xF0, 0xE0, 0x66, 0x38,
    0x79, 0xCE, 0x18, 0x13, 0x80, 0x00, 0x40, 0x3F, 0xF8, 0x0F, 0xFE, 0x03, 0x03, 0x80, 0xC0, 0xE0,
    0x3F, 0xF8, 0x0F, 0xFE, 0x00, 0x00, 0x00, 0x00, 0x00, 0x01, 0x81, 0x80, 0x60, 0x60, 0x18, 0x18,
    0x06, 0x7E, 0x01, 0xCF, 0x80, 0xF0, 0x60, 0x77, 0x18, 0x78, 0xE6, 0x08, 0x11, 0x80, 0x00, 0x00,
    0x30, 0x18, 0x0F, 0xFE, 0x03, 0xFF, 0x80, 0xC0, 0x60, 0x3F, 0xF8, 0x0F, 0xFE, 0x00, 0x00, 0x00,
    0x00, 0x00, 0x00, 0x03, 0x80, 0x60, 0xE0, 0x18, 0x38, 0x06, 0x7E, 0x03, 0x9F, 0x80, 0xF0, 0xE0,
    0x6E, 0x38, 0x39, 0xCE, 0x1C, 0x13, 0x80, 0x00, 0xE0, 0x03, 0x38, 0x00, 0xE0, 0x00, 0x78, 0x00,
    0x3B, 0x80, 0x7C, 0x78, 0x1C, 0x0E, 0x00, 0x00, 0x00, 0x00, 0x00, 0x01, 0x03, 0x80, 0x60, 0xE0,
    0x18, 0x38, 0x06, 0x7E, 0x03, 0x9F, 0x80, 0xF0, 0xE0, 0x66, 0x38, 0x79, 0xCE, 0x18, 0x13, 0x80,
    0x00, 0x40, 0x18, 0x60, 0x06, 0x18, 0x03, 0x8E, 0x00, 0xF3, 0xC0, 0xE7, 0x9C, 0x30, 0xC3, 0x00,
    0x00, 0x00, 0x00, 0x00, 0x00, 0x03, 0x80, 0x60, 0xE0, 0x18, 0x18, 0x06, 0x7E, 0x01, 0xDF, 0x80,
    0xF0, 0xE0, 0x76, 0x38, 0x39, 0xEE, 0x1C, 0x13, 0x80, 0x00, 0x40, 0x1F, 0xE0, 0x0F, 0xFC, 0x03,
    0x03, 0x80, 0xC0, 0xE0, 0x3F, 0xF0, 0x07, 0xF8, 0x00, 0x00, 0x00, 0x00, 0x00, 0x01, 0x83, 0x80,
    0x60, 0xE0, 0x18, 0x38, 0x06, 0x7E, 0x03, 0xDF, 0x80, 0xF0, 0xE0, 0x67, 0x38, 0x78, 0xEE, 0x08,
    0x03, 0x80, 0xFF, 0xC0, 0x3F, 0xF8, 0x03, 0x38, 0x00, 0xCC, 0x00, 0x33, 0x00, 0x3F, 0xF8, 0x1F,
    0xFE, 0x00, 0x00, 0x00, 0x00, 0x00, 0x00, 0x0D, 0x80, 0x43, 0x60, 0x30, 0xD8, 0x0C, 0x36, 0x03,
    0x0D, 0x80, 0xCF, 0x60, 0x3F, 0xD8, 0x0E, 0x36, 0x07, 0x8D, 0x81, 0xB3, 0x60, 0xCE, 0xD8, 0x71,
    0xB6, 0x08, 0x0D, 0x80, 0x03, 0x60, 0x00, 0xD8, 0x00, 0x06, 0x00, 0x00, 0x00, 0x00, 0x00, 0x00,
    0x0D, 0x80, 0xC3, 0x60, 0x30, 0xD8, 0x0C, 0xF6, 0x03, 0x7D, 0x80, 0xE3, 0x60, 0x7C, 0xD8, 0x3B,
    0xB6, 0x1C, 0x6D, 0x80, 0x03, 0x60, 0x3F, 0xF8, 0x0F, 0xFE, 0x00, 0x01, 0x80, 0x00, 0x60, 0x00,
    0x18, 0x00, 0x06, 0x00, 0x00, 0x00, 0x00, 0x00, 0x00, 0x0D, 0x80, 0xC3, 0x60, 0x30, 0xD8, 0x0C,
    0x36, 0x03, 0x3D, 0x80, 0xEF, 0x60, 0x78, 0xD8, 0x1B, 0xB6, 0x1C, 0x6D, 0x82, 0x03, 0x60, 0x30,
    0xD8, 0x0C, 0x36, 0x03, 0x00, 0x00, 0xC0, 0x00, 0x3F, 0xF8, 0x0F, 0xFE, 0x00, 0x00, 0x00, 0x00,
    0x00, 0x01, 0x0D, 0x80, 0xC3, 0x60, 0x30, 0xD8, 0x0C, 0xF6, 0x03, 0xBD, 0x81, 0xF3, 0x60, 0xEE,
    0xD8, 0x71, 0xB6, 0x08, 0x08, 0x80, 0xFF, 0xE0, 0x3F, 0xF8, 0x00, 0x06, 0x03, 0xFF, 0x80, 0xC0,
    0x00, 0x3F, 0xF8, 0x0F, 0xFF, 0x00, 0x00, 0x00, 0x00, 0x00, 0x00, 0x0D, 0x80, 0xC3, 0x60, 0x30,
    0xD8, 0x0C, 0xF6, 0x03, 0xBD, 0x80, 0xE3, 0x60, 0x6C, 0xD8, 0x7B, 0xB6, 0x18, 0x2D, 0x80, 0x00,
    0x00, 0x3F, 0xF8, 0x0F, 0xFE, 0x03, 0x01, 0x80, 0xC0, 0x60, 0x3F, 0xF8, 0x0F, 0xFE, 0x00, 0x00,
    0x00, 0x00, 0x00, 0x00, 0x0D, 0x80, 0xC3, 0x60, 0x30, 0xD8, 0x0C, 0xF6, 0x03, 0xBD, 0x81, 0xE3,
    0x60, 0xEE, 0xD8, 0x71, 0xB6, 0x08, 0x0D, 0x80, 0x00, 0x00, 0x30, 0x18, 0x0F, 0xFE, 0x03, 0xFF,
    0x80, 0xC0, 0x60, 0x3F, 0xF8, 0x0F, 0xFE, 0x00, 0x00, 0x00, 0x00, 0x00, 0x00, 0x0D, 0x80, 0xC3,
    0x60, 0x30, 0xD8, 0x0C, 0xF6, 0x03, 0x3D, 0x80, 0xE3, 0x60, 0x7C, 0xD8, 0x7B, 0xB6, 0x18, 0x6D,
    0x80, 0x03, 0x60, 0x03, 0x18, 0x00, 0xE0, 0x00, 0x78, 0x00, 0x3B, 0x80, 0x7C, 0x78, 0x1C, 0x06,
    0x00, 0x00, 0x00, 0x00, 0x00, 0x00, 0x0D, 0x80, 0xC3, 0x60, 0x30, 0xD8, 0x0C, 0xF6, 0x03, 0xBD,
    0x80, 0xE3, 0x60, 0x6C, 0xD8, 0x73, 0xB6, 0x18, 0x6D, 0x80, 0x23, 0x40, 0x18, 0x60, 0x06, 0x18,
    0x01, 0xCF, 0x00, 0xF3, 0xE0, 0xE7, 0x9C, 0x10, 0xC3, 0x00, 0x00, 0x00, 0x00, 0x00, 0x00, 0x0D,
    0x80, 0xC3, 0x60, 0x30, 0xD8, 0x0C, 0xF6, 0x03, 0xBD, 0x80, 0xE3, 0x60, 0x7C, 0xD8, 0x3B, 0xB6,
    0x0C, 0x6D, 0x80, 0x02, 0x60, 0x0F, 0xE0, 0x07, 0xFE, 0x03, 0x01, 0x80, 0xC0, 0x60, 0x1C, 0x78,
    0x03, 0xFC, 0x00, 0x00, 0x00, 0x00, 0x00, 0x00, 0x01, 0x80, 0x60, 0x60, 0x18, 0x18, 0x06, 0x3E,
    0x01, 0x9F, 0x80, 0x60, 0x60, 0x1C, 0x18, 0x07, 0x3E, 0x03, 0xEF, 0x81, 0xD8, 0x60, 0xE3, 0x98,
    0x70, 0x66, 0x08, 0x09, 0x80, 0x00, 0x60, 0x00, 0x18, 0x00, 0x06, 0x00, 0x00, 0x00, 0x00, 0x00,
    0x00, 0x00, 0x00, 0x40, 0xC0, 0x18, 0xF0, 0x06, 0x7C, 0x01, 0x83, 0x00, 0xE0, 0xC0, 0x3D, 0xF0,
    0x1B, 0x8C, 0x1C, 0x73, 0x06, 0x0C, 0xC0, 0x00, 0x30, 0x1F, 0xFC, 0x03, 0xFF, 0x00, 0x00, 0xC0,
    0x00, 0x30, 0x00, 0x0C, 0x00, 0x03, 0x00, 0x00, 0x00, 0x00, 0x01, 0x80, 0x60, 0x60, 0x18, 0xF8,
    0x06, 0x3E, 0x01, 0x81, 0x80, 0xF3, 0xE0, 0x3C, 0xF8, 0x1D, 0xC6, 0x0E, 0x39, 0x83, 0x04, 0x60,
    0x30, 0x18, 0x0C, 0x06, 0x03, 0x00, 0x00, 0xC0, 0x00, 0x3F, 0xF8, 0x0F, 0xFE, 0x00, 0x00, 0x00,
    0x00, 0x00, 0x01, 0x81, 0x80, 0x63, 0xE0, 0x18, 0xF8, 0x06, 0x06, 0x03, 0xCF, 0x80, 0xFB, 0xE0,
    0x67, 0x18, 0x70, 0xE6, 0x08, 0x01, 0x80, 0xFF, 0xE0, 0x3F, 0xF8, 0x07, 0xFE, 0x03, 0xFF, 0x80,
    0xC0, 0x00, 0x3F, 0xF8, 0x0F, 0xFE, 0x00, 0x00, 0x00, 0x00, 0x00, 0x01, 0x83, 0x00, 0x60, 0xC0,
    0x19, 0xF0, 0x06, 0x3C, 0x01, 0x83, 0x00, 0xF7, 0xC0, 0x7E, 0xF0, 0x79, 0xCC, 0x1C, 0x33, 0x00,
    0x00, 0x40, 0x3F, 0xF0, 0x0F, 0xFC, 0x03, 0x03, 0x00, 0xC0, 0xC0, 0x3F, 0xF0, 0x0F, 0xFC, 0x00,
    0x00, 0x00, 0x00, 0x00, 0x01, 0x81, 0x80, 0x60, 0x60, 0x18, 0xF8, 0x06, 0x06, 0x01, 0xC1, 0x80,
    0xF3, 0xE0, 0x77, 0x18, 0x78, 0xE6, 0x08, 0x11, 0x80, 0x00, 0x00, 0x30, 0x18, 0x0F, 0xFE, 0x03,
    0xFF, 0x80, 0xC0, 0x60, 0x3F, 0xF8, 0x0F, 0xFE, 0x00, 0x00, 0x00, 0x00, 0x00, 0x00, 0x03, 0x00,
    0x60, 0xC0, 0x19, 0xF0, 0x06, 0x7C, 0x03, 0x83, 0x00, 0xF7, 0xC0, 0x6E, 0xF0, 0x39, 0xCC, 0x1C,
    0x33, 0x00, 0x00, 0xC0, 0x03, 0x30, 0x00, 0xE0, 0x00, 0x78, 0x00, 0x3B, 0x80, 0x7C, 0x78, 0x1C,
    0x0E, 0x00, 0x00, 0x00, 0x00, 0x00, 0x01, 0x83, 0x00, 0x60, 0xC0, 0x19, 0xF0, 0x06, 0x0C, 0x03,
    0x83, 0x00, 0xF7, 0xC0, 0x6E, 0xF0, 0x79, 0xCC, 0x1C, 0x33, 0x00, 0x00, 0x40, 0x18, 0x60, 0x06,
    0x18, 0x03, 0x8E, 0x01, 0xF3, 0xC0, 0xE7, 0x9C, 0x30, 0xC3, 0x00, 0x00, 0x00, 0x00, 0x00, 0x00,
    0x01, 0x80, 0x60, 0x60, 0x18, 0xF8, 0x06, 0x3E, 0x01, 0x81, 0x80, 0xF3, 0xE0, 0x76, 0xF8, 0x39,
    0xE6, 0x1C, 0x39, 0x82, 0x00, 0x60, 0x1F, 0xE0, 0x0F, 0xFC, 0x03, 0x01, 0x80, 0xC0, 0x60, 0x3E,
    0xF0, 0x07, 0xF8, 0x00, 0x00, 0x00, 0x00, 0x00, 0x00, 0x0D, 0x80, 0xC3, 0x60, 0x30, 0xD8, 0x0C,
    0xF6, 0x03, 0x3D, 0x80, 0xC3, 0x60, 0x38, 0xD8, 0x0E, 0xF6, 0x07, 0xBD, 0x81, 0xB3, 0x60, 0xCE,
    0xD8, 0x71, 0xB6, 0x08, 0x0D, 0x80, 0x03, 0x60, 0x00, 0xD8, 0x00, 0x06, 0x00, 0x00, 0x00, 0x00,
    0x00, 0x00, 0x0D, 0x80, 0xC3, 0x60, 0x33, 0xD8, 0x0C, 0xF6, 0x03, 0x0D, 0x80, 0xEF, 0x60, 0x7B,
    0xD8, 0x1B, 0x36, 0x1C, 0xED, 0x86, 0x1B, 0x60, 0x30, 0xD8, 0x0C, 0x36, 0x03, 0x00, 0x00, 0xC0,
    0x00, 0x3F, 0xF8, 0x0F, 0xFE, 0x00, 0x00, 0x00, 0x00, 0x00, 0x01, 0x0D, 0x80, 0xC3, 0x60, 0x33,
    0xD8, 0x0C, 0x36, 0x03, 0xBD, 0x81, 0xFF, 0x60, 0xEE, 0xD8, 0x71, 0xB6, 0x08, 0x0C, 0x80, 0xFF,
    0xE0, 0x3F, 0xF8, 0x00, 0x06, 0x03, 0xFF, 0x80, 0xC0, 0x00, 0x3F, 0xF8, 0x0F, 0xFF, 0x00, 0x00,
    0x00, 0x00, 0x00, 0x00, 0x0D, 0x80, 0xC3, 0x60, 0x33, 0xD8, 0x0C, 0xF6, 0x03, 0x8D, 0x80, 0xEF,
    0x60, 0x7F, 0xD8, 0x3B, 0xB6, 0x1C, 0x6D, 0x82, 0x03, 0x60, 0x0F, 0xE0, 0x07, 0xFE, 0x03, 0x01,
    0x80, 0xC0, 0x60, 0x1C, 0x78, 0x03, 0xFC, 0x00, 0x00, 0x00, 0x00, 0x00, 0x00, 0x00, 0x00, 0x0C,
    0x00, 0x03, 0x00, 0x00, 0xC0, 0x00, 0x78, 0x00, 0x1E, 0x00, 0x1C, 0xC0, 0x0E, 0x1C, 0x0F, 0x03,
    0xC3, 0x0C, 0x30, 0x03, 0x00, 0x00, 0xC0, 0x00, 0x30, 0x07, 0xFF, 0xF9, 0xFF, 0xFE, 0x00, 0x00,
    0x00, 0x00, 0x00, 0x00, 0x00, 0x00, 0x30, 0x00, 0x0C, 0x00, 0x07, 0x00, 0x03, 0xE0, 0x01, 0xDE,
    0x03, 0xE1, 0xE0, 0xE3, 0x38, 0x00, 0xC0, 0x1F, 0xFF, 0xC7, 0xFF, 0xF0, 0x00, 0x00, 0x1F, 0xFE,
    0x07, 0xFF, 0x80, 0x00, 0x60, 0x00, 0x18, 0x00, 0x06, 0x00, 0x01, 0x80, 0x00, 0x00, 0x00, 0x30,
    0x00, 0x0C, 0x00, 0x07, 0x00, 0x03, 0xE0, 0x03, 0xCF, 0x03, 0xCD, 0xE0, 0x03, 0x00, 0x3F, 0xFE,
    0x1F, 0xFF, 0xC0, 0x00, 0x00, 0x7D, 0xF0, 0x1F, 0xFC, 0x00, 0x63, 0x00, 0x18, 0xC0, 0x0E, 0x30,
    0x01, 0x8C, 0x00, 0x00, 0x00, 0x00, 0x00, 0x00, 0x20, 0x00, 0x0C, 0x00, 0x07, 0x00, 0x01, 0xE0,
    0x00, 0xDC, 0x00, 0xF3, 0xC0, 0xF3, 0x78, 0x10, 0xC0, 0x00, 0x30, 0x07, 0xFF, 0xF0, 0xFF, 0xFC,
    0x08, 0x00, 0x06, 0x00, 0x01, 0x80, 0x00, 0x60, 0x00, 0x1F, 0xFE, 0x03, 0xFF, 0x00, 0x00, 0x00,
    0x00, 0x20, 0x00, 0x1C, 0x00, 0x0F, 0x00, 0x07, 0x70, 0x0F, 0x8F, 0x83, 0x8C, 0xE0, 0x07, 0x00,
    0x7F, 0xFF, 0x00, 0x00, 0x01, 0xFF, 0xC0, 0x7F, 0xF0, 0x00, 0x0C, 0x07, 0xFF, 0x01, 0x80, 0x00,
    0x7F, 0xF0, 0x1F, 0xFC, 0x00, 0x00, 0x00, 0x00, 0x00, 0x00, 0x70, 0x00, 0x1C, 0x00, 0x0F, 0x80,
    0x07, 0x70, 0x0F, 0x8F, 0x83, 0x9C, 0xE0, 0x1F, 0xC0, 0x7F, 0xFF, 0x00, 0x00, 0x01, 0xF7, 0xC0,
    0x7D, 0xF0, 0x03, 0x44, 0x07, 0xDB, 0x01, 0x86, 0x40, 0x7F, 0xB0, 0x1F, 0xFC, 0x00, 0x00, 0x00,
    0x00, 0x00, 0x00, 0x20, 0x00, 0x1C, 0x00, 0x07, 0x00, 0x03, 0xE0, 0x03, 0x9E, 0x03, 0xC9, 0xE0,
    0x02, 0x00, 0x3F, 0xFE, 0x1F, 0xFF, 0xC0, 0x00, 0x00, 0x7F, 0xF0, 0x1F, 0xFC, 0x06, 0x03, 0x01,
    0x80, 0xC0, 0x7F, 0xF0, 0x1F, 0xFC, 0x00, 0x00, 0x00, 0x00, 0x00, 0x00, 0x20, 0x00, 0x1C, 0x00,
    0x07, 0x00, 0x03, 0xE0, 0x07, 0xDE, 0x03, 0xC9, 0xE0, 0x03, 0x00, 0x7F, 0xFE, 0x1F, 0xFF, 0xC0,
    0x00, 0x00, 0x60, 0x30, 0x1F, 0xFC, 0x07, 0xFF, 0x01, 0x80, 0xC0, 0x7F, 0xF0, 0x1F, 0xFC, 0x00,
    0x00, 0x00, 0x00, 0x00, 0x00, 0x70, 0x00, 0x1C, 0x00, 0x07, 0x00, 0x03, 0xE0, 0x07, 0x8F, 0x03,
    0xC9, 0xE0, 0x03, 0x00, 0x3F, 0xFE, 0x1F, 0xFF, 0xC0, 0x08, 0x00, 0x07, 0x00, 0x01, 0xC0, 0x00,
    0xF8, 0x00, 0x77, 0x00, 0xF8, 0xF8, 0x18, 0x0C, 0x00, 0x00, 0x00, 0x00, 0x00, 0x00, 0x30, 0x00,
    0x0C, 0x00, 0x07, 0x00, 0x01, 0xE0, 0x01, 0xDC, 0x03, 0xE3, 0xE0, 0xE3, 0x38, 0x00, 0xC0, 0x1F,
    0xFF, 0xC7, 0xFF, 0xF0, 0x00, 0x00, 0x0F, 0xF8, 0x07, 0x8F, 0x01, 0x80, 0xC0, 0x60, 0x30, 0x0F,
    0xF8, 0x01, 0xFC, 0x00, 0x00, 0x00, 0x00, 0x20, 0x00, 0x1C, 0x00, 0x07, 0x00, 0x07, 0xE0, 0x0F,
    0x8F, 0x03, 0xC9, 0xE0, 0x02, 0x00, 0x7F, 0xFF, 0x1F, 0xFF, 0xC1, 0xFF, 0xC0, 0x7F, 0xF0, 0x18,
    0x00, 0x07, 0xFF, 0x01, 0x80, 0x00, 0x7F, 0xF0, 0x1F, 0xFC, 0x00, 0x00, 0x00, 0x00, 0x00, 0x00,
    0x03, 0x00, 0x60, 0xC0, 0x18, 0x30, 0x06, 0x0C, 0x03, 0xC3, 0x00, 0xF8, 0xC0, 0xE7, 0xBC, 0x70,
    0xEF, 0x09, 0x83, 0x00, 0x60, 0xC0, 0x18, 0x30, 0x7F, 0xEC, 0x1F, 0xF3, 0x00, 0x00, 0xC0, 0x00,
    0x30, 0x00, 0x0C, 0x00, 0x00, 0x00, 0x00, 0x00, 0x01, 0x83, 0x00, 0x60, 0xC0, 0x18, 0x30, 0x0F,
    0x0C, 0x07, 0xE3, 0xC3, 0x9E, 0xF0, 0xD9, 0x30, 0x06, 0x0C, 0x1F, 0xFB, 0x07, 0xF8, 0xC0, 0x00,
    0x30, 0x1F, 0xFC, 0x00, 0x03, 0x00, 0x00, 0xC0, 0x00, 0x30, 0x00, 0x0C, 0x00, 0x00, 0x00, 0x00,
    0x00, 0x00, 0x07, 0x00, 0x61, 0xC0, 0x18, 0x70, 0x07, 0x1C, 0x03, 0xE6, 0x03, 0x9D, 0xF0, 0xD9,
    0x7C, 0x06, 0x18, 0x1F, 0xFF, 0x07, 0xFF, 0xC0, 0x00, 0x70, 0x18, 0x1C, 0x06, 0x00, 0x01, 0x80,
    0x00, 0x7F, 0xF0, 0x1F, 0xFC, 0x00, 0x00, 0x00, 0x00, 0x00, 0x01, 0x83, 0x00, 0x60, 0xC0, 0x1C,
    0x30, 0x0F, 0x8F, 0x0E, 0x7B, 0xC3, 0x6E, 0xC0, 0x18, 0x30, 0x7F, 0xEC, 0x1F, 0xC3, 0x01, 0xFF,
    0xC0, 0x7F, 0xF0, 0x00, 0x0C, 0x07, 0xFF, 0x01, 0x80, 0x00, 0x7F, 0xF0, 0x1F, 0xFE, 0x00, 0x00,
    0x00, 0x00, 0x00, 0x00, 0x83, 0x00, 0x30, 0xC0, 0x1C, 0x30, 0x07, 0x0C, 0x07, 0xF3, 0xC3, 0x8E,
    0xF0, 0xCC, 0x30, 0x03, 0x2C, 0x1F, 0xFF, 0x07, 0xF8, 0xC0, 0x1F, 0xE0, 0x0F, 0xF8, 0x06, 0x03,
    0x01, 0x80, 0xC0, 0x3D, 0xE0, 0x07, 0xF0, 0x00, 0x00, 0x00, 0x00, 0x00, 0x00, 0x0D, 0x80, 0x43,
    0x60, 0x18, 0xD8, 0x0E, 0x36, 0x03, 0x8D, 0x80, 0xF3, 0x60, 0xEE, 0xF8, 0x71, 0xFE, 0x09, 0x8D,
    0x80, 0x63, 0x60, 0x18, 0xD8, 0x7F, 0xF6, 0x1F, 0xCD, 0x80, 0x03, 0x60, 0x00, 0xD8, 0x00, 0x06,
    0x00, 0x00, 0x00, 0x00, 0x00, 0x01, 0x09, 0x80, 0xC7, 0x60, 0x31, 0xD8, 0x0E, 0x76, 0x07, 0xD9,
    0x87, 0xBF, 0xE1, 0xB0, 0xF8, 0x0C, 0x66, 0x1F, 0xFD, 0x87, 0xF7, 0x60, 0x01, 0xD8, 0x0C, 0x26,
    0x03, 0x00, 0x00, 0xC0, 0x00, 0x3F, 0xF8, 0x0F, 0xFE, 0x00, 0x00, 0x00, 0x00, 0x00, 0x01, 0x09,
    0x80, 0xC7, 0x60, 0x39, 0x98, 0x1F, 0x76, 0x0E, 0xFF, 0x87, 0xDB, 0x60, 0x31, 0x98, 0x7F, 0xF6,
    0x1F, 0xC9, 0x80, 0xFF, 0xE0, 0x3F, 0xF8, 0x00, 0x06, 0x03, 0xFF, 0x80, 0xC0, 0x00, 0x3F, 0xF8,
    0x0F, 0xFE, 0x00, 0x00, 0x00, 0x00, 0x00, 0x01, 0x09, 0x80, 0xC7, 0x60, 0x39, 0xD8, 0x0E, 0x66,
    0x0E, 0xFF, 0x87, 0x5F, 0xE0, 0x30, 0x98, 0x3F, 0xF6, 0x1F, 0xFD, 0x80, 0x02, 0x60, 0x3F, 0xF8,
    0x0F, 0xFE, 0x03, 0x01, 0x80, 0xC0, 0x60, 0x3F, 0xF8, 0x0F, 0xFE, 0x00, 0x00, 0x00, 0x00, 0x00,
    0x00, 0x0D, 0x80, 0x63, 0x60, 0x38, 0xD8, 0x0E, 0x36, 0x07, 0xEF, 0x87, 0x9B, 0xE0, 0x90, 0xD8,
    0x06, 0x36, 0x1F, 0xFD, 0x87, 0xF3, 0x60, 0x03, 0x18, 0x00, 0xC4, 0x00, 0x78, 0x00, 0x3F, 0x00,
    0x7C, 0xF8, 0x1C, 0x0E, 0x00, 0x00, 0x00, 0x00, 0x00, 0x01, 0x0D, 0x80, 0xE3, 0x60, 0x38, 0xD8,
    0x0E, 0x36, 0x06, 0xEF, 0x87, 0x5B, 0xE0, 0x18, 0xD8, 0x3F, 0xF6, 0x1F, 0xFD, 0x80, 0x03, 0x60,
    0x18, 0x60, 0x06, 0x18, 0x01, 0xC6, 0x00, 0xF3, 0xC0, 0xE7, 0x9C, 0x30, 0xC3, 0x00, 0x00, 0x00,
    0x00, 0x00, 0x00, 0x03, 0x00, 0x30, 0xC0, 0x0C, 0x30, 0x07, 0x0C, 0x01, 0xC3, 0x00, 0xF8, 0xC0,
    0x77, 0xB0, 0x38, 0x6C, 0x08, 0xC3, 0x00, 0x30, 0xC0, 0x0C, 0xB0, 0x7F, 0xFC, 0x1F, 0xF3, 0x00,
    0x00, 0xC0, 0x00, 0x30, 0x00, 0x0C, 0x00, 0x00, 0x00, 0x00, 0x00, 0x00, 0x83, 0x00, 0x70, 0xC0,
    0x1C, 0x30, 0x07, 0x0C, 0x03, 0xE3, 0x03, 0xCE, 0xC0, 0xD9, 0xB0, 0x06, 0x0C, 0x0F, 0xFF, 0x07,
    0xFE, 0xC0, 0x00, 0x30, 0x0C, 0x0C, 0x03, 0x00, 0x00, 0xC0, 0x00, 0x3F, 0xF8, 0x0F, 0xFE, 0x00,
    0x00, 0x00, 0x00, 0x00, 0x00, 0x83, 0x00, 0x70, 0xC0, 0x1C, 0x30, 0x0F, 0xCC, 0x0F, 0x3B, 0x03,
    0x30, 0xC0, 0x1F, 0xB0, 0x7F, 0xFC, 0x0C, 0x03, 0x00, 0xFF, 0xC0, 0x3F, 0xF0, 0x00, 0x0C, 0x03,
    0xFF, 0x00, 0xC0, 0x00, 0x3F, 0xF8, 0x0F, 0xFE, 0x00, 0x00, 0x00, 0x00, 0x00, 0x00, 0x83, 0x00,
    0x70, 0xC0, 0x1C, 0x30, 0x07, 0x8C, 0x07, 0x7B, 0x03, 0xAE, 0xC0, 0x9C, 0x30, 0x07, 0xEC, 0x1F,
    0xFF, 0x03, 0x00, 0x40, 0x3F, 0xF0, 0x0F, 0xFC, 0x03, 0x03, 0x00, 0xC0, 0xC0, 0x3F, 0xF0, 0x0F,
    0xFC, 0x00, 0x00, 0x00, 0x00, 0x00, 0x00, 0x83, 0x00, 0x70, 0xC0, 0x1C, 0x30, 0x0F, 0x8C, 0x0F,
    0x7B, 0x03, 0xA6, 0xC0, 0x18, 0x30, 0x7F, 0xFC, 0x1F, 0xFB, 0x00, 0x00, 0x00, 0x30, 0x10, 0x0F,
    0xFC, 0x03, 0xFF, 0x00, 0xC0, 0xC0, 0x3F, 0xF0, 0x0F, 0xFC, 0x00, 0x00, 0x00, 0x00, 0x00, 0x00,
    0x83, 0x00, 0x70, 0xC0, 0x1C, 0x30, 0x07, 0x8C, 0x07, 0x7B, 0x03, 0xAE, 0xC0, 0xCC, 0x30, 0x03,
    0x2C, 0x1F, 0xFF, 0x03, 0xF0, 0xC0, 0x03, 0x30, 0x00, 0xC4, 0x00, 0x78, 0x00, 0x3F, 0x00, 0x7C,
    0xF8, 0x1C, 0x0E, 0x00, 0x00, 0x00, 0x00, 0x00, 0x00, 0x00, 0x00, 0x0C, 0x00, 0x03, 0x00, 0x00,
    0xE0, 0x00, 0x78, 0x00, 0x1F, 0x00, 0x1C, 0xE0, 0x1E, 0x1E, 0x0F, 0x03, 0xC0, 0x21, 0x00, 0x18,
    0x60, 0x06, 0x18, 0x01, 0x86, 0x07, 0xFF, 0xF9, 0xFF, 0xFE, 0x00, 0x00, 0x00, 0x00, 0x00, 0x00,
    0x00, 0x00, 0x30, 0x00, 0x0C, 0x00, 0x07, 0x00, 0x03, 0xE0, 0x03, 0xCE, 0x03, 0xC1, 0xE0, 0x58,
    0xD8, 0x06, 0x30, 0x1F, 0xFF, 0xC7, 0xFF, 0xF0, 0x00, 0x00, 0x1F, 0xFC, 0x00, 0x03, 0x00, 0x00,
    0xC0, 0x00, 0x30, 0x00, 0x0C, 0x00, 0x00, 0x00, 0x00, 0x00, 0x00, 0x30, 0x00, 0x0C, 0x00, 0x03,
    0x00, 0x01, 0xE0, 0x00, 0xDC, 0x01, 0xE3, 0xE0, 0xF8, 0x7C, 0x06, 0x18, 0x01, 0xC6, 0x07, 0xFF,
    0xF8, 0xFF, 0xFC, 0x08, 0x00, 0x06, 0x00, 0x01, 0x80, 0x00, 0x60, 0x00, 0x1F, 0xFE, 0x03, 0xFF,
    0x80, 0x00, 0x00, 0x00, 0x60, 0x00, 0x18, 0x00, 0x07, 0x00, 0x07, 0xF0, 0x0F, 0x8F, 0x83, 0xE3,
    0xE0, 0x18, 0xC0, 0x7F, 0xFF, 0x1F, 0xFF, 0xC1, 0xFF, 0x80, 0x7F, 0xF0, 0x00, 0x0C, 0x07, 0xFF,
    0x01, 0x80, 0x00, 0x7F, 0xF0, 0x1F, 0xFC, 0x00, 0x00, 0x00, 0x00, 0x00, 0x00, 0x60, 0x00, 0x18,
    0x00, 0x07, 0x00, 0x07, 0xE0, 0x07, 0x9F, 0x03, 0xC1, 0xE0, 0x18, 0xC0, 0x3F, 0xFE, 0x1F, 0xFF,
    0xC0, 0x00, 0x00, 0x7F, 0xE0, 0x1F, 0xFC, 0x06, 0x03, 0x01, 0x80, 0xC0, 0x7F, 0xF0, 0x1F, 0xFC,
    0x00, 0x00, 0x00, 0x00, 0x00, 0x00, 0x60, 0x00, 0x18, 0x00, 0x07, 0x00, 0x07, 0xE0, 0x0F, 0x8F,
    0x03, 0xC1, 0xE0, 0x18, 0xC0, 0x7F, 0xFE, 0x1F, 0xFF, 0xC0, 0x00, 0x00, 0x60, 0x30, 0x1F, 0xFC,
    0x07, 0xFF, 0x01, 0x80, 0xC0, 0x7F, 0xF0, 0x1F, 0xFC, 0x00, 0x00, 0x00, 0x00, 0x00, 0x00, 0x30,
    0x00, 0x0C, 0x00, 0x07, 0x00, 0x03, 0xF0, 0x07, 0x8F, 0x03, 0xC1, 0xE0, 0x18, 0xC0, 0x06, 0x30,
    0x1F, 0xFF, 0xC2, 0x0C, 0x20, 0x03, 0x00, 0x00, 0xC0, 0x00, 0x78, 0x00, 0x77, 0x00, 0x78, 0xF0,
    0x18, 0x0C, 0x00, 0x00, 0x00, 0x00, 0x00, 0x00, 0x60, 0x00, 0x18, 0x00, 0x07, 0x00, 0x07, 0xE0,
    0x07, 0x9F, 0x03, 0xC1, 0xE0, 0x18, 0xC0, 0x06, 0x30, 0x1F, 0xFF, 0xC2, 0x80, 0xA0, 0x0F, 0x80,
    0x0F, 0xF8, 0x06, 0x07, 0x01, 0x80, 0xC0, 0x78, 0xF0, 0x0F, 0xF8, 0x00, 0x00, 0x00, 0x00, 0x00,
    0x00, 0x30, 0x00, 0x0C, 0x00, 0x07, 0x00, 0x01, 0xE0, 0x00, 0xFC, 0x00, 0xF3, 0xC0, 0xF0, 0x78,
    0x10, 0x02, 0x00, 0x00, 0x07, 0xFF, 0xF1, 0xFF, 0xFC, 0x00, 0xC0, 0x00, 0x30, 0x00, 0x0C, 0x00,
    0x03, 0x00, 0x00, 0xC0, 0x00, 0x30, 0x00, 0x00, 0x00, 0x00, 0x30, 0x00, 0x1C, 0x00, 0x07, 0x00,
    0x03, 0xF0, 0x07, 0x8F, 0x03, 0xC1, 0xE0, 0x00, 0x00, 0x7F, 0xFF, 0x1F, 0xFF, 0xC0, 0x08, 0x00,
    0x7F, 0xF0, 0x1F, 0xFC, 0x00, 0x03, 0x00, 0x00, 0xC0, 0x00, 0x30, 0x00, 0x0C, 0x00, 0x00, 0x00,
    0x00, 0x00, 0x00, 0x30, 0x00, 0x0C, 0x00, 0x07, 0x00, 0x01, 0xE0, 0x01, 0xCE, 0x03, 0xE1, 0xE0,
    0x60, 0x18, 0x00, 0x00, 0x1F, 0xFF, 0xC3, 0xFF, 0xF0, 0x03, 0x00, 0x18, 0xC0, 0x06, 0x30, 0x01,
    0x80, 0x00, 0x7F, 0xF8, 0x1F, 0xFE, 0x00, 0x00, 0x00, 0x00, 0x00, 0x00, 0x20, 0x00, 0x1C, 0x00,
    0x07, 0x00, 0x03, 0xE0, 0x07, 0x8F, 0x03, 0xC1, 0xE0, 0x00, 0x00, 0x7F, 0xFF, 0x1F, 0xFF, 0xC0,
    0x08, 0x00, 0x7F, 0xF0, 0x1F, 0xFC, 0x06, 0x00, 0x01, 0x80, 0x00, 0x7F, 0xF0, 0x1F, 0xFC, 0x00,
    0x00, 0x00, 0x00, 0x00, 0x00, 0x70, 0x00, 0x1C, 0x00, 0x0F, 0x80, 0x0F, 0x70, 0x0F, 0x8F, 0x83,
    0x00, 0x41, 0xFF, 0xFC, 0x7F, 0xFF, 0x00, 0x20, 0x01, 0xFF, 0xC0, 0x7F, 0xF0, 0x00, 0x0C, 0x07,
    0xFF, 0x01, 0x80, 0x00, 0x7F, 0xF0, 0x1F, 0xFC, 0x00, 0x00, 0x00, 0x00, 0x00, 0x00, 0x20, 0x00,
    0x1C, 0x00, 0x07, 0x00, 0x03, 0xE0, 0x03, 0xDE, 0x03, 0xC1, 0xE0, 0x00, 0x10, 0x7F, 0xFF, 0x1F,
    0xFF, 0xC0, 0x08, 0x00, 0x7F, 0xF0, 0x1F, 0xFC, 0x06, 0x03, 0x01, 0x80, 0xC0, 0x7F, 0xF0, 0x1F,
    0xFC, 0x00, 0x00, 0x00, 0x00, 0x00, 0x00, 0x30, 0x00, 0x1C, 0x00, 0x07, 0x00, 0x07, 0x70, 0x0F,
    0x8F, 0x03, 0x81, 0xE0, 0x00, 0x00, 0x7F, 0xFF, 0x0F, 0xFF, 0x80, 0x0C, 0x00, 0x62, 0x30, 0x1F,
    0xFC, 0x07, 0xFF, 0x01, 0x80, 0xC0, 0x7F, 0xF0, 0x1F, 0xFC, 0x00, 0x00, 0x00, 0x00, 0x00, 0x00,
    0x30, 0x00, 0x1C, 0x00, 0x07, 0x00, 0x07, 0x70, 0x07, 0x8F, 0x03, 0xC1, 0xE0, 0x00, 0x00, 0x7F,
    0xFF, 0x1F, 0xFF, 0xC0, 0x08, 0x00, 0x02, 0x00, 0x01, 0xC0, 0x00, 0x70, 0x00, 0x3E, 0x00, 0xFD,
    0xF8, 0x3C, 0x1E, 0x00, 0x00, 0x00, 0x00, 0x00, 0x00, 0x20, 0x00, 0x1C, 0x00, 0x07, 0x00, 0x03,
    0xE0, 0x03, 0xDE, 0x03, 0xC1, 0xE0, 0x00, 0x10, 0x7F, 0xFF, 0x1F, 0xFF, 0xC0, 0x08, 0x00, 0x1F,
    0xC0, 0x1F, 0xF8, 0x06, 0x03, 0x01, 0x80, 0xC0, 0x78, 0xE0, 0x0F, 0xF0, 0x00, 0x00, 0x00, 0x00,
    0x00, 0x00, 0x20, 0x00, 0x1C, 0x00, 0x07, 0x00, 0x07, 0x70, 0x0F, 0x8F, 0x83, 0x80, 0xE1, 0xFF,
    0xFC, 0x7F, 0xFF, 0x00, 0x20, 0x00, 0x08, 0x00, 0x07, 0x00, 0x1F, 0xFC, 0x00, 0x70, 0x00, 0x3E,
    0x00, 0x7D, 0xF0, 0x3C, 0x1E, 0x00, 0x00, 0x00, 0x00, 0x00, 0x00, 0x30, 0x00, 0x1C, 0x00, 0x0F,
    0x80, 0x0F, 0x70, 0x0F, 0x8F, 0x83, 0x00, 0x41, 0xFF, 0xFC, 0x7F, 0xFF, 0x00, 0x20, 0x01, 0xFF,
    0xC0, 0x7F, 0xF0, 0x18, 0x00, 0x07, 0xFF, 0x01, 0x80, 0x00, 0x7F, 0xF0, 0x1F, 0xFC, 0x00, 0x00,
    0x00, 0x00, 0x00, 0x00, 0x20, 0x00, 0x1C, 0x00, 0x07, 0x00, 0x03, 0xE0, 0x03, 0xDE, 0x03, 0xC1,
    0xE0, 0x40, 0x10, 0x7F, 0xFF, 0x1F, 0xFF, 0xC0, 0x08, 0x00, 0x7F, 0xF0, 0x1F, 0xFC, 0x01, 0x8C,
    0x00, 0x63, 0x00, 0x7F, 0xF0, 0x3F, 0xFE, 0x00, 0x00, 0x00, 0x00, 0x00, 0x00, 0x81, 0x80, 0x30,
    0x60, 0x1C, 0x18, 0x07, 0x06, 0x03, 0xE1, 0x83, 0xCE, 0x60, 0xE1, 0x98, 0x00, 0x06, 0x1F, 0xFD,
    0x87, 0xFE, 0x60, 0x08, 0x18, 0x07, 0x7E, 0x01, 0xC1, 0x80, 0x70, 0x60, 0x1C, 0x18, 0x02, 0x06,
    0x00, 0x00, 0x00, 0x00, 0x00, 0x01, 0x83, 0x00, 0x70, 0xE0, 0x1C, 0x38, 0x0F, 0x8E, 0x0E, 0x7B,
    0x83, 0x06, 0xE1, 0xFF, 0xF8, 0x7F, 0xEE, 0x01, 0x9F, 0x80, 0x63, 0xE0, 0x18, 0x50, 0x06, 0x18,
    0x01, 0x8E, 0x00, 0xF3, 0xC0, 0xE7, 0xBC, 0x30, 0xC3, 0x00, 0x00, 0x00, 0x00, 0x00, 0x00, 0x0D,
    0x80, 0xC3, 0x60, 0x30, 0xD8, 0x0C, 0x36, 0x07, 0x8D, 0x83, 0xBB, 0x61, 0xC6, 0xD8, 0x00, 0xB6,
    0x1F, 0xED, 0x87, 0xC3, 0x60, 0x37, 0xD8, 0x0D, 0xF6, 0x03, 0x0D, 0x80, 0xC3, 0x60, 0x30, 0xD8,
    0x00, 0x06, 0x00, 0x00, 0x00, 0x00, 0x00, 0x01, 0x0D, 0x80, 0x63, 0x60, 0x38, 0xD8, 0x0F, 0x36,
    0x0E, 0xED, 0x83, 0x0B, 0x60, 0xFF, 0xD8, 0x7F, 0xB6, 0x01, 0xBD, 0x80, 0x6F, 0x60, 0x10, 0x58,
    0x0F, 0xFE, 0x03, 0xFF, 0x80, 0x00, 0x60, 0x00, 0x18, 0x00, 0x06, 0x00, 0x00, 0x00, 0x00, 0x00,
    0x00, 0x0D, 0x80, 0xC3, 0x60, 0x30, 0xD8, 0x0E, 0x36, 0x0E, 0xED, 0x87, 0x1B, 0x60, 0x82, 0xD8,
    0x7F, 0xF6, 0x1F, 0x8D, 0x80, 0xDF, 0x60, 0x32, 0xD8, 0x08, 0x36, 0x03, 0x00, 0x00, 0xC0, 0x00,
    0x3F, 0xF8, 0x0F, 0xFE, 0x00, 0x00, 0x00, 0x00, 0x00, 0x01, 0x0D, 0x80, 0xC3, 0x60, 0x38, 0xD8,
    0x1F, 0xB6, 0x0C, 0x6D, 0x82, 0x3B, 0x61, 0xFE, 0xD8, 0x0D, 0xF6, 0x03, 0x7D, 0x80, 0x42, 0x40,
    0x3F, 0xF8, 0x0F, 0xF6, 0x03, 0xFF, 0x80, 0xC0, 0x00, 0x3F, 0xF8, 0x0F, 0xFE, 0x00, 0x00, 0x00,
    0x00, 0x00, 0x01, 0x0D, 0x80, 0xC3, 0x60, 0x38, 0xD8, 0x1F, 0x36, 0x1E, 0xED, 0x82, 0x03, 0x61,
    0xFF, 0xD8, 0x7F, 0xB6, 0x03, 0x7D, 0x80, 0xDF, 0x60, 0x10, 0xD0, 0x0F, 0xFE, 0x03, 0xFF, 0x80,
    0xC0, 0x60, 0x3F, 0xF8, 0x0F, 0xFE, 0x00, 0x00, 0x00, 0x00, 0x00, 0x01, 0x0D, 0x80, 0x63, 0x60,
    0x38, 0xD8, 0x1F, 0x36, 0x0E, 0xED, 0x82, 0x0B, 0x61, 0xFF, 0xD8, 0x7F, 0xB6, 0x01, 0xBD, 0x80,
    0x6F, 0x60, 0x1F, 0xD8, 0x07, 0xFC, 0x03, 0x83, 0x80, 0xC0, 0x60, 0x3C, 0x78, 0x07, 0xFC, 0x00,
    0x00, 0x00, 0x00, 0x00, 0x00, 0x81, 0x80, 0x70, 0x60, 0x1C, 0x18, 0x07, 0x06, 0x03, 0xF1, 0x83,
    0xCE, 0x60, 0xC1, 0x98, 0x00, 0x06, 0x1F, 0xFD, 0x87, 0xFE, 0x60, 0x0C, 0x18, 0x03, 0x06, 0x00,
    0xC1, 0x80, 0x30, 0x60, 0x0C, 0x18, 0x02, 0x06, 0x00, 0x00, 0x00, 0x00, 0x00, 0x00, 0x83, 0x00,
    0x30, 0xC0, 0x1C, 0x30, 0x07, 0x8C, 0x07, 0x7B, 0x03, 0x8E, 0xC0, 0x00, 0x30, 0x7F, 0xFC, 0x1F,
    0xFB, 0x00, 0x30, 0xC0, 0x3F, 0xF0, 0x1F, 0xFC, 0x00, 0x03, 0x00, 0x00, 0xC0, 0x00, 0x30, 0x00,
    0x0C, 0x00, 0x00, 0x00, 0x00, 0x00, 0x00, 0xC1, 0x80, 0x30, 0x60, 0x0C, 0x18, 0x07, 0x86, 0x03,
    0xF1, 0x83, 0xCF, 0x60, 0x40, 0x18, 0x2F, 0xF6, 0x1F, 0xFD, 0x80, 0x30, 0x60, 0x0C, 0x18, 0x0F,
    0x06, 0x03, 0x00, 0x00, 0xC0, 0x00, 0x3F, 0xF8, 0x0F, 0xFE, 0x00, 0x00, 0x00, 0x00, 0x00, 0x00,
    0x83, 0x00, 0x70, 0xC0, 0x1C, 0x30, 0x0F, 0xCC, 0x0F, 0x3B, 0x03, 0x02, 0xC1, 0xFF, 0xF0, 0x7F,
    0xEC, 0x00, 0xC3, 0x00, 0xFF, 0xC0, 0x3F, 0xF0, 0x00, 0x0C, 0x03, 0xFF, 0x00, 0xC0, 0x00, 0x3F,
    0xF8, 0x0F, 0xFE, 0x00, 0x00, 0x00, 0x00, 0x00, 0x00, 0x83, 0x00, 0x30, 0xC0, 0x1C, 0x30, 0x0F,
    0x8C, 0x07, 0x7B, 0x03, 0x86, 0xC0, 0x00, 0xB0, 0x7F, 0xFC, 0x1F, 0xF3, 0x00, 0x30, 0x40, 0x3F,
    0xF0, 0x0F, 0xFC, 0x03, 0x03, 0x00, 0xC0, 0xC0, 0x3F, 0xF0, 0x0F, 0xFC, 0x00, 0x00, 0x00, 0x00,
    0x00, 0x00, 0xC3, 0x00, 0x30, 0xC0, 0x1C, 0x30, 0x07, 0x8C, 0x0F, 0x3B, 0x03, 0x86, 0xC0, 0x02,
    0xF0, 0x7F, 0xFC, 0x0F, 0xC3, 0x00, 0x30, 0x00, 0x2C, 0x10, 0x0F, 0xFC, 0x03, 0xFF, 0x00, 0xC0,
    0xC0, 0x3F, 0xF0, 0x0F, 0xFC, 0x00, 0x00, 0x00, 0x00, 0x00, 0x00, 0x83, 0x00, 0x30, 0xC0, 0x1C,
    0x30, 0x07, 0x8C, 0x07, 0x7B, 0x03, 0x8E, 0xC0, 0x00, 0x30, 0x7F, 0xFC, 0x1F, 0xFB, 0x00, 0x60,
    0xC0, 0x1B, 0x30, 0x06, 0xCC, 0x00, 0x38, 0x00, 0x3F, 0x00, 0x7C, 0xF8, 0x1C, 0x0E, 0x00, 0x00,
    0x00, 0x00, 0x00, 0x00, 0x00, 0x00, 0x60, 0xC0, 0x18, 0x30, 0x07, 0x0C, 0x03, 0xE3, 0x03, 0xDE,
    0xC0, 0xC1, 0xB0, 0x01, 0xEC, 0x1F, 0xFB, 0x02, 0x60, 0xC0, 0x18, 0x30, 0x07, 0xF8, 0x03, 0xFF,
    0x01, 0xC0, 0xC0, 0x30, 0x30, 0x0F, 0xF8, 0x00, 0xFC, 0x00, 0x00, 0x00, 0x00, 0x20, 0x00, 0x1C,
    0x00, 0x07, 0x00, 0x01, 0xC0, 0x00, 0xFC, 0x00, 0xF3, 0x80, 0xF0, 0x7C, 0x30, 0x06, 0x00, 0x00,
    0x07, 0xFF, 0xF1, 0xFF, 0xFC, 0x06, 0x18, 0x01, 0x86, 0x00, 0x61, 0x80, 0x18, 0x60, 0x06, 0x18,
    0x01, 0x86, 0x00, 0x00, 0x00, 0x00, 0x60, 0x00, 0x18, 0x00, 0x07, 0x00, 0x03, 0xE0, 0x03, 0x9E,
    0x03, 0xC1, 0xE0, 0x00, 0x10, 0x7F, 0xFF, 0x1F, 0xFF, 0xC0, 0x63, 0x00, 0x7F, 0xF0, 0x3F, 0xFC,
    0x00, 0x03, 0x00, 0x00, 0xC0, 0x00, 0x30, 0x00, 0x0C, 0x00, 0x00, 0x00, 0x00, 0x00, 0x00, 0x60,
    0x00, 0x1C, 0x00, 0x0F, 0x00, 0x0F, 0x70, 0x0F, 0x8F, 0x83, 0x00, 0xE1, 0xFF, 0xFC, 0x7F, 0xFF,
    0x01, 0x8C, 0x01, 0xFF, 0xC0, 0x7F, 0xF0, 0x00, 0x0C, 0x07, 0xFF, 0x01, 0x80, 0x00, 0x7F, 0xF0,
    0x1F, 0xFC, 0x00, 0x00, 0x00, 0x00, 0x00, 0x00, 0x60, 0x00, 0x18, 0x00, 0x0F, 0x00, 0x07, 0x70,
    0x0F, 0x8F, 0x03, 0x81, 0xE0, 0x00, 0x00, 0x7F, 0xFF, 0x1F, 0xFF, 0x80, 0x63, 0x00, 0x7F, 0xF0,
    0x1F, 0xFC, 0x06, 0x03, 0x01, 0x80, 0xC0, 0x7F, 0xF0, 0x1F, 0xFC, 0x00, 0x00, 0x00, 0x00, 0x00,
    0x00, 0x60, 0x00, 0x18, 0x00, 0x07, 0x00, 0x03, 0xE0, 0x07, 0x9E, 0x03, 0xC1, 0xE0, 0x00, 0x00,
    0x7F, 0xFE, 0x1F, 0xFF, 0xC0, 0xC3, 0x00, 0x36, 0xC0, 0x0D, 0x90, 0x00, 0xF0, 0x00, 0x7E, 0x00,
    0xF8, 0xF0, 0x38, 0x1C, 0x00, 0x00, 0x00, 0x00, 0x00, 0x00, 0x20, 0x00, 0x1C, 0x00, 0x07, 0x00,
    0x03, 0xE0, 0x03, 0xDE, 0x03, 0xE3, 0xE0, 0xC0, 0x18, 0x2F, 0xFA, 0x1F, 0xFF, 0xC0, 0x63, 0x00,
    0x1F, 0xC0, 0x0F, 0xF8, 0x07, 0x07, 0x01, 0x80, 0xC0, 0x70, 0x30, 0x0F, 0xF8, 0x00, 0xF8, 0x00,
    0x00, 0x00, 0x00, 0x00, 0x00, 0x0C, 0x00, 0x03, 0x00, 0x00, 0xC0, 0x00, 0x38, 0x00, 0x1E, 0x00,
    0x0E, 0xC0, 0x07, 0x3C, 0x0F, 0x83, 0xC3, 0x80, 0x70, 0x00, 0x00, 0x00, 0x00, 0x00, 0x00, 0x03,
    0xFF, 0xF9, 0xFF, 0xFF, 0x00, 0x00, 0x00, 0x00, 0x00, 0x00, 0x00, 0x00, 0x30, 0x00, 0x0C, 0x00,
    0x07, 0x00, 0x01, 0xE0, 0x01, 0xDC, 0x03, 0xE3, 0xE0, 0xE0, 0x38, 0x00, 0x00, 0x1F, 0xFF, 0xC7,
    0xFF, 0xF0, 0x00, 0x00, 0x1F, 0xFE, 0x07, 0xFF, 0x80, 0x00, 0xE0, 0x00, 0x38, 0x00, 0x0E, 0x00,
    0x01, 0x00, 0x00, 0x00, 0x00, 0x20, 0x00, 0x1C, 0x00, 0x07, 0x00, 0x03, 0xE0, 0x01, 0xDC, 0x03,
    0xE3, 0xE0, 0xE0, 0x38, 0x00, 0x00, 0x1F, 0xFF, 0xC7, 0xFF, 0xF0, 0x00, 0x00, 0x18, 0x00, 0x06,
    0x00, 0x01, 0x80, 0x00, 0x7F, 0xF0, 0x1F, 0xFC, 0x00, 0x00, 0x00, 0x00, 0x00, 0x00, 0x20, 0x00,
    0x1C, 0x00, 0x07, 0x00, 0x07, 0x70, 0x0F, 0x8F, 0x83, 0x80, 0xE0, 0xFF, 0xFC, 0x7F, 0xFF, 0x00,
    0x00, 0x01, 0xFF, 0xC0, 0x7F, 0xF0, 0x00, 0x0C, 0x07, 0xFF, 0x01, 0x80, 0x00, 0x7F, 0xF0, 0x1F,
    0xFE, 0x00, 0x00, 0x00, 0x00, 0x00, 0x00, 0x20, 0x00, 0x18, 0x00, 0x07, 0x00, 0x03, 0xE0, 0x03,
    0xDE, 0x03, 0xC1, 0xE0, 0x00, 0x00, 0x7F, 0xFF, 0x1F, 0xFF, 0x80, 0x00, 0x00, 0x7F, 0xF0, 0x03,
    0x0C, 0x07, 0xC3, 0x01, 0xC0, 0xC0, 0x7E, 0x30, 0x1F, 0x8C, 0x00, 0x00, 0x00, 0x00, 0x00, 0x00,
    0x20, 0x00, 0x1C, 0x00, 0x07, 0x00, 0x03, 0xE0, 0x03, 0xCF, 0x03, 0xC1, 0xE0, 0x00, 0x00, 0x7F,
    0xFF, 0x1F, 0xFF, 0xC0, 0x00, 0x00, 0x7F, 0xF0, 0x1F, 0xFC, 0x06, 0x03, 0x01, 0x80, 0xC0, 0x7F,
    0xF0, 0x1F, 0xFC, 0x00, 0x00, 0x00, 0x00, 0x00, 0x00, 0x20, 0x00, 0x1C, 0x00, 0x07, 0x00, 0x03,
    0xE0, 0x07, 0x8F, 0x03, 0xC1, 0xE0, 0x00, 0x00, 0x7F, 0xFF, 0x1F, 0xFF, 0xC0, 0x00, 0x00, 0x60,
    0x30, 0x1F, 0xFC, 0x07, 0xFF, 0x01, 0x80, 0xC0, 0x7F, 0xF0, 0x1F, 0xFC, 0x00, 0x00, 0x00, 0x00,
    0x00, 0x00, 0x20, 0x00, 0x1C, 0x00, 0x07, 0x00, 0x03, 0xE0, 0x03, 0xDE, 0x03, 0xC1, 0xE0, 0x40,
    0x10, 0x3F, 0xFE, 0x1F, 0xFF, 0xC0, 0x00, 0x00, 0x02, 0x00, 0x01, 0xC0, 0x00, 0x70, 0x00, 0x77,
    0x00, 0x78, 0xF0, 0x38, 0x0E, 0x00, 0x00, 0x00, 0x00, 0x00, 0x00, 0x20, 0x00, 0x1C, 0x00, 0x07,
    0x00, 0x03, 0xE0, 0x03, 0xDE, 0x03, 0xC1, 0xE0, 0x40, 0x10, 0x7F, 0xFF, 0x1F, 0xFF, 0xC0, 0x00,
    0x00, 0x1F, 0xC0, 0x1F, 0xFC, 0x06, 0x03, 0x01, 0x80, 0xC0, 0x78, 0xF0, 0x0F, 0xF8, 0x00, 0x00,
    0x00, 0x00, 0x00, 0x00, 0x01, 0x80, 0x60, 0x60, 0x18, 0x18, 0x06, 0x06, 0x01, 0x81, 0x80, 0x60,
    0x60, 0x1C, 0x18, 0x07, 0x06, 0x03, 0xE1, 0x81, 0xD8, 0x60, 0xE3, 0x98, 0x70, 0x66, 0x08, 0x09,
    0x80, 0x00, 0x60, 0x00, 0x18, 0x00, 0x06, 0x00, 0x00, 0x00, 0x00, 0x00, 0x00, 0x01, 0x80, 0x60,
    0x60, 0x18, 0x18, 0x06, 0x06, 0x01, 0xC1, 0x80, 0xF8, 0x60, 0x77, 0x18, 0x38, 0xE6, 0x0C, 0x19,
    0x80, 0x00, 0x60, 0x3F, 0xF8, 0x0F, 0xFE, 0x00, 0x01, 0x80, 0x00, 0x60, 0x00, 0x18, 0x00, 0x06,
    0x00, 0x00, 0x00, 0x00, 0x00, 0x00, 0x01, 0x80, 0x60, 0x60, 0x18, 0x18, 0x06, 0x06, 0x01, 0xC1,
    0x80, 0xF0, 0x60, 0x36, 0x18, 0x19, 0xE6, 0x0E, 0x39, 0x82, 0x00, 0x60, 0x30, 0x18, 0x0C, 0x06,
    0x03, 0x00, 0x00, 0xC0, 0x00, 0x3F, 0xF8, 0x0F, 0xFE, 0x00, 0x00, 0x00, 0x00, 0x00, 0x00, 0x83,
    0x00, 0x60, 0xC0, 0x18, 0x30, 0x06, 0x0C, 0x01, 0xC3, 0x00, 0xF8, 0xC0, 0x77, 0x30, 0x78, 0xEC,
    0x18, 0x13, 0x00, 0x00, 0x40, 0x3F, 0xF8, 0x0F, 0xFC, 0x03, 0x00, 0x00, 0xC0, 0x00, 0x3F, 0xF8,
    0x0F, 0xFE, 0x00, 0x00, 0x00, 0x00, 0x00, 0x01, 0x83, 0x00, 0x60, 0xC0, 0x18, 0x30, 0x07, 0x0C,
    0x03, 0xC3, 0x01, 0xD8, 0xC0, 0xE7, 0xB0, 0x70, 0x6C, 0x00, 0x01, 0x00, 0xFF, 0xC0, 0x3F, 0xB0,
    0x0F, 0xFC, 0x03, 0xFF, 0x00, 0xC0, 0x00, 0x3F, 0xF8, 0x0F, 0xFE, 0x00, 0x00, 0x00, 0x00, 0x00,
    0x00, 0x03, 0x00, 0x60, 0xC0, 0x18, 0x30, 0x06, 0x0C, 0x03, 0xC3, 0x00, 0xF8, 0xC0, 0xE7, 0xB0,
    0x70, 0x6C, 0x00, 0x06, 0x01, 0xF3, 0x80, 0x7F, 0xF8, 0x03, 0x38, 0x07, 0xDF, 0x01, 0x86, 0x60,
    0x7F, 0x98, 0x1F, 0xBC, 0x00, 0x00, 0x00, 0x00, 0x00, 0x00, 0x83, 0x00, 0x60, 0xC0, 0x18, 0x30,
    0x06, 0x0C, 0x01, 0xC3, 0x00, 0xF8, 0xC0, 0x77, 0x30, 0x78, 0xEC, 0x18, 0x13, 0x00, 0x00, 0x40,
    0x3F, 0xF0, 0x0F, 0xFC, 0x03, 0x03, 0x00, 0xC0, 0xC0, 0x3F, 0xF0, 0x0F, 0xFC, 0x00, 0x00, 0x00,
    0x00, 0x00, 0x01, 0x83, 0x00, 0x60, 0xC0, 0x18, 0x30, 0x07, 0x0C, 0x03, 0xC3, 0x00, 0xF8, 0xC0,
    0xE7, 0xB0, 0x70, 0xEC, 0x00, 0x01, 0x00, 0x80, 0x40, 0x30, 0x30, 0x0F, 0xFC, 0x03, 0xFF, 0x00,
    0xC0, 0xC0, 0x3F, 0xF0, 0x0F, 0xFC, 0x00, 0x00, 0x00, 0x00, 0x00, 0x00, 0x81, 0x80, 0x60, 0x60,
    0x18, 0x18, 0x07, 0x06, 0x01, 0xC1, 0x80, 0xF8, 0x60, 0x77, 0x18, 0x38, 0xE6, 0x0C, 0x19, 0x80,
    0x00, 0x60, 0x03, 0x18, 0x00, 0xE0, 0x00, 0x78, 0x00, 0x3B, 0x80, 0x7C, 0x78, 0x1C, 0x06, 0x00,
    0x00, 0x00, 0x00, 0x00, 0x00, 0x01, 0x80, 0x60, 0x60, 0x18, 0x18, 0x06, 0x06, 0x01, 0xC1, 0x80,
    0xF0, 0x60, 0x77, 0x18, 0x38, 0xE6, 0x0C, 0x19, 0x80, 0x00, 0x60, 0x1F, 0xE0, 0x0F, 0xFE, 0x03,
    0x01, 0x80, 0xC0, 0x60, 0x3F, 0xF0, 0x07, 0xF8, 0x00, 0x00, 0x00, 0x00, 0x00, 0x01, 0x81, 0x80,
    0x60, 0x60, 0x18, 0x18, 0x07, 0x06, 0x01, 0xC1, 0x80, 0xF8, 0x60, 0xE7, 0x18, 0x70, 0xE6, 0x08,
    0x01, 0x80, 0xFF, 0xC0, 0x3F, 0xF8, 0x03, 0x30, 0x00, 0xCC, 0x00, 0x33, 0x00, 0x3F, 0xF8, 0x1F,
    0xFE, 0x00, 0x00, 0x00, 0x00, 0x00, 0x00, 0x03, 0x01, 0x8C, 0xC0, 0x63, 0x30, 0x18, 0xCC, 0x06,
    0x33, 0x01, 0x8C, 0xC0, 0x63, 0x3C, 0x1D, 0xCF, 0x07, 0x73, 0x03, 0xDE, 0xC0, 0xDD, 0xB0, 0x67,
    0x3C, 0x00, 0x83, 0x00, 0x00, 0xC0, 0x00, 0x30, 0x00, 0x0C, 0x00, 0x00, 0x00, 0x00, 0x00, 0x00,
    0x03, 0x01, 0x8C, 0xC0, 0x63, 0x30, 0x18, 0xCC, 0x07, 0x73, 0xC1, 0xDC, 0xF0, 0xFF, 0xB0, 0x77,
    0x7C, 0x08, 0x8B, 0x00, 0x00, 0x40, 0x7F, 0xF0, 0x1F, 0xFC, 0x00, 0x03, 0x00, 0x00, 0xC0, 0x00,
    0x30, 0x00, 0x0C, 0x00, 0x00, 0x00, 0x00, 0x00, 0x00, 0x03, 0x01, 0x88, 0xC0, 0x66, 0x30, 0x19,
    0x8C, 0x06, 0x73, 0xC1, 0xDC, 0xF0, 0xFF, 0xB0, 0x67, 0x7C, 0x19, 0x8B, 0x00, 0x01, 0x00, 0xFC,
    0xC0, 0x1F, 0x30, 0x00, 0xCE, 0x00, 0x37, 0x80, 0x0F, 0xB8, 0x03, 0xC6, 0x00, 0x00, 0x00, 0x00,
    0x00, 0x00, 0x01, 0x80, 0x84, 0x60, 0x33, 0x18, 0x0C, 0xC6, 0x03, 0x31, 0x81, 0xCC, 0x78, 0x73,
    0x9E, 0x3F, 0xE6, 0x1D, 0xED, 0x86, 0x33, 0x60, 0x00, 0x18, 0x0C, 0x06, 0x03, 0x01, 0x80, 0xC0,
    0x00, 0x30, 0x00, 0x0F, 0xFE, 0x03, 0xFF, 0x80, 0x00, 0x00, 0x00, 0x23, 0x01, 0x8C, 0xC0, 0x63,
    0x30, 0x19, 0xCF, 0x07, 0x73, 0xC3, 0xDE, 0xC1, 0x9D, 0xF0, 0x66, 0x2C, 0x00, 0x03, 0x01, 0xFF,
    0xC0, 0x00, 0x30, 0x0F, 0xFC, 0x07, 0xFF, 0x01, 0x80, 0x00, 0x7F, 0xF0, 0x1F, 0xFE, 0x00, 0x00,
    0x00, 0x00, 0x00, 0x00, 0x00, 0x00, 0x00, 0xC0, 0x63, 0x30, 0x18, 0xCC, 0x06, 0x33, 0xC1, 0xDC,
    0xF0, 0xF7, 0xB0, 0x77, 0x6C, 0x19, 0xCF, 0x00, 0x00, 0xC0, 0x3F, 0xE0, 0x1F, 0xFC, 0x07, 0x03,
    0x01, 0x80, 0xC0, 0x60, 0x30, 0x1F, 0xFC, 0x03, 0xFF, 0x00, 0x00, 0x00, 0x00, 0x03, 0x00, 0xCC,
    0xC0, 0x33, 0x30, 0x1C, 0xCF, 0x07, 0x33, 0xC1, 0xDE, 0xC0, 0xDF, 0xF0, 0x67, 0x3C, 0x00, 0x03,
    0x00, 0x80, 0x40, 0x30, 0x30, 0x0F, 0xFC, 0x03, 0xFF, 0x00, 0xC0, 0xC0, 0x3F, 0xF0, 0x0F, 0xFC,
    0x00, 0x00, 0x00, 0x00, 0x00, 0x00, 0x03, 0x01, 0x8C, 0xC0, 0x63, 0x30, 0x18, 0xCC, 0x07, 0x73,
    0xC3, 0xDC, 0xC0, 0xFF, 0xB0, 0x67, 0x3C, 0x00, 0x83, 0x00, 0x00, 0x80, 0x18, 0x60, 0x06, 0x18,
    0x03, 0x8E, 0x01, 0xF7, 0xC0, 0xE7, 0x9C, 0x30, 0xC2, 0x00, 0x00, 0x00, 0x00, 0x00, 0x00, 0x03,
    0x01, 0x8C, 0xC0, 0x63, 0x30, 0x18, 0xCC, 0x06, 0x73, 0xC3, 0xDC, 0xF0, 0xFF, 0xB0, 0x67, 0x3C,
    0x00, 0x83, 0x00, 0x00, 0xC0, 0x1F, 0xE0, 0x0F, 0xFC, 0x06, 0x03, 0x01, 0x80, 0xC0, 0x3F, 0xF0,
    0x07, 0xF8, 0x00, 0x00, 0x00, 0x00, 0x00, 0x02, 0x23, 0x01, 0x8C, 0xC0, 0x63, 0x30, 0x19, 0xCF,
    0x07, 0x73, 0xC3, 0xFE, 0xC1, 0xDD, 0xF0, 0x62, 0x2C, 0x00, 0x33, 0x01, 0xFF, 0xE0, 0x7F, 0xF8,
    0x03, 0xF0, 0x03, 0xFF, 0x00, 0xC0, 0xC0, 0x3C, 0xF0, 0x07, 0xF8, 0x00, 0x00, 0x00, 0x00, 0x00,
    0x00, 0x0D, 0x81, 0x13, 0x60, 0x66, 0xD8, 0x19, 0xB6, 0x06, 0x6D, 0x81, 0x9B, 0x60, 0x66, 0xF8,
    0x1B, 0xBE, 0x0E, 0xED, 0x83, 0xFF, 0x61, 0xBB, 0xD8, 0x66, 0x76, 0x00, 0x0D, 0x80, 0x03, 0x60,
    0x00, 0xD8, 0x00, 0x06, 0x00, 0x00, 0x00, 0x00, 0x00, 0x00, 0x0D, 0x81, 0xB3, 0x60, 0x6C, 0xD8,
    0x1B, 0x36, 0x06, 0xEF, 0x83, 0xBB, 0xE0, 0xFE, 0xD8, 0x6E, 0xF6, 0x19, 0xBD, 0x80, 0x03, 0x20,
    0x3F, 0xF8, 0x0F, 0xFE, 0x00, 0x01, 0x80, 0x00, 0x60, 0x00, 0x18, 0x00, 0x06, 0x00, 0x00, 0x00,
    0x00, 0x00, 0x00, 0x0D, 0x81, 0x93, 0x60, 0x6C, 0xD8, 0x1B, 0x36, 0x06, 0xEF, 0x83, 0xBB, 0xE0,
    0xEE, 0xD8, 0x7F, 0xF6, 0x1B, 0xBD, 0x80, 0x03, 0x60, 0x30, 0xD8, 0x0C, 0x36, 0x03, 0x00, 0x00,
    0xC0, 0x00, 0x3F, 0xFC, 0x0F, 0xFF, 0x00, 0x00, 0x00, 0x00, 0x00, 0x00, 0x4D, 0x81, 0xB3, 0x60,
    0x6C, 0xD8, 0x1B, 0xBE, 0x0E, 0xEF, 0x83, 0xBB, 0x61, 0xFF, 0xD8, 0x6E, 0xF6, 0x00, 0x05, 0x80,
    0xFF, 0xE0, 0x3F, 0xD8, 0x0F, 0xFE, 0x03, 0xFF, 0x80, 0xC0, 0x00, 0x3F, 0xFC, 0x0F, 0xFF, 0x00,
    0x00, 0x00, 0x00, 0x00, 0x00, 0x0D, 0x81, 0xB3, 0x60, 0x6C, 0xD8, 0x1B, 0x36, 0x06, 0xEF, 0x83,
    0xBB, 0xE0, 0xFE, 0xD8, 0x6E, 0xF6, 0x19, 0x1D, 0x80, 0x01, 0x20, 0x3F, 0xF8, 0x0F, 0xFE, 0x03,
    0x01, 0x80, 0xC0, 0x60, 0x3F, 0xF8, 0x0F, 0xFE, 0x00, 0x00, 0x00, 0x00, 0x00, 0x00, 0x0D, 0x81,
    0xB3, 0x60, 0x6C, 0xD8, 0x1B, 0x36, 0x06, 0xEF, 0x83, 0xBB, 0x61, 0xFF, 0xD8, 0x6E, 0xF6, 0x01,
    0x0D, 0x80, 0x00, 0x00, 0x30, 0x18, 0x0F, 0xFE, 0x03, 0xFF, 0x80, 0xC0, 0x60, 0x3F, 0xF8, 0x0F,
    0xFE, 0x00, 0x00, 0x00, 0x00, 0x00, 0x00, 0x0D, 0x81, 0x9B, 0x60, 0x66, 0xD8, 0x1B, 0xB6, 0x06,
    0xEF, 0x83, 0xBB, 0xE0, 0xFE, 0xD8, 0x6E, 0xF6, 0x11, 0x1D, 0x80, 0x01, 0x20, 0x18, 0x60, 0x06,
    0x18, 0x01, 0xC7, 0x00, 0xF3, 0xC0, 0xF7, 0x9C, 0x30, 0xE3, 0x00, 0x00, 0x00, 0x00, 0x00, 0x00,
    0x0D, 0x81, 0x93, 0x60, 0x6C, 0xD8, 0x1B, 0x36, 0x06, 0xEF, 0x83, 0xBB, 0xE0, 0xFE, 0xD8, 0x6E,
    0xF6, 0x19, 0xBD, 0x80, 0x03, 0x60, 0x0F, 0xE0, 0x0F, 0xFE, 0x03, 0x01, 0x80, 0xC0, 0x60, 0x3E,
    0xF8, 0x07, 0xFC, 0x00, 0x00, 0x00, 0x00, 0x00, 0x00, 0x03, 0x01, 0x8C, 0xC0, 0x63, 0x3C, 0x18,
    0xCF, 0x06, 0x73, 0x03, 0xDC, 0xC0, 0xFF, 0xBC, 0x67, 0x7F, 0x10, 0x8B, 0x00, 0x00, 0xC0, 0x1F,
    0xE0, 0x0F, 0xFC, 0x06, 0x03, 0x01, 0x80, 0xC0, 0x3F, 0xF0, 0x07, 0xF8, 0x00, 0x00, 0x00, 0x00,
    0x00, 0x00, 0x01, 0x81, 0x8C, 0x60, 0x63, 0x18, 0x18, 0xC6, 0x06, 0x31, 0x81, 0x8D, 0xE0, 0x63,
    0xF8, 0x1D, 0xC6, 0x07, 0x71, 0x83, 0xDE, 0x60, 0xDD, 0x98, 0x67, 0x36, 0x00, 0x81, 0x80, 0x00,
    0x60, 0x00, 0x18, 0x00, 0x06, 0x00, 0x00, 0x00, 0x00, 0x00, 0x00, 0x01, 0x81, 0x8C, 0x60, 0x63,
    0x18, 0x18, 0xDE, 0x06, 0x7F, 0x81, 0xDC, 0x60, 0xFF, 0x98, 0x77, 0x76, 0x18, 0x8D, 0x80, 0x00,
    0x60, 0x7F, 0xF8, 0x0F, 0xFE, 0x00, 0x01, 0x80, 0x00, 0x60, 0x00, 0x18, 0x00, 0x06, 0x00, 0x00,
    0x00, 0x00, 0x00, 0x00, 0x01, 0x81, 0x8C, 0x60, 0x63, 0x18, 0x18, 0xD6, 0x06, 0x3F, 0x81, 0xDC,
    0x60, 0xF7, 0x18, 0x3F, 0xE6, 0x19, 0xCD, 0x80, 0x20, 0x60, 0x20, 0x18, 0x0C, 0x06, 0x03, 0x00,
    0x00, 0xC0, 0x00, 0x3F, 0xF8, 0x0F, 0xFE, 0x00, 0x00, 0x00, 0x00, 0x00, 0x02, 0x21, 0x81, 0x8C,
    0x60, 0x63, 0x18, 0x1D, 0xFE, 0x07, 0x71, 0x83, 0xFE, 0x61, 0xDD, 0xD8, 0x62, 0x26, 0x00, 0x01,
    0x00, 0xFF, 0xE0, 0x00, 0x18, 0x0F, 0xFE, 0x03, 0xFF, 0x80, 0xC0, 0x00, 0x3F, 0xF8, 0x0F, 0xFE,
    0x00, 0x00, 0x00, 0x00, 0x00, 0x00, 0x01, 0x81, 0x8C, 0x60, 0x63, 0x18, 0x1C, 0xDE, 0x07, 0x77,
    0x83, 0xDE, 0x61, 0xDC, 0xD8, 0x63, 0x36, 0x00, 0x01, 0x81, 0xFB, 0xE0, 0x7F, 0xF8, 0x01, 0xE6,
    0x07, 0xF9, 0x81, 0x86, 0x60, 0x7F, 0xD8, 0x1F, 0xFE, 0x00, 0x00, 0x00, 0x00, 0x00, 0x00, 0x01,
    0x81, 0x8C, 0x60, 0x63, 0x18, 0x18, 0xDE, 0x07, 0x77, 0x83, 0xDC, 0x60, 0xFF, 0x98, 0x67, 0x36,
    0x00, 0x81, 0x80, 0x00, 0x40, 0x3F, 0xF8, 0x0F, 0xFE, 0x03, 0x01, 0x80, 0xC0, 0x60, 0x37, 0xF8,
    0x0F, 0xFE, 0x00, 0x00, 0x00, 0x00, 0x00, 0x00, 0x01, 0x81, 0x8C, 0x60, 0x63, 0x18, 0x18, 0xDE,
    0x07, 0x77, 0x83, 0xDE, 0x61, 0xDD, 0xD8, 0x67, 0x36, 0x00, 0x81, 0x80, 0x80, 0x40, 0x30, 0x18,
    0x0F, 0xFE, 0x03, 0xFF, 0x80, 0xC0, 0x60, 0x3F, 0xF8, 0x0F, 0xFE, 0x00, 0x00, 0x00, 0x00, 0x00,
    0x00, 0x00, 0x00, 0x88, 0xE0, 0x66, 0x38, 0x19, 0x86, 0x06, 0x6F, 0x81, 0xDD, 0xE0, 0xF7, 0x18,
    0x7F, 0x6E, 0x19, 0x89, 0x80, 0x00, 0x40, 0x18, 0x40, 0x06, 0x38, 0x03, 0x8E, 0x00, 0xF3, 0x80,
    0xEF, 0xB8, 0x31, 0xC6, 0x00, 0x00, 0x00, 0x00, 0x00, 0x00, 0x01, 0x81, 0x8C, 0x60, 0x63, 0x18,
    0x1C, 0xDE, 0x07, 0x37, 0x81, 0xDE, 0x60, 0xFF, 0x98, 0x77, 0x36, 0x08, 0xCD, 0x80, 0x00, 0x60,
    0x1F, 0xF0, 0x0F, 0xFE, 0x03, 0x01, 0x80, 0xC0, 0x60, 0x3F, 0xF8, 0x07, 0xFC, 0x00, 0x00, 0x00,
    0x00, 0x00, 0x00, 0x05, 0x81, 0x13, 0x60, 0x66, 0xD8, 0x19, 0xB6, 0x06, 0x6D, 0x81, 0x9F, 0x60,
    0x67, 0xD8, 0x1B, 0xB6, 0x0E, 0xED, 0x83, 0xFD, 0x61, 0xBB, 0xD8, 0x46, 0x76, 0x00, 0x0D, 0x80,
    0x03, 0x60, 0x00, 0xD8, 0x00, 0x06, 0x00, 0x00, 0x00, 0x00, 0x00, 0x00, 0x00, 0xC0, 0x01, 0xB0,
    0x66, 0x6C, 0x19, 0x9B, 0x06, 0x7E, 0xC1, 0x9F, 0xB0, 0xEE, 0x6C, 0x3F, 0xDB, 0x1B, 0xB6, 0xC6,
    0x67, 0xB0, 0x00, 0x6C, 0x0C, 0x1B, 0x03, 0x06, 0xC0, 0xC0, 0x00, 0x30, 0x00, 0x0F, 0xFF, 0x03,
    0xFF, 0xC0, 0x00, 0x00, 0x04, 0x45, 0x81, 0xB1, 0xE0, 0x6C, 0xD8, 0x1B, 0xF6, 0x0E, 0xEF, 0x83,
    0xF9, 0xE1, 0xBB, 0xF8, 0x66, 0x7E, 0x00, 0x04, 0x80, 0xFF, 0xE0, 0x3F, 0xF8, 0x0F, 0xFE, 0x03,
    0xFF, 0x80, 0xC0, 0x00, 0x3F, 0xFC, 0x0F, 0xFF, 0x00, 0x00, 0x00, 0x00, 0x00, 0x00, 0x05, 0x81,
    0x91, 0xE0, 0x6D, 0xD8, 0x1B, 0x76, 0x06, 0xC7, 0x81, 0xBF, 0x60, 0xEF, 0xD8, 0x3F, 0xDE, 0x1B,
    0xBF, 0x80, 0x45, 0xE0, 0x20, 0x78, 0x0C, 0x16, 0x03, 0x00, 0x00, 0xC0, 0x00, 0x3F, 0xFC, 0x0F,
    0xFF, 0x00, 0x00, 0x00, 0x00, 0x00, 0x00, 0x00, 0x00, 0x61, 0x80, 0x18, 0x60, 0x06, 0x18, 0x03,
    0x87, 0x00, 0xE1, 0xC0, 0x7C, 0xF8, 0x3B, 0xF7, 0x0C, 0x78, 0xC0, 0x0C, 0x00, 0x03, 0x00, 0x00,
    0xC0, 0x00, 0x30, 0x07, 0xFF, 0xF9, 0xFF, 0xFE, 0x00, 0x00, 0x00, 0x00, 0x00, 0x00, 0x00, 0x03,
    0x06, 0x00, 0xE3, 0x80, 0x38, 0xE0, 0x1F, 0x3C, 0x0E, 0xFB, 0x83, 0x1C, 0x60, 0x02, 0x00, 0x3F,
    0xFE, 0x1F, 0xFF, 0xC0, 0x00, 0x00, 0x7F, 0xF0, 0x1F, 0xFC, 0x00, 0x03, 0x00, 0x00, 0xC0, 0x00,
    0x30, 0x00, 0x0C, 0x00, 0x00, 0x00, 0x00, 0x00, 0x01, 0x06, 0x00, 0x61, 0x80, 0x38, 0x60, 0x0E,
    0x3C, 0x07, 0xDF, 0x03, 0x9E, 0x70, 0xC3, 0x0C, 0x00, 0xC0, 0x1F, 0xFF, 0xC7, 0xFF, 0xF0, 0x00,
    0x00, 0x18, 0x00, 0x06, 0x00, 0x01, 0x80, 0x00, 0x60, 0x00, 0x1F, 0xFE, 0x03, 0xFF, 0x80, 0x00,
    0x00, 0x03, 0x0C, 0x00, 0xC3, 0x00, 0x38, 0xE0, 0x1E, 0x78, 0x0E, 0xFB, 0x87, 0x1C, 0x60, 0x02,
    0x00, 0x3F, 0xFE, 0x1F, 0xFF, 0xC0, 0x00, 0x00, 0x7F, 0xF0, 0x1F, 0xFC, 0x06, 0x00, 0x01, 0x80,
    0x00, 0x7F, 0xF0, 0x1F, 0xFC, 0x00, 0x00, 0x00, 0x00, 0x00, 0x03, 0x0C, 0x00, 0xC3, 0x00, 0x38,
    0xE0, 0x1F, 0x7C, 0x0C, 0xF3, 0x82, 0x08, 0x20, 0x3F, 0xE0, 0x7F, 0xFF, 0x00, 0x00, 0x01, 0xFF,
    0xC0, 0x7F, 0xF0, 0x00, 0x0C, 0x07, 0xFF, 0x01, 0x80, 0x00, 0x7F, 0xF0, 0x1F, 0xFC, 0x00, 0x00,
    0x00, 0x00, 0x00, 0x01, 0x04, 0x00, 0xE3, 0x80, 0x38, 0xE0, 0x1F, 0x7C, 0x0E, 0xFB, 0x83, 0x1C,
    0x60, 0x06, 0x00, 0x7F, 0xFF, 0x1F, 0xFF, 0xC1, 0xF7, 0xC0, 0x7D, 0xF0, 0x03, 0x44, 0x07, 0xDB,
    0x01, 0x86, 0x40, 0x7F, 0xB0, 0x1F, 0xFC, 0x00, 0x00, 0x00, 0x00, 0x00, 0x03, 0x0C, 0x00, 0xC3,
    0x00, 0x38, 0xE0, 0x1E, 0x78, 0x0E, 0xFB, 0x83, 0x1C, 0x60, 0x02, 0x00, 0x7F, 0xFE, 0x1F, 0xFF,
    0xC0, 0x00, 0x00, 0x7F, 0xF0, 0x1F, 0xFC, 0x06, 0x03, 0x01, 0x80, 0xC0, 0x6F, 0xF0, 0x1F, 0xFC,
    0x00, 0x00, 0x00, 0x00, 0x00, 0x01, 0x04, 0x00, 0xC1, 0x80, 0x38, 0xE0, 0x0E, 0x38, 0x06, 0xFF,
    0x07, 0x1E, 0x70, 0x83, 0x08, 0x00, 0xC0, 0x1F, 0xFF, 0xC7, 0xFF, 0xF0, 0x60, 0x30, 0x1F, 0xFC,
    0x07, 0xFF, 0x01, 0x80, 0xC0, 0x60, 0x30, 0x1F, 0xFC, 0x07, 0xFF, 0x00, 0x00, 0x00, 0x03, 0x0C,
    0x00, 0xC3, 0x00, 0x38, 0xE0, 0x1E, 0x78, 0x0E, 0xFB, 0x83, 0x1C, 0x60, 0x02, 0x00, 0x7F, 0xFE,
    0x1F, 0xFF, 0xC0, 0x00, 0x00, 0x1F, 0xC0, 0x1F, 0xF8, 0x06, 0x03, 0x01, 0x80, 0xC0, 0x78, 0xE0,
    0x0F, 0xF0, 0x00, 0x00, 0x00, 0x00, 0x00, 0x00, 0x03, 0x01, 0x8C, 0xC0, 0x63, 0x30, 0x18, 0xCC,
    0x07, 0x73, 0x03, 0xDC, 0xC0, 0xFF, 0xBC, 0x67, 0x7F, 0x00, 0x83, 0x00, 0x30, 0xC0, 0x0C, 0xB0,
    0x7F, 0xFC, 0x1F, 0xF3, 0x00, 0x00, 0xC0, 0x00, 0x30, 0x00, 0x0C, 0x00, 0x00, 0x00, 0x00, 0x00,
    0x02, 0x23, 0x01, 0xCC, 0xC0, 0x73, 0x30, 0x1D, 0xCC, 0x0F, 0xFB, 0xC7, 0x77, 0xF0, 0x08, 0x30,
    0x07, 0xFC, 0x1F, 0xFF, 0x03, 0x80, 0xC0, 0x00, 0x10, 0x1F, 0xFC, 0x00, 0x03, 0x00, 0x00, 0xC0,
    0x00, 0x30, 0x00, 0x0C, 0x00, 0x00, 0x00, 0x00, 0x00, 0x00, 0x23, 0x01, 0x98, 0xC0, 0x66, 0x30,
    0x1D, 0xCC, 0x0F, 0x73, 0x07, 0x76, 0xF1, 0x8C, 0xBC, 0x03, 0x0C, 0x1F, 0xFF, 0x07, 0xFE, 0xC0,
    0x00, 0x30, 0x18, 0x0C, 0x06, 0x00, 0x01, 0x80, 0x00, 0x7F, 0xF0, 0x1F, 0xFE, 0x00, 0x00, 0x00,
    0x00, 0x00, 0x02, 0x23, 0x01, 0xCC, 0xC0, 0x73, 0x30, 0x1D, 0xCC, 0x0F, 0xFB, 0xC7, 0x77, 0xF0,
    0x08, 0x30, 0x1F, 0xFC, 0x1F, 0xFF, 0x00, 0x00, 0xC0, 0x18, 0x60, 0x06, 0x18, 0x03, 0x8E, 0x00,
    0xF3, 0xC0, 0xEF, 0xB8, 0x31, 0xC2, 0x00, 0x00, 0x00, 0x00, 0x00, 0x00, 0x0D, 0x81, 0x93, 0x60,
    0x6C, 0xD8, 0x1B, 0x36, 0x06, 0xED, 0x83, 0xBB, 0x60, 0xFF, 0xF8, 0x6E, 0xFE, 0x01, 0x0D, 0x80,
    0x63, 0x60, 0x18, 0xD8, 0x7F, 0xF6, 0x1F, 0xCD, 0x80, 0x03, 0x60, 0x00, 0xD8, 0x00, 0x06, 0x00,
    0x00, 0x00, 0x00, 0x00, 0x04, 0x4D, 0x81, 0xB3, 0x60, 0x6C, 0xD8, 0x3B, 0xB6, 0x0F, 0xEF, 0x86,
    0xEF, 0xE0, 0x10, 0xD8, 0x0E, 0xB6, 0x1F, 0xFD, 0x83, 0x83, 0x60, 0x18, 0x60, 0x06, 0x18, 0x01,
    0xCE, 0x00, 0xF3, 0xC0, 0xE7, 0x9C, 0x30, 0xC3, 0x00, 0x00, 0x00, 0x00, 0x00, 0x00, 0x01, 0x80,
    0x8C, 0x60, 0x73, 0x18, 0x1C, 0xC6, 0x07, 0x31, 0x81, 0xDE, 0x60, 0xFF, 0x98, 0x77, 0x36, 0x18,
    0x8D, 0x80, 0x30, 0x60, 0x0C, 0x18, 0x7F, 0xF6, 0x1F, 0xFD, 0x80, 0x00, 0x60, 0x00, 0x18, 0x00,
    0x06, 0x00, 0x00, 0x00, 0x00, 0x00, 0x02, 0x31, 0x80, 0xCC, 0x60, 0x33, 0x18, 0x1C, 0xC6, 0x07,
    0x79, 0x83, 0x7F, 0x60, 0xCC, 0xD8, 0x02, 0x06, 0x1F, 0xFD, 0x87, 0xFF, 0x60, 0x00, 0x18, 0x0C,
    0x06, 0x03, 0x00, 0x00, 0xC0, 0x00, 0x3F, 0xF8, 0x0F, 0xFE, 0x00, 0x00, 0x00, 0x00, 0x00, 0x02,
    0x31, 0x80, 0xCC, 0x60, 0x73, 0x18, 0x1D, 0xE6, 0x0D, 0xDD, 0x82, 0x33, 0x60, 0x0C, 0xD8, 0x7F,
    0xF6, 0x0F, 0x01, 0x80, 0xFF, 0xC0, 0x3F, 0xF8, 0x00, 0x06, 0x03, 0xFF, 0x80, 0xC0, 0x00, 0x3F,
    0xF8, 0x0F, 0xFE, 0x00, 0x00, 0x00, 0x00, 0x00, 0x02, 0x31, 0x80, 0xCC, 0x60, 0x33, 0x18, 0x1D,
    0xC6, 0x0F, 0xF9, 0x83, 0x73, 0x60, 0x88, 0x18, 0x07, 0xF6, 0x1F, 0xFD, 0x83, 0x00, 0x60, 0x3F,
    0xF8, 0x0F, 0xFE, 0x03, 0x01, 0x80, 0xC0, 0x60, 0x3F, 0xF8, 0x0F, 0xFE, 0x00, 0x00, 0x00, 0x00,
    0x00, 0x02, 0x31, 0x80, 0xCC, 0x60, 0x33, 0x18, 0x1D, 0xE6, 0x0F, 0xFD, 0x83, 0x33, 0x60, 0x0C,
    0x18, 0x7F, 0xF6, 0x1F, 0xFD, 0x80, 0x00, 0x00, 0x30, 0x18, 0x0F, 0xFE, 0x03, 0xFF, 0x80, 0xC0,
    0x60, 0x3F, 0xF8, 0x0F, 0xFE, 0x00, 0x00, 0x00, 0x00, 0x00, 0x00, 0x00, 0x00, 0x60, 0xC0, 0x18,
    0x30, 0x06, 0x0C, 0x01, 0x87, 0x00, 0xE1, 0xC0, 0x3C, 0xF8, 0x3B, 0xF7, 0x0C, 0x78, 0xE2, 0x2D,
    0x90, 0x1C, 0x60, 0x07, 0x18, 0x01, 0xC6, 0x01, 0xFF, 0xE1, 0xFF, 0xFE, 0x20, 0x01, 0x00, 0x00,
    0x00, 0x00, 0x00, 0x01, 0x06, 0x00, 0xE1, 0x80, 0x38, 0x60, 0x0E, 0x18, 0x03, 0x8F, 0x01, 0xB7,
    0xE0, 0xC7, 0x9C, 0x20, 0xC0, 0x00, 0x00, 0x07, 0xFF, 0xF1, 0xFF, 0xFC, 0x00, 0xC0, 0x00, 0x30,
    0x00, 0x0C, 0x00, 0x03, 0x00, 0x00, 0xC0, 0x00, 0x30, 0x00, 0x00, 0x00, 0x01, 0x06, 0x00, 0xE3,
    0x80, 0x38, 0xE0, 0x0E, 0x38, 0x0E, 0xDB, 0x03, 0x3E, 0x60, 0x02, 0x00, 0x7F, 0xFF, 0x1F, 0xFF,
    0xC0, 0x08, 0x00, 0x7F, 0xF0, 0x1F, 0xFC, 0x00, 0x03, 0x00, 0x00, 0xC0, 0x00, 0x30, 0x00, 0x0C,
    0x00, 0x00, 0x00, 0x00, 0x00, 0x03, 0x06, 0x00, 0xC1, 0x80, 0x30, 0x60, 0x0E, 0x3C, 0x07, 0xCF,
    0x03, 0xBE, 0x70, 0xC7, 0x0C, 0x00, 0x00, 0x1F, 0xFF, 0xE7, 0xFF, 0xF8, 0x03, 0x00, 0x18, 0xC0,
    0x06, 0x30, 0x01, 0x80, 0x00, 0x7F, 0xF8, 0x1F, 0xFE, 0x00, 0x00, 0x00, 0x00, 0x00, 0x03, 0x0C,
    0x00, 0xC3, 0x00, 0x38, 0xE0, 0x1F, 0x7C, 0x0C, 0xFB, 0x82, 0x18, 0x61, 0xFF, 0xFC, 0x7F, 0xFF,
    0x00, 0x20, 0x01, 0xFF, 0xC0, 0x7F, 0xF0, 0x00, 0x0C, 0x07, 0xFF, 0x01, 0x80, 0x00, 0x7F, 0xF0,
    0x1F, 0xFC, 0x00, 0x00, 0x00, 0x00, 0x00, 0x03, 0x0C, 0x00, 0xC3, 0x00, 0x30, 0xC0, 0x1E, 0x38,
    0x0E, 0xDF, 0x03, 0x3C, 0xE0, 0x02, 0x00, 0x7F, 0xFF, 0x1F, 0xFF, 0xC0, 0x08, 0x00, 0x7F, 0xF0,
    0x1F, 0xFC, 0x06, 0x03, 0x01, 0x80, 0xC0, 0x7F, 0xF0, 0x1F, 0xFC, 0x00, 0x00, 0x00, 0x00, 0x00,
    0x01, 0x06, 0x00, 0xE1, 0x80, 0x38, 0xE0, 0x0E, 0x3C, 0x0E, 0xFB, 0x83, 0x1C, 0x70, 0x00, 0x00,
    0x7F, 0xFF, 0x1F, 0xFF, 0xC0, 0x0C, 0x00, 0x62, 0x30, 0x1F, 0xFC, 0x07, 0xFF, 0x01, 0x80, 0xC0,
    0x7F, 0xF0, 0x1F, 0xFC, 0x00, 0x00, 0x00, 0x00, 0x00, 0x01, 0x04, 0x00, 0xC3, 0x80, 0x38, 0xE0,
    0x0E, 0x38, 0x07, 0xDF, 0x03, 0xBE, 0xE0, 0x83, 0x08, 0x3F, 0xFF, 0x1F, 0xFF, 0xC0, 0x0C, 0x00,
    0x0F, 0x80, 0x0F, 0xF8, 0x07, 0x07, 0x01, 0x80, 0xC0, 0x70, 0x70, 0x0F, 0xF8, 0x00, 0xF8, 0x00,
    0x00, 0x00, 0x00, 0x01, 0x81, 0xCC, 0x60, 0x73, 0x18, 0x1C, 0xC6, 0x07, 0x79, 0x83, 0xFF, 0x61,
    0xDC, 0xD8, 0x00, 0x06, 0x1F, 0xFD, 0x87, 0xFF, 0x60, 0x0C, 0x18, 0x03, 0x7E, 0x00, 0xC1, 0x80,
    0x30, 0x60, 0x0C, 0x18, 0x02, 0x06, 0x00, 0x00, 0x00, 0x00, 0x00, 0x02, 0x21, 0x81, 0xCC, 0x60,
    0x77, 0x18, 0x1D, 0xE6, 0x0D, 0xDD, 0x82, 0x22, 0x60, 0xFF, 0xD8, 0x7F, 0xF6, 0x01, 0x8F, 0x80,
    0x63, 0xE0, 0x18, 0x40, 0x06, 0x18, 0x03, 0x8E, 0x00, 0xF3, 0xC0, 0xEF, 0x9C, 0x30, 0xC3, 0x00,
    0x00, 0x00, 0x00, 0x00, 0x00, 0x05, 0x81, 0x93, 0x60, 0x6C, 0xD8, 0x1B, 0xB6, 0x0E, 0xED, 0x87,
    0xFF, 0x61, 0xBB, 0xD8, 0x00, 0x36, 0x1F, 0xFD, 0x87, 0xF3, 0x60, 0x1B, 0xD8, 0x06, 0xF6, 0x01,
    0x8D, 0x80, 0x63, 0x60, 0x18, 0xD8, 0x00, 0x06, 0x00, 0x00, 0x00, 0x00, 0x00, 0x00, 0x01, 0x81,
    0xCC, 0x60, 0x73, 0x18, 0x1C, 0xC6, 0x07, 0x79, 0x83, 0xFF, 0x61, 0x9C, 0xD8, 0x00, 0x06, 0x1F,
    0xFD, 0x87, 0xFF, 0x60, 0x0C, 0x18, 0x03, 0x06, 0x00, 0xC1, 0x80, 0x30, 0x60, 0x0C, 0x18, 0x02,
    0x06, 0x00, 0x00, 0x00, 0x00, 0x00, 0x00, 0x01, 0x00, 0xCC, 0x60, 0x33, 0x18, 0x0C, 0xC6, 0x07,
    0x39, 0x83, 0xFF, 0x60, 0xDE, 0xD8, 0x00, 0x06, 0x1F, 0xFD, 0x87, 0xFF, 0x60, 0x0C, 0x18, 0x1B,
    0x06, 0x06, 0xC1, 0x81, 0x80, 0x00, 0x60, 0x00, 0x1F, 0xFE, 0x07, 0xFF, 0x80, 0x00, 0x00, 0x01,
    0x06, 0x00, 0xE1, 0x80, 0x38, 0x60, 0x0E, 0x3C, 0x07, 0xDF, 0x03, 0xBE, 0x70, 0x83, 0x08, 0x3F,
    0xFF, 0x1F, 0xFF, 0xE0, 0x61, 0x80, 0x1F, 0xE0, 0x0F, 0xFC, 0x07, 0x07, 0x01, 0x80, 0x60, 0x70,
    0x30, 0x0F, 0xFC, 0x00, 0xFC, 0x00, 0x00, 0x00, 0x00, 0x00, 0x00, 0x61, 0x80, 0x18, 0x60, 0x06,
    0x18, 0x01, 0x86, 0x00, 0xE1, 0xC0, 0x3C, 0xF0, 0x1B, 0x36, 0x0E, 0x79, 0xC3, 0x0C, 0x30, 0x00,
    0x00, 0x00, 0x00, 0x00, 0x00, 0x07, 0xFF, 0xF9, 0xFF, 0xFE, 0x00, 0x00, 0x00, 0x00, 0x00, 0x00,
    0x00, 0x01, 0x04, 0x00, 0xE3, 0x80, 0x38, 0xE0, 0x0E, 0x38, 0x06, 0xDF, 0x03, 0x3E, 0x60, 0x02,
    0x08, 0x3F, 0xFF, 0x1F, 0xFF, 0xC0, 0x00, 0x00, 0x7F, 0xF0, 0x1F, 0xFC, 0x00, 0x03, 0x00, 0x00,
    0xC0, 0x00, 0x30, 0x00, 0x0C, 0x00, 0x00, 0x00, 0x00, 0x00, 0x01, 0x86, 0x00, 0x61, 0x80, 0x18,
    0x60, 0x0E, 0x1C, 0x07, 0xCF, 0x83, 0xBF, 0x70, 0xC7, 0x8C, 0x00, 0x00, 0x1F, 0xFF, 0xE7, 0xFF,
    0xF8, 0x00, 0x00, 0x18, 0x00, 0x06, 0x00, 0x01, 0x80, 0x00, 0x7F, 0xF8, 0x1F, 0xFE, 0x00, 0x00,
    0x00, 0x00, 0x00, 0x01, 0x06, 0x00, 0xE3, 0x80, 0x38, 0xE0, 0x1F, 0x7C, 0x0E, 0xFB, 0x83, 0x1C,
    0x60, 0x7F, 0xF0, 0x7F, 0xFF, 0x00, 0x00, 0x01, 0xFF, 0xC0, 0x7F, 0xF0, 0x00, 0x0C, 0x07, 0xFF,
    0x01, 0x80, 0x00, 0x7F, 0xF0, 0x1F, 0xFE, 0x00, 0x00, 0x00, 0x00, 0x00, 0x01, 0x06, 0x00, 0x61,
    0x80, 0x38, 0x60, 0x0F, 0x3C, 0x0E, 0xFF, 0x83, 0x1E, 0x70, 0x00, 0x00, 0x7F, 0xFF, 0x1F, 0xFF,
    0xC0, 0x00, 0x00, 0x7F, 0xF8, 0x03, 0x66, 0x07, 0xF9, 0x81, 0xF6, 0x60, 0x61, 0x98, 0x1F, 0xFE,
    0x07, 0xDF, 0x80, 0x00, 0x00, 0x01, 0x04, 0x00, 0xC3, 0x00, 0x38, 0xC0, 0x1E, 0x78, 0x0E, 0xFB,
    0x83, 0x1C, 0x60, 0x00, 0x00, 0x7F, 0xFF, 0x08, 0xEE, 0x83, 0xF3, 0x00, 0x7F, 0xF8, 0x03, 0x78,
    0x0F, 0xDF, 0x03, 0x0C, 0xC0, 0xFF, 0xB0, 0x3F, 0xFC, 0x00, 0x00, 0x00, 0x00, 0x00, 0x01, 0x04,
    0x00, 0xE3, 0x80, 0x38, 0xE0, 0x0E, 0x38, 0x0E, 0xDB, 0x83, 0x3E, 0x60, 0x02, 0x00, 0x7F, 0xFF,
    0x1F, 0xFF, 0xC0, 0x00, 0x00, 0x7F, 0xF0, 0x1F, 0xFC, 0x06, 0x03, 0x01, 0x80, 0xC0, 0x7F, 0xF0,
    0x1F, 0xFC, 0x00, 0x00, 0x00, 0x00, 0x00, 0x01, 0x06, 0x00, 0xE3, 0x80, 0x38, 0xE0, 0x1E, 0x38,
    0x0E, 0xFB, 0x83, 0x1C, 0x60, 0x00, 0x00, 0x7F, 0xFF, 0x1F, 0xFF, 0xC0, 0x00, 0x00, 0x60, 0x30,
    0x1F, 0xFC, 0x07, 0xFF, 0x01, 0x80, 0xC0, 0x7F, 0xF0, 0x1F, 0xFC, 0x00, 0x00, 0x00, 0x00, 0x00,
    0x00, 0x01, 0x80, 0x8C, 0x60, 0x73, 0x18, 0x1C, 0xC6, 0x07, 0x31, 0x81, 0xDC, 0x60, 0xF7, 0x98,
    0x77, 0x36, 0x18, 0xCD, 0x80, 0x00, 0x60, 0x00, 0x58, 0x7F, 0xF6, 0x1F, 0xF1, 0x80, 0x00, 0x60,
    0x00, 0x18, 0x00, 0x06, 0x00, 0x00, 0x00, 0x00, 0x00, 0x00, 0x01, 0x80, 0xCC, 0x60, 0x33, 0x18,
    0x0C, 0xC6, 0x07, 0x79, 0x83, 0xFF, 0x60, 0xDC, 0xD8, 0x00, 0x06, 0x1F, 0xFD, 0x87, 0xFF, 0x60,
    0x00, 0x18, 0x0C, 0x06, 0x03, 0x00, 0x00, 0xC0, 0x00, 0x3F, 0xF8, 0x0F, 0xFE, 0x00, 0x00, 0x00,
    0x00, 0x00, 0x02, 0x31, 0x80, 0xCC, 0x60, 0x73, 0x18, 0x1D, 0xE6, 0x0D, 0xFD, 0x82, 0x33, 0x60,
    0x07, 0xD8, 0x7F, 0xF6, 0x00, 0x01, 0x80, 0xFF, 0xC0, 0x3F, 0xF8, 0x00, 0x06, 0x03, 0xFF, 0x80,
    0xC0, 0x00, 0x3F, 0xF8, 0x0F, 0xFE, 0x00, 0x00, 0x00, 0x00, 0x00, 0x02, 0x33, 0x00, 0xCC, 0xC0,
    0x33, 0x30, 0x1C, 0xCC, 0x0F, 0xFB, 0x03, 0x77, 0xC0, 0x08, 0x30, 0x3F, 0xFC, 0x1F, 0xFF, 0x00,
    0x00, 0x40, 0x3F, 0xF0, 0x0F, 0xFC, 0x03, 0x03, 0x00, 0xC0, 0xC0, 0x3F, 0xF0, 0x0F, 0xFC, 0x00,
    0x00, 0x00, 0x00, 0x00, 0x00, 0x01, 0x81, 0x88, 0x60, 0x63, 0x18, 0x18, 0xC6, 0x06, 0x31, 0x81,
    0x8C, 0x60, 0x63, 0x18, 0x1D, 0xC6, 0x07, 0x71, 0x83, 0xDE, 0x60, 0xDD, 0x98, 0x67, 0x36, 0x00,
    0x81, 0x80, 0x00, 0x60, 0x00, 0x18, 0x00, 0x06, 0x00, 0x00, 0x00, 0x00, 0x00, 0x00, 0x01, 0x81,
    0xCC, 0x60, 0x73, 0x18, 0x1C, 0xC6, 0x07, 0x31, 0x81, 0xDE, 0x60, 0xFF, 0x98, 0x77, 0x36, 0x08,
    0x85, 0x80, 0x00, 0x40, 0x3F, 0xF8, 0x0F, 0xFE, 0x00, 0x01, 0x80, 0x00, 0x60, 0x00, 0x18, 0x00,
    0x06, 0x00, 0x00, 0x00, 0x00, 0x00, 0x00, 0x01, 0x81, 0x8C, 0x60, 0x63, 0x18, 0x18, 0xC6, 0x07,
    0x31, 0x81, 0xDC, 0x60, 0xF7, 0x98, 0x37, 0x66, 0x19, 0xCD, 0x80, 0x20, 0x60, 0x20, 0x18, 0x0C,
    0x06, 0x03, 0x00, 0x00, 0xC0, 0x00, 0x3F, 0xF8, 0x0F, 0xFE, 0x00, 0x00, 0x00, 0x00, 0x00, 0x02,
    0x21, 0x81, 0x8C, 0x60, 0x63, 0x18, 0x1D, 0xC6, 0x07, 0x71, 0x83, 0xFE, 0x61, 0xDD, 0xD8, 0x62,
    0x16, 0x00, 0x01, 0x80, 0xFF, 0xE0, 0x00, 0x18, 0x0F, 0xFE, 0x03, 0xFF, 0x80, 0xC0, 0x00, 0x3F,
    0xF8, 0x0F, 0xFE, 0x00, 0x00, 0x00, 0x00, 0x00, 0x00, 0x01, 0x81, 0x8C, 0x60, 0x63, 0x18, 0x18,
    0xC6, 0x07, 0x71, 0x83, 0xDC, 0x60, 0xFF, 0x98, 0x67, 0x36, 0x00, 0x81, 0x80, 0x00, 0x40, 0x3F,
    0xF8, 0x0F, 0xFE, 0x03, 0x01, 0x80, 0xC0, 0x60, 0x3F, 0xF8, 0x0F, 0xFE, 0x00, 0x00, 0x00, 0x00,
    0x00, 0x00, 0x01, 0x81, 0xCC, 0x60, 0x73, 0x18, 0x1C, 0xC6, 0x07, 0x31, 0x81, 0xDE, 0x60, 0xDF,
    0xD8, 0x67, 0x36, 0x00, 0x01, 0x80, 0x80, 0x00, 0x30, 0x18, 0x0F, 0xFE, 0x03, 0xFF, 0x80, 0xC0,
    0x60, 0x3F, 0xF8, 0x0F, 0xFE, 0x00, 0x00, 0x00, 0x00, 0x00, 0x00, 0x01, 0x81, 0xCC, 0x60, 0x73,
    0x18, 0x1C, 0xC6, 0x07, 0x31, 0x81, 0xDE, 0x60, 0xFF, 0x98, 0x77, 0x36, 0x08, 0x85, 0x80, 0x04,
    0x60, 0x03, 0x18, 0x00, 0xE0, 0x00, 0x7C, 0x00, 0x3B, 0x80, 0x7C, 0x78, 0x1C, 0x06, 0x00, 0x00,
    0x00, 0x00, 0x00, 0x00, 0x01, 0x80, 0xCC, 0x60, 0x33, 0x18, 0x0C, 0xC6, 0x07, 0x31, 0x81, 0xDE,
    0x60, 0xFF, 0x98, 0x77, 0x36, 0x08, 0xC5, 0x80, 0x00, 0x60, 0x1F, 0xE0, 0x0F, 0xFC, 0x03, 0x01,
    0x80, 0xC0, 0x60, 0x3F, 0xF0, 0x07, 0xF8, 0x00, 0x00, 0x00, 0x00, 0x00, 0x00, 0x03, 0x00, 0xE0,
    0xC0, 0x7E, 0x30, 0x39, 0x8C, 0x0C, 0x73, 0x06, 0x0C, 0xC1, 0x83, 0x3C, 0x60, 0xCF, 0x18, 0x33,
    0x03, 0x1C, 0xC0, 0xE6, 0x30, 0x1F, 0x0C, 0x03, 0x83, 0x00, 0x00, 0xC0, 0x00, 0x30, 0x00, 0x0C,
    0x00, 0x00, 0x00, 0x00, 0x00, 0x00, 0x03, 0x01, 0xF0, 0xC0, 0xFE, 0x30, 0x70, 0xCC, 0x18, 0x33,
    0xC6, 0x0C, 0xF0, 0xC7, 0x30, 0x3F, 0x8C, 0x03, 0x83, 0x00, 0x00, 0xC0, 0x7F, 0xF0, 0x1F, 0xFC,
    0x00, 0x03, 0x00, 0x00, 0xC0, 0x00, 0x30, 0x00, 0x0C, 0x00, 0x00, 0x00, 0x00, 0x00, 0x00, 0x03,
    0x01, 0xF0, 0xC0, 0xFE, 0x30, 0x71, 0xCC, 0x18, 0x33, 0x86, 0x0C, 0xF1, 0xC3, 0x30, 0x3F, 0x8C,
    0x07, 0xC3, 0x00, 0x00, 0xC0, 0x20, 0x30, 0x18, 0x0C, 0x06, 0x00, 0x01, 0x80, 0x00, 0x7F, 0xF0,
    0x1F, 0xFC, 0x00, 0x00, 0x00, 0x00, 0x00, 0x00, 0x03, 0x01, 0xF0, 0xC0, 0xFE, 0x30, 0x70, 0xCD,
    0x18, 0x33, 0xC6, 0x0C, 0xC0, 0xC6, 0x30, 0x3F, 0x8C, 0x03, 0x83, 0x01, 0x0F, 0xE0, 0x63, 0xF8,
    0x18, 0x30, 0x06, 0x0E, 0x01, 0xB7, 0x80, 0xFF, 0x38, 0x1C, 0x86, 0x00, 0x00, 0x00, 0x00, 0x00,
    0x00, 0x03, 0x01, 0xF0, 0xC0, 0xFE, 0x30, 0x70, 0xCF, 0x18, 0x33, 0xC6, 0x0C, 0xC0, 0xC7, 0x30,
    0x1F, 0x8C, 0x01, 0x8C, 0x01, 0x1F, 0xE0, 0x67, 0xF8, 0x18, 0x38, 0x06, 0x3F, 0x01, 0xAC, 0xC0,
    0x7F, 0xB0, 0x1E, 0x7C, 0x00, 0x00, 0x00, 0x00, 0x00, 0x00, 0x00, 0x00, 0xE0, 0xC0, 0xFE, 0x30,
    0x31, 0x8C, 0x18, 0x33, 0xC6, 0x0C, 0xE1, 0xC6, 0x30, 0x3F, 0x8C, 0x03, 0x82, 0x01, 0xFF, 0x80,
    0x7F, 0xF0, 0x00, 0x0C, 0x07, 0xFF, 0x01, 0xFF, 0x80, 0x60, 0x00, 0x1F, 0xFC, 0x07, 0xFF, 0x00,
    0x00, 0x00, 0x00, 0x02, 0x01, 0xF1, 0xC0, 0xFE, 0x30, 0x71, 0xDC, 0x18, 0x37, 0xC6, 0x0D, 0xC0,
    0xCE, 0x30, 0x3F, 0x1C, 0x00, 0x02, 0x03, 0xFF, 0x80, 0x7F, 0xF0, 0x03, 0x0C, 0x0F, 0xC3, 0x03,
    0x80, 0xC0, 0xFE, 0x30, 0x3F, 0x8C, 0x00, 0x00, 0x00, 0x00, 0x00, 0x01, 0x03, 0x01, 0xF8, 0xC0,
    0xE6, 0x30, 0x60, 0xCF, 0x18, 0x33, 0xC7, 0x0C, 0xC0, 0xFE, 0x30, 0x1F, 0x0C, 0x00, 0x03, 0x03,
    0xFF, 0xC0, 0x7F, 0xF0, 0x03, 0xCC, 0x0F, 0xF3, 0x03, 0x8C, 0xC0, 0xFF, 0x30, 0x3F, 0xFC, 0x00,
    0x00, 0x00, 0x00, 0x00, 0x00, 0x02, 0x01, 0xF0, 0x80, 0xFE, 0x20, 0x71, 0xCC, 0x18, 0x33, 0xC6,
    0x0C, 0xC0, 0xEE, 0x20, 0x1F, 0x08, 0x00, 0x06, 0x03, 0xE3, 0x00, 0xFF, 0xF8, 0x0E, 0xFC, 0x0F,
    0x9E, 0x03, 0x0C, 0xC0, 0xFF, 0x30, 0x3F, 0x78, 0x00, 0x00, 0x00, 0x00, 0x00, 0x00, 0x03, 0x01,
    0xF0, 0xC0, 0xFE, 0x30, 0x70, 0xCC, 0x18, 0x33, 0xC6, 0x0C, 0xC0, 0xC7, 0x30, 0x3F, 0x8C, 0x03,
    0x83, 0x00, 0x00, 0x80, 0x7F, 0xF0, 0x1F, 0xFC, 0x06, 0x03, 0x01, 0x80, 0xC0, 0x7F, 0xF0, 0x1F,
    0xFC, 0x00, 0x00, 0x00, 0x00, 0x00, 0x00, 0x03, 0x01, 0xF8, 0xC0, 0xEE, 0x30, 0x70, 0xCF, 0x18,
    0x33, 0xC6, 0x0C, 0xC0, 0xE7, 0x30, 0x1F, 0x8C, 0x01, 0x83, 0x00, 0x80, 0x00, 0x60, 0x30, 0x1F,
    0xFC, 0x07, 0xFF, 0x01, 0x80, 0xC0, 0x7F, 0xF0, 0x1F, 0xFC, 0x00, 0x00, 0x00, 0x00, 0x00, 0x00,
    0x03, 0x01, 0xF0, 0xC0, 0xFE, 0x30, 0x70, 0xCC, 0x18, 0x33, 0xC6, 0x0C, 0xF0, 0xC7, 0x30, 0x3F,
    0x8C, 0x07, 0xC3, 0x00, 0x08, 0xC0, 0x03, 0x30, 0x01, 0xC0, 0x00, 0x78, 0x00, 0x77, 0x00, 0x78,
    0xF8, 0x18, 0x0E, 0x00, 0x00, 0x00, 0x00, 0x00, 0x00, 0x03, 0x01, 0xF0, 0xC0, 0xFE, 0x30, 0x70,
    0xCC, 0x18, 0x33, 0xC6, 0x0C, 0xC0, 0xC7, 0x30, 0x3F, 0x8C, 0x03, 0x83, 0x00, 0x01, 0x80, 0x18,
    0x60, 0x06, 0x38, 0x03, 0x8E, 0x01, 0xF7, 0xC0, 0xEF, 0xB8, 0x31, 0xC2, 0x00, 0x00, 0x00, 0x00,
    0x00, 0x00, 0x03, 0x01, 0xF0, 0xC0, 0xFE, 0x30, 0x70, 0xCC, 0x18, 0x33, 0xC6, 0x0C, 0xF0, 0xC7,
    0x30, 0x3F, 0x8C, 0x03, 0x83, 0x00, 0x00, 0xC0, 0x1F, 0xC0, 0x1F, 0xF8, 0x06, 0x03, 0x01, 0x80,
    0xC0, 0x7F, 0xE0, 0x07, 0xF0, 0x00, 0x00, 0x00, 0x00, 0x00, 0x01, 0x03, 0x01, 0xF8, 0xC0, 0xEE,
    0x30, 0x60, 0xCF, 0x18, 0x33, 0xC7, 0x0C, 0xC0, 0xFE, 0x30, 0x1F, 0x0C, 0x00, 0x03, 0x01, 0xFF,
    0xC0, 0x7F, 0xF0, 0x18, 0x00, 0x07, 0xFF, 0x01, 0x80, 0x00, 0x7F, 0xF0, 0x1F, 0xFC, 0x00, 0x00,
    0x00, 0x00, 0x00, 0x00, 0x03, 0x01, 0xF0, 0xC0, 0xFE, 0x30, 0x70, 0xCC, 0x18, 0x33, 0xC6, 0x0C,
    0xC0, 0xC7, 0x30, 0x3F, 0x8C, 0x03, 0x83, 0x00, 0x00, 0x80, 0x7F, 0xF0, 0x07, 0x30, 0x00, 0xCC,
    0x00, 0x33, 0x00, 0x7F, 0xF0, 0x1F, 0xFC, 0x00, 0x00, 0x00, 0x00, 0x00, 0x00, 0x09, 0x80, 0xC7,
    0x60, 0xF9, 0xD8, 0x33, 0x76, 0x1C, 0xDD, 0x86, 0x32, 0x61, 0x86, 0xF8, 0x61, 0xBE, 0x18, 0xC9,
    0x83, 0x37, 0x60, 0xCD, 0xD8, 0x3E, 0x76, 0x03, 0x1D, 0x80, 0x07, 0x60, 0x01, 0xD8, 0x00, 0x06,
    0x00, 0x00, 0x00, 0x00, 0x00, 0x00, 0x09, 0x81, 0xE3, 0x60, 0xFC, 0xD8, 0x71, 0xB6, 0x18, 0x6F,
    0x86, 0x1B, 0xE1, 0xCE, 0xD8, 0x3F, 0x36, 0x03, 0x8D, 0x80, 0x02, 0x60, 0x3F, 0xF8, 0x0F, 0xFE,
    0x00, 0x01, 0x80, 0x00, 0x60, 0x00, 0x18, 0x00, 0x06, 0x00, 0x00, 0x00, 0x00, 0x00, 0x00, 0x09,
    0x81, 0xE3, 0x60, 0xFC, 0xD8, 0x73, 0xB6, 0x18, 0x6F, 0x86, 0x1B, 0xE1, 0x86, 0xD8, 0x3F, 0x36,
    0x07, 0x8D, 0x80, 0x03, 0x60, 0x30, 0xD8, 0x0C, 0x26, 0x03, 0x00, 0x00, 0xC0, 0x00, 0x3F, 0xF8,
    0x0F, 0xFE, 0x00, 0x00, 0x00, 0x00, 0x00, 0x00, 0x09, 0x83, 0xF7, 0x60, 0xCC, 0x98, 0x61, 0xBE,
    0x18, 0x6F, 0x86, 0x1A, 0x60, 0xFC, 0xD8, 0x1E, 0x76, 0x00, 0x09, 0x80, 0xFF, 0xE0, 0x1F, 0xF8,
    0x07, 0xFE, 0x03, 0xFF, 0x80, 0xC0, 0x00, 0x3F, 0xF8, 0x0F, 0xFF, 0x00, 0x00, 0x00, 0x00, 0x00,
    0x00, 0x09, 0x81, 0xF7, 0x60, 0xFC, 0x98, 0x61, 0xB6, 0x18, 0x6F, 0x86, 0x1B, 0x60, 0xCE, 0x98,
    0x3F, 0x76, 0x03, 0x09, 0x80, 0x00, 0x40, 0x3F, 0xF8, 0x0F, 0xFE, 0x03, 0x01, 0x80, 0xC0, 0x60,
    0x3F, 0xF8, 0x0F, 0xFE, 0x00, 0x00, 0x00, 0x00, 0x00, 0x00, 0x09, 0x81, 0xF7, 0x60, 0xFC, 0x98,
    0x61, 0xBE, 0x18, 0x6F, 0x86, 0x1B, 0x60, 0xCC, 0x98, 0x3F, 0x76, 0x03, 0x09, 0x80, 0x00, 0x00,
    0x30, 0x18, 0x0F, 0xFE, 0x03, 0xFF, 0x80, 0xC0, 0x60, 0x3F, 0xF8, 0x0F, 0xFE, 0x00, 0x00, 0x00,
    0x00, 0x00, 0x00, 0x09, 0x81, 0xE7, 0x60, 0xFC, 0x98, 0x71, 0xB6, 0x18, 0x6F, 0x86, 0x1B, 0xE1,
    0xCE, 0x98, 0x3F, 0x76, 0x07, 0x9D, 0x80, 0x02, 0x60, 0x03, 0x18, 0x00, 0xE0, 0x00, 0x38, 0x00,
    0x3B, 0x80, 0x7C, 0x78, 0x1C, 0x0E, 0x00, 0x00, 0x00, 0x00, 0x00, 0x00, 0x09, 0x81, 0xF7, 0x60,
    0xFC, 0x98, 0x61, 0xB6, 0x18, 0x6F, 0x86, 0x1B, 0xE0, 0xCE, 0x98, 0x3F, 0x76, 0x03, 0x19, 0x80,
    0x02, 0x60, 0x18, 0x60, 0x06, 0x18, 0x01, 0xC7, 0x00, 0xF3, 0xC0, 0xF7, 0x9C, 0x30, 0xC3, 0x00,
    0x00, 0x00, 0x00, 0x00, 0x00, 0x09, 0x81, 0xE7, 0x60, 0xFC, 0xD8, 0x71, 0xA6, 0x18, 0x6F, 0x86,
    0x1B, 0xE1, 0xC6, 0x98, 0x3F, 0x76, 0x07, 0x9D, 0x80, 0x02, 0x60, 0x0F, 0xE0, 0x07, 0xFC, 0x03,
    0x01, 0x80, 0xC0, 0x60, 0x1E, 0xF0, 0x03, 0xF8, 0x00, 0x00, 0x00, 0x00, 0x00, 0x00, 0x03, 0x00,
    0xE0, 0xC0, 0x7E, 0x30, 0x39, 0x8C, 0x0C, 0x73, 0xC6, 0x0C, 0xF1, 0x83, 0x30, 0x60, 0xCC, 0x18,
    0x33, 0xC3, 0x1C, 0xF0, 0xE6, 0x30, 0x1F, 0x0C, 0x03, 0x83, 0x00, 0x00, 0xC0, 0x00, 0x30, 0x00,
    0x0C, 0x00, 0x00, 0x00, 0x00, 0x00, 0x00, 0x03, 0x01, 0xF0, 0xC0, 0xFE, 0x3C, 0x70, 0xCF, 0x18,
    0x33, 0x06, 0x0C, 0xF0, 0xC7, 0x3C, 0x3F, 0x8C, 0x03, 0x83, 0x00, 0x00, 0xC0, 0x7F, 0xF0, 0x1F,
    0xFC, 0x00, 0x03, 0x00, 0x00, 0xC0, 0x00, 0x30, 0x00, 0x0C, 0x00, 0x00, 0x00, 0x00, 0x00, 0x00,
    0x03, 0x01, 0xF0, 0xC0, 0xFE, 0x30, 0x71, 0xCF, 0x18, 0x33, 0x06, 0x0C, 0xC1, 0xC3, 0x3C, 0x3F,
    0x8F, 0x07, 0xC3, 0x00, 0x00, 0xC0, 0x20, 0x30, 0x18, 0x0C, 0x06, 0x00, 0x01, 0x80, 0x00, 0x7F,
    0xF0, 0x1F, 0xFC, 0x00, 0x00, 0x00, 0x00, 0x00, 0x03, 0x83, 0x03, 0xF8, 0xC0, 0xC7, 0x3C, 0x60,
    0xCC, 0x18, 0x33, 0x07, 0x1C, 0xF0, 0xFE, 0x3C, 0x1F, 0x0C, 0x00, 0x02, 0x01, 0xFF, 0xC0, 0x00,
    0x30, 0x0F, 0xFC, 0x07, 0xFF, 0x01, 0x80, 0x00, 0x7F, 0xF0, 0x1F, 0xFC, 0x00, 0x00, 0x00, 0x00,
    0x00, 0x00, 0x00, 0x00, 0xE1, 0x80, 0xFE, 0x78, 0x31, 0x9F, 0x18, 0x37, 0x06, 0x0D, 0xC1, 0xC6,
    0x7C, 0x3F, 0x9C, 0x07, 0xC6, 0x00, 0x00, 0x80, 0xFF, 0x20, 0x03, 0xFC, 0x07, 0xFF, 0x03, 0xFD,
    0xC0, 0xC3, 0x30, 0x3F, 0xFC, 0x0F, 0xFE, 0x00, 0x00, 0x00, 0x00, 0x03, 0x01, 0xF0, 0xC0, 0xFE,
    0x3C, 0x70, 0xCF, 0x18, 0x33, 0x06, 0x0C, 0xF0, 0xC7, 0x3C, 0x3F, 0x8C, 0x03, 0x83, 0x00, 0x00,
    0xC0, 0x7F, 0xF0, 0x1F, 0xFC, 0x06, 0x03, 0x01, 0x80, 0xC0, 0x7F, 0xF0, 0x1F, 0xFC, 0x00, 0x00,
    0x00, 0x00, 0x00, 0x00, 0x03, 0x01, 0xF0, 0xC0, 0xFE, 0x3C, 0x70, 0xCF, 0x18, 0x33, 0x06, 0x0C,
    0xF0, 0xE7, 0x3C, 0x1F, 0x8C, 0x01, 0x83, 0x00, 0x80, 0x00, 0x60, 0x30, 0x1F, 0xFC, 0x07, 0xFF,
    0x01, 0x80, 0xC0, 0x7F, 0xF0, 0x1F, 0xFC, 0x00, 0x00, 0x00, 0x00, 0x00, 0x00, 0x03, 0x01, 0xF0,
    0xC0, 0xFE, 0x3C, 0x71, 0xCF, 0x18, 0x33, 0x06, 0x0C, 0xC1, 0xC7, 0x3C, 0x3F, 0x8F, 0x07, 0xC3,
    0x00, 0x08, 0xC0, 0x03, 0x30, 0x01, 0xC0, 0x00, 0x78, 0x00, 0x77, 0x00, 0x78, 0xF8, 0x1C, 0x0E,
    0x00, 0x00, 0x00, 0x00, 0x00, 0x00, 0x03, 0x01, 0xF0, 0xC0, 0xFE, 0x3C, 0x70, 0xCF, 0x18, 0x33,
    0x06, 0x0C, 0xF0, 0xC7, 0x3C, 0x3F, 0x8C, 0x03, 0x83, 0x00, 0x00, 0xC0, 0x1F, 0xC0, 0x1F, 0xF8,
    0x06, 0x03, 0x01, 0x80, 0xC0, 0x7F, 0xE0, 0x07, 0xF0, 0x00, 0x00, 0x00, 0x00, 0x00, 0x00, 0x03,
    0x01, 0xF8, 0xC0, 0xEE, 0x3C, 0x60, 0xCF, 0x18, 0x33, 0x07, 0x0C, 0xF0, 0xFE, 0x3C, 0x1F, 0x0C,
    0x00, 0x03, 0x01, 0xFF, 0xC0, 0x7F, 0xF0, 0x18, 0x00, 0x07, 0xFF, 0x01, 0x80, 0x00, 0x7F, 0xF0,
    0x1F, 0xFC, 0x00, 0x00, 0x00, 0x00, 0x00, 0x01, 0x03, 0x03, 0xF8, 0xC0, 0xC6, 0x3C, 0x60, 0xCF,
    0x18, 0x33, 0x07, 0x1C, 0xF0, 0xFE, 0x3C, 0x1F, 0x0C, 0x00, 0x22, 0x01, 0xFF, 0xC0, 0x7F, 0xF0,
    0x03, 0xF0, 0x03, 0xFE, 0x00, 0xC1, 0x80, 0x3C, 0xE0, 0x07, 0xF0, 0x00, 0x00, 0x00, 0x00, 0x00,
    0x00, 0x09, 0x80, 0xC7, 0x60, 0xF9, 0xD8, 0x33, 0x76, 0x1C, 0xDF, 0x86, 0x33, 0xE1, 0x86, 0x98,
    0x61, 0xA6, 0x18, 0xCF, 0x83, 0x37, 0xE0, 0xCD, 0xD8, 0x3E, 0x76, 0x03, 0x1D, 0x80, 0x07, 0x60,
    0x01, 0xD8, 0x00, 0x06, 0x00, 0x00, 0x00, 0x00, 0x00, 0x00, 0x09, 0x81, 0xE7, 0x60, 0xFC, 0xD8,
    0x73, 0xBE, 0x18, 0x6D, 0x86, 0x1A, 0x61, 0x86, 0xF8, 0x3F, 0x3E, 0x07, 0x8D, 0x80, 0x03, 0x60,
    0x30, 0xD8, 0x0C, 0x26, 0x03, 0x00, 0x00, 0xC0, 0x00, 0x3F, 0xF8, 0x0F, 0xFE, 0x00, 0x00, 0x00,
    0x00, 0x00, 0x00, 0x09, 0x83, 0xF7, 0x60, 0xCC, 0xF8, 0x61, 0xBE, 0x18, 0x69, 0x86, 0x1B, 0xE0,
    0xFD, 0xF8, 0x1E, 0x66, 0x00, 0x09, 0x80, 0xFF, 0xE0, 0x1F, 0xF8, 0x07, 0xFE, 0x03, 0xFF, 0x80,
    0xC0, 0x00, 0x3F, 0xF8, 0x0F, 0xFF, 0x00, 0x00, 0x00, 0x00, 0x00, 0x00, 0x09, 0x81, 0xF6, 0x60,
    0xFC, 0xF8, 0x61, 0xBE, 0x18, 0x69, 0x86, 0x1B, 0xE0, 0xCC, 0xF8, 0x3F, 0x66, 0x03, 0x09, 0x80,
    0x00, 0x00, 0x30, 0x18, 0x0F, 0xFE, 0x03, 0xFF, 0x80, 0xC0, 0x60, 0x3F, 0xF8, 0x0F, 0xFE, 0x00,
    0x00, 0x00, 0x00, 0x00, 0x00, 0x01, 0x80, 0xE0, 0x60, 0x7C, 0x18, 0x33, 0x86, 0x0C, 0x61, 0x86,
    0x18, 0x61, 0x83, 0xF8, 0x60, 0xFE, 0x18, 0x61, 0x83, 0x18, 0x60, 0xCE, 0x18, 0x1F, 0x06, 0x03,
    0x81, 0x80, 0x00, 0x60, 0x00, 0x18, 0x00, 0x06, 0x00, 0x00, 0x00, 0x00, 0x00, 0x00, 0x03, 0x01,
    0xF0, 0xC0, 0xFE, 0x30, 0x70, 0xCC, 0x18, 0x3F, 0x06, 0x0F, 0xC0, 0xC7, 0x30, 0x3F, 0x8C, 0x03,
    0x83, 0x00, 0x00, 0x40, 0x7F, 0xF0, 0x0F, 0xFC, 0x00, 0x03, 0x00, 0x00, 0xC0, 0x00, 0x30, 0x00,
    0x0C, 0x00, 0x00, 0x00, 0x00, 0x00, 0x00, 0x01, 0x81, 0xF0, 0x60, 0xFE, 0x18, 0x31, 0xC6, 0x18,
    0x3F, 0x86, 0x0F, 0xE1, 0xC3, 0x18, 0x3F, 0x86, 0x07, 0xC1, 0x80, 0x00, 0x60, 0x10, 0x18, 0x0C,
    0x06, 0x03, 0x00, 0x00, 0xC0, 0x00, 0x3F, 0xF8, 0x0F, 0xFE, 0x00, 0x00, 0x00, 0x00, 0x00, 0x00,
    0x03, 0x01, 0xF0, 0xC0, 0xFE, 0x30, 0x70, 0xCC, 0x18, 0x3F, 0x06, 0x0F, 0xC0, 0xE6, 0x30, 0x1F,
    0x8C, 0x01, 0x83, 0x01, 0x0F, 0xE0, 0x63, 0xF8, 0x18, 0x18, 0x06, 0x0E, 0x01, 0xB7, 0xC0, 0x7F,
    0xB8, 0x1C, 0xC6, 0x00, 0x00, 0x00, 0x00, 0x00, 0x00, 0x03, 0x01, 0xF0, 0xE0, 0xFE, 0x38, 0x70,
    0xCE, 0x18, 0x3F, 0x86, 0x0F, 0xE0, 0xC7, 0x38, 0x3F, 0x8E, 0x03, 0x83, 0x80, 0x00, 0x40, 0x3F,
    0xF8, 0x0F, 0xFC, 0x03, 0x00, 0x00, 0xC0, 0x00, 0x3F, 0xF8, 0x0F, 0xFE, 0x00, 0x00, 0x00, 0x00,
    0x00, 0x01, 0x83, 0x01, 0xF8, 0xC0, 0xC7, 0x30, 0x60, 0xFC, 0x18, 0x3F, 0x07, 0x0C, 0xC0, 0xFE,
    0x30, 0x1F, 0x0C, 0x00, 0x01, 0x00, 0xFF, 0xC0, 0x00, 0x30, 0x07, 0xFC, 0x03, 0xFF, 0x00, 0xC0,
    0x00, 0x3F, 0xF8, 0x0F, 0xFE, 0x00, 0x00, 0x00, 0x00, 0x00, 0x00, 0x03, 0x01, 0xF0, 0xC0, 0xFE,
    0x30, 0x71, 0xCC, 0x18, 0x3F, 0x06, 0x0F, 0xC0, 0xC6, 0x30, 0x1F, 0x0C, 0x00, 0x03, 0x01, 0xFF,
    0xC0, 0x7F, 0xF0, 0x01, 0x8C, 0x07, 0xE3, 0x01, 0xA0, 0xC0, 0x7F, 0x30, 0x1F, 0xCC, 0x00, 0x00,
    0x00, 0x00, 0x00, 0x01, 0x81, 0x81, 0xF8, 0x60, 0xE7, 0x18, 0x60, 0xFE, 0x18, 0x3F, 0x87, 0x0C,
    0x60, 0xFE, 0x18, 0x1F, 0x06, 0x00, 0x01, 0x01, 0xF7, 0xE0, 0x7F, 0xF8, 0x1F, 0xE6, 0x07, 0xD9,
    0x81, 0x86, 0x60, 0x7F, 0x98, 0x1F, 0xFE, 0x00, 0x00, 0x00, 0x00, 0x00, 0x00, 0x03, 0x01, 0xF0,
    0xE0, 0xFE, 0x38, 0x70, 0xCE, 0x18, 0x3F, 0x86, 0x0F, 0xE0, 0xC7, 0x38, 0x3F, 0x8E, 0x03, 0x83,
    0x80, 0x00, 0x40, 0x3F, 0xF0, 0x0F, 0xFE, 0x03, 0x03, 0x80, 0xC0, 0xE0, 0x3F, 0xF8, 0x0F, 0xFE,
    0x00, 0x00, 0x00, 0x00, 0x00, 0x03, 0x83, 0x01, 0xF8, 0xC0, 0xC6, 0x30, 0x60, 0xCC, 0x18, 0x3F,
    0x06, 0x0C, 0xC0, 0xE6, 0x30, 0x1F, 0x8C, 0x01, 0x81, 0x00, 0x40, 0x40, 0x30, 0x30, 0x0F, 0xFC,
    0x03, 0xFF, 0x00, 0xC0, 0xC0, 0x3F, 0xF0, 0x0F, 0xFC, 0x00, 0x00, 0x00, 0x00, 0x00, 0x00, 0x03,
    0x01, 0xF0, 0xC0, 0xFE, 0x30, 0x71, 0xCC, 0x18, 0x3F, 0x06, 0x0F, 0xC0, 0xCE, 0x30, 0x3F, 0x0C,
    0x01, 0x03, 0x00, 0x01, 0x00, 0x66, 0x60, 0x1F, 0x98, 0x07, 0xE6, 0x01, 0x9B, 0xC0, 0x67, 0xF8,
    0x1F, 0xE7, 0x00, 0x00, 0x00, 0x00, 0x00, 0x00, 0x03, 0x01, 0xF0, 0xE0, 0xFE, 0x38, 0x71, 0xCE,
    0x18, 0x3F, 0x86, 0x0F, 0xE0, 0xC7, 0x38, 0x3F, 0x8E, 0x07, 0xC3, 0x80, 0x0C, 0xE0, 0x03, 0x30,
    0x00, 0xE0, 0x00, 0x78, 0x00, 0x3B, 0x80, 0x7C, 0x78, 0x1C, 0x06, 0x00, 0x00, 0x00, 0x00, 0x00,
    0x00, 0x03, 0x01, 0xF0, 0xE0, 0xFE, 0x38, 0x70, 0xCE, 0x18, 0x3F, 0x86, 0x0F, 0xE0, 0xC7, 0x38,
    0x3F, 0x8E, 0x03, 0x83, 0x80, 0x01, 0x40, 0x18, 0x60, 0x06, 0x18, 0x03, 0x8E, 0x00, 0xF3, 0xC0,
    0xE7, 0x9C, 0x30, 0xC3, 0x00, 0x00, 0x00, 0x00, 0x00, 0x00, 0x03, 0x01, 0xF0, 0xE0, 0xFE, 0x38,
    0x70, 0xCE, 0x18, 0x3F, 0x86, 0x0F, 0xE0, 0xC7, 0x38, 0x3F, 0x8E, 0x03, 0x83, 0x80, 0x1E, 0x40,
    0x1F, 0xE0, 0x0E, 0x1C, 0x03, 0x03, 0x80, 0xC0, 0xC0, 0x3F, 0xF0, 0x07, 0xF8, 0x00, 0x00, 0x00,
    0x00, 0x00, 0x00, 0x01, 0x81, 0xF0, 0x60, 0xFE, 0x18, 0x70, 0xC6, 0x18, 0x3F, 0x86, 0x0F, 0xE0,
    0xE6, 0x18, 0x1F, 0x86, 0x01, 0x01, 0x80, 0x00, 0x40, 0x3F, 0xF8, 0x06, 0xFC, 0x00, 0x38, 0x00,
    0x3F, 0x00, 0x3C, 0xF8, 0x1C, 0x0E, 0x00, 0x00, 0x00, 0x00, 0x00, 0x00, 0x03, 0x01, 0xF0, 0xE0,
    0xFE, 0x38, 0x70, 0xCE, 0x18, 0x3F, 0x86, 0x0F, 0xE0, 0xC7, 0x38, 0x3F, 0x8E, 0x01, 0x83, 0x80,
    0xFF, 0xC0, 0x7F, 0xF8, 0x00, 0x0E, 0x03, 0xFF, 0x81, 0xFF, 0xE0, 0x00, 0x38, 0x00, 0x0C, 0x00,
    0x00, 0x00, 0x00, 0x00, 0x00, 0x03, 0x01, 0xF0, 0xE0, 0xFE, 0x38, 0x70, 0xCE, 0x18, 0x3F, 0x86,
    0x0F, 0xE0, 0xC7, 0x38, 0x3F, 0x8E, 0x01, 0x83, 0x00, 0xFF, 0xC0, 0x7F, 0xF8, 0x03, 0x30, 0x00,
    0xCC, 0x00, 0x33, 0x00, 0x7F, 0xF8, 0x1F, 0xFE, 0x00, 0x00, 0x00, 0x00, 0x00, 0x00, 0x0D, 0x80,
    0xC3, 0x60, 0xF8, 0xD8, 0x33, 0x36, 0x1C, 0xCD, 0x86, 0x1B, 0x61, 0x87, 0xD8, 0x61, 0xF6, 0x18,
    0x6D, 0x83, 0x33, 0x60, 0xCC, 0xD8, 0x3E, 0x36, 0x03, 0x0D, 0x80, 0x03, 0x60, 0x00, 0xD8, 0x00,
    0x06, 0x00, 0x00, 0x00, 0x00, 0x00, 0x00, 0x0D, 0x81, 0xE3, 0x60, 0xFC, 0xD8, 0x71, 0xB6, 0x18,
    0x7D, 0x86, 0x1F, 0x61, 0xCE, 0xD8, 0x3F, 0x36, 0x07, 0x8D, 0x80, 0x03, 0x60, 0x3F, 0xF8, 0x0F,
    0xFE, 0x00, 0x01, 0x80, 0x00, 0x60, 0x00, 0x18, 0x00, 0x06, 0x00, 0x00, 0x00, 0x00, 0x00, 0x00,
    0x0D, 0x81, 0xE3, 0x60, 0xFC, 0xD8, 0x71, 0xB6, 0x18, 0x7D, 0x86, 0x1F, 0x61, 0x86, 0xD8, 0x3F,
    0x36, 0x07, 0xCD, 0x80, 0x03, 0x60, 0x30, 0xD8, 0x0C, 0x36, 0x03, 0x00, 0x00, 0xC0, 0x00, 0x3F,
    0xF8, 0x0F, 0xFE, 0x00, 0x00, 0x00, 0x00, 0x00, 0x00, 0x0D, 0x83, 0xF3, 0x60, 0xCE, 0xD8, 0x61,
    0xF6, 0x18, 0x7D, 0x87, 0x1B, 0x60, 0xFC, 0xD8, 0x1E, 0x36, 0x00, 0x01, 0x00, 0xFF, 0xE0, 0x1F,
    0xD8, 0x07, 0xFE, 0x03, 0xFF, 0x80, 0xC0, 0x00, 0x3F, 0xF8, 0x0F, 0xFF, 0x00, 0x00, 0x00, 0x00,
    0x00, 0x00, 0x0D, 0x81, 0xE3, 0x60, 0xFC, 0xD8, 0x61, 0xB6, 0x18, 0x7D, 0x86, 0x1F, 0x60, 0xCE,
    0xD8, 0x3F, 0x36, 0x03, 0x0D, 0x80, 0x00, 0x40, 0x3F, 0xF8, 0x0F, 0xFE, 0x03, 0x01, 0x80, 0xC0,
    0x60, 0x3F, 0xF8, 0x0F, 0xFE, 0x00, 0x00, 0x00, 0x00, 0x00, 0x00, 0x0D, 0x81, 0xF3, 0x60, 0xFC,
    0xD8, 0x61, 0xB6, 0x18, 0x7D, 0x86, 0x1B, 0x60, 0xEE, 0xD8, 0x3F, 0x36, 0x00, 0x0D, 0x80, 0x40,
    0x00, 0x30, 0x18, 0x0F, 0xFE, 0x03, 0xFF, 0x80, 0xC0, 0x60, 0x3F, 0xF8, 0x0F, 0xFE, 0x00, 0x00,
    0x00, 0x00, 0x00, 0x00, 0x0D, 0x81, 0xE3, 0x60, 0xFC, 0xD8, 0x71, 0xB6, 0x18, 0x7D, 0x86, 0x1F,
    0x61, 0xC6, 0xD8, 0x3F, 0x36, 0x07, 0x8D, 0x80, 0x02, 0x60, 0x03, 0x18, 0x00, 0xE0, 0x00, 0x78,
    0x00, 0x3B, 0x80, 0x7C, 0x78, 0x1C, 0x06, 0x00, 0x00, 0x00, 0x00, 0x00, 0x00, 0x0D, 0x81, 0xE3,
    0x60, 0xFC, 0xD8, 0x71, 0xB6, 0x18, 0x7D, 0x86, 0x1F, 0x61, 0xC6, 0xD8, 0x3F, 0x36, 0x07, 0x8D,
    0x80, 0x00, 0x60, 0x0F, 0xE0, 0x07, 0xFC, 0x03, 0x01, 0x80, 0xC0, 0x60, 0x1E, 0xF8, 0x03, 0xF8,
    0x00, 0x00, 0x00, 0x00, 0x00, 0x00, 0x03, 0x80, 0xE0, 0xE0, 0x7C, 0x38, 0x33, 0xFE, 0x0C, 0x7F,
    0x86, 0x18, 0xE1, 0x83, 0x38, 0x60, 0x8E, 0x18, 0x7F, 0x83, 0x1F, 0xE0, 0xCE, 0x38, 0x1F, 0x0E,
    0x03, 0x83, 0x80, 0x00, 0xE0, 0x00, 0x38, 0x00, 0x0E, 0x00, 0x00, 0x00, 0x00, 0x00, 0x00, 0x03,
    0x01, 0xF0, 0xC0, 0xFF, 0xF0, 0x70, 0xFC, 0x18, 0x33, 0x06, 0x0C, 0xC0, 0xC7, 0xF0, 0x3F, 0x8C,
    0x03, 0x83, 0x00, 0x00, 0x40, 0x7F, 0xF0, 0x0F, 0xFC, 0x00, 0x03, 0x00, 0x00, 0xC0, 0x00, 0x30,
    0x00, 0x0C, 0x00, 0x00, 0x00, 0x00, 0x00, 0x00, 0x03, 0x01, 0xF0, 0xC0, 0xFF, 0xF0, 0x70, 0xFC,
    0x18, 0x33, 0x06, 0x0C, 0xC0, 0xC7, 0xF0, 0x3F, 0x8C, 0x03, 0x83, 0x00, 0x00, 0x40, 0x7F, 0xF0,
    0x0F, 0xFC, 0x00, 0x63, 0x00, 0x18, 0xC0, 0x06, 0x30, 0x01, 0x8C, 0x00, 0x00, 0x00, 0x00, 0x00,
    0x00, 0x03, 0x01, 0xF0, 0xC0, 0xFF, 0xF0, 0x31, 0xFC, 0x18, 0x33, 0x06, 0x0C, 0xC1, 0xC3, 0xF0,
    0x3F, 0xFC, 0x07, 0xC3, 0x00, 0x00, 0xC0, 0x10, 0x30, 0x0C, 0x0C, 0x03, 0x00, 0x00, 0xC0, 0x00,
    0x3F, 0xF8, 0x0F, 0xFE, 0x00, 0x00, 0x00, 0x00, 0x00, 0x03, 0x83, 0x83, 0xF8, 0xE0, 0xC7, 0xF8,
    0x60, 0xCE, 0x18, 0x33, 0x87, 0x0F, 0xE0, 0xFF, 0xF8, 0x1F, 0x06, 0x00, 0x01, 0x00, 0xFF, 0xE0,
    0x00, 0x38, 0x07, 0xFE, 0x03, 0xFF, 0x80, 0xC0, 0x00, 0x3F, 0xF8, 0x0F, 0xFE, 0x00, 0x00, 0x00,
    0x00, 0x00, 0x01, 0x01, 0x81, 0xF8, 0xE0, 0xEF, 0xF8, 0x60, 0xFE, 0x18, 0x31, 0x87, 0x0F, 0xE0,
    0xFF, 0xF8, 0x1F, 0x0E, 0x00, 0x01, 0x01, 0xF7, 0xE0, 0x0F, 0xF8, 0x1F, 0xE6, 0x07, 0xD9, 0x81,
    0x86, 0x60, 0x7F, 0xB8, 0x1F, 0xFE, 0x00, 0x00, 0x00, 0x00, 0x00, 0x03, 0x83, 0x83, 0xF8, 0xE0,
    0xC7, 0xF8, 0x60, 0xCE, 0x18, 0x31, 0x87, 0x0F, 0xE0, 0xFF, 0xF8, 0x1F, 0x0E, 0x00, 0x01, 0x01,
    0xF6, 0x60, 0x3F, 0xB8, 0x1F, 0xFE, 0x07, 0xDB, 0x81, 0x86, 0x60, 0x6F, 0xB8, 0x1F, 0xFE, 0x00,
    0x00, 0x00, 0x00, 0x00, 0x00, 0x03, 0x01, 0xF0, 0xC0, 0xFF, 0xF0, 0x70, 0xFC, 0x18, 0x33, 0x06,
    0x0C, 0xC0, 0xC7, 0xF0, 0x3F, 0xAC, 0x03, 0x83, 0x00, 0x00, 0x40, 0x3F, 0xF0, 0x0F, 0xFC, 0x03,
    0x03, 0x00, 0xC0, 0xC0, 0x3F, 0xF0, 0x0F, 0xFC, 0x00, 0x00, 0x00, 0x00, 0x00, 0x00, 0x03, 0x01,
    0xF0, 0xC0, 0xEF, 0xF0, 0x70, 0xFC, 0x18, 0x33, 0x06, 0x0F, 0xC0, 0xE7, 0xF0, 0x1F, 0x8C, 0x01,
    0x81, 0x00, 0x40, 0x40, 0x30, 0x30, 0x0F, 0xFC, 0x03, 0xFF, 0x00, 0xC0, 0xC0, 0x3F, 0xF0, 0x0F,
    0xFC, 0x00, 0x00, 0x00, 0x00, 0x00, 0x00, 0x03, 0x01, 0xF0, 0xC0, 0xFF, 0xF0, 0x71, 0xFC, 0x18,
    0x33, 0x06, 0x0F, 0xC0, 0xC7, 0xF0, 0x3F, 0x8C, 0x01, 0x03, 0x00, 0x01, 0x00, 0x66, 0x60, 0x1F,
    0x98, 0x07, 0xE6, 0x01, 0x9B, 0xC0, 0x67, 0xF8, 0x1F, 0xE7, 0x00, 0x00, 0x00, 0x00, 0x00, 0x00,
    0x03, 0x01, 0xF0, 0xE0, 0xFF, 0xF8, 0x31, 0xFE, 0x18, 0x33, 0x86, 0x0C, 0xE1, 0xC3, 0xF8, 0x3F,
    0xFE, 0x07, 0xC3, 0x80, 0x04, 0xE0, 0x03, 0x38, 0x00, 0xE0, 0x00, 0x78, 0x00, 0x3B, 0x80, 0x7C,
    0x78, 0x1C, 0x0E, 0x00, 0x00, 0x00, 0x00, 0x00, 0x00, 0x03, 0x01, 0xF0, 0xC0, 0xFF, 0xF0, 0x70,
    0xFC, 0x18, 0x33, 0x06, 0x0C, 0xC0, 0xC7, 0xF0, 0x3F, 0xAC, 0x03, 0x83, 0x00, 0x41, 0x80, 0x18,
    0x60, 0x06, 0x18, 0x03, 0x8E, 0x01, 0xF3, 0xC0, 0xEF, 0x9C, 0x30, 0xC2, 0x00, 0x00, 0x00, 0x00,
    0x00, 0x00, 0x03, 0x01, 0xF0, 0xC0, 0xFF, 0xF0, 0x70, 0xFC, 0x18, 0x33, 0x06, 0x0C, 0xC0, 0xC7,
    0xF0, 0x3F, 0xFC, 0x03, 0x83, 0x00, 0x1E, 0x40, 0x1F, 0xE0, 0x0E, 0x1C, 0x03, 0x03, 0x00, 0xC0,
    0xC0, 0x3F, 0xF0, 0x07, 0xF8, 0x00, 0x00, 0x00, 0x00, 0x00, 0x03, 0x83, 0x03, 0xF8, 0xC0, 0xE7,
    0xF0, 0x60, 0xFC, 0x18, 0x33, 0x07, 0x1F, 0xC0, 0xFF, 0xF0, 0x1F, 0x0C, 0x00, 0x01, 0x00, 0xFF,
    0xC0, 0x3F, 0xF0, 0x0C, 0x00, 0x03, 0xFF, 0x00, 0xC0, 0x00, 0x3F, 0xF8, 0x0F, 0xFE, 0x00, 0x00,
    0x00, 0x00, 0x00, 0x00, 0x03, 0x01, 0xF0, 0xC0, 0xFF, 0xF0, 0x70, 0xFC, 0x18, 0x33, 0x06, 0x0C,
    0xC0, 0xC7, 0xF0, 0x3F, 0x8C, 0x01, 0x83, 0x00, 0xFF, 0xC0, 0x7F, 0xF8, 0x03, 0x30, 0x00, 0xCC,
    0x00, 0x33, 0x00, 0x7F, 0xF8, 0x1F, 0xFE, 0x00, 0x00, 0x00, 0x00, 0x00, 0x03, 0x81, 0x83, 0xF8,
    0xE0, 0xC7, 0xF8, 0x60, 0xCE, 0x18, 0x31, 0x87, 0x1F, 0xE0, 0xFF, 0xF8, 0x1F, 0x06, 0x00, 0x31,
    0x01, 0xFF, 0xE0, 0x7F, 0xF8, 0x03, 0xF0, 0x01, 0xFF, 0x00, 0x60, 0xC0, 0x1C, 0xF0, 0x03, 0xF8,
    0x00, 0x00, 0x00, 0x00, 0x00, 0x00, 0x0D, 0x80, 0xC3, 0x60, 0xF8, 0xD8, 0x33, 0x36, 0x1C, 0xFD,
    0x86, 0x3B, 0x61, 0x86, 0xD8, 0x61, 0xB6, 0x18, 0xFD, 0x83, 0x3F, 0x60, 0xCC, 0xD8, 0x3E, 0x36,
    0x03, 0x0D, 0x80, 0x03, 0x60, 0x00, 0xD8, 0x00, 0x06, 0x00, 0x00, 0x00, 0x00, 0x00, 0x00, 0x0D,
    0x81, 0xE3, 0x60, 0xFF, 0xD8, 0x73, 0xF6, 0x18, 0x6D, 0x86, 0x1B, 0x61, 0x87, 0xD8, 0x3F, 0xF6,
    0x07, 0xCD, 0x80, 0x03, 0x60, 0x30, 0xD8, 0x0C, 0x36, 0x03, 0x00, 0x00, 0xC0, 0x00, 0x3F, 0xF8,
    0x0F, 0xFE, 0x00, 0x00, 0x00, 0x00, 0x00, 0x01, 0x0D, 0x83, 0xF3, 0x60, 0xCF, 0xD8, 0x61, 0xF6,
    0x18, 0x6D, 0x87, 0x1F, 0x60, 0xFF, 0xD8, 0x1E, 0x36, 0x00, 0x01, 0x00, 0xFF, 0xE0, 0x1F, 0xD8,
    0x07, 0xFE, 0x03, 0xFF, 0x80, 0xC0, 0x00, 0x3F, 0xF8, 0x0F, 0xFF, 0x00, 0x00, 0x00, 0x00, 0x00,
    0x00, 0x0D, 0x81, 0xE3, 0x60, 0xFF, 0xD8, 0x61, 0xF6, 0x18, 0x6D, 0x86, 0x1B, 0x60, 0xCF, 0xD8,
    0x3F, 0xF6, 0x03, 0x0D, 0x80, 0x00, 0x40, 0x3F, 0xF8, 0x0F, 0xFE, 0x03, 0x01, 0x80, 0xC0, 0x60,
    0x3F, 0xF8, 0x0F, 0xFE, 0x00, 0x00, 0x00, 0x00, 0x00, 0x00, 0x0D, 0x81, 0xF3, 0x60, 0xFF, 0xD8,
    0x61, 0xF6, 0x18, 0x6D, 0x86, 0x1F, 0x60, 0xCF, 0xD8, 0x3F, 0x36, 0x00, 0x0D, 0x80, 0x40, 0x00,
    0x30, 0x18, 0x0F, 0xFE, 0x03, 0xFF, 0x80, 0xC0, 0x60, 0x3F, 0xF8, 0x0F, 0xFE, 0x00, 0x00, 0x00,
    0x00, 0x00, 0x00, 0x0D, 0x81, 0xE3, 0x60, 0xFF, 0xD8, 0x71, 0xF6, 0x18, 0x6D, 0x86, 0x1B, 0x61,
    0xCF, 0xD8, 0x3F, 0xF6, 0x07, 0x8D, 0x80, 0x03, 0x60, 0x03, 0x18, 0x00, 0xE0, 0x00, 0x78, 0x00,
    0x3B, 0x80, 0x7C, 0x78, 0x1C, 0x06, 0x00, 0x00, 0x00, 0x00, 0x00, 0x00, 0x0D, 0x81, 0xE3, 0x60,
    0xFF, 0xD8, 0x61, 0xF6, 0x18, 0x6D, 0x86, 0x1B, 0x60, 0xCF, 0xD8, 0x3F, 0xF6, 0x03, 0x0D, 0x80,
    0x00, 0x00, 0x18, 0x60, 0x06, 0x18, 0x01, 0xC7, 0x00, 0xF3, 0xC0, 0xE7, 0x9C, 0x30, 0xC3, 0x00,
    0x00, 0x00, 0x00, 0x00, 0x00, 0x00, 0x00, 0x3F, 0x00, 0x3F, 0xF0, 0x1C, 0x0E, 0x06, 0x01, 0x81,
    0x80, 0x30, 0x60, 0x1C, 0x1C, 0x06, 0x03, 0xC7, 0x80, 0x7F, 0x80, 0x03, 0x80, 0x00, 0xC0, 0x00,
    0x30, 0x07, 0xFF, 0xF9, 0xFF, 0xFE, 0x00, 0x00, 0x00, 0x00, 0x00, 0x00, 0x00, 0x00, 0xFC, 0x00,
    0xFF, 0xC0, 0x70, 0x30, 0x18, 0x0E, 0x06, 0x03, 0x01, 0xFF, 0xC0, 0x1F, 0xC0, 0x00, 0x80, 0x1F,
    0xFF, 0xC7, 0xFF, 0xF0, 0x00, 0x00, 0x1F, 0xFC, 0x00, 0x03, 0x00, 0x00, 0xC0, 0x00, 0x30, 0x00,
    0x0C, 0x00, 0x00, 0x00, 0x00, 0x00, 0x00, 0xFC, 0x00, 0xFF, 0xC0, 0x70, 0x30, 0x18, 0x06, 0x06,
    0x03, 0x81, 0xF7, 0xC0, 0x3F, 0xE0, 0x00, 0xC0, 0x00, 0x30, 0x07, 0xFF, 0xF0, 0x00, 0x00, 0x18,
    0x00, 0x06, 0x00, 0x01, 0x80, 0x00, 0x60, 0x00, 0x1F, 0xFE, 0x07, 0xFF, 0x00, 0x00, 0x00, 0x01,
    0xFC, 0x01, 0xFF, 0xC0, 0x60, 0x30, 0x18, 0x0C, 0x07, 0xFF, 0x00, 0x7F, 0x00, 0xE7, 0x38, 0x7F,
    0xFF, 0x00, 0x00, 0x01, 0xFF, 0xC0, 0x7F, 0xF0, 0x00, 0x0C, 0x07, 0xFF, 0x01, 0x80, 0x00, 0x7F,
    0xF0, 0x1F, 0xFE, 0x00, 0x00, 0x00, 0x00, 0x00, 0x00, 0x60, 0x00, 0xFF, 0x80, 0x70, 0x70, 0x18,
    0x0C, 0x07, 0x8F, 0x00, 0xFF, 0x80, 0x06, 0x00, 0x7F, 0xFE, 0x1F, 0xFF, 0xC0, 0x00, 0x00, 0x7F,
    0xF0, 0x03, 0x0C, 0x07, 0xC3, 0x01, 0xC0, 0xC0, 0x7E, 0x30, 0x1F, 0x8C, 0x00, 0x00, 0x00, 0x00,
    0x00, 0x01, 0xFC, 0x01, 0xFF, 0xC0, 0x60, 0x30, 0x18, 0x0C, 0x07, 0xFF, 0x00, 0x7F, 0x80, 0x06,
    0x00, 0x7F, 0xFF, 0x1F, 0xFF, 0xC1, 0xF7, 0xC0, 0x7D, 0xF0, 0x03, 0x44, 0x07, 0xDB, 0x01, 0x86,
    0x40, 0x7F, 0xB0, 0x1F, 0xFC, 0x00, 0x00, 0x00, 0x00, 0x00, 0x00, 0x60, 0x00, 0xFF, 0x80, 0x70,
    0x70, 0x18, 0x0C, 0x07, 0x8F, 0x00, 0xFF, 0x80, 0x06, 0x00, 0x7F, 0xFE, 0x1F, 0xFF, 0xC0, 0x01,
    0x00, 0xFC, 0xE0, 0x03, 0x38, 0x07, 0xCE, 0x01, 0x87, 0xC0, 0x7F, 0xB8, 0x1F, 0xC6, 0x00, 0x00,
    0x00, 0x00, 0x00, 0x00, 0x60, 0x00, 0xFF, 0x80, 0x70, 0x70, 0x18, 0x0C, 0x07, 0x8F, 0x00, 0xFF,
    0x80, 0x07, 0x00, 0x7F, 0xFF, 0x08, 0xFF, 0x81, 0xE1, 0x00, 0x7F, 0xF8, 0x03, 0xFE, 0x07, 0xCE,
    0x01, 0xC7, 0xC0, 0x7F, 0xB0, 0x1F, 0xFC, 0x00, 0x00, 0x00, 0x00, 0x00, 0x01, 0xFC, 0x01, 0xFF,
    0xC0, 0x60, 0x30, 0x18, 0x0E, 0x07, 0x07, 0x00, 0xFF, 0x80, 0x07, 0x00, 0x3F, 0xFE, 0x1F, 0xFF,
    0xC0, 0x00, 0x00, 0x7F, 0xF0, 0x1F, 0xFC, 0x06, 0x03, 0x01, 0x80, 0xC0, 0x7F, 0xF0, 0x1F, 0xFC,
    0x00, 0x00, 0x00, 0x00, 0x00, 0x01, 0xFC, 0x01, 0xFF, 0x80, 0x60, 0x30, 0x18, 0x0C, 0x07, 0x07,
    0x00, 0xFF, 0x80, 0x07, 0x00, 0x7F, 0xFF, 0x1F, 0xFF, 0xC0, 0x00, 0x00, 0x60, 0x30, 0x1F, 0xFC,
    0x07, 0xFF, 0x01, 0x80, 0xC0, 0x7F, 0xF0, 0x1F, 0xFC, 0x00, 0x00, 0x00, 0x00, 0x00, 0x01, 0xFC,
    0x01, 0xFF, 0xC0, 0x60, 0x30, 0x18, 0x0C, 0x07, 0x07, 0x00, 0xFF, 0x80, 0x07, 0x00, 0x3F, 0xFE,
    0x1F, 0xFF, 0xC0, 0x08, 0x00, 0x03, 0x00, 0x01, 0xC0, 0x00, 0xF8, 0x00, 0x77, 0x00, 0xF8, 0xF8,
    0x18, 0x0E, 0x00, 0x00, 0x00, 0x00, 0x00, 0x01, 0xFC, 0x01, 0xFF, 0xC0, 0x60, 0x30, 0x18, 0x0E,
    0x07, 0x07, 0x00, 0xFF, 0x80, 0x07, 0x00, 0x3F, 0xFE, 0x1F, 0xFF, 0xC0, 0x00, 0x00, 0x1F, 0xC0,
    0x1F, 0xFC, 0x06, 0x03, 0x01, 0x80, 0xC0, 0x78, 0xF0, 0x0F, 0xF8, 0x00, 0x00, 0x00, 0x00, 0x00,
    0x01, 0xFC, 0x01, 0xFF, 0xC0, 0x60, 0x30, 0x18, 0x0C, 0x07, 0xFF, 0x00, 0x7F, 0x80, 0x02, 0x00,
    0x7F, 0xFF, 0x1F, 0xFF, 0xC0, 0x08, 0x00, 0x7F, 0xF0, 0x1F, 0xFC, 0x00, 0x70, 0x00, 0x3E, 0x00,
    0x7C, 0xF0, 0x3C, 0x1E, 0x00, 0x00, 0x00, 0x00, 0x00, 0x00, 0x03, 0x00, 0xF8, 0xC0, 0xFF, 0x30,
    0x30, 0xCC, 0x0C, 0x3B, 0x03, 0x0C, 0xC0, 0xC3, 0x3C, 0x1F, 0xCF, 0x03, 0xC3, 0x00, 0x60, 0xC0,
    0x18, 0x30, 0x7F, 0xEC, 0x1F, 0xE3, 0x00, 0x00, 0xC0, 0x00, 0x30, 0x00, 0x0C, 0x00, 0x00, 0x00,
    0x00, 0x00, 0x03, 0xC3, 0x01, 0xFC, 0xC0, 0xE3, 0x30, 0x30, 0x6C, 0x0C, 0x33, 0xC1, 0xFC, 0xF0,
    0x3E, 0x30, 0x03, 0x2C, 0x1F, 0xFF, 0x03, 0xF8, 0xC0, 0x00, 0x20, 0x1F, 0xFC, 0x00, 0x03, 0x00,
    0x00, 0xC0, 0x00, 0x30, 0x00, 0x0C, 0x00, 0x00, 0x00, 0x00, 0x00, 0x00, 0x03, 0x01, 0xF8, 0xC0,
    0x67, 0x30, 0x30, 0xCC, 0x0C, 0x3B, 0x03, 0x9C, 0xF0, 0x7E, 0x3C, 0x07, 0x0C, 0x0F, 0xFF, 0x07,
    0xFE, 0xC0, 0x00, 0x30, 0x0C, 0x0C, 0x03, 0x02, 0x00, 0xC0, 0x00, 0x7F, 0xF0, 0x0F, 0xFE, 0x00,
    0x00, 0x00, 0x00, 0x00, 0x03, 0xE3, 0x01, 0xFC, 0xC0, 0xC3, 0x30, 0x30, 0xEF, 0x07, 0xF3, 0xC0,
    0xF8, 0xC0, 0x0C, 0xB0, 0x7F, 0xFC, 0x0F, 0xC3, 0x00, 0xFF, 0xC0, 0x7F, 0xF0, 0x00, 0x0C, 0x07,
    0xFF, 0x01, 0xC0, 0x00, 0x7F, 0xF0, 0x1F, 0xFE, 0x00, 0x00, 0x00, 0x00, 0x00, 0x03, 0xC3, 0x01,
    0xFC, 0xC0, 0xC3, 0x30, 0x30, 0x6C, 0x0E, 0x33, 0xC1, 0xFC, 0xF0, 0x1C, 0x30, 0x17, 0xEC, 0x1F,
    0xFB, 0x00, 0x00, 0xC0, 0x3F, 0xF0, 0x1F, 0xFC, 0x07, 0x03, 0x01, 0xC0, 0xC0, 0x7F, 0xF0, 0x1F,
    0xFC, 0x00, 0x00, 0x00, 0x00, 0x00, 0x03, 0xC3, 0x01, 0xFC, 0xC0, 0xC3, 0x30, 0x30, 0x6C, 0x0E,
    0x33, 0xC1, 0xFC, 0xF0, 0x1C, 0x30, 0x3F, 0xFC, 0x1F, 0xFB, 0x00, 0x00, 0x80, 0x20, 0x30, 0x1F,
    0xFC, 0x07, 0xFF, 0x01, 0xC0, 0xC0, 0x7F, 0xF0, 0x1F, 0xFC, 0x00, 0x00, 0x00, 0x00, 0x00, 0x00,
    0x03, 0x01, 0xF8, 0xC0, 0xE7, 0x30, 0x30, 0xCC, 0x0C, 0x33, 0x01, 0xFC, 0xF0, 0x3E, 0x3C, 0x03,
    0x2C, 0x1F, 0xFF, 0x03, 0xF8, 0xC0, 0x03, 0x30, 0x00, 0xCC, 0x00, 0x78, 0x00, 0x3F, 0x00, 0x7C,
    0xF8, 0x1C, 0x0E, 0x00, 0x00, 0x00, 0x00, 0x00, 0x03, 0xC3, 0x01, 0xFC, 0xC0, 0xC3, 0x30, 0x30,
    0x6C, 0x0E, 0x33, 0xC1, 0xFC, 0xF0, 0x1C, 0x30, 0x37, 0xFC, 0x1F, 0xFF, 0x00, 0x00, 0xC0, 0x18,
    0x60, 0x06, 0x18, 0x03, 0x8E, 0x00, 0xF3, 0xC0, 0xEF, 0x9C, 0x30, 0xC2, 0x00, 0x00, 0x00, 0x00,
    0x00, 0x00, 0x03, 0x01, 0xF8, 0xC0, 0xE3, 0x30, 0x30, 0x6C, 0x0E, 0x33, 0xE1, 0xFC, 0xF0, 0x1C,
    0x30, 0x17, 0xFC, 0x1F, 0xFF, 0x00, 0x00, 0xC0, 0x0F, 0xC0, 0x0F, 0xF8, 0x07, 0x03, 0x01, 0x80,
    0xC0, 0x3D, 0xF0, 0x07, 0xF8, 0x00, 0x00, 0x00, 0x00, 0x00, 0x00, 0x09, 0x80, 0xC7, 0x60, 0xFC,
    0xD8, 0x33, 0xB6, 0x18, 0x6D, 0x86, 0x1A, 0x60, 0xCE, 0xF8, 0x3F, 0x7E, 0x03, 0x19, 0x80, 0xC3,
    0x61, 0xFF, 0xD8, 0x7F, 0xF6, 0x00, 0x0D, 0x80, 0x07, 0x60, 0x00, 0xD8, 0x00, 0x06, 0x00, 0x00,
    0x00, 0x00, 0x00, 0x00, 0x00, 0x00, 0xC3, 0x60, 0x7C, 0xD8, 0x33, 0xB6, 0x0C, 0x6D, 0x83, 0x1B,
    0xE0, 0xFC, 0xF8, 0x0E, 0x36, 0x1F, 0xFD, 0x87, 0xFB, 0x60, 0x00, 0x98, 0x0F, 0xFE, 0x03, 0xFF,
    0x80, 0x00, 0x60, 0x00, 0x18, 0x00, 0x06, 0x00, 0x01, 0x80, 0x00, 0x00, 0x00, 0x00, 0x80, 0xE3,
    0x30, 0xFE, 0xCC, 0x31, 0xB3, 0x0C, 0x6C, 0xC3, 0x1B, 0xF0, 0xFE, 0xFC, 0x0E, 0x33, 0x01, 0xBC,
    0xC7, 0xFF, 0x30, 0xE0, 0xCC, 0x04, 0x33, 0x03, 0x0C, 0xC0, 0xC0, 0x00, 0x30, 0x00, 0x0F, 0xFF,
    0x03, 0xFF, 0xC0, 0x00, 0x00, 0x00, 0x0D, 0x81, 0xF3, 0x60, 0xCE, 0xD8, 0x31, 0xB6, 0x0C, 0x6F,
    0x83, 0xF3, 0xE0, 0x38, 0xD8, 0x2F, 0xF6, 0x1F, 0xFD, 0x80, 0x03, 0x60, 0x3F, 0xF8, 0x0F, 0xFE,
    0x03, 0x01, 0x80, 0xC0, 0x60, 0x3F, 0xF8, 0x0F, 0xFE, 0x00, 0x00, 0x00, 0x00, 0x00, 0x00, 0x0D,
    0x81, 0xF3, 0x60, 0xEE, 0xD8, 0x31, 0xB6, 0x0C, 0x6F, 0x83, 0xFB, 0xE0, 0x78, 0xD8, 0x0F, 0xB6,
    0x1F, 0xED, 0x80, 0x03, 0x60, 0x03, 0x18, 0x00, 0xC0, 0x00, 0x78, 0x00, 0x3F, 0x80, 0x7C, 0x7C,
    0x1C, 0x0F, 0x00, 0x00, 0x00, 0x00, 0x00, 0x00, 0x00, 0x00, 0x43, 0x60, 0x7C, 0xD8, 0x33, 0xB6,
    0x0C, 0x6D, 0x83, 0x1B, 0xE0, 0xFC, 0xF8, 0x0E, 0x36, 0x1F, 0xFD, 0x87, 0xFB, 0x60, 0x01, 0x98,
    0x07, 0xFC, 0x03, 0x83, 0x81, 0xC0, 0x60, 0x30, 0x38, 0x0F, 0xFC, 0x00, 0xFC, 0x00, 0x00, 0x00,
    0x00, 0x01, 0x80, 0xF8, 0x60, 0x7F, 0x98, 0x38, 0x66, 0x0C, 0x19, 0x83, 0x06, 0x60, 0xE1, 0x98,
    0x1F, 0xE6, 0x03, 0xE1, 0x80, 0x30, 0x60, 0x0C, 0x58, 0x7F, 0xF6, 0x0F, 0xF1, 0x80, 0x00, 0x60,
    0x00, 0x18, 0x00, 0x06, 0x00, 0x00, 0x00, 0x00, 0x00, 0x01, 0xC3, 0x01, 0xFC, 0xC0, 0xE3, 0x30,
    0x30, 0x6C, 0x0E, 0x33, 0x01, 0xFC, 0xC0, 0x3C, 0x30, 0x03, 0x6C, 0x1F, 0xFF, 0x03, 0xE0, 0xC0,
    0x00, 0x10, 0x1F, 0xFC, 0x00, 0x03, 0x00, 0x00, 0xC0, 0x00, 0x30, 0x00, 0x0C, 0x00, 0x00, 0x00,
    0x00, 0x00, 0x01, 0xC3, 0x01, 0xFC, 0xC0, 0xE3, 0x30, 0x30, 0xEC, 0x0C, 0x33, 0x01, 0x9C, 0xC0,
    0x7E, 0x30, 0x07, 0x0C, 0x1F, 0xFF, 0x07, 0xFE, 0xC0, 0x00, 0x30, 0x0C, 0x0C, 0x03, 0x00, 0x00,
    0xC0, 0x00, 0x3F, 0xF8, 0x0F, 0xFE, 0x00, 0x00, 0x00, 0x00, 0x00, 0x03, 0xE3, 0x01, 0xFC, 0xC0,
    0xC1, 0xB0, 0x30, 0x6C, 0x07, 0xF3, 0x00, 0xF8, 0xC0, 0x1D, 0xF0, 0x7F, 0xFC, 0x08, 0x03, 0x00,
    0xFF, 0xC0, 0x3F, 0xF0, 0x00, 0x0C, 0x03, 0xFF, 0x00, 0xC0, 0x00, 0x3F, 0xF8, 0x0F, 0xFE, 0x00,
    0x00, 0x00, 0x00, 0x00, 0x03, 0xE3, 0x01, 0xFC, 0xC0, 0xC3, 0x30, 0x30, 0x6C, 0x0E, 0x33, 0x01,
    0xFC, 0xC0, 0x1C, 0x30, 0x17, 0xFC, 0x1F, 0xFF, 0x00, 0x00, 0x40, 0x3F, 0xF0, 0x0F, 0xFC, 0x03,
    0x03, 0x00, 0xC0, 0xC0, 0x3F, 0xF0, 0x0F, 0xFC, 0x00, 0x00, 0x00, 0x00, 0x00, 0x03, 0xC3, 0x01,
    0xFC, 0xC0, 0xC3, 0x30, 0x30, 0x6C, 0x0E, 0x33, 0x01, 0xFC, 0xC0, 0x1C, 0x30, 0x7F, 0xFC, 0x1F,
    0xFB, 0x00, 0x00, 0x00, 0x30, 0x10, 0x0F, 0xFC, 0x03, 0xFF, 0x00, 0xC0, 0xC0, 0x3F, 0xF0, 0x0F,
    0xFC, 0x00, 0x00, 0x00, 0x00, 0x00, 0x03, 0xE3, 0x01, 0xFC, 0xC0, 0xE3, 0xB0, 0x30, 0x6C, 0x0E,
    0x3B, 0x01, 0xFC, 0xC0, 0x3C, 0x30, 0x03, 0x7C, 0x1F, 0xFF, 0x03, 0xF0, 0xC0, 0x03, 0x30, 0x00,
    0xC4, 0x00, 0x78, 0x00, 0x3F, 0x00, 0x7C, 0xF8, 0x1C, 0x0E, 0x00, 0x00, 0x00, 0x00, 0x00, 0x03,
    0xC3, 0x01, 0xFC, 0xC0, 0xC3, 0x30, 0x30, 0x6C, 0x0E, 0x33, 0x01, 0xFC, 0xC0, 0x1C, 0x30, 0x03,
    0x2C, 0x1F, 0xFF, 0x07, 0xF8, 0xC0, 0x0F, 0xD0, 0x0F, 0xFC, 0x03, 0x03, 0x00, 0xC0, 0xC0, 0x3C,
    0x70, 0x07, 0xF8, 0x00, 0x00, 0x00, 0x00, 0x00, 0x00, 0x00, 0x00, 0x7F, 0x80, 0x3F, 0xF0, 0x1C,
    0x0E, 0x06, 0x01, 0xC1, 0x80, 0x30, 0x60, 0x1C, 0x1C, 0x0E, 0x03, 0xFF, 0x00, 0x7F, 0x80, 0x18,
    0x60, 0x06, 0x18, 0x01, 0x86, 0x07, 0xFF, 0xF9, 0xFF, 0xFE, 0x00, 0x00, 0x00, 0x00, 0x00, 0x00,
    0x00, 0x01, 0xFC, 0x00, 0xFF, 0x80, 0x60, 0x30, 0x18, 0x0C, 0x07, 0x07, 0x00, 0xFF, 0x80, 0x1F,
    0xC0, 0x06, 0x30, 0x1F, 0xFF, 0xC7, 0xFF, 0xF0, 0x00, 0x00, 0x1F, 0xFC, 0x00, 0x03, 0x00, 0x00,
    0xC0, 0x00, 0x30, 0x00, 0x0C, 0x00, 0x00, 0x00, 0x00, 0x00, 0x00, 0xFC, 0x00, 0xFF, 0xC0, 0x70,
    0x30, 0x18, 0x06, 0x06, 0x03, 0x81, 0xFF, 0xC0, 0x3F, 0xE0, 0x06, 0x18, 0x1F, 0xFF, 0xC7, 0xFF,
    0xF0, 0x00, 0x00, 0x18, 0x00, 0x06, 0x00, 0x01, 0x80, 0x00, 0x60, 0x00, 0x1F, 0xFE, 0x03, 0xFF,
    0x00, 0x00, 0x00, 0x01, 0xFC, 0x01, 0xFF, 0xC0, 0x60, 0x30, 0x18, 0x0C, 0x07, 0xFF, 0x00, 0xFF,
    0x80, 0x18, 0xC0, 0x7F, 0xFF, 0x0E, 0x7B, 0x81, 0xFF, 0xC0, 0x7F, 0xF0, 0x00, 0x0C, 0x07, 0xFF,
    0x01, 0x80, 0x00, 0x7F, 0xF0, 0x1F, 0xFE, 0x00, 0x00, 0x00, 0x00, 0x00, 0x01, 0xFC, 0x01, 0xFF,
    0xC0, 0x60, 0x30, 0x18, 0x0C, 0x07, 0x07, 0x00, 0xFF, 0x80, 0x1F, 0xC0, 0x3F, 0xFE, 0x1F, 0xFF,
    0xC0, 0x00, 0x00, 0x7F, 0xF0, 0x1F, 0xFC, 0x06, 0x03, 0x01, 0x80, 0xC0, 0x7F, 0xF0, 0x1F, 0xFC,
    0x00, 0x00, 0x00, 0x00, 0x00, 0x01, 0xFC, 0x01, 0xFF, 0xC0, 0x60, 0x30, 0x18, 0x0C, 0x07, 0xFF,
    0x00, 0xFF, 0x80, 0x18, 0xC0, 0x7F, 0xFF, 0x1F, 0xFF, 0xC0, 0x00, 0x00, 0x60, 0x30, 0x1F, 0xFC,
    0x07, 0xFF, 0x01, 0x80, 0xC0, 0x7F, 0xF0, 0x1F, 0xFC, 0x00, 0x00, 0x00, 0x00, 0x00, 0x01, 0xFC,
    0x01, 0xFF, 0xC0, 0x60, 0x30, 0x18, 0x0C, 0x07, 0x07, 0x00, 0xFF, 0x80, 0x1F, 0xC0, 0x3F, 0xFE,
    0x1F, 0xFF, 0xC0, 0x08, 0x00, 0x06, 0x00, 0x01, 0xC0, 0x00, 0xF0, 0x00, 0x77, 0x00, 0xF8, 0xF8,
    0x18, 0x0C, 0x00, 0x00, 0x00, 0x00, 0x00, 0x01, 0xFC, 0x01, 0xFF, 0xC0, 0x60, 0x30, 0x18, 0x0C,
    0x07, 0x07, 0x00, 0xFF, 0x80, 0x1F, 0xC0, 0x3F, 0xFE, 0x1F, 0xFF, 0xC0, 0x00, 0x00, 0x1F, 0xC0,
    0x1F, 0xFC, 0x06, 0x03, 0x01, 0x80, 0xC0, 0x78, 0xF0, 0x0F, 0xF8, 0x00, 0x00, 0x00, 0x00, 0x00,
    0x00, 0x30, 0x00, 0xFF, 0x80, 0x78, 0xF0, 0x18, 0x0E, 0x06, 0x01, 0x81, 0x80, 0xE0, 0x3F, 0xF0,
    0x07, 0xF8, 0x00, 0x00, 0x07, 0xFF, 0xF1, 0xFF, 0xFC, 0x00, 0xC0, 0x00, 0x30, 0x00, 0x0C, 0x00,
    0x03, 0x00, 0x00, 0xC0, 0x00, 0x30, 0x00, 0x00, 0x00, 0x01, 0xFC, 0x00, 0xFF, 0xC0, 0x70, 0x30,
    0x18, 0x0E, 0x07, 0x03, 0x00, 0xFF, 0xC0, 0x0F, 0x80, 0x7F, 0xFF, 0x1F, 0xFF, 0xC0, 0x08, 0x00,
    0x7F, 0xF0, 0x1F, 0xFC, 0x00, 0x03, 0x00, 0x00, 0xC0, 0x00, 0x30, 0x00, 0x0C, 0x00, 0x00, 0x00,
    0x00, 0x00, 0x01, 0xFE, 0x00, 0xFF, 0xC0, 0x60, 0x38, 0x18, 0x06, 0x07, 0x03, 0x80, 0xFF, 0xC0,
    0x1F, 0xE0, 0x00, 0x00, 0x1F, 0xFF, 0xE3, 0xFF, 0xF0, 0x03, 0x00, 0x18, 0xC0, 0x06, 0x30, 0x01,
    0x80, 0x00, 0x7F, 0xF8, 0x1F, 0xFE, 0x00, 0x00, 0x00, 0x00, 0x00, 0x01, 0xFC, 0x01, 0xFF, 0xC0,
    0x60, 0x30, 0x18, 0x0C, 0x07, 0xFF, 0x00, 0x7F, 0x01, 0xFF, 0xFC, 0x7F, 0xFF, 0x00, 0x20, 0x01,
    0xFF, 0xC0, 0x7F, 0xF0, 0x00, 0x0C, 0x07, 0xFF, 0x01, 0x80, 0x00, 0x7F, 0xF0, 0x1F, 0xFE, 0x00,
    0x00, 0x00, 0x00, 0x00, 0x00, 0x60, 0x00, 0xFF, 0x80, 0x70, 0x70, 0x18, 0x0C, 0x07, 0x0F, 0x00,
    0xFF, 0x80, 0x00, 0x00, 0x7F, 0xFF, 0x1F, 0xFF, 0x81, 0xFF, 0xC0, 0xFF, 0xF0, 0x03, 0x0C, 0x07,
    0xC3, 0x01, 0xE0, 0xC0, 0x7E, 0x30, 0x1F, 0x8C, 0x00, 0x00, 0x00, 0x00, 0x00, 0x01, 0xFC, 0x01,
    0xFF, 0xC0, 0x60, 0x30, 0x18, 0x0C, 0x07, 0xFF, 0x00, 0x7F, 0x01, 0xFF, 0xFC, 0x7F, 0xFF, 0x00,
    0x20, 0x01, 0xFF, 0xC0, 0x7F, 0xF0, 0x03, 0xC4, 0x07, 0xFB, 0x01, 0x86, 0x40, 0x7F, 0xB0, 0x1F,
    0xFC, 0x00, 0x00, 0x00, 0x00, 0x00, 0x01, 0xFC, 0x01, 0xFF, 0xC0, 0x60, 0x30, 0x18, 0x0E, 0x07,
    0x07, 0x00, 0xFF, 0x80, 0x07, 0x00, 0x7F, 0xFF, 0x1F, 0xFF, 0xC0, 0x08, 0x00, 0x7F, 0xF0, 0x1F,
    0xFC, 0x06, 0x03, 0x01, 0x80, 0xC0, 0x7F, 0xF0, 0x1F, 0xFC, 0x00, 0x00, 0x00, 0x00, 0x00, 0x01,
    0xFC, 0x01, 0xFF, 0x80, 0x60, 0x30, 0x18, 0x0C, 0x07, 0x07, 0x00, 0xFF, 0x80, 0x07, 0x00, 0x7F,
    0xFF, 0x1F, 0xFF, 0xC0, 0x08, 0x00, 0x62, 0x30, 0x1F, 0xFC, 0x07, 0xFF, 0x01, 0x80, 0xC0, 0x7F,
    0xF0, 0x1F, 0xFC, 0x00, 0x00, 0x00, 0x00, 0x00, 0x01, 0xFC, 0x01, 0xFF, 0xC0, 0x60, 0x30, 0x18,
    0x0C, 0x07, 0x07, 0x00, 0xFF, 0x80, 0x07, 0x00, 0x7F, 0xFF, 0x1F, 0xFF, 0xC0, 0x08, 0x00, 0x02,
    0x00, 0x01, 0xC0, 0x00, 0x70, 0x00, 0x3E, 0x00, 0xF9, 0xF8, 0x3C, 0x1E, 0x00, 0x00, 0x00, 0x00,
    0x00, 0x01, 0xFC, 0x00, 0xFF, 0xC0, 0x60, 0x30, 0x18, 0x0E, 0x07, 0x07, 0x00, 0xFF, 0x80, 0x0F,
    0x80, 0x7F, 0xFF, 0x1F, 0xFF, 0xC0, 0x08, 0x00, 0x1F, 0xC0, 0x1F, 0xFC, 0x06, 0x03, 0x01, 0x80,
    0xC0, 0x78, 0xF0, 0x0F, 0xF8, 0x00, 0x00, 0x00, 0x00, 0x00, 0x00, 0x03, 0x01, 0xF8, 0xE0, 0x67,
    0x38, 0x30, 0xCE, 0x0C, 0x3B, 0x83, 0x8C, 0xE0, 0x7E, 0x38, 0x06, 0x0E, 0x1F, 0xFF, 0x87, 0xFE,
    0xE0, 0x0C, 0x38, 0x03, 0x7E, 0x00, 0xC3, 0x80, 0x30, 0xE0, 0x0C, 0x38, 0x02, 0x0E, 0x00, 0x00,
    0x00, 0x00, 0x00, 0x03, 0xC3, 0x81, 0xFC, 0xE0, 0xC3, 0x38, 0x30, 0xEE, 0x07, 0xF3, 0x80, 0xF8,
    0xE1, 0xFF, 0xF8, 0x7F, 0xE6, 0x01, 0x8F, 0x80, 0x67, 0xE0, 0x18, 0x18, 0x1F, 0xFE, 0x03, 0xFF,
    0x80, 0x00, 0xE0, 0x00, 0x38, 0x00, 0x0E, 0x00, 0x00, 0x00, 0x00, 0x00, 0x00, 0x01, 0x00, 0xF8,
    0x60, 0x7F, 0x18, 0x38, 0xE6, 0x0C, 0x19, 0x81, 0xDC, 0x60, 0x3F, 0x18, 0x00, 0x06, 0x1F, 0xFD,
    0x87, 0xFC, 0x60, 0x0C, 0xF8, 0x1B, 0x3E, 0x06, 0xC1, 0x81, 0x80, 0x40, 0x60, 0x00, 0x1F, 0xFE,
    0x03, 0xFF, 0x80, 0x00, 0x00, 0x03, 0xE3, 0x81, 0xFC, 0xE0, 0xC3, 0xB8, 0x38, 0xCE, 0x07, 0xF3,
    0x80, 0x72, 0xE1, 0xFF, 0xF8, 0x7F, 0xFE, 0x00, 0xDF, 0x80, 0x20, 0x40, 0x7F, 0xF8, 0x0F, 0xFE,
    0x07, 0xFF, 0x81, 0xC0, 0x00, 0x7F, 0xF8, 0x1F, 0xFE, 0x00, 0x00, 0x00, 0x00, 0x00, 0x03, 0xE3,
    0x81, 0xFC, 0xE0, 0xC3, 0x38, 0x30, 0xCE, 0x07, 0xF3, 0x80, 0x70, 0xE1, 0xFF, 0xF8, 0x7F, 0xEE,
    0x01, 0x9F, 0x80, 0x63, 0xE0, 0x18, 0x10, 0x0F, 0xFE, 0x03, 0x03, 0x80, 0x80, 0x60, 0x3F, 0xF8,
    0x0F, 0xFE, 0x00, 0x00, 0x00, 0x00, 0x00, 0x03, 0xE3, 0x81, 0xFC, 0xE0, 0xC3, 0xB8, 0x38, 0xCE,
    0x07, 0xF3, 0x80, 0x72, 0xE1, 0xFF, 0xF8, 0x7F, 0x8E, 0x01, 0x9F, 0x80, 0x63, 0xE0, 0x20, 0x10,
    0x0C, 0x0E, 0x03, 0xFF, 0x80, 0xC0, 0xE0, 0x30, 0x38, 0x0F, 0xFE, 0x00, 0x00, 0x00, 0x00, 0x00,
    0x03, 0xE3, 0x01, 0xFC, 0xC0, 0xC3, 0x30, 0x30, 0xCC, 0x07, 0xF3, 0x00, 0x72, 0xC1, 0xFF, 0xF0,
    0x7F, 0x8C, 0x01, 0x9F, 0x00, 0x63, 0xC0, 0x18, 0x50, 0x06, 0x18, 0x03, 0x8E, 0x00, 0xF3, 0xC0,
    0xEF, 0xBC, 0x31, 0xC3, 0x00, 0x00, 0x00, 0x00, 0x00, 0x03, 0xE3, 0x81, 0xFC, 0xE0, 0xC3, 0x38,
    0x38, 0xCE, 0x07, 0xF3, 0x80, 0x70, 0xE1, 0xFF, 0xF8, 0x7F, 0xEE, 0x01, 0x9F, 0x80, 0x63, 0xE0,
    0x0F, 0x90, 0x0F, 0xFC, 0x03, 0x03, 0x81, 0x80, 0x60, 0x38, 0x70, 0x07, 0xF8, 0x00, 0x00, 0x00,
    0x00, 0x00, 0x00, 0x05, 0x81, 0xF3, 0x60, 0xEE, 0xD8, 0x31, 0xB6, 0x0C, 0x6D, 0x83, 0xFB, 0x60,
    0x7C, 0xD8, 0x00, 0xB6, 0x1F, 0xFD, 0x87, 0xE3, 0x60, 0x1F, 0xD8, 0x07, 0xF6, 0x01, 0x8D, 0x80,
    0x63, 0x60, 0x10, 0xD8, 0x00, 0x06, 0x00, 0x00, 0x00, 0x00, 0x00, 0x03, 0x8D, 0x83, 0xFB, 0x60,
    0xC6, 0xD8, 0x31, 0xB6, 0x0F, 0xED, 0x81, 0xF3, 0x61, 0xFF, 0xD8, 0x7F, 0xB6, 0x01, 0xBD, 0x80,
    0x6F, 0x60, 0x10, 0x58, 0x1F, 0xFE, 0x03, 0xFF, 0x80, 0x00, 0x60, 0x00, 0x18, 0x00, 0x06, 0x00,
    0x00, 0x00, 0x00, 0x00, 0x00, 0x0D, 0x81, 0xF3, 0x60, 0xE6, 0xD8, 0x31, 0xB6, 0x0E, 0xED, 0x81,
    0xF3, 0x60, 0x1B, 0xD8, 0x7F, 0xF6, 0x0F, 0x8D, 0x80, 0xCF, 0x60, 0x33, 0xD8, 0x08, 0x36, 0x03,
    0x01, 0x80, 0xC0, 0x00, 0x3F, 0xF8, 0x0F, 0xFE, 0x00, 0x00, 0x00, 0x00, 0x00, 0x07, 0xCD, 0x83,
    0xFB, 0x60, 0xC6, 0xD8, 0x31, 0xB6, 0x07, 0xCD, 0x80, 0xFF, 0x61, 0xFF, 0xD8, 0x0E, 0xF6, 0x03,
    0xBD, 0x80, 0x41, 0x40, 0x3F, 0xF8, 0x0F, 0xF6, 0x03, 0xFF, 0x80, 0xC0, 0x00, 0x3F, 0xF8, 0x0F,
    0xFE, 0x00, 0x00, 0x00, 0x00, 0x00, 0x03, 0x8D, 0x83, 0xFB, 0x60, 0xC6, 0xD8, 0x31, 0xB6, 0x0F,
    0xED, 0x80, 0xE3, 0x61, 0xFF, 0xD8, 0x7F, 0xB6, 0x01, 0x3D, 0x80, 0xEF, 0x60, 0x10, 0x50, 0x0F,
    0xFE, 0x03, 0xFF, 0x80, 0xC0, 0x60, 0x3F, 0xF8, 0x0F, 0xFE, 0x00, 0x00, 0x00, 0x00, 0x00, 0x03,
    0x8D, 0x83, 0xFB, 0x60, 0xC6, 0xD8, 0x31, 0xB6, 0x0F, 0xED, 0x80, 0xE3, 0x61, 0xFF, 0xD8, 0x7F,
    0xB6, 0x03, 0x3D, 0x80, 0x43, 0x60, 0x20, 0x10, 0x0C, 0x06, 0x03, 0xFF, 0x80, 0xC0, 0x60, 0x30,
    0x18, 0x0F, 0xFE, 0x00, 0x00, 0x00, 0x00, 0x00, 0x00, 0x0D, 0x81, 0xFB, 0x60, 0xC6, 0xD8, 0x31,
    0xB6, 0x0F, 0xED, 0x80, 0xE3, 0x61, 0xFF, 0xD8, 0x7F, 0xB6, 0x01, 0x3D, 0x80, 0x6F, 0x60, 0x1F,
    0xD8, 0x0F, 0xFC, 0x03, 0x03, 0x81, 0xC0, 0x60, 0x3C, 0x78, 0x07, 0xFC, 0x00, 0x00, 0x00, 0x00,
    0x00, 0x00, 0x83, 0x01, 0xFC, 0xC0, 0x77, 0xB0, 0x30, 0x6C, 0x0C, 0x1B, 0x01, 0x8E, 0xC0, 0x7F,
    0x30, 0x07, 0x0C, 0x0F, 0xFF, 0x07, 0xFF, 0xC0, 0x1C, 0x30, 0x03, 0x0C, 0x00, 0xC3, 0x00, 0x30,
    0xC0, 0x0C, 0x30, 0x02, 0x0C, 0x00, 0x00, 0x00, 0x00, 0x00, 0x01, 0xC3, 0x01, 0xFC, 0xC0, 0xE3,
    0x30, 0x30, 0x6C, 0x0E, 0x33, 0x01, 0xFC, 0xC0, 0x1C, 0x30, 0x7F, 0xFC, 0x1F, 0xFB, 0x00, 0x20,
    0xC0, 0x3F, 0xF0, 0x1F, 0xFC, 0x00, 0x03, 0x00, 0x00, 0xC0, 0x00, 0x30, 0x00, 0x0C, 0x00, 0x00,
    0x00, 0x00, 0x00, 0x00, 0xC3, 0x01, 0xFC, 0xC0, 0xE3, 0xB0, 0x30, 0x6C, 0x0E, 0x1B, 0x01, 0xFC,
    0xC0, 0x3E, 0x30, 0x33, 0xFC, 0x1F, 0xFF, 0x00, 0x70, 0xC0, 0x0C, 0x30, 0x1A, 0x0C, 0x06, 0x00,
    0x01, 0x80, 0x00, 0x7F, 0xF8, 0x1F, 0xFE, 0x00, 0x00, 0x00, 0x00, 0x00, 0x03, 0xC3, 0x01, 0xFC,
    0xC0, 0xC3, 0x30, 0x30, 0xCC, 0x07, 0xF3, 0x00, 0xF8, 0xC1, 0xFF, 0xF0, 0x7F, 0xFC, 0x00, 0xC3,
    0x01, 0xFF, 0xC0, 0x3F, 0xF0, 0x00, 0x0C, 0x03, 0xFF, 0x00, 0xC0, 0x00, 0x7F, 0xF8, 0x0F, 0xFE,
    0x00, 0x00, 0x00, 0x00, 0x00, 0x03, 0xE3, 0x01, 0xFC, 0xC0, 0xE3, 0x30, 0x30, 0xEC, 0x0E, 0x73,
    0x01, 0xF8, 0xC0, 0x08, 0xB0, 0x7F, 0xFC, 0x1F, 0xF3, 0x00, 0x20, 0x40, 0x3F, 0xF0, 0x1F, 0xFC,
    0x07, 0x03, 0x01, 0x80, 0xC0, 0x7F, 0xF0, 0x1F, 0xFC, 0x00, 0x00, 0x00, 0x00, 0x00, 0x03, 0xE3,
    0x01, 0xFC, 0xC0, 0xC3, 0x30, 0x30, 0xEC, 0x07, 0xF3, 0x00, 0xF8, 0xC0, 0x09, 0xF0, 0x7F, 0xFC,
    0x01, 0xC3, 0x00, 0x30, 0x40, 0x68, 0x10, 0x1F, 0xFC, 0x07, 0xFF, 0x01, 0x80, 0xC0, 0x7F, 0xF0,
    0x1F, 0xFC, 0x00, 0x00, 0x00, 0x00, 0x00, 0x01, 0xC3, 0x01, 0xFC, 0xC0, 0xE3, 0x30, 0x30, 0x6C,
    0x0E, 0x33, 0x01, 0xFC, 0xC0, 0x18, 0x30, 0x7F, 0xFC, 0x1F, 0xFB, 0x00, 0x60, 0xC0, 0x1B, 0x30,
    0x06, 0xCC, 0x00, 0x38, 0x00, 0x3F, 0x00, 0x3C, 0xF8, 0x1E, 0x0E, 0x00, 0x00, 0x00, 0x00, 0x00,
    0x03, 0xC3, 0x01, 0xFC, 0xC0, 0xE3, 0x30, 0x30, 0x6C, 0x0E, 0x33, 0x01, 0xFC, 0xC0, 0x18, 0x30,
    0x7F, 0xFC, 0x1F, 0xFB, 0x00, 0x20, 0xC0, 0x1F, 0xD0, 0x0F, 0xFC, 0x03, 0x03, 0x01, 0xC0, 0xC0,
    0x3C, 0xF0, 0x07, 0xF8, 0x00, 0x00, 0x00, 0x00, 0x00, 0x00, 0x30, 0x00, 0xFF, 0x80, 0x78, 0xF0,
    0x18, 0x0E, 0x06, 0x01, 0x81, 0x80, 0xE0, 0x3F, 0xF0, 0x07, 0xF8, 0x00, 0x00, 0x07, 0xFF, 0xF1,
    0xFF, 0xFC, 0x06, 0x30, 0x01, 0x8C, 0x00, 0x63, 0x00, 0x18, 0xC0, 0x06, 0x30, 0x01, 0x8C, 0x00,
    0x00, 0x00, 0x01, 0xFC, 0x00, 0xFF, 0xC0, 0x60, 0x30, 0x18, 0x0E, 0x07, 0x03, 0x00, 0xFF, 0x80,
    0x0F, 0x80, 0x7F, 0xFE, 0x1F, 0xFF, 0xC0, 0x63, 0x00, 0x7F, 0xF0, 0x1F, 0xFC, 0x00, 0x03, 0x00,
    0x00, 0xC0, 0x00, 0x30, 0x00, 0x0C, 0x00, 0x00, 0x00, 0x00, 0x00, 0x00, 0xFC, 0x00, 0xFF, 0xC0,
    0x70, 0x38, 0x18, 0x06, 0x06, 0x03, 0x81, 0xFF, 0xC0, 0x1F, 0xE0, 0x00, 0x00, 0x1F, 0xFF, 0xE7,
    0xFF, 0xF0, 0x0C, 0x60, 0x1B, 0x18, 0x06, 0xC6, 0x01, 0x80, 0x00, 0x60, 0x00, 0x1F, 0xFE, 0x00,
    0x00, 0x00, 0x00, 0x00, 0x01, 0xFC, 0x01, 0xFF, 0xC0, 0x60, 0x30, 0x18, 0x0C, 0x07, 0xFF, 0x00,
    0x7F, 0x00, 0xFF, 0xFC, 0x7F, 0xFF, 0x01, 0x8C, 0x01, 0xFF, 0xC0, 0x7F, 0xF0, 0x00, 0x0C, 0x07,
    0xFF, 0x01, 0x80, 0x00, 0x7F, 0xF0, 0x1F, 0xFE, 0x00, 0x00, 0x00, 0x00, 0x00, 0x01, 0xFC, 0x01,
    0xFF, 0xC0, 0x60, 0x30, 0x18, 0x0C, 0x07, 0x07, 0x00, 0xFF, 0x80, 0x07, 0x00, 0x7F, 0xFF, 0x1F,
    0xFF, 0xC0, 0x63, 0x00, 0x7F, 0xF0, 0x1F, 0xFC, 0x06, 0x03, 0x01, 0x80, 0xC0, 0x7F, 0xF0, 0x1F,
    0xFC, 0x00, 0x00, 0x00, 0x00, 0x00, 0x01, 0xFC, 0x01, 0xFF, 0x80, 0x60, 0x30, 0x18, 0x0C, 0x07,
    0x07, 0x00, 0xFF, 0x80, 0x0F, 0x80, 0x7F, 0xFF, 0x1F, 0xFF, 0xC0, 0x63, 0x00, 0x78, 0xF0, 0x1F,
    0xFC, 0x07, 0xFF, 0x01, 0x80, 0xC0, 0x7F, 0xF0, 0x1F, 0xFC, 0x00, 0x00, 0x00, 0x00, 0x00, 0x01,
    0xFC, 0x00, 0xFF, 0xC0, 0x60, 0x30, 0x18, 0x0E, 0x07, 0x07, 0x00, 0xFF, 0x80, 0x07, 0x80, 0x7F,
    0xFF, 0x1F, 0xFF, 0xC0, 0xC1, 0x80, 0x36, 0x60, 0x0D, 0xD8, 0x00, 0xF0, 0x00, 0x77, 0x00, 0xF8,
    0xF8, 0x38, 0x0E, 0x00, 0x00, 0x00, 0x00, 0x00, 0x01, 0xFC, 0x01, 0xFF, 0xC0, 0x60, 0x30, 0x18,
    0x0C, 0x07, 0x07, 0x00, 0xFF, 0x80, 0x07, 0x00, 0x7F, 0xFF, 0x1F, 0xFF, 0xC0, 0x61, 0x00, 0x3F,
    0xE0, 0x1F, 0xFC, 0x06, 0x03, 0x01, 0x80, 0xC0, 0x78, 0xF0, 0x0F, 0xF8, 0x00, 0x00, 0x00, 0x00,
    0x00, 0x01, 0xFC, 0x01, 0xFF, 0xC0, 0x60, 0x30, 0x18, 0x0C, 0x07, 0xFF, 0x00, 0x7F, 0x01, 0xFF,
    0xFC, 0x7F, 0xFF, 0x03, 0x0C, 0x00, 0xC9, 0x00, 0x7F, 0xF0, 0x1F, 0xFC, 0x00, 0x70, 0x00, 0x3E,
    0x00, 0x7D, 0xF0, 0x1C, 0x1C, 0x00, 0x00, 0x00, 0x00, 0x00, 0x00, 0x00, 0x00, 0x1F, 0x00, 0x1F,
    0xF0, 0x0E, 0x0E, 0x06, 0x01, 0xC1, 0x80, 0x30, 0x60, 0x0C, 0x18, 0x07, 0x03, 0x83, 0x80, 0xFF,
    0xC0, 0x0F, 0xE0, 0x00, 0x00, 0x00, 0x00, 0x00, 0xFF, 0xD1, 0xFF, 0xFF, 0x20, 0x00, 0x00, 0x00,
    0x00, 0x00, 0x00, 0x00, 0xFC, 0x00, 0xFF, 0xC0, 0x70, 0x30, 0x18, 0x06, 0x06, 0x03, 0x81, 0xFF,
    0xC0, 0x1F, 0xE0, 0x00, 0x00, 0x1F, 0xFF, 0xC7, 0xFF, 0xF0, 0x00, 0x00, 0x1F, 0xFE, 0x07, 0xFF,
    0x80, 0x00, 0xE0, 0x00, 0x38, 0x00, 0x0E, 0x00, 0x01, 0x00, 0x00, 0x00, 0x00, 0xFC, 0x00, 0xFF,
    0xC0, 0x70, 0x38, 0x18, 0x06, 0x07, 0x03, 0x80, 0xFF, 0xC0, 0x1F, 0xE0, 0x00, 0x00, 0x1F, 0xFF,
    0xE7, 0xFF, 0xF8, 0x00, 0x00, 0x18, 0x00, 0x06, 0x00, 0x01, 0x80, 0x00, 0x7F, 0xF8, 0x1F, 0xFE,
    0x00, 0x00, 0x00, 0x00, 0x00, 0x01, 0xFC, 0x01, 0xFF, 0xC0, 0x60, 0x30, 0x18, 0x0C, 0x07, 0xFF,
    0x00, 0x7F, 0x00, 0xEF, 0xB8, 0x7F, 0xFF, 0x00, 0x00, 0x01, 0xFF, 0xC0, 0x7F, 0xF0, 0x00, 0x0C,
    0x07, 0xFF, 0x01, 0x80, 0x00, 0x7F, 0xF0, 0x1F, 0xFE, 0x00, 0x00, 0x00, 0x00, 0x00, 0x00, 0x00,
    0x00, 0xFF, 0x80, 0x70, 0xF0, 0x18, 0x0C, 0x07, 0x07, 0x00, 0xFF, 0x80, 0x00, 0x00, 0x7F, 0xFF,
    0x1F, 0xFF, 0x81, 0xE7, 0xC0, 0xFF, 0xF0, 0x03, 0x68, 0x0F, 0xDA, 0x03, 0x86, 0x80, 0xFF, 0xF0,
    0x3F, 0xFE, 0x00, 0x00, 0x00, 0x00, 0x00, 0x01, 0xFC, 0x00, 0xFF, 0x80, 0x60, 0x30, 0x18, 0x0C,
    0x07, 0x07, 0x00, 0xFF, 0x80, 0x0F, 0x80, 0x3F, 0xFE, 0x1F, 0xFF, 0xC0, 0x00, 0x00, 0x7F, 0xF0,
    0x1F, 0xFC, 0x06, 0x03, 0x01, 0x80, 0xC0, 0x7F, 0xF0, 0x1F, 0xFC, 0x00, 0x00, 0x00, 0x00, 0x00,
    0x01, 0xFC, 0x01, 0xFF, 0xC0, 0x60, 0x30, 0x18, 0x0C, 0x07, 0x07, 0x00, 0xFF, 0x80, 0x07, 0x00,
    0x7F, 0xFF, 0x1F, 0xFF, 0xC0, 0x00, 0x00, 0x60, 0x30, 0x1F, 0xFC, 0x07, 0xFF, 0x01, 0x80, 0xC0,
    0x7F, 0xF0, 0x1F, 0xFC, 0x00, 0x00, 0x00, 0x00, 0x00, 0x00, 0xFC, 0x00, 0xFF, 0xC0, 0x70, 0x38,
    0x18, 0x06, 0x07, 0x03, 0x80, 0xFF, 0xC0, 0x1F, 0xC0, 0x00, 0x00, 0x1F, 0xFF, 0xC3, 0xFF, 0xF0,
    0x03, 0x00, 0x00, 0xC0, 0x00, 0x70, 0x00, 0x3E, 0x00, 0x3C, 0xF0, 0x3C, 0x1E, 0x04, 0x00, 0x00,
    0x00, 0x00, 0x00, 0xFC, 0x00, 0xFF, 0xC0, 0x70, 0x38, 0x18, 0x06, 0x06, 0x03, 0x80, 0xFF, 0xC0,
    0x1F, 0xC0, 0x00, 0x00, 0x1F, 0xFF, 0xC3, 0xE1, 0xF0, 0x0F, 0xC0, 0x0F, 0xFC, 0x07, 0x03, 0x01,
    0x80, 0x60, 0x70, 0x30, 0x0F, 0xFC, 0x00, 0xFC, 0x00, 0x00, 0x00, 0x01, 0xFC, 0x01, 0xFF, 0xC0,
    0x60, 0x30, 0x18, 0x0C, 0x07, 0x07, 0x00, 0xFF, 0x80, 0x07, 0x00, 0x7F, 0xFF, 0x1F, 0xFF, 0xC0,
    0x00, 0x00, 0x7F, 0xF0, 0x05, 0xD0, 0x00, 0x78, 0x00, 0x77, 0x00, 0xF8, 0xF8, 0x18, 0x0E, 0x00,
    0x00, 0x00, 0x00, 0x00, 0x01, 0xFC, 0x01, 0xFF, 0xC0, 0x60, 0x30, 0x18, 0x0C, 0x07, 0xFF, 0x00,
    0xFF, 0x80, 0x00, 0x00, 0x7F, 0xFF, 0x0F, 0xFF, 0x80, 0x08, 0x00, 0x7F, 0xF0, 0x1F, 0xFC, 0x00,
    0x70, 0x00, 0x3E, 0x00, 0x7C, 0xF0, 0x1C, 0x1C, 0x00, 0x00, 0x00, 0x00, 0x00, 0x00, 0xFC, 0x00,
    0xFF, 0xC0, 0x70, 0x38, 0x18, 0x06, 0x07, 0x03, 0x80, 0xFF, 0xC0, 0x0F, 0xC0, 0x3C, 0x1F, 0x1F,
    0xFF, 0xC0, 0x00, 0x00, 0x7F, 0xF0, 0x1F, 0xFE, 0x00, 0x03, 0x81, 0xFF, 0xE0, 0x7F, 0xF8, 0x00,
    0x0E, 0x00, 0x01, 0x00, 0x00, 0x00, 0x01, 0xFC, 0x01, 0xFF, 0xC0, 0x60, 0x30, 0x18, 0x0C, 0x07,
    0xFF, 0x00, 0xFF, 0x80, 0x00, 0x00, 0x7F, 0xFF, 0x1F, 0xFF, 0xC0, 0xFF, 0xC0, 0x7F, 0xF0, 0x18,
    0x00, 0x07, 0xFF, 0x01, 0x80, 0x00, 0x7F, 0xF0, 0x1F, 0xFC, 0x00, 0x00, 0x00, 0x00, 0x00, 0x00,
    0xFC, 0x00, 0xFF, 0xC0, 0x70, 0x38, 0x18, 0x06, 0x07, 0x03, 0x80, 0xFF, 0xC0, 0x1F, 0xC0, 0x00,
    0x00, 0x1F, 0xFF, 0xC2, 0x00, 0x30, 0x7F, 0xF0, 0x1F, 0xFE, 0x01, 0x8C, 0x00, 0x63, 0x00, 0x18,
    0xC0, 0x1F, 0xFE, 0x07, 0xFF, 0x80, 0x00, 0x00, 0x01, 0xFC, 0x01, 0xFF, 0xC0, 0x60, 0x30, 0x18,
    0x0C, 0x07, 0xFF, 0x00, 0x7F, 0x01, 0xFF, 0xFC, 0x7F, 0xFF, 0x00, 0x20, 0x00, 0x1C, 0x00, 0xFF,
    0xF8, 0x07, 0xF0, 0x03, 0xFE, 0x01, 0xC1, 0xC0, 0x38, 0xE0, 0x0F, 0xF8, 0x00, 0x00, 0x00, 0x00,
    0x00, 0x00, 0x01, 0x80, 0xF8, 0x60, 0x7F, 0x98, 0x38, 0x66, 0x0C, 0x19, 0x83, 0x06, 0x60, 0xE1,
    0x98, 0x1F, 0xE6, 0x03, 0xE1, 0x80, 0x00, 0x60, 0x00, 0x58, 0x7F, 0xF6, 0x0F, 0xF1, 0x80, 0x00,
    0x60, 0x00, 0x18, 0x00, 0x06, 0x00, 0x00, 0x00, 0x00, 0x00, 0x00, 0x01, 0x80, 0xF8, 0x60, 0x7F,
    0x18, 0x38, 0xE6, 0x0C, 0x19, 0x83, 0x8E, 0x60, 0x7F, 0x18, 0x0F, 0x86, 0x00, 0x3D, 0x87, 0xFF,
    0x60, 0xC0, 0x18, 0x08, 0x06, 0x03, 0x01, 0x80, 0xC0, 0x00, 0x30, 0x00, 0x0F, 0xFE, 0x03, 0xFF,
    0x80, 0x00, 0x00, 0x01, 0xE3, 0x01, 0xFC, 0xC0, 0xE1, 0xB0, 0x30, 0x6C, 0x0F, 0xFB, 0x00, 0xF8,
    0xC0, 0x03, 0xF0, 0x7F, 0xFC, 0x08, 0x03, 0x00, 0xFF, 0xC0, 0x3F, 0xF0, 0x00, 0x0C, 0x03, 0xFF,
    0x00, 0xC0, 0x00, 0x3F, 0xF8, 0x0F, 0xFE, 0x00, 0x00, 0x00, 0x00, 0x00, 0x01, 0xC3, 0x01, 0xFC,
    0xC0, 0xE3, 0x30, 0x30, 0x6C, 0x0E, 0x33, 0x01, 0xFC, 0xC0, 0x3C, 0x30, 0x33, 0xFC, 0x1F, 0xFB,
    0x00, 0x00, 0x40, 0x3F, 0xF0, 0x0F, 0xFC, 0x03, 0x03, 0x00, 0xC0, 0xC0, 0x3F, 0xF0, 0x0F, 0xFC,
    0x00, 0x00, 0x00, 0x00, 0x00, 0x01, 0xC3, 0x01, 0xFC, 0xC0, 0xE3, 0xB0, 0x30, 0x6C, 0x0E, 0x1B,
    0x01, 0xFC, 0xC0, 0x3E, 0x30, 0x00, 0xFC, 0x1F, 0xFF, 0x02, 0x00, 0xC0, 0x03, 0x30, 0x00, 0xC4,
    0x00, 0x78, 0x00, 0x3F, 0x00, 0x7C, 0xF8, 0x1C, 0x0E, 0x00, 0x00, 0x00, 0x00, 0x00, 0x00, 0x03,
    0x00, 0xF0, 0xC0, 0x7E, 0x30, 0x39, 0xCC, 0x0C, 0x33, 0x03, 0x0C, 0xC0, 0xC3, 0x30, 0x30, 0xCC,
    0x0C, 0x33, 0x03, 0x0C, 0xC0, 0xE7, 0x30, 0x1F, 0x8C, 0x03, 0xC3, 0x00, 0x00, 0xC0, 0x00, 0x30,
    0x00, 0x0C, 0x00, 0x00, 0x00, 0x00, 0x00, 0x00, 0x03, 0x01, 0xF0, 0xC0, 0xFE, 0x30, 0x70, 0xCC,
    0x18, 0x33, 0x06, 0x0C, 0xC0, 0xC7, 0x30, 0x3F, 0x8C, 0x03, 0x83, 0x00, 0x00, 0x40, 0x7F, 0xF0,
    0x1F, 0xFC, 0x00, 0x03, 0x00, 0x00, 0xC0, 0x00, 0x30, 0x00, 0x0C, 0x00, 0x00, 0x00, 0x00, 0x00,
    0x00, 0x03, 0x01, 0xF0, 0xC0, 0xFE, 0x30, 0x31, 0xCC, 0x18, 0x33, 0x06, 0x0C, 0xC1, 0xC3, 0x30,
    0x3F, 0x8C, 0x07, 0xC3, 0x00, 0x00, 0xC0, 0x20, 0x30, 0x0C, 0x0C, 0x03, 0x00, 0x00, 0xC0, 0x00,
    0x3F, 0xF8, 0x0F, 0xFE, 0x00, 0x00, 0x00, 0x00, 0x00, 0x03, 0x83, 0x03, 0xF8, 0xC0, 0xC7, 0x30,
    0x60, 0xCC, 0x18, 0x33, 0x07, 0x1C, 0xC0, 0xFE, 0x30, 0x1F, 0x0C, 0x00, 0x01, 0x00, 0xFF, 0xC0,
    0x00, 0x30, 0x0F, 0xFC, 0x03, 0xFF, 0x00, 0xC0, 0x00, 0x3F, 0xF8, 0x0F, 0xFE, 0x00, 0x00, 0x00,
    0x00, 0x00, 0x00, 0x03, 0x01, 0xF0, 0xC0, 0xFE, 0x30, 0x61, 0xCC, 0x18, 0x33, 0x06, 0x1C, 0xC0,
    0xEE, 0x30, 0x1F, 0x0C, 0x00, 0x03, 0x01, 0xFF, 0xC0, 0x7F, 0xF0, 0x03, 0x0C, 0x07, 0xC3, 0x01,
    0x80, 0xC0, 0x7E, 0x30, 0x1F, 0x8C, 0x00, 0x00, 0x00, 0x00, 0x00, 0x03, 0x83, 0x03, 0xF8, 0xC0,
    0xC7, 0x30, 0x60, 0xCC, 0x18, 0x33, 0x07, 0x1C, 0xC0, 0xFE, 0x30, 0x1F, 0x0C, 0x00, 0x01, 0x01,
    0xF7, 0xC0, 0x0D, 0xF0, 0x1F, 0x64, 0x07, 0xDB, 0x01, 0x86, 0xC0, 0x7F, 0xB0, 0x1F, 0xFC, 0x00,
    0x00, 0x00, 0x00, 0x00, 0x00, 0x03, 0x01, 0xF0, 0xC0, 0xFE, 0x30, 0x61, 0xCC, 0x18, 0x33, 0x07,
    0x1C, 0xC0, 0xFE, 0x30, 0x1F, 0x0C, 0x00, 0x06, 0x01, 0xF3, 0x80, 0x7F, 0xF8, 0x07, 0x38, 0x07,
    0xDF, 0x01, 0x04, 0x60, 0x7F, 0xB0, 0x1F, 0x7C, 0x00, 0x00, 0x00, 0x00, 0x00, 0x00, 0x03, 0x01,
    0xF0, 0xC0, 0xFE, 0x30, 0x70, 0xCC, 0x18, 0x33, 0x06, 0x0C, 0xC0, 0xC7, 0x30, 0x3F, 0x8C, 0x03,
    0x83, 0x00, 0x00, 0x40, 0x3F, 0xF0, 0x0F, 0xFC, 0x03, 0x03, 0x00, 0xC0, 0xC0, 0x3F, 0xF0, 0x0F,
    0xFC, 0x00, 0x00, 0x00, 0x00, 0x00, 0x01, 0x83, 0x01, 0xF8, 0xC0, 0xE7, 0x30, 0x60, 0xCC, 0x18,
    0x33, 0x07, 0x0C, 0xC0, 0xFE, 0x30, 0x1F, 0x0C, 0x00, 0x01, 0x00, 0x80, 0x40, 0x30, 0x30, 0x0F,
    0xFC, 0x03, 0xFF, 0x00, 0xC0, 0xC0, 0x3F, 0xF0, 0x0F, 0xFC, 0x00, 0x00, 0x00, 0x00, 0x00, 0x00,
    0x03, 0x01, 0xF0, 0xC0, 0xFE, 0x30, 0x70, 0xCC, 0x18, 0x33, 0x06, 0x0C, 0xC0, 0xC7, 0x30, 0x3F,
    0x8C, 0x03, 0xC3, 0x00, 0x0C, 0xC0, 0x03, 0x30, 0x00, 0xC0, 0x00, 0x78, 0x00, 0x33, 0x00, 0x78,
    0x78, 0x1C, 0x0E, 0x00, 0x00, 0x00, 0x00, 0x00, 0x00, 0x03, 0x01, 0xF0, 0xC0, 0xFE, 0x30, 0x70,
    0xCC, 0x18, 0x33, 0x06, 0x0C, 0xC0, 0xC7, 0x30, 0x3F, 0x8C, 0x03, 0x83, 0x00, 0x00, 0x40, 0x18,
    0x60, 0x06, 0x38, 0x03, 0x8E, 0x01, 0xF7, 0xC0, 0xEF, 0xB8, 0x31, 0xC2, 0x00, 0x00, 0x00, 0x00,
    0x00, 0x00, 0x03, 0x01, 0xF0, 0xC0, 0xFE, 0x30, 0x70, 0xCC, 0x18, 0x33, 0x06, 0x0C, 0xC0, 0xC7,
    0x30, 0x3F, 0x8C, 0x03, 0x83, 0x00, 0x1E, 0x40, 0x3F, 0xE0, 0x1E, 0x1C, 0x06, 0x03, 0x01, 0x80,
    0xC0, 0x3F, 0xF0, 0x07, 0xF8, 0x00, 0x00, 0x00, 0x00, 0x00, 0x00, 0x03, 0x01, 0xF0, 0xC0, 0xFE,
    0x30, 0x70, 0xCC, 0x18, 0x33, 0x06, 0x0C, 0xC0, 0xC7, 0x30, 0x3F, 0x8C, 0x03, 0x83, 0x00, 0x00,
    0x40, 0x3F, 0xF8, 0x0E, 0xFC, 0x00, 0x78, 0x00, 0x3F, 0x00, 0x7C, 0xF8, 0x1C, 0x0E, 0x00, 0x00,
    0x00, 0x00, 0x00, 0x01, 0x03, 0x01, 0xF8, 0xC0, 0xEE, 0x30, 0x60, 0xCC, 0x18, 0x33, 0x06, 0x0C,
    0xC0, 0xE6, 0x30, 0x1F, 0x8C, 0x00, 0x03, 0x00, 0x08, 0x00, 0x7F, 0xF8, 0x07, 0x38, 0x00, 0xCC,
    0x00, 0x33, 0x00, 0x7F, 0xF8, 0x1F, 0xFE, 0x00, 0x00, 0x00, 0x00, 0x00, 0x00, 0x03, 0x03, 0xFC,
    0xC1, 0xFF, 0x30, 0x06, 0x0C, 0x01, 0x83, 0x00, 0x60, 0xC0, 0x18, 0x3C, 0x0E, 0x0F, 0x03, 0xC3,
    0x01, 0xB8, 0xC0, 0xE7, 0x30, 0x70, 0xEC, 0x18, 0x13, 0x00, 0x00, 0xC0, 0x00, 0x30, 0x00, 0x0C,
    0x00, 0x00, 0x00, 0x00, 0x00, 0x00, 0x03, 0x07, 0xFC, 0xC0, 0xFF, 0x30, 0x06, 0x0C, 0x01, 0x83,
    0xC0, 0xF0, 0xF0, 0x7E, 0x30, 0x39, 0xCC, 0x1C, 0x3B, 0x00, 0x00, 0xC0, 0x7F, 0xF0, 0x1F, 0xFC,
    0x00, 0x03, 0x00, 0x00, 0xC0, 0x00, 0x30, 0x00, 0x0C, 0x00, 0x00, 0x00, 0x00, 0x00, 0x00, 0x03,
    0x03, 0xFC, 0xC0, 0xFF, 0x30, 0x06, 0x0C, 0x01, 0x83, 0x80, 0xF0, 0xF0, 0x3C, 0x30, 0x19, 0xCC,
    0x1E, 0x3B, 0x06, 0x04, 0xC0, 0x20, 0x30, 0x0C, 0x0C, 0x03, 0x00, 0x00, 0xC0, 0x00, 0x3F, 0xF8,
    0x0F, 0xFE, 0x00, 0x00, 0x00, 0x00, 0x00, 0x00, 0x03, 0x07, 0xFE, 0xC0, 0xFF, 0x30, 0x06, 0x0F,
    0x03, 0x83, 0xC0, 0xF0, 0xC0, 0x67, 0x30, 0x70, 0xEC, 0x18, 0x04, 0x01, 0x0F, 0xE0, 0x67, 0xFC,
    0x18, 0x38, 0x06, 0x3F, 0x01, 0x8C, 0xC0, 0x7F, 0xB0, 0x1F, 0x7C, 0x00, 0x00, 0x00, 0x00, 0x00,
    0x00, 0x03, 0x07, 0xFC, 0xC0, 0xFF, 0x30, 0x06, 0x0C, 0x01, 0x83, 0xC0, 0xF0, 0xC0, 0x7E, 0x30,
    0x39, 0xEC, 0x1C, 0x13, 0x00, 0x00, 0x00, 0x3F, 0xF0, 0x0F, 0xFC, 0x03, 0x00, 0x00, 0xC0, 0x00,
    0x3F, 0xF0, 0x0F, 0xFC, 0x00, 0x00, 0x00, 0x00, 0x00, 0x00, 0x03, 0x07, 0xFC, 0xC0, 0xFF, 0x30,
    0x06, 0x0F, 0x03, 0x83, 0xC0, 0xF0, 0xC0, 0xE7, 0x30, 0x70, 0xEC, 0x18, 0x03, 0x01, 0xFF, 0xC0,
    0x00, 0x30, 0x0F, 0xFC, 0x07, 0xFF, 0x01, 0x80, 0x00, 0x7F, 0xF0, 0x1F, 0xFC, 0x00, 0x00, 0x00,
    0x00, 0x00, 0x00, 0x03, 0x03, 0xFE, 0xC0, 0xFF, 0x30, 0x06, 0x0F, 0x01, 0xC3, 0xE0, 0xF8, 0xC0,
    0x77, 0x30, 0x78, 0xEC, 0x08, 0x03, 0x01, 0xFF, 0xC0, 0x7F, 0xF0, 0x03, 0xEC, 0x07, 0xFB, 0x01,
    0x86, 0xC0, 0x7F, 0xB0, 0x1F, 0xFC, 0x00, 0x00, 0x00, 0x00, 0x00, 0x00, 0x03, 0x07, 0xFC, 0xC0,
    0xFF, 0x30, 0x06, 0x0C, 0x01, 0x83, 0xC0, 0xF0, 0xF0, 0x7E, 0x30, 0x39, 0xCC, 0x1C, 0x3B, 0x00,
    0x00, 0xC0, 0x3F, 0xF0, 0x0F, 0xFC, 0x03, 0x03, 0x00, 0xC0, 0xC0, 0x3F, 0xF0, 0x0F, 0xFC, 0x00,
    0x00, 0x00, 0x00, 0x00, 0x00, 0x03, 0x07, 0xFE, 0xC0, 0xFF, 0xB0, 0x06, 0x0F, 0x01, 0x83, 0xE0,
    0xF0, 0xC0, 0x76, 0x30, 0x79, 0xEC, 0x1C, 0x1B, 0x00, 0x80, 0x40, 0x30, 0x30, 0x0F, 0xFC, 0x03,
    0xFF, 0x00, 0xC0, 0xC0, 0x3F, 0xF0, 0x0F, 0xFC, 0x00, 0x00, 0x00, 0x00, 0x00, 0x00, 0x03, 0x07,
    0xFC, 0xC1, 0xFF, 0x30, 0x06, 0x0C, 0x01, 0x83, 0xC0, 0xF0, 0xF0, 0x7E, 0x30, 0x39, 0xCC, 0x1C,
    0x33, 0x02, 0x00, 0xC0, 0x03, 0x30, 0x01, 0xC0, 0x00, 0x78, 0x00, 0x37, 0x00, 0x78, 0xF8, 0x1C,
    0x0E, 0x00, 0x00, 0x00, 0x00, 0x00, 0x00, 0x03, 0x07, 0xFE, 0xC0, 0xFF, 0x30, 0x06, 0x0C, 0x01,
    0x83, 0xC0, 0xF0, 0xC0, 0x7E, 0x30, 0x39, 0xEC, 0x1C, 0x1B, 0x00, 0x41, 0x80, 0x18, 0x60, 0x06,
    0x18, 0x03, 0x8E, 0x01, 0xF7, 0xC0, 0xE7, 0x9C, 0x30, 0xC2, 0x00, 0x00, 0x00, 0x00, 0x00, 0x00,
    0x03, 0x07, 0xFC, 0xC1, 0xFF, 0x30, 0x06, 0x0C, 0x01, 0x83, 0xC0, 0xF0, 0xF0, 0x7E, 0x30, 0x39,
    0xCC, 0x1C, 0x33, 0x00, 0x00, 0xC0, 0x1F, 0xC0, 0x0F, 0xF8, 0x06, 0x03, 0x01, 0x80, 0xC0, 0x3F,
    0xE0, 0x07, 0xF0, 0x00, 0x00, 0x00, 0x00, 0x00, 0x00, 0x03, 0x07, 0xFC, 0xC0, 0xFF, 0x30, 0x06,
    0x0C, 0x01, 0x83, 0xC0, 0xF0, 0xC0, 0x6E, 0x30, 0x79, 0xEC, 0x1C, 0x13, 0x00, 0x00, 0x80, 0x7F,
    0xF0, 0x0F, 0xFC, 0x00, 0x70, 0x00, 0x3F, 0x00, 0x7C, 0xF0, 0x1C, 0x0C, 0x00, 0x00, 0x00, 0x00,
    0x00, 0x00, 0x09, 0x83, 0xF7, 0x61, 0xFE, 0xD8, 0x0C, 0x76, 0x03, 0x1D, 0x80, 0xC6, 0x60, 0x39,
    0xF8, 0x0E, 0x7E, 0x07, 0x99, 0x81, 0xB7, 0x60, 0xEF, 0xD8, 0x71, 0xF6, 0x18, 0x1D, 0x80, 0x07,
    0x60, 0x01, 0xD8, 0x00, 0x26, 0x00, 0x00, 0x00, 0x00, 0x00, 0x00, 0x09, 0x87, 0xFB, 0x60, 0xFE,
    0xD8, 0x0C, 0x36, 0x03, 0x8F, 0x80, 0xE3, 0xE0, 0x7C, 0xD8, 0x3B, 0xB6, 0x1C, 0x6D, 0x80, 0x02,
    0x60, 0x3F, 0xF8, 0x0F, 0xFE, 0x00, 0x01, 0x80, 0x00, 0x60, 0x00, 0x18, 0x00, 0x06, 0x00, 0x00,
    0x00, 0x00, 0x00, 0x00, 0x0D, 0x83, 0xFB, 0x61, 0xFE, 0xD8, 0x0C, 0x36, 0x03, 0x0D, 0x80, 0xE3,
    0xE0, 0x78, 0xD8, 0x1B, 0x36, 0x1C, 0x6D, 0x82, 0x03, 0x60, 0x30, 0xD8, 0x0C, 0x26, 0x03, 0x00,
    0x00, 0xC0, 0x00, 0x3F, 0xF8, 0x0F, 0xFE, 0x00, 0x00, 0x00, 0x00, 0x00, 0x00, 0x09, 0x87, 0xFB,
    0x60, 0xFE, 0xD8, 0x0C, 0x7E, 0x03, 0x9F, 0x81, 0xE7, 0x60, 0xEE, 0xD8, 0x71, 0xB6, 0x08, 0x08,
    0x80, 0xFF, 0xE0, 0x3F, 0xF8, 0x00, 0x06, 0x03, 0xFF, 0x80, 0xC0, 0x00, 0x3F, 0xFC, 0x0F, 0xFF,
    0x00, 0x00, 0x00, 0x00, 0x00, 0x00, 0x09, 0x87, 0xFB, 0x60, 0xFE, 0x98, 0x0C, 0x76, 0x03, 0x9F,
    0x80, 0xE7, 0xE0, 0x7D, 0x98, 0x3B, 0xF6, 0x1C, 0x6D, 0x80, 0x02, 0x60, 0x3F, 0xF8, 0x0F, 0xFE,
    0x03, 0x01, 0x80, 0xC0, 0x60, 0x3F, 0xF8, 0x0F, 0xFE, 0x00, 0x00, 0x00, 0x00, 0x00, 0x00, 0x09,
    0x87, 0xFB, 0x60, 0xFE, 0x98, 0x0C, 0x7E, 0x03, 0x9F, 0x80, 0xE7, 0x60, 0x7D, 0xD8, 0x7B, 0xB6,
    0x1C, 0x09, 0x80, 0x40, 0x40, 0x30, 0x18, 0x0F, 0xFE, 0x03, 0xFF, 0x80, 0xC0, 0x60, 0x3F, 0xF8,
    0x0F, 0xFE, 0x00, 0x00, 0x00, 0x00, 0x00, 0x00, 0x09, 0x87, 0xFB, 0x60, 0xFE, 0x98, 0x0C, 0x76,
    0x03, 0x1F, 0x80, 0xE7, 0xE0, 0x7D, 0x98, 0x3B, 0xB6, 0x1C, 0x6D, 0x80, 0x02, 0x60, 0x03, 0x18,
    0x00, 0xE0, 0x00, 0x78, 0x00, 0x3B, 0x80, 0x7C, 0x78, 0x1C, 0x0E, 0x00, 0x00, 0x00, 0x00, 0x00,
    0x00, 0x09, 0x87, 0xFB, 0x60, 0xFE, 0x98, 0x0C, 0x76, 0x03, 0x9F, 0x80, 0xE7, 0xE0, 0x7D, 0x98,
    0x3B, 0xF6, 0x1C, 0x69, 0x80, 0x02, 0x60, 0x18, 0x60, 0x06, 0x18, 0x01, 0xC7, 0x00, 0xF3, 0xC0,
    0xE7, 0x9C, 0x30, 0xC3, 0x00, 0x00, 0x00, 0x00, 0x00, 0x00, 0x0D, 0x87, 0xFB, 0x60, 0xFE, 0xD8,
    0x0C, 0x36, 0x03, 0x8F, 0x80, 0xE3, 0xE0, 0x7C, 0xD8, 0x3B, 0xB6, 0x1C, 0x6D, 0x80, 0x00, 0x60,
    0x0F, 0xE0, 0x07, 0xFE, 0x03, 0x01, 0x80, 0xC0, 0x60, 0x1E, 0xF8, 0x03, 0xFC, 0x00, 0x00, 0x00,
    0x00, 0x00, 0x00, 0x03, 0x03, 0xFC, 0xC1, 0xFF, 0x30, 0x06, 0x0C, 0x01, 0x83, 0xC0, 0x60, 0xF0,
    0x18, 0x30, 0x0E, 0x0C, 0x03, 0xC3, 0x01, 0xB8, 0xF0, 0xE7, 0x3C, 0x70, 0xEC, 0x18, 0x13, 0x00,
    0x00, 0xC0, 0x00, 0x30, 0x00, 0x0C, 0x00, 0x00, 0x00, 0x00, 0x00, 0x00, 0x03, 0x07, 0xFC, 0xC1,
    0xFF, 0x3C, 0x06, 0x0F, 0x01, 0x83, 0x00, 0xF0, 0xF0, 0x7E, 0x3C, 0x39, 0xCC, 0x1C, 0x33, 0x00,
    0x00, 0xC0, 0x7F, 0xF0, 0x1F, 0xFC, 0x00, 0x03, 0x00, 0x00, 0xC0, 0x00, 0x30, 0x00, 0x0C, 0x00,
    0x00, 0x00, 0x00, 0x00, 0x00, 0x03, 0x03, 0xFC, 0xC0, 0xFF, 0x30, 0x06, 0x0F, 0x01, 0x83, 0xC0,
    0xF0, 0xC0, 0x3C, 0x30, 0x19, 0xCF, 0x1E, 0x3B, 0xC6, 0x04, 0xC0, 0x20, 0x30, 0x0C, 0x0C, 0x03,
    0x00, 0x00, 0xC0, 0x00, 0x3F, 0xF8, 0x0F, 0xFE, 0x00, 0x00, 0x00, 0x00, 0x00, 0x00, 0x00, 0x00,
    0x00, 0xC1, 0xFF, 0x38, 0x2E, 0x8F, 0x01, 0x83, 0x00, 0xE0, 0xF0, 0x7E, 0x3C, 0x39, 0xCC, 0x1C,
    0x32, 0x00, 0x03, 0x00, 0x67, 0xF8, 0x19, 0xFE, 0x06, 0x1E, 0x01, 0x8F, 0xC0, 0x6F, 0x30, 0x1F,
    0xFC, 0x07, 0x1E, 0x00, 0x00, 0x00, 0x00, 0x03, 0x07, 0xFC, 0xC0, 0x18, 0x3C, 0x06, 0x0C, 0x03,
    0x83, 0x00, 0xF0, 0xF0, 0xE7, 0x3C, 0x70, 0xEC, 0x18, 0x03, 0x01, 0xFF, 0xC0, 0x00, 0x30, 0x0F,
    0xFC, 0x07, 0xFF, 0x01, 0x80, 0x00, 0x7F, 0xF0, 0x1F, 0xFC, 0x00, 0x00, 0x00, 0x00, 0x00, 0x00,
    0x03, 0x07, 0xFC, 0xC0, 0xFF, 0x3C, 0x06, 0x0F, 0x01, 0x83, 0x00, 0xF0, 0xF0, 0x7E, 0x3C, 0x39,
    0xEC, 0x1C, 0x33, 0x00, 0x00, 0xC0, 0x3F, 0xF0, 0x0F, 0xFC, 0x03, 0x03, 0x00, 0xC0, 0xC0, 0x3F,
    0xF0, 0x0F, 0xFC, 0x00, 0x00, 0x00, 0x00, 0x00, 0x00, 0x03, 0x07, 0xFC, 0xC0, 0xFF, 0x3C, 0x06,
    0x0F, 0x01, 0x83, 0x00, 0xF0, 0xF0, 0x7E, 0x3C, 0x39, 0xCC, 0x1C, 0x33, 0x00, 0x00, 0xC0, 0x1F,
    0xC0, 0x0F, 0xF8, 0x06, 0x03, 0x01, 0x80, 0xC0, 0x3F, 0xE0, 0x07, 0xF0, 0x00, 0x00, 0x00, 0x00,
    0x00, 0x00, 0x09, 0x83, 0xF3, 0x61, 0xFE, 0xD8, 0x0C, 0x36, 0x03, 0x0F, 0x80, 0xC3, 0xE0, 0x38,
    0xD8, 0x0E, 0x36, 0x07, 0x8F, 0x81, 0xB3, 0xE0, 0xEF, 0xD8, 0x71, 0xF6, 0x18, 0x0D, 0x80, 0x03,
    0x60, 0x00, 0xD8, 0x00, 0x06, 0x00, 0x00, 0x00, 0x00, 0x00, 0x00, 0x09, 0x83, 0xFB, 0x61, 0xFE,
    0xD8, 0x0C, 0x3E, 0x03, 0x0F, 0x80, 0xE2, 0x60, 0x38, 0xD8, 0x1B, 0x3E, 0x0E, 0xEF, 0x87, 0x1B,
    0x60, 0x30, 0xD8, 0x0C, 0x26, 0x03, 0x00, 0x00, 0xC0, 0x00, 0x3F, 0xF8, 0x0F, 0xFE, 0x00, 0x00,
    0x00, 0x00, 0x00, 0x00, 0x0D, 0x87, 0xFB, 0x60, 0xFE, 0xF8, 0x0C, 0x3E, 0x03, 0x8D, 0x81, 0xF3,
    0xE0, 0xEE, 0xF8, 0x71, 0xB6, 0x08, 0x0C, 0x80, 0xFF, 0xE0, 0x3F, 0xF8, 0x00, 0x06, 0x03, 0xFF,
    0x80, 0xC0, 0x00, 0x3F, 0xFC, 0x0F, 0xFF, 0x00, 0x00, 0x00, 0x00, 0x00, 0x00, 0x01, 0x83, 0xFE,
    0x60, 0xFF, 0x98, 0x06, 0x06, 0x01, 0x81, 0x80, 0x63, 0xE0, 0x1D, 0xF8, 0x07, 0x06, 0x03, 0xE1,
    0x80, 0xD8, 0x60, 0x63, 0x18, 0x70, 0xE6, 0x08, 0x09, 0x80, 0x00, 0x60, 0x00, 0x18, 0x00, 0x06,
    0x00, 0x00, 0x00, 0x00, 0x00, 0x00, 0x01, 0x83, 0xFE, 0x60, 0xFF, 0x98, 0x06, 0x06, 0x01, 0xCF,
    0x80, 0x73, 0xE0, 0x36, 0x18, 0x39, 0xE6, 0x0C, 0x19, 0x80, 0x00, 0x60, 0x3F, 0xF8, 0x0F, 0xFE,
    0x00, 0x01, 0x80, 0x00, 0x60, 0x00, 0x18, 0x00, 0x06, 0x00, 0x00, 0x00, 0x00, 0x00, 0x00, 0x01,
    0x83, 0xFE, 0x60, 0xFF, 0x98, 0x06, 0x06, 0x01, 0x8F, 0x80, 0xF3, 0xE0, 0x3E, 0x18, 0x19, 0xC6,
    0x1E, 0x39, 0x82, 0x00, 0x60, 0x30, 0x18, 0x0C, 0x06, 0x03, 0x00, 0x00, 0xC0, 0x00, 0x3F, 0xF8,
    0x0F, 0xFE, 0x00, 0x00, 0x00, 0x00, 0x00, 0x00, 0x01, 0x83, 0xFE, 0x60, 0x18, 0x18, 0x06, 0x3E,
    0x03, 0xCF, 0x80, 0xF8, 0x60, 0x67, 0x18, 0x70, 0xE6, 0x08, 0x01, 0x80, 0xFF, 0xE0, 0x10, 0x18,
    0x07, 0xFE, 0x03, 0xFF, 0x80, 0xC0, 0x00, 0x3F, 0xF8, 0x0F, 0xFE, 0x00, 0x00, 0x00, 0x00, 0x00,
    0x00, 0x01, 0x83, 0xFE, 0x60, 0x18, 0x18, 0x06, 0x3E, 0x01, 0xCF, 0x80, 0xF8, 0x60, 0x77, 0x18,
    0x38, 0xE6, 0x08, 0x01, 0x81, 0xFF, 0xE0, 0x3F, 0xF8, 0x0F, 0xE6, 0x07, 0xF9, 0x81, 0x86, 0x60,
    0x7F, 0x98, 0x1F, 0xFE, 0x00, 0x00, 0x00, 0x00, 0x00, 0x00, 0x03, 0x03, 0xFC, 0xE0, 0xFF, 0x38,
    0x06, 0x0E, 0x01, 0xDF, 0x80, 0xF3, 0xE0, 0x3E, 0x38, 0x39, 0xCE, 0x1C, 0x33, 0x80, 0x00, 0x40,
    0x3F, 0xF0, 0x0F, 0xFE, 0x03, 0x03, 0x80, 0xC0, 0xE0, 0x3F, 0xF8, 0x0F, 0xFE, 0x00, 0x00, 0x00,
    0x00, 0x00, 0x00, 0x01, 0x83, 0xFE, 0x60, 0xFF, 0x18, 0x06, 0x06, 0x01, 0xDF, 0x80, 0xF0, 0x60,
    0x77, 0x18, 0x78, 0xE6, 0x1C, 0x11, 0x80, 0x40, 0x00, 0x30, 0x18, 0x0F, 0xFE, 0x03, 0xFF, 0x80,
    0xC0, 0x60, 0x3F, 0xF8, 0x0F, 0xFE, 0x00, 0x00, 0x00, 0x00, 0x00, 0x00, 0x01, 0x83, 0xFE, 0x60,
    0xFF, 0x18, 0x06, 0x06, 0x01, 0xCF, 0x80, 0x73, 0xE0, 0x36, 0x18, 0x39, 0xE6, 0x0C, 0x39, 0x82,
    0x00, 0x60, 0x03, 0x18, 0x00, 0xE0, 0x00, 0x78, 0x00, 0x3B, 0x80, 0x3C, 0x78, 0x1C, 0x0F, 0x00,
    0x00, 0x00, 0x00, 0x00, 0x00, 0x01, 0x83, 0xFE, 0x60, 0xFF, 0x98, 0x06, 0x06, 0x01, 0xCF, 0x80,
    0xF3, 0xE0, 0x36, 0x18, 0x39, 0xE6, 0x1C, 0x19, 0x82, 0x00, 0x60, 0x1F, 0xE0, 0x0F, 0xFC, 0x03,
    0x01, 0x80, 0xC0, 0x60, 0x3C, 0x70, 0x07, 0xF8, 0x00, 0x00, 0x00, 0x00, 0x00, 0x00, 0x01, 0x83,
    0xFE, 0x60, 0xFF, 0x18, 0x06, 0x06, 0x01, 0xCF, 0x80, 0xF3, 0xE0, 0x36, 0x18, 0x38, 0xE6, 0x0C,
    0x19, 0x80, 0x00, 0x60, 0x3F, 0xF8, 0x07, 0xFE, 0x00, 0x38, 0x00, 0x1F, 0x80, 0x3E, 0x78, 0x0E,
    0x06, 0x00, 0x00, 0x00, 0x00, 0x00, 0x00, 0x0D, 0x83, 0xFB, 0x61, 0xFE, 0xD8, 0x0C, 0x36, 0x03,
    0x0D, 0x80, 0xCF, 0x60, 0x3F, 0xD8, 0x0E, 0x36, 0x07, 0x8D, 0x81, 0xB3, 0x60, 0xEE, 0xD8, 0x71,
    0xB6, 0x18, 0x2D, 0x80, 0x03, 0x60, 0x00, 0xD8, 0x00, 0x06, 0x00, 0x00, 0x00, 0x00, 0x00, 0x00,
    0x0D, 0x87, 0xFB, 0x61, 0xFE, 0xD8, 0x0C, 0x36, 0x03, 0x3D, 0x80, 0xEF, 0x60, 0x7C, 0xD8, 0x3B,
    0xB6, 0x1C, 0x6D, 0x82, 0x03, 0x60, 0x3F, 0xF8, 0x0F, 0xFE, 0x00, 0x01, 0x80, 0x00, 0x60, 0x00,
    0x18, 0x00, 0x06, 0x00, 0x00, 0x00, 0x00, 0x00, 0x00, 0x0D, 0x83, 0xFB, 0x61, 0xFE, 0xD8, 0x0C,
    0x36, 0x03, 0x3D, 0x80, 0xEF, 0x60, 0x78, 0xD8, 0x3B, 0xB6, 0x1C, 0x6D, 0x82, 0x03, 0x60, 0x30,
    0xD8, 0x0C, 0x36, 0x03, 0x00, 0x00, 0xC0, 0x00, 0x3F, 0xF8, 0x0F, 0xFE, 0x00, 0x00, 0x00, 0x00,
    0x00, 0x00, 0x0D, 0x87, 0xFB, 0x60, 0xFC, 0xD8, 0x0C, 0xF6, 0x03, 0xBD, 0x81, 0xE3, 0x60, 0xEE,
    0xD8, 0x71, 0xB6, 0x08, 0x0C, 0x80, 0xFF, 0xE0, 0x3F, 0xF8, 0x00, 0x06, 0x03, 0xFF, 0x80, 0xC0,
    0x00, 0x3F, 0xF8, 0x0F, 0xFF, 0x00, 0x00, 0x00, 0x00, 0x00, 0x00, 0x0D, 0x87, 0xFB, 0x60, 0xFE,
    0xD8, 0x0C, 0x36, 0x03, 0xBD, 0x80, 0xEF, 0x60, 0x7C, 0xD8, 0x3B, 0xB6, 0x1C, 0x6D, 0x80, 0x02,
    0x60, 0x3F, 0xF8, 0x0F, 0xFE, 0x03, 0x01, 0x80, 0xC0, 0x60, 0x3F, 0xF8, 0x0F, 0xFE, 0x00, 0x00,
    0x00, 0x00, 0x00, 0x00, 0x0D, 0x87, 0xFB, 0x60, 0xFE, 0xD8, 0x0C, 0xF6, 0x03, 0xBD, 0x80, 0xE3,
    0x60, 0x6C, 0xD8, 0x7B, 0xB6, 0x08, 0x2D, 0x80, 0x40, 0x00, 0x30, 0x18, 0x0F, 0xFE, 0x03, 0xFF,
    0x80, 0xC0, 0x60, 0x3F, 0xF8, 0x0F, 0xFE, 0x00, 0x00, 0x00, 0x00, 0x00, 0x00, 0x0D, 0x87, 0xFB,
    0x61, 0xFE, 0xD8, 0x0C, 0x36, 0x03, 0x3D, 0x80, 0xEF, 0x60, 0x78, 0xD8, 0x3B, 0xB6, 0x1C, 0x6D,
    0x82, 0x03, 0x60, 0x03, 0x18, 0x00, 0xE0, 0x00, 0x78, 0x00, 0x3B, 0x80, 0x7C, 0x78, 0x1C, 0x06,
    0x00, 0x00, 0x00, 0x00, 0x00, 0x00, 0x0D, 0x87, 0xFB, 0x60, 0xFE, 0xD8, 0x0C, 0x36, 0x03, 0xBD,
    0x80, 0xEF, 0x60, 0x7C, 0xD8, 0x3B, 0xB6, 0x1C, 0x6D, 0x82, 0x03, 0x60, 0x0F, 0xE0, 0x07, 0xFE,
    0x03, 0x01, 0x80, 0xC0, 0x60, 0x1E, 0xF8, 0x03, 0xFC, 0x00, 0x00, 0x00, 0x00, 0x00, 0x00, 0x01,
    0x83, 0xFE, 0x60, 0xFF, 0x98, 0x06, 0x06, 0x01, 0x8F, 0x80, 0x63, 0xE0, 0x1C, 0x18, 0x07, 0x06,
    0x03, 0xCF, 0x80, 0xDB, 0xE0, 0x63, 0x18, 0x78, 0xE6, 0x1C, 0x09, 0x80, 0x00, 0x60, 0x00, 0x18,
    0x00, 0x06, 0x00, 0x00, 0x00, 0x00, 0x00, 0x00, 0x01, 0x83, 0xFE, 0x60, 0xFF, 0x98, 0x06, 0x3E,
    0x01, 0x8F, 0x80, 0x70, 0x60, 0x3C, 0xF8, 0x1D, 0xBE, 0x0E, 0x39, 0x87, 0x06, 0x60, 0x30, 0x18,
    0x0C, 0x06, 0x03, 0x00, 0x00, 0xC0, 0x00, 0x3F, 0xF8, 0x0F, 0xFE, 0x00, 0x00, 0x00, 0x00, 0x00,
    0x00, 0x01, 0x83, 0xFE, 0x60, 0x18, 0xF8, 0x06, 0x3E, 0x03, 0xC1, 0x80, 0xFB, 0xE0, 0xE7, 0xF8,
    0x70, 0xE6, 0x08, 0x01, 0x80, 0xFF, 0xE0, 0x1F, 0xF8, 0x07, 0xFE, 0x03, 0xFF, 0x80, 0xC0, 0x00,
    0x3F, 0xF8, 0x0F, 0xFE, 0x00, 0x00, 0x00, 0x00, 0x00, 0x00, 0x00, 0x00, 0x00, 0xC1, 0xFF, 0x30,
    0x3F, 0xFC, 0x01, 0x9F, 0x00, 0xE0, 0xC0, 0x3D, 0xF0, 0x1B, 0xFC, 0x1E, 0x73, 0x06, 0x0C, 0xC0,
    0x3C, 0xF0, 0x1F, 0xFC, 0x03, 0x03, 0x00, 0xC0, 0xC0, 0x20, 0x30, 0x1F, 0xFC, 0x03, 0xFF, 0x00,
    0x00, 0x00, 0x00, 0x01, 0x83, 0xFE, 0x60, 0x18, 0x18, 0x06, 0x3E, 0x01, 0xC1, 0x80, 0xF3, 0xE0,
    0x76, 0xF8, 0x39, 0xE6, 0x1C, 0x19, 0x80, 0x40, 0x40, 0x30, 0x18, 0x0F, 0xFE, 0x03, 0xFF, 0x80,
    0xC0, 0x60, 0x3F, 0xF8, 0x0F, 0xFE, 0x00, 0x00, 0x00, 0x00, 0x00, 0x00, 0x01, 0x83, 0xFE, 0x60,
    0xFF, 0x18, 0x06, 0x3E, 0x01, 0xCF, 0x80, 0x73, 0xE0, 0x3E, 0xF8, 0x3D, 0xE6, 0x0E, 0x39, 0x82,
    0x20, 0x40, 0x18, 0x60, 0x06, 0x18, 0x01, 0xC7, 0x00, 0xF3, 0xC0, 0xE7, 0x9C, 0x10, 0xC3, 0x00,
    0x00, 0x00, 0x00, 0x00, 0x00, 0x01, 0x83, 0xFE, 0x60, 0xFF, 0x98, 0x06, 0x3E, 0x01, 0x8F, 0x80,
    0xF0, 0x60, 0x3E, 0xF8, 0x39, 0xE6, 0x1C, 0x39, 0x82, 0x00, 0x60, 0x1F, 0xE0, 0x0F, 0xFC, 0x03,
    0x01, 0x80, 0xC0, 0x60, 0x3E, 0xF0, 0x07, 0xF8, 0x00, 0x00, 0x00, 0x00, 0x00, 0x00, 0x0D, 0x83,
    0xFB, 0x61, 0xFE, 0xD8, 0x0C, 0x36, 0x03, 0x3D, 0x80, 0xCF, 0x60, 0x38, 0xD8, 0x0E, 0xF6, 0x07,
    0xBD, 0x81, 0xB3, 0x60, 0xEE, 0xD8, 0x71, 0xB6, 0x18, 0x2D, 0x80, 0x03, 0x60, 0x00, 0xD8, 0x00,
    0x06, 0x00, 0x00, 0x00, 0x00, 0x00, 0x00, 0x00, 0x00, 0x00, 0x00, 0xFF, 0xFC, 0x00, 0xC0, 0x00,
    0x30, 0x00, 0x1E, 0x00, 0x0F, 0xC0, 0x07, 0x38, 0x0F, 0x87, 0xC3, 0x8C, 0x70, 0x03, 0x00, 0x00,
    0xC0, 0x00, 0x30, 0x07, 0xFF, 0xF9, 0xFF, 0xFE, 0x00, 0x00, 0x00, 0x00, 0x00, 0x00, 0x00, 0x07,
    0xFF, 0x83, 0xFF, 0xE0, 0x07, 0x00, 0x01, 0xE0, 0x01, 0xDC, 0x03, 0xE3, 0xE0, 0xF3, 0x38, 0x00,
    0xC0, 0x1F, 0xFF, 0xC7, 0xFF, 0xF0, 0x00, 0x00, 0x1F, 0xFE, 0x07, 0xFF, 0x80, 0x00, 0x60, 0x00,
    0x18, 0x00, 0x06, 0x00, 0x01, 0x80, 0x00, 0x00, 0x07, 0xFF, 0x81, 0xFF, 0xE0, 0x07, 0x00, 0x01,
    0xE0, 0x00, 0xFC, 0x00, 0xF3, 0xC0, 0xFB, 0x78, 0x10, 0xC6, 0x00, 0x30, 0x07, 0xFF, 0xF0, 0xFF,
    0xFC, 0x08, 0x00, 0x06, 0x00, 0x01, 0x80, 0x00, 0x60, 0x00, 0x1F, 0xFE, 0x03, 0xFF, 0x00, 0x00,
    0x00, 0x07, 0xFF, 0x03, 0xFF, 0xE0, 0x07, 0x00, 0x03, 0xE0, 0x03, 0xDE, 0x03, 0xED, 0xE0, 0x43,
    0x08, 0x7F, 0xFF, 0x1F, 0xFF, 0xC0, 0x00, 0x00, 0x7F, 0xF0, 0x00, 0x0C, 0x07, 0xFF, 0x01, 0xFF,
    0xC0, 0x60, 0x00, 0x1F, 0xFE, 0x07, 0xFF, 0x80, 0x00, 0x00, 0x07, 0xFF, 0x03, 0xFF, 0xE0, 0x07,
    0x00, 0x03, 0xE0, 0x03, 0xDE, 0x03, 0xED, 0xE0, 0x43, 0x08, 0x7F, 0xFF, 0x1F, 0xFF, 0xC0, 0x00,
    0x00, 0x7D, 0xF8, 0x03, 0x66, 0x07, 0xD9, 0x81, 0xF6, 0x60, 0x61, 0x98, 0x1F, 0xFE, 0x07, 0xDF,
    0x80, 0x00, 0x00, 0x07, 0xFF, 0x03, 0xFF, 0xE0, 0x07, 0x00, 0x01, 0xE0, 0x01, 0xDE, 0x03, 0xEB,
    0xE0, 0xE3, 0x18, 0x00, 0xC0, 0x1F, 0xFF, 0xC3, 0xFF, 0xF0, 0x00, 0x00, 0x1F, 0xFC, 0x06, 0x03,
    0x01, 0x80, 0xC0, 0x60, 0x30, 0x1F, 0xFC, 0x07, 0xFF, 0x00, 0x00, 0x00, 0x07, 0xFF, 0x03, 0xFF,
    0xE0, 0x07, 0x00, 0x03, 0xE0, 0x03, 0xDE, 0x03, 0xEB, 0xE0, 0xE3, 0x18, 0x00, 0xC0, 0x1F, 0xFF,
    0xC7, 0xFF, 0xF0, 0x60, 0x30, 0x1F, 0xFC, 0x07, 0xFF, 0x01, 0x80, 0xC0, 0x60, 0x30, 0x1F, 0xFC,
    0x07, 0xFF, 0x00, 0x00, 0x00, 0x00, 0x00, 0x03, 0xFF, 0xE0, 0x07, 0x00, 0x01, 0xE0, 0x01, 0xDC,
    0x03, 0xE3, 0xE0, 0xF3, 0x38, 0x00, 0xC0, 0x1F, 0xFF, 0xC7, 0xFF, 0xF0, 0x02, 0x00, 0x00, 0xC0,
    0x00, 0x70, 0x00, 0x3E, 0x00, 0x3D, 0xE0, 0x3E, 0x1E, 0x06, 0x01, 0x80, 0x00, 0x00, 0x00, 0x00,
    0x03, 0xFF, 0xE0, 0x07, 0x00, 0x01, 0xE0, 0x01, 0xDC, 0x03, 0xE3, 0xE0, 0xE3, 0x38, 0x00, 0xC0,
    0x1F, 0xFF, 0xC7, 0xFF, 0xF0, 0x00, 0x00, 0x0F, 0xF8, 0x07, 0x8F, 0x01, 0x80, 0xC0, 0x60, 0x30,
    0x0F, 0xF8, 0x01, 0xFC, 0x00, 0x00, 0x00, 0x07, 0xFF, 0x03, 0xFF, 0xE0, 0x07, 0x00, 0x01, 0xE0,
    0x03, 0xDE, 0x03, 0xED, 0xE0, 0x43, 0x18, 0x3F, 0xFF, 0x1F, 0xFF, 0xC0, 0x00, 0x00, 0x7F, 0xF0,
    0x1F, 0xFE, 0x00, 0x70, 0x00, 0x3E, 0x00, 0x3D, 0xE0, 0x3E, 0x1E, 0x04, 0x01, 0x80, 0x00, 0x00,
    0x07, 0xFF, 0x03, 0xFF, 0xE0, 0x07, 0x00, 0x03, 0xE0, 0x03, 0xCF, 0x03, 0xED, 0xE0, 0x03, 0x00,
    0x7F, 0xFF, 0x1F, 0xFF, 0xC0, 0x0C, 0x00, 0x07, 0x40, 0x1F, 0xFE, 0x00, 0x70, 0x00, 0x1E, 0x00,
    0x3D, 0xE0, 0x1E, 0x1E, 0x04, 0x01, 0x00, 0x00, 0x00, 0x07, 0xFF, 0x01, 0xFF, 0xE0, 0x07, 0x00,
    0x07, 0xF0, 0x0F, 0x8F, 0x83, 0x88, 0xE0, 0xFF, 0xFC, 0x7F, 0xFF, 0x00, 0x20, 0x00, 0x1C, 0x00,
    0xFF, 0xF8, 0x07, 0xF0, 0x03, 0xFE, 0x00, 0xC1, 0x80, 0x38, 0xE0, 0x07, 0xF0, 0x00, 0x00, 0x00,
    0x00, 0x00, 0x00, 0x03, 0x03, 0xFE, 0xC0, 0xFF, 0xB0, 0x06, 0x0C, 0x01, 0x83, 0x00, 0xF0, 0xC0,
    0x76, 0x3C, 0x38, 0xEF, 0x19, 0x93, 0x00, 0x60, 0xC0, 0x18, 0xB0, 0x7F, 0xEC, 0x1F, 0xE3, 0x00,
    0x00, 0xC0, 0x00, 0x30, 0x00, 0x0C, 0x00, 0x00, 0x00, 0x00, 0x00, 0x00, 0x03, 0x03, 0xFE, 0xC0,
    0xDB, 0x30, 0x06, 0x0C, 0x03, 0xE3, 0xC3, 0xDE, 0xF1, 0xDB, 0x30, 0x06, 0x2C, 0x1F, 0xFB, 0x07,
    0xF8, 0xC0, 0x00, 0x30, 0x1F, 0xFC, 0x03, 0xFF, 0x00, 0x00, 0xC0, 0x00, 0x30, 0x00, 0x0C, 0x00,
    0x00, 0x00, 0x00, 0x00, 0x0F, 0xF3, 0x03, 0xFE, 0xC0, 0x18, 0x30, 0x0F, 0x0C, 0x0F, 0x73, 0xC3,
    0xEE, 0xC0, 0x18, 0x30, 0x7F, 0xEC, 0x1F, 0xC3, 0x00, 0xFF, 0xC0, 0x7F, 0xF0, 0x00, 0x0C, 0x07,
    0xFF, 0x01, 0x80, 0x00, 0x7F, 0xF0, 0x1F, 0xFE, 0x00, 0x00, 0x00, 0x00, 0x00, 0x0F, 0xF3, 0x03,
    0xFE, 0xC0, 0x18, 0x30, 0x0F, 0x0C, 0x07, 0xF3, 0xC7, 0xBE, 0xF0, 0x98, 0x30, 0x1F, 0xEC, 0x1F,
    0xFB, 0x00, 0x00, 0x00, 0x60, 0x30, 0x1F, 0xFC, 0x07, 0xFF, 0x01, 0x80, 0xC0, 0x7F, 0xF0, 0x1F,
    0xFC, 0x00, 0x00, 0x00, 0x00, 0x00, 0x00, 0x03, 0x03, 0xFE, 0xC0, 0x5B, 0x30, 0x07, 0x0C, 0x03,
    0xE3, 0x83, 0x9E, 0xF0, 0xD9, 0x30, 0x06, 0x2C, 0x1F, 0xFB, 0x07, 0xF8, 0xC0, 0x03, 0x30, 0x00,
    0xC0, 0x00, 0x70, 0x00, 0x3F, 0x00, 0x78, 0xF8, 0x1C, 0x0E, 0x00, 0x00, 0x00, 0x00, 0x00, 0x00,
    0x03, 0x03, 0xFC, 0xC0, 0xFF, 0x30, 0x07, 0x0C, 0x03, 0xE3, 0xC3, 0xDE, 0xF0, 0xD9, 0x30, 0x06,
    0x0C, 0x1F, 0xFB, 0x07, 0xF0, 0xC0, 0x0F, 0xB0, 0x0F, 0xF8, 0x07, 0x07, 0x01, 0x80, 0xC0, 0x78,
    0xF0, 0x0F, 0xF8, 0x00, 0x00, 0x00, 0x00, 0x00, 0x00, 0x0D, 0x83, 0xFB, 0x60, 0xFE, 0xD8, 0x06,
    0x36, 0x03, 0x8D, 0x80, 0xE3, 0x60, 0x6E, 0xF8, 0x79, 0xFE, 0x09, 0x8D, 0x80, 0x63, 0x60, 0x18,
    0xD8, 0x7F, 0xF6, 0x1F, 0xCD, 0x80, 0x03, 0x60, 0x00, 0xD8, 0x00, 0x06, 0x00, 0x00, 0x00, 0x00,
    0x00, 0x00, 0x0D, 0x83, 0xFB, 0x60, 0xFE, 0xD8, 0x0E, 0x36, 0x07, 0xCF, 0x83, 0xBB, 0xE0, 0xD2,
    0xD8, 0x06, 0x36, 0x1F, 0xFD, 0x83, 0x83, 0x60, 0x08, 0x60, 0x06, 0x18, 0x01, 0x86, 0x00, 0xF3,
    0xC0, 0xF7, 0x9C, 0x30, 0xE3, 0x00, 0x00, 0x00, 0x00, 0x00, 0x00, 0x09, 0x83, 0xFB, 0x60, 0xFE,
    0xD8, 0x0E, 0x66, 0x07, 0xDF, 0x83, 0xBF, 0xE1, 0xB2, 0x98, 0x0C, 0x76, 0x1F, 0xFD, 0x87, 0xE2,
    0x60, 0x07, 0xD8, 0x07, 0xFC, 0x03, 0x83, 0x80, 0xC0, 0x60, 0x3C, 0x78, 0x07, 0xFC, 0x00, 0x00,
    0x00, 0x00, 0x00, 0x00, 0x03, 0x03, 0xFE, 0xC0, 0xFF, 0xB0, 0x07, 0x0C, 0x01, 0xC3, 0x00, 0x78,
    0xC0, 0x77, 0x30, 0x38, 0xEC, 0x0C, 0xCB, 0x00, 0x30, 0xC0, 0x0C, 0xB0, 0x7F, 0xFC, 0x1F, 0xF3,
    0x00, 0x00, 0xC0, 0x00, 0x30, 0x00, 0x0C, 0x00, 0x00, 0x00, 0x00, 0x00, 0x00, 0x03, 0x03, 0xFE,
    0xC0, 0xFF, 0xB0, 0x07, 0x0C, 0x01, 0xE3, 0x01, 0xDE, 0xC0, 0xEB, 0xB0, 0x03, 0x0C, 0x07, 0xFF,
    0x07, 0xFF, 0xC0, 0x00, 0x30, 0x0C, 0x0C, 0x03, 0x00, 0x00, 0xC0, 0x00, 0x3F, 0xF8, 0x0F, 0xFE,
    0x00, 0x00, 0x00, 0x00, 0x00, 0x07, 0xF3, 0x03, 0xFE, 0xC0, 0x1C, 0x30, 0x0F, 0x8C, 0x0F, 0x7B,
    0x03, 0x26, 0xC0, 0x1C, 0xB0, 0x7F, 0xFC, 0x0E, 0x01, 0x00, 0xFF, 0xC0, 0x3F, 0xF0, 0x00, 0x0C,
    0x03, 0xFF, 0x00, 0xC0, 0x00, 0x3F, 0xF8, 0x0F, 0xFE, 0x00, 0x00, 0x00, 0x00, 0x00, 0x00, 0x03,
    0x03, 0xFE, 0xC0, 0x7F, 0x30, 0x07, 0x0C, 0x03, 0xE3, 0x03, 0xDE, 0xC0, 0xCD, 0xB0, 0x07, 0x2C,
    0x1F, 0xFF, 0x03, 0xC0, 0xC0, 0x3F, 0xF0, 0x0F, 0xFC, 0x03, 0x03, 0x00, 0xC0, 0xC0, 0x3F, 0xF0,
    0x0F, 0xFC, 0x00, 0x00, 0x00, 0x00, 0x00, 0x07, 0xF3, 0x03, 0xFE, 0xC0, 0x1C, 0x30, 0x07, 0x0C,
    0x07, 0xF3, 0x03, 0xEE, 0xC0, 0x8C, 0x30, 0x3F, 0xFC, 0x1F, 0xFB, 0x00, 0x00, 0x00, 0x20, 0x10,
    0x0F, 0xFC, 0x03, 0xFF, 0x00, 0xC0, 0xC0, 0x3F, 0xF0, 0x0F, 0xFC, 0x00, 0x00, 0x00, 0x00, 0x00,
    0x00, 0x03, 0x03, 0xFE, 0xC0, 0xFF, 0xB0, 0x07, 0x0C, 0x03, 0xE3, 0x03, 0xDE, 0xC0, 0xCD, 0xB0,
    0x03, 0x0C, 0x1F, 0xFF, 0x07, 0xF8, 0xC0, 0x03, 0x30, 0x00, 0xC4, 0x00, 0x78, 0x00, 0x3F, 0x00,
    0x7C, 0xF8, 0x1C, 0x0E, 0x00, 0x00, 0x00, 0x00, 0x00, 0x00, 0x03, 0x03, 0xFE, 0xC0, 0xFF, 0xB0,
    0x07, 0x0C, 0x03, 0xE3, 0x03, 0xDE, 0xC0, 0xE9, 0xB0, 0x03, 0x0C, 0x1F, 0xFF, 0x07, 0xF8, 0xC0,
    0x07, 0xD0, 0x0F, 0xFC, 0x03, 0x03, 0x00, 0xC0, 0xC0, 0x3E, 0xF0, 0x07, 0xF8, 0x00, 0x00, 0x00,
    0x00, 0x00, 0x00, 0x00, 0x01, 0xFF, 0xE0, 0x7F, 0xFC, 0x00, 0xC0, 0x00, 0x38, 0x00, 0x1E, 0x00,
    0x0E, 0xC0, 0x07, 0x3C, 0x0F, 0x83, 0xC3, 0xA1, 0x30, 0x1C, 0xE0, 0x07, 0x38, 0x01, 0x86, 0x07,
    0xFF, 0xF9, 0xFF, 0xFE, 0x00, 0x00, 0x00, 0x00, 0x00, 0x00, 0x00, 0x00, 0x00, 0x03, 0xFF, 0xE0,
    0x07, 0x00, 0x01, 0xE0, 0x01, 0xDE, 0x03, 0xE3, 0xE0, 0xF8, 0xF8, 0x06, 0x30, 0x1F, 0xFF, 0xC7,
    0xFF, 0xF0, 0x00, 0x00, 0x1F, 0xFE, 0x07, 0xFF, 0x80, 0x00, 0x60, 0x00, 0x18, 0x00, 0x06, 0x00,
    0x01, 0x80, 0x00, 0x00, 0x00, 0x00, 0x01, 0xFF, 0xF0, 0x07, 0x00, 0x01, 0xE0, 0x00, 0xFC, 0x01,
    0xF3, 0xE0, 0xF8, 0x7C, 0x06, 0x18, 0x01, 0x86, 0x07, 0xFF, 0xF9, 0xFF, 0xFE, 0x08, 0x00, 0x06,
    0x00, 0x01, 0x80, 0x00, 0x60, 0x00, 0x1F, 0xFE, 0x03, 0xFF, 0x80, 0x00, 0x00, 0x04, 0x01, 0x03,
    0xFF, 0xE0, 0x07, 0x00, 0x01, 0xE0, 0x01, 0xDC, 0x03, 0xE3, 0xE0, 0xF8, 0xF8, 0x06, 0x30, 0x1F,
    0xFF, 0xC7, 0xFF, 0xF0, 0x00, 0x00, 0x0F, 0xF8, 0x07, 0x8F, 0x01, 0x80, 0xC0, 0x60, 0x30, 0x0F,
    0xF8, 0x01, 0xFC, 0x00, 0x00, 0x00, 0x07, 0xFF, 0x81, 0xFF, 0xE0, 0x03, 0x00, 0x01, 0xE0, 0x00,
    0xFC, 0x01, 0xF3, 0xE0, 0xF0, 0x3C, 0x00, 0x00, 0x1F, 0xFF, 0xE7, 0xFF, 0xF8, 0x03, 0x00, 0x00,
    0xC0, 0x00, 0x30, 0x00, 0x0C, 0x00, 0x03, 0x00, 0x00, 0xC0, 0x00, 0x00, 0x00, 0x00, 0x00, 0x07,
    0xFF, 0x83, 0xFF, 0xE0, 0x07, 0x00, 0x01, 0xE0, 0x01, 0xDE, 0x03, 0xE3, 0xE0, 0xE0, 0x18, 0x3F,
    0xFF, 0x1F, 0xFF, 0xC0, 0x0C, 0x00, 0x03, 0x00, 0x1F, 0xFE, 0x07, 0xFF, 0x80, 0x00, 0x60, 0x00,
    0x18, 0x00, 0x06, 0x00, 0x01, 0x80, 0x00, 0x00, 0x07, 0xFF, 0x81, 0xFF, 0xE0, 0x03, 0x80, 0x01,
    0xE0, 0x00, 0xFC, 0x01, 0xF3, 0xE0, 0xF0, 0x3C, 0x00, 0x00, 0x1F, 0xFF, 0xE7, 0xFF, 0xF8, 0x03,
    0x00, 0x18, 0xC0, 0x06, 0x30, 0x01, 0x80, 0x00, 0x60, 0x00, 0x1F, 0xFE, 0x03, 0xFF, 0x80, 0x00,
    0x00, 0x07, 0xFF, 0x03, 0xFF, 0xE0, 0x07, 0x00, 0x03, 0xE0, 0x07, 0xDF, 0x83, 0xC1, 0xE0, 0xFF,
    0xFC, 0x7F, 0xFF, 0x00, 0x30, 0x01, 0xFF, 0xC0, 0x7F, 0xF0, 0x00, 0x0C, 0x07, 0xFF, 0x01, 0xFF,
    0xC0, 0x60, 0x00, 0x1F, 0xFE, 0x07, 0xFF, 0x80, 0x00, 0x00, 0x0F, 0xFF, 0x81, 0xFF, 0xE0, 0x07,
    0x00, 0x07, 0xF0, 0x0F, 0x8F, 0x83, 0x80, 0xE1, 0xFF, 0xFC, 0x7F, 0xFF, 0x00, 0x30, 0x01, 0xFF,
    0xC0, 0x7F, 0xF0, 0x1F, 0x8C, 0x07, 0xC3, 0x01, 0x80, 0xC0, 0x7F, 0x30, 0x1F, 0x84, 0x00, 0x00,
    0x00, 0x00, 0x00, 0x07, 0xFF, 0x83, 0xFF, 0xE0, 0x07, 0x00, 0x03, 0xE0, 0x03, 0xCF, 0x03, 0xE1,
    0xF0, 0x40, 0x08, 0x7F, 0xFF, 0x9F, 0xFF, 0xC0, 0x0C, 0x00, 0x7F, 0xF8, 0x1F, 0xFE, 0x07, 0xF9,
    0x81, 0xF6, 0x60, 0x61, 0x98, 0x1F, 0xFE, 0x07, 0xDF, 0x80, 0x00, 0x00, 0x07, 0xFF, 0x03, 0xFF,
    0xE0, 0x07, 0x00, 0x01, 0xE0, 0x01, 0xDC, 0x03, 0xE3, 0xE0, 0xE0, 0x38, 0x3F, 0xFF, 0x1F, 0xFF,
    0xC0, 0x0C, 0x00, 0x03, 0x00, 0x1F, 0xFC, 0x07, 0xFF, 0x01, 0x80, 0xC0, 0x60, 0x30, 0x1F, 0xFC,
    0x07, 0xFF, 0x00, 0x00, 0x00, 0x07, 0xFF, 0x03, 0xFF, 0xE0, 0x07, 0x00, 0x03, 0xE0, 0x03, 0xDE,
    0x03, 0xE1, 0xE0, 0x40, 0x18, 0x7F, 0xFF, 0x1F, 0xFF, 0xC0, 0x0C, 0x00, 0x63, 0x30, 0x1F, 0xFC,
    0x07, 0xFF, 0x01, 0x80, 0xC0, 0x60, 0x30, 0x1F, 0xFC, 0x07, 0xFF, 0x00, 0x00, 0x00, 0x07, 0xFF,
    0x03, 0xFF, 0xE0, 0x07, 0x00, 0x01, 0xE0, 0x01, 0xDC, 0x03, 0xE3, 0xE0, 0xE0, 0x38, 0x3F, 0xFF,
    0x1F, 0xFF, 0xC0, 0x0C, 0x00, 0x03, 0x00, 0x00, 0xC0, 0x00, 0x30, 0x00, 0x1E, 0x00, 0x1F, 0xE0,
    0x3E, 0x3E, 0x06, 0x01, 0x80, 0x00, 0x00, 0x00, 0x00, 0x03, 0xFF, 0xE0, 0x07, 0x00, 0x01, 0xE0,
    0x01, 0xDC, 0x03, 0xE3, 0xE0, 0xE0, 0x38, 0x3F, 0xFF, 0x1F, 0xFF, 0xC0, 0x0C, 0x00, 0x0F, 0x80,
    0x0F, 0xF8, 0x07, 0x07, 0x01, 0x80, 0xC0, 0x70, 0x70, 0x0F, 0xF8, 0x00, 0xF8, 0x00, 0x00, 0x00,
    0x00, 0x01, 0x83, 0xFE, 0x60, 0xFF, 0x98, 0x07, 0x06, 0x01, 0xE1, 0x81, 0xDE, 0x60, 0xE3, 0x98,
    0x00, 0x06, 0x1F, 0xFD, 0x87, 0xFE, 0x60, 0x08, 0x18, 0x07, 0x7E, 0x01, 0xC1, 0x80, 0x70, 0x60,
    0x1C, 0x18, 0x02, 0x06, 0x00, 0x00, 0x00, 0x00, 0x00, 0x00, 0x01, 0x83, 0xFE, 0x60, 0x1C, 0x18,
    0x07, 0x86, 0x0F, 0x79, 0x83, 0x02, 0x61, 0xFF, 0xD8, 0x7F, 0xE6, 0x00, 0xDF, 0x80, 0x33, 0xE0,
    0x18, 0x60, 0x06, 0x18, 0x01, 0xC7, 0x00, 0xF3, 0xC0, 0xE7, 0x9C, 0x10, 0xC3, 0x00, 0x00, 0x00,
    0x00, 0x00, 0x00, 0x0D, 0x87, 0xFB, 0x60, 0xFE, 0xD8, 0x0C, 0x36, 0x07, 0x8D, 0x83, 0xBB, 0x61,
    0xC6, 0xD8, 0x00, 0x36, 0x1F, 0xFD, 0x87, 0xE3, 0x60, 0x37, 0xD8, 0x0D, 0xF6, 0x03, 0x0D, 0x80,
    0xC3, 0x60, 0x30, 0xD8, 0x00, 0x26, 0x00, 0x00, 0x00, 0x00, 0x00, 0x00, 0x03, 0x03, 0xFE, 0xC0,
    0xFF, 0xB0, 0x07, 0x0C, 0x01, 0xE3, 0x01, 0xDE, 0xC0, 0xE3, 0xB0, 0x00, 0x0C, 0x1F, 0xFF, 0x07,
    0xFE, 0xC0, 0x0C, 0x30, 0x03, 0x0C, 0x00, 0xC3, 0x00, 0x30, 0xC0, 0x0C, 0x30, 0x02, 0x0C, 0x00,
    0x00, 0x00, 0x00, 0x00, 0x00, 0x03, 0x03, 0xFE, 0xC0, 0x5D, 0x30, 0x07, 0x0C, 0x03, 0xF3, 0x03,
    0xCE, 0xC0, 0xC0, 0xB0, 0x7F, 0xFC, 0x1F, 0xFB, 0x00, 0x30, 0xC0, 0x0C, 0x00, 0x1F, 0xFC, 0x07,
    0xFF, 0x00, 0x00, 0xC0, 0x00, 0x30, 0x00, 0x0C, 0x00, 0x00, 0x00, 0x00, 0x00, 0x00, 0x01, 0x83,
    0xFE, 0x60, 0x7F, 0x98, 0x03, 0x06, 0x01, 0xE1, 0x83, 0xCF, 0x60, 0xE1, 0x98, 0x01, 0xF6, 0x1F,
    0xFD, 0x83, 0xB0, 0x60, 0x0C, 0x18, 0x0F, 0x06, 0x03, 0x00, 0x00, 0xC0, 0x00, 0x3F, 0xF8, 0x0F,
    0xFE, 0x00, 0x00, 0x00, 0x00, 0x00, 0x07, 0xFB, 0x03, 0xFE, 0xC0, 0x1C, 0x30, 0x0F, 0x8C, 0x0F,
    0x7B, 0x03, 0x06, 0xC1, 0xFF, 0xF0, 0x7F, 0xFC, 0x00, 0xC3, 0x00, 0xFF, 0xC0, 0x3F, 0xF0, 0x00,
    0x0C, 0x03, 0xFF, 0x00, 0xC0, 0x00, 0x3F, 0xF8, 0x0F, 0xFE, 0x00, 0x00, 0x00, 0x00, 0x00, 0x00,
    0x03, 0x03, 0xFE, 0xC0, 0x1C, 0x30, 0x07, 0x0C, 0x07, 0xFB, 0x03, 0x8E, 0xC0, 0x00, 0xB0, 0x7F,
    0xFC, 0x1F, 0xFB, 0x00, 0x30, 0x40, 0x3F, 0xF0, 0x0F, 0xFC, 0x03, 0x03, 0x00, 0xC0, 0xC0, 0x3F,
    0xF0, 0x0F, 0xFC, 0x00, 0x00, 0x00, 0x00, 0x00, 0x07, 0xFB, 0x03, 0xFE, 0xC0, 0x0C, 0x30, 0x07,
    0x8C, 0x07, 0x7B, 0x03, 0x86, 0xC0, 0x00, 0xF0, 0x7F, 0xFC, 0x0F, 0xC3, 0x00, 0x30, 0x00, 0x2C,
    0x10, 0x0F, 0xFC, 0x03, 0xFF, 0x00, 0xC0, 0xC0, 0x3F, 0xF0, 0x0F, 0xFC, 0x00, 0x00, 0x00, 0x00,
    0x00, 0x00, 0x01, 0x83, 0xFE, 0x60, 0x7F, 0x98, 0x07, 0x06, 0x03, 0xF1, 0x83, 0xCF, 0x60, 0xC0,
    0x18, 0x7F, 0xF6, 0x1F, 0xFD, 0x80, 0x30, 0x60, 0x0D, 0x98, 0x02, 0x66, 0x00, 0x38, 0x00, 0x3F,
    0x80, 0x3C, 0x7C, 0x0E, 0x07, 0x00, 0x00, 0x00, 0x00, 0x00, 0x0F, 0xFF, 0x83, 0xFF, 0xE0, 0x03,
    0x00, 0x01, 0xE0, 0x00, 0xDC, 0x01, 0xE3, 0xE0, 0xF0, 0x38, 0x00, 0x00, 0x1F, 0xFF, 0xC7, 0xFF,
    0xF8, 0x18, 0x60, 0x06, 0x18, 0x01, 0x86, 0x00, 0x61, 0x80, 0x18, 0x60, 0x06, 0x18, 0x00, 0x00,
    0x00, 0x00, 0x00, 0x07, 0xFF, 0x03, 0xFF, 0xE0, 0x07, 0x00, 0x01, 0xE0, 0x00, 0xFC, 0x01, 0xF3,
    0xC0, 0xF0, 0x78, 0x00, 0x00, 0x1F, 0xFF, 0xC7, 0xFF, 0xF0, 0x0C, 0xC0, 0x1B, 0x30, 0x06, 0xCC,
    0x01, 0x80, 0x00, 0x7F, 0xF0, 0x1F, 0xFE, 0x00, 0x00, 0x00, 0x00, 0x00, 0x07, 0xFF, 0x03, 0xFF,
    0xE0, 0x07, 0x00, 0x03, 0xE0, 0x07, 0xDF, 0x03, 0xC1, 0xE0, 0xC7, 0x18, 0x7F, 0xFF, 0x01, 0x8C,
    0x00, 0x63, 0x00, 0x7F, 0xF0, 0x00, 0x0C, 0x07, 0xFF, 0x01, 0xFF, 0xC0, 0x60, 0x00, 0x1F, 0xFE,
    0x07, 0xFF, 0x80, 0x00, 0x00, 0x07, 0xFF, 0x03, 0xFF, 0xE0, 0x07, 0x00, 0x03, 0xE0, 0x03, 0xDE,
    0x03, 0xE3, 0xE0, 0xC0, 0x18, 0x7F, 0xFF, 0x1F, 0xFF, 0xC0, 0x63, 0x00, 0x7F, 0xF0, 0x1F, 0xFC,
    0x06, 0x03, 0x01, 0x80, 0xC0, 0x60, 0x30, 0x1F, 0xFC, 0x07, 0xFF, 0x00, 0x00, 0x00, 0x00, 0x00,
    0x00, 0x00, 0x00, 0xFF, 0xFC, 0x1F, 0xFF, 0x00, 0x30, 0x00, 0x0E, 0x00, 0x07, 0x80, 0x03, 0xB0,
    0x01, 0xC7, 0x03, 0xE0, 0xF0, 0xE0, 0x0C, 0x00, 0x00, 0x00, 0x00, 0x00, 0xFF, 0xD1, 0xFF, 0xFF,
    0x20, 0x00, 0x00, 0x00, 0x00, 0x00, 0x00, 0x07, 0xCF, 0x03, 0xFF, 0xE0, 0x07, 0x00, 0x01, 0xE0,
    0x01, 0xDC, 0x03, 0xE3, 0xE0, 0xF0, 0x38, 0x00, 0x00, 0x1F, 0xFF, 0xC2, 0x00, 0x30, 0x00, 0x00,
    0x1F, 0xFE, 0x00, 0x03, 0x80, 0x00, 0xE0, 0x00, 0x38, 0x00, 0x0E, 0x00, 0x01, 0x00, 0x00, 0x00,
    0x07, 0xFF, 0x81, 0xFF, 0xE0, 0x03, 0x00, 0x01, 0xE0, 0x01, 0xCE, 0x01, 0xE1, 0xE0, 0xF0, 0x3C,
    0x00, 0x00, 0x1F, 0xFF, 0xE7, 0xFF, 0xF8, 0x00, 0x00, 0x18, 0x00, 0x06, 0x00, 0x01, 0x80, 0x00,
    0x7F, 0xF8, 0x1F, 0xFE, 0x00, 0x00, 0x00, 0x00, 0x00, 0x07, 0xFF, 0x03, 0xFF, 0xE0, 0x07, 0x00,
    0x03, 0xE0, 0x03, 0xDF, 0x03, 0xE1, 0xE0, 0x40, 0x08, 0x7F, 0xFF, 0x0F, 0xFF, 0xC0, 0x00, 0x00,
    0x7F, 0xF8, 0x00, 0x0E, 0x07, 0xFF, 0x81, 0xFF, 0xC0, 0x60, 0x00, 0x1F, 0xFE, 0x07, 0xFF, 0x80,
    0x00, 0x00, 0x07, 0xFF, 0x03, 0xFF, 0xE0, 0x07, 0x00, 0x01, 0xE0, 0x01, 0xDC, 0x03, 0xE3, 0xE0,
    0xE0, 0x38, 0x37, 0xFF, 0x1F, 0xFF, 0xC0, 0x00, 0x00, 0x3F, 0xF0, 0x1F, 0xFE, 0x06, 0x03, 0x81,
    0x80, 0x60, 0x60, 0x18, 0x1F, 0xFE, 0x07, 0xFF, 0x00, 0x00, 0x00, 0x07, 0xFF, 0x03, 0xFF, 0xE0,
    0x07, 0x00, 0x01, 0xE0, 0x03, 0xDE, 0x03, 0xE1, 0xE0, 0x40, 0x18, 0x7F, 0xFF, 0x1F, 0xFF, 0xC0,
    0x00, 0x00, 0x60, 0x30, 0x18, 0x0E, 0x07, 0xFF, 0x81, 0x80, 0xE0, 0x60, 0x38, 0x1F, 0xFE, 0x07,
    0xFF, 0x00, 0x00, 0x00, 0x07, 0xCF, 0x03, 0xFF, 0xE0, 0x07, 0x00, 0x01, 0xE0, 0x01, 0xDC, 0x03,
    0xE3, 0xE0, 0xE0, 0x38, 0x00, 0x00, 0x1F, 0xFF, 0xC3, 0xF7, 0xF0, 0x03, 0x00, 0x00, 0xC0, 0x00,
    0x70, 0x00, 0x3E, 0x00, 0x3C, 0xE0, 0x3E, 0x1E, 0x04, 0x01, 0x00, 0x00, 0x00, 0x07, 0xCF, 0x03,
    0xFF, 0xE0, 0x07, 0x00, 0x01, 0xE0, 0x01, 0xDC, 0x03, 0xE3, 0xE0, 0xE0, 0x38, 0x03, 0xE0, 0x1F,
    0xFF, 0xC0, 0x00, 0x00, 0x0F, 0xC0, 0x0F, 0xFC, 0x07, 0x03, 0x01, 0x80, 0x60, 0x70, 0x30, 0x0F,
    0xFC, 0x00, 0xFC, 0x00, 0x00, 0x00, 0x00, 0x03, 0x03, 0xFE, 0xC0, 0xFF, 0xB0, 0x06, 0x0C, 0x01,
    0x83, 0x00, 0x60, 0xC0, 0x1C, 0x30, 0x07, 0x0C, 0x03, 0xC3, 0x00, 0xD8, 0xC0, 0x67, 0x30, 0x70,
    0xEC, 0x18, 0x0B, 0x00, 0x00, 0xC0, 0x00, 0x30, 0x00, 0x0C, 0x00, 0x00, 0x00, 0x00, 0x00, 0x00,
    0x03, 0x03, 0xFE, 0xC0, 0xFF, 0xB0, 0x06, 0x0C, 0x01, 0xC3, 0x00, 0xF0, 0xC0, 0x36, 0x30, 0x39,
    0xEC, 0x0C, 0x1B, 0x00, 0x00, 0x40, 0x3F, 0xF0, 0x1F, 0xFC, 0x00, 0x03, 0x00, 0x00, 0xC0, 0x00,
    0x30, 0x00, 0x0C, 0x00, 0x00, 0x00, 0x00, 0x00, 0x00, 0x01, 0x83, 0xFE, 0x60, 0xFF, 0x98, 0x06,
    0x06, 0x01, 0xC1, 0x80, 0x70, 0x60, 0x3E, 0x18, 0x1D, 0xC6, 0x0E, 0x39, 0x83, 0x02, 0x60, 0x10,
    0x18, 0x0C, 0x06, 0x03, 0x00, 0x00, 0xC0, 0x00, 0x3F, 0xF8, 0x0F, 0xFE, 0x00, 0x00, 0x00, 0x00,
    0x00, 0x00, 0x03, 0x03, 0xFE, 0xC0, 0xFF, 0x30, 0x06, 0x0C, 0x01, 0xC3, 0x00, 0xF0, 0xC0, 0x76,
    0x30, 0x38, 0xEC, 0x0C, 0x1B, 0x00, 0x00, 0x40, 0x3F, 0xF8, 0x0F, 0xFC, 0x03, 0x00, 0x00, 0xC0,
    0x00, 0x3F, 0xF8, 0x0F, 0xFE, 0x00, 0x00, 0x00, 0x00, 0x00, 0x00, 0x03, 0x03, 0xFE, 0xC0, 0xFF,
    0x30, 0x06, 0x0C, 0x01, 0xC3, 0x00, 0xF8, 0xC0, 0xE7, 0xB0, 0x70, 0x6C, 0x00, 0x01, 0x00, 0xFF,
    0xC0, 0x00, 0x30, 0x0F, 0xFC, 0x03, 0xFF, 0x00, 0xC0, 0x00, 0x3F, 0xF8, 0x0F, 0xFE, 0x00, 0x00,
    0x00, 0x00, 0x00, 0x00, 0x01, 0x83, 0xFE, 0x60, 0xFF, 0x98, 0x07, 0x06, 0x01, 0xC1, 0x80, 0xF8,
    0x60, 0xF7, 0x98, 0x30, 0x66, 0x00, 0x01, 0x01, 0xFF, 0xE0, 0x3F, 0xF8, 0x0F, 0xE6, 0x07, 0xF9,
    0x81, 0x86, 0x60, 0x7F, 0x98, 0x1F, 0xFE, 0x00, 0x00, 0x00, 0x00, 0x00, 0x00, 0x03, 0x03, 0xFE,
    0xC0, 0xFF, 0xB0, 0x06, 0x0C, 0x01, 0xC3, 0x00, 0xF0, 0xC0, 0x76, 0x30, 0x38, 0xEC, 0x0C, 0x1B,
    0x00, 0x00, 0x40, 0x3F, 0xF0, 0x0F, 0xFC, 0x03, 0x03, 0x00, 0xC0, 0xC0, 0x3F, 0xF0, 0x0F, 0xFC,
    0x00, 0x00, 0x00, 0x00, 0x00, 0x00, 0x03, 0x03, 0xFE, 0xC0, 0xFF, 0xB0, 0x06, 0x0C, 0x01, 0xC3,
    0x00, 0xF0, 0xC0, 0x77, 0x30, 0x38, 0xEC, 0x0C, 0x1B, 0x00, 0x80, 0x40, 0x30, 0x30, 0x0F, 0xFC,
    0x03, 0xFF, 0x00, 0xC0, 0xC0, 0x3F, 0xF0, 0x0F, 0xFC, 0x00, 0x00, 0x00, 0x00, 0x00, 0x00, 0x03,
    0x03, 0xFE, 0xC0, 0xFF, 0xB0, 0x06, 0x0C, 0x01, 0xC3, 0x00, 0xF0, 0xC0, 0x36, 0x30, 0x38, 0xEC,
    0x0C, 0x1B, 0x00, 0x00, 0xC0, 0x03, 0x30, 0x00, 0xE0, 0x00, 0x78, 0x00, 0x3B, 0x80, 0x7C, 0x78,
    0x1C, 0x06, 0x00, 0x00, 0x00, 0x00, 0x00, 0x00, 0x00, 0x00, 0x00, 0xE0, 0xFF, 0xB8, 0x3F, 0xCE,
    0x01, 0x83, 0x80, 0x70, 0xE0, 0x3C, 0x38, 0x1D, 0xCE, 0x0E, 0x3B, 0x83, 0x06, 0xE0, 0x07, 0x90,
    0x07, 0xF8, 0x03, 0x87, 0x01, 0x80, 0x60, 0x30, 0x30, 0x0F, 0xFC, 0x00, 0xFC, 0x00, 0x00, 0x00,
    0x00, 0x03, 0x03, 0xFE, 0xC0, 0xFF, 0xB0, 0x06, 0x0C, 0x01, 0xC3, 0x00, 0xF0, 0xC0, 0x76, 0x30,
    0x38, 0xEC, 0x0C, 0x1B, 0x00, 0x00, 0x40, 0x3F, 0xF8, 0x0F, 0xFC, 0x00, 0x38, 0x00, 0x3F, 0x00,
    0x3C, 0xF8, 0x1C, 0x0E, 0x00, 0x00, 0x00, 0x00, 0x00, 0x00, 0x03, 0x03, 0xFE, 0xC0, 0xFF, 0x30,
    0x06, 0x0C, 0x01, 0xC3, 0x00, 0xF8, 0xC0, 0x77, 0xB0, 0x70, 0xEC, 0x08, 0x01, 0x00, 0xFF, 0xE0,
    0x3F, 0xF0, 0x0C, 0x00, 0x03, 0xFF, 0x00, 0xC0, 0x00, 0x3F, 0xF8, 0x0F, 0xFE, 0x00, 0x00, 0x00,
    0x00, 0x00, 0x00, 0x03, 0x03, 0xFE, 0xC0, 0xFF, 0xB0, 0x06, 0x0C, 0x01, 0xC3, 0x00, 0xF8, 0xC0,
    0x77, 0x30, 0x38, 0xEC, 0x0C, 0x13, 0x00, 0xF9, 0xC0, 0x3F, 0xF8, 0x07, 0x38, 0x00, 0xCC, 0x00,
    0x33, 0x00, 0x3F, 0xF8, 0x1F, 0xFE, 0x00, 0x00, 0x00, 0x00, 0x00, 0x00, 0x03, 0x03, 0xDE, 0xC1,
    0xFF, 0xB0, 0x18, 0xCC, 0x06, 0x33, 0x01, 0x8C, 0xC0, 0x63, 0x3C, 0x1D, 0xCF, 0x07, 0x73, 0x03,
    0xDE, 0xC0, 0xDD, 0xB0, 0x67, 0x7C, 0x18, 0x8B, 0x00, 0x00, 0xC0, 0x00, 0x30, 0x00, 0x0C, 0x00,
    0x00, 0x00, 0x00, 0x00, 0x00, 0x00, 0x00, 0x00, 0xC1, 0xFF, 0xB0, 0x3D, 0xEC, 0x06, 0x63, 0x01,
    0xDC, 0xF0, 0x77, 0x30, 0x3F, 0xEC, 0x1D, 0xDF, 0x00, 0x22, 0xC0, 0x00, 0x20, 0x1F, 0xFC, 0x03,
    0xFF, 0x00, 0x00, 0xC0, 0x00, 0x30, 0x00, 0x0C, 0x00, 0x03, 0x00, 0x00, 0x00, 0x00, 0x01, 0x80,
    0x00, 0x60, 0xFF, 0xD8, 0x3F, 0xF6, 0x03, 0x31, 0x80, 0xCC, 0x78, 0x73, 0x9E, 0x1D, 0xE6, 0x0D,
    0xED, 0x86, 0x33, 0x60, 0x00, 0x18, 0x0C, 0x06, 0x03, 0x01, 0x80, 0xC0, 0x00, 0x30, 0x00, 0x0F,
    0xFE, 0x03, 0xFF, 0x80, 0x00, 0x00, 0x00, 0x03, 0x07, 0xFF, 0xC0, 0xFF, 0xB0, 0x18, 0xCF, 0x07,
    0x73, 0xC1, 0xDC, 0xC0, 0xFF, 0xF0, 0x67, 0x3C, 0x00, 0x84, 0x01, 0x0F, 0xE0, 0x67, 0xFC, 0x18,
    0x38, 0x06, 0x3F, 0x01, 0x8C, 0xC0, 0x7F, 0xB0, 0x1E, 0x7C, 0x00, 0x00, 0x00, 0x00, 0x00, 0x0F,
    0x7B, 0x07, 0xFE, 0xC0, 0x67, 0x30, 0x19, 0xCF, 0x06, 0x73, 0xC3, 0xDC, 0xC1, 0xFD, 0xB0, 0x67,
    0x3C, 0x00, 0x03, 0x01, 0xFF, 0xC0, 0x3F, 0xF0, 0x0F, 0xFC, 0x07, 0xFF, 0x01, 0x80, 0x00, 0x7F,
    0xF0, 0x1F, 0xFE, 0x00, 0x00, 0x00, 0x00, 0x00, 0x00, 0x03, 0x07, 0xFE, 0xC0, 0xFF, 0xB0, 0x18,
    0xCF, 0x07, 0x73, 0xC1, 0xDC, 0xC1, 0xFD, 0xF0, 0x67, 0x3C, 0x00, 0x01, 0x01, 0xF4, 0x40, 0x7D,
    0xB0, 0x03, 0x7C, 0x07, 0xDF, 0x01, 0x84, 0xC0, 0x6F, 0xB0, 0x1F, 0xFC, 0x00, 0x00, 0x00, 0x00,
    0x00, 0x00, 0x03, 0x03, 0xFF, 0xC0, 0xFF, 0xB0, 0x0C, 0xCC, 0x07, 0x33, 0xC1, 0xDC, 0xF0, 0xF7,
    0xB0, 0x77, 0x3C, 0x18, 0xCF, 0x00, 0x00, 0x40, 0x3F, 0xF0, 0x0F, 0xFC, 0x03, 0x03, 0x00, 0xC0,
    0xC0, 0x3F, 0xF0, 0x0F, 0xFC, 0x00, 0x00, 0x00, 0x00, 0x00, 0x00, 0x03, 0x03, 0xFF, 0xC0, 0xF7,
    0xB0, 0x0C, 0xCF, 0x07, 0x33, 0xC1, 0xDE, 0xE0, 0xFF, 0xB0, 0x77, 0x3C, 0x08, 0x83, 0x00, 0x80,
    0x40, 0x30, 0x30, 0x0F, 0xFC, 0x03, 0xFF, 0x00, 0xC0, 0xC0, 0x3F, 0xF0, 0x0F, 0xFC, 0x00, 0x00,
    0x00, 0x00, 0x00, 0x00, 0x03, 0x03, 0xFE, 0xC0, 0xFF, 0xB0, 0x08, 0xCC, 0x07, 0x33, 0xC1, 0xDC,
    0xF0, 0xF7, 0xB0, 0x77, 0x7C, 0x19, 0xCF, 0x00, 0x00, 0xC0, 0x03, 0x30, 0x00, 0xC0, 0x00, 0x78,
    0x00, 0x3F, 0x00, 0x7C, 0xF8, 0x1C, 0x0E, 0x00, 0x00, 0x00, 0x00, 0x00, 0x00, 0x03, 0x03, 0xFE,
    0xC0, 0xFF, 0xB0, 0x08, 0xCE, 0x07, 0x73, 0xC1, 0xDC, 0xE0, 0xFF, 0xB0, 0x77, 0x7C, 0x08, 0x8B,
    0x00, 0x21, 0x80, 0x18, 0x60, 0x06, 0x18, 0x01, 0xCE, 0x00, 0xF7, 0xC0, 0xE7, 0x9C, 0x30, 0xC3,
    0x00, 0x00, 0x00, 0x00, 0x00, 0x00, 0x00, 0x00, 0x00, 0xC1, 0xFF, 0xB0, 0x3D, 0xEC, 0x06, 0x63,
    0x01, 0x9C, 0xF0, 0xF7, 0x30, 0x3F, 0xEC, 0x19, 0xDF, 0x00, 0x20, 0xC0, 0x07, 0x30, 0x0F, 0xF8,
    0x07, 0x07, 0x01, 0x80, 0xC0, 0x70, 0x70, 0x0F, 0xF8, 0x00, 0xF8, 0x00, 0x00, 0x00, 0x00, 0x0D,
    0x80, 0x03, 0x61, 0xFF, 0xD8, 0x7B, 0xB6, 0x06, 0x4D, 0x81, 0xBB, 0x60, 0x6E, 0xF8, 0x1B, 0xBE,
    0x0E, 0xED, 0x83, 0xFB, 0x61, 0xBB, 0xD8, 0x66, 0xF6, 0x00, 0x0D, 0x80, 0x03, 0x60, 0x00, 0xD8,
    0x00, 0x06, 0x00, 0x00, 0x00, 0x00, 0x00, 0x00, 0x0D, 0x87, 0xFF, 0x61, 0xFF, 0xD8, 0x19, 0x36,
    0x06, 0xEF, 0x83, 0xBB, 0xE0, 0xEE, 0xD8, 0x6E, 0xF6, 0x1B, 0xBD, 0x80, 0x03, 0x60, 0x3F, 0xF8,
    0x1F, 0xFE, 0x00, 0x01, 0x80, 0x00, 0x60, 0x00, 0x18, 0x00, 0x06, 0x00, 0x00, 0x00, 0x00, 0x00,
    0x00, 0x0D, 0x87, 0xFF, 0x61, 0xFF, 0xD8, 0x19, 0x36, 0x06, 0xED, 0x81, 0xBB, 0xE0, 0xEE, 0xF8,
    0x3F, 0xF6, 0x1B, 0xBD, 0x80, 0x43, 0x60, 0x20, 0xD8, 0x0C, 0x36, 0x03, 0x00, 0x00, 0xC0, 0x00,
    0x3F, 0xFC, 0x0F, 0xFF, 0x00, 0x00, 0x00, 0x00, 0x00, 0x00, 0x0D, 0x87, 0xFF, 0x61, 0xFF, 0xD8,
    0x19, 0x3E, 0x06, 0xEF, 0x83, 0xBB, 0x61, 0xFF, 0xD8, 0x6E, 0xF6, 0x00, 0x0C, 0x80, 0xFF, 0xE0,
    0x3F, 0xF8, 0x00, 0x06, 0x03, 0xFF, 0x80, 0xC0, 0x00, 0x3F, 0xFC, 0x0F, 0xFF, 0x00, 0x00, 0x00,
    0x00, 0x00, 0x00, 0x0D, 0x87, 0xFF, 0x61, 0xFF, 0xD8, 0x19, 0x36, 0x06, 0xEF, 0x83, 0xBB, 0xE0,
    0xFE, 0xD8, 0x6E, 0xF6, 0x19, 0x9D, 0x80, 0x01, 0x20, 0x3F, 0xF8, 0x0F, 0xFE, 0x03, 0x01, 0x80,
    0xC0, 0x60, 0x3F, 0xF8, 0x0F, 0xFE, 0x00, 0x00, 0x00, 0x00, 0x00, 0x00, 0x0D, 0x87, 0xFF, 0x61,
    0xFF, 0xD8, 0x19, 0x36, 0x06, 0xEF, 0x83, 0xBB, 0x60, 0xFF, 0xD8, 0x6E, 0xF6, 0x01, 0x0D, 0x80,
    0x00, 0x00, 0x30, 0x18, 0x0F, 0xFE, 0x03, 0xFF, 0x80, 0xC0, 0x60, 0x3F, 0xF8, 0x0F, 0xFE, 0x00,
    0x00, 0x00, 0x00, 0x00, 0x00, 0x0D, 0x87, 0xFF, 0x61, 0xFE, 0xD8, 0x19, 0x36, 0x06, 0xEF, 0x83,
    0xBB, 0xE0, 0xEE, 0xD8, 0x6E, 0xF6, 0x19, 0xBD, 0x80, 0x03, 0x60, 0x03, 0x18, 0x00, 0xE0, 0x00,
    0x78, 0x00, 0x3B, 0x80, 0x7C, 0x7C, 0x1C, 0x07, 0x00, 0x00, 0x00, 0x00, 0x00, 0x00, 0x0D, 0x87,
    0xFF, 0x61, 0xFF, 0xD8, 0x19, 0x36, 0x06, 0xEF, 0x83, 0xBB, 0xE0, 0xFE, 0xD8, 0x6E, 0xF6, 0x19,
    0x9D, 0x80, 0x01, 0x60, 0x18, 0x60, 0x06, 0x18, 0x01, 0xC7, 0x00, 0xF3, 0xE0, 0xE7, 0x9C, 0x30,
    0xC3, 0x00, 0x00, 0x00, 0x00, 0x00, 0x00, 0x0D, 0x87, 0xFF, 0x61, 0xFF, 0xD8, 0x19, 0x36, 0x06,
    0xEF, 0x83, 0xBB, 0xE0, 0xEE, 0xD8, 0x6E, 0xF6, 0x19, 0xBD, 0x80, 0x01, 0x60, 0x0F, 0xE0, 0x0F,
    0xFE, 0x03, 0x01, 0x80, 0xC0, 0x60, 0x3E, 0xF8, 0x07, 0xFC, 0x00, 0x00, 0x00, 0x00, 0x00, 0x00,
    0x03, 0x03, 0xDE, 0xC1, 0xFF, 0xB0, 0x18, 0xCC, 0x06, 0x33, 0xC1, 0x8C, 0xF0, 0x63, 0x30, 0x1D,
    0xCC, 0x07, 0x73, 0x03, 0xDE, 0xF0, 0xDD, 0xBC, 0x67, 0x7C, 0x18, 0x8B, 0x00, 0x00, 0xC0, 0x00,
    0x30, 0x00, 0x0C, 0x00, 0x00, 0x00, 0x00, 0x00, 0x00, 0x01, 0x00, 0x00, 0x60, 0xFF, 0xD8, 0x3F,
    0xF7, 0x03, 0x31, 0xE0, 0xCC, 0x60, 0x73, 0x98, 0x1D, 0xE7, 0x8D, 0xED, 0xE6, 0x33, 0x60, 0x00,
    0x18, 0x0C, 0x06, 0x03, 0x01, 0x80, 0xC0, 0x00, 0x30, 0x00, 0x0F, 0xFE, 0x03, 0xFF, 0x80, 0x00,
    0x00, 0x00, 0x03, 0x07, 0xFE, 0xC1, 0xFF, 0xBC, 0x18, 0x8F, 0x06, 0x73, 0x01, 0xDC, 0xC0, 0xF7,
    0xBC, 0x77, 0x7F, 0x19, 0x8F, 0x00, 0x00, 0xC0, 0x1F, 0xE0, 0x0F, 0xFC, 0x06, 0x03, 0x01, 0x80,
    0xC0, 0x3F, 0xF0, 0x07, 0xF8, 0x00, 0x00, 0x00, 0x00, 0x00, 0x00, 0x01, 0x83, 0xFE, 0x61, 0xFF,
    0x98, 0x18, 0xC6, 0x06, 0x31, 0x81, 0x8D, 0xE0, 0x63, 0xF8, 0x1D, 0xC6, 0x07, 0x71, 0x83, 0xDE,
    0x60, 0xDD, 0x98, 0x67, 0x76, 0x18, 0x8D, 0x80, 0x00, 0x60, 0x00, 0x18, 0x00, 0x06, 0x00, 0x00,
    0x00, 0x00, 0x00, 0x00, 0x00, 0x00, 0x00, 0xE1, 0xFF, 0xB8, 0x3D, 0xE6, 0x06, 0x67, 0x81, 0xDF,
    0xE0, 0x77, 0x38, 0x3F, 0xEE, 0x19, 0xDD, 0x80, 0x20, 0x60, 0x00, 0x10, 0x1F, 0xFC, 0x03, 0xFF,
    0x80, 0x00, 0x60, 0x00, 0x38, 0x00, 0x0E, 0x00, 0x01, 0x00, 0x00, 0x00, 0x00, 0x01, 0x83, 0xFE,
    0x60, 0xFF, 0xD8, 0x18, 0xC6, 0x07, 0x37, 0x81, 0xDD, 0xE0, 0x77, 0x18, 0x3F, 0xE6, 0x1D, 0xCD,
    0x82, 0x20, 0x60, 0x20, 0x18, 0x0C, 0x06, 0x03, 0x00, 0x00, 0xC0, 0x00, 0x3F, 0xF8, 0x0F, 0xFE,
    0x00, 0x00, 0x00, 0x00, 0x00, 0x00, 0x00, 0x03, 0xFE, 0xE1, 0xFF, 0xB8, 0x19, 0x86, 0x06, 0x6F,
    0x81, 0xDD, 0xE0, 0xF7, 0x18, 0x77, 0x7E, 0x19, 0x89, 0x00, 0xFF, 0xC0, 0x7F, 0xF8, 0x00, 0x06,
    0x03, 0xFF, 0x81, 0xFF, 0xC0, 0x60, 0x00, 0x1F, 0xFE, 0x03, 0xFF, 0x80, 0x00, 0x00, 0x00, 0x01,
    0x87, 0xFF, 0x60, 0xF7, 0x98, 0x18, 0x86, 0x06, 0x77, 0x81, 0xDC, 0x60, 0xF7, 0x98, 0x77, 0x76,
    0x19, 0x8D, 0x80, 0x00, 0x60, 0x3F, 0xF8, 0x0F, 0xFE, 0x03, 0x01, 0x80, 0xC0, 0x60, 0x3F, 0xF8,
    0x0F, 0xFE, 0x00, 0x00, 0x00, 0x00, 0x00, 0x00, 0x01, 0x87, 0xFF, 0x60, 0xF7, 0x98, 0x1C, 0xDE,
    0x07, 0x77, 0x81, 0xDC, 0x60, 0xFF, 0x98, 0x77, 0x36, 0x08, 0x81, 0x80, 0x00, 0x00, 0x30, 0x18,
    0x0F, 0xFE, 0x03, 0xFF, 0x80, 0xC0, 0x60, 0x3F, 0xF8, 0x0F, 0xFE, 0x00, 0x00, 0x00, 0x00, 0x00,
    0x00, 0x01, 0x83, 0xFF, 0x60, 0xFF, 0x98, 0x08, 0xC6, 0x07, 0x37, 0x81, 0xDD, 0xE0, 0x77, 0x98,
    0x37, 0x76, 0x19, 0xCD, 0x80, 0x00, 0x60, 0x03, 0x18, 0x00, 0xE0, 0x00, 0x78, 0x00, 0x3B, 0x80,
    0x7C, 0x78, 0x1C, 0x0E, 0x00, 0x00, 0x00, 0x00, 0x00, 0x00, 0x01, 0x83, 0xFF, 0x60, 0xFF, 0x98,
    0x08, 0xC6, 0x07, 0x77, 0x81, 0xDC, 0x60, 0xFF, 0x98, 0x77, 0x76, 0x18, 0xCD, 0x80, 0x00, 0x60,
    0x18, 0x60, 0x06, 0x18, 0x01, 0xCF, 0x00, 0xF3, 0xE0, 0xE7, 0x9C, 0x30, 0xC3, 0x00, 0x00, 0x00,
    0x00, 0x00, 0x00, 0x00, 0x00, 0x00, 0x61, 0xFF, 0x98, 0x3D, 0xE6, 0x06, 0x67, 0x81, 0xDF, 0xE0,
    0x77, 0x18, 0x3F, 0xE6, 0x1D, 0xDD, 0x80, 0x20, 0x60, 0x07, 0x10, 0x07, 0xF8, 0x03, 0x87, 0x01,
    0xC0, 0x60, 0x30, 0x30, 0x0F, 0xFC, 0x00, 0xFC, 0x00, 0x00, 0x00, 0x00, 0x0D, 0x80, 0x03, 0x61,
    0xFF, 0xD8, 0x7B, 0xF6, 0x06, 0x4D, 0x81, 0xBF, 0x60, 0x6F, 0xD8, 0x1B, 0xB6, 0x0E, 0xED, 0x83,
    0xFB, 0x61, 0xBB, 0xD8, 0x66, 0xF6, 0x00, 0x0D, 0x80, 0x03, 0x60, 0x00, 0xD8, 0x00, 0x06, 0x00,
    0x00, 0x00, 0x00, 0x00, 0x00, 0x05, 0x87, 0xFF, 0x60, 0xFF, 0x58, 0x19, 0xB6, 0x06, 0x7D, 0x81,
    0xBB, 0x60, 0xFE, 0x58, 0x6E, 0xF6, 0x19, 0x9D, 0x80, 0x01, 0x60, 0x0F, 0xF0, 0x0F, 0xFE, 0x03,
    0x01, 0x80, 0xC0, 0x60, 0x3C, 0x78, 0x07, 0xFC, 0x00, 0x00, 0x00, 0x00, 0x00, 0x00, 0x01, 0x83,
    0xFE, 0x61, 0xFF, 0x98, 0x18, 0xC6, 0x06, 0x37, 0x81, 0x8D, 0xE0, 0x63, 0x18, 0x1D, 0xDE, 0x07,
    0x77, 0x83, 0xDE, 0x60, 0xDD, 0x98, 0x67, 0x76, 0x18, 0x8D, 0x80, 0x00, 0x60, 0x00, 0x18, 0x00,
    0x06, 0x00, 0x00, 0x00, 0x00, 0x00, 0x00, 0x01, 0x83, 0xFF, 0x60, 0xF7, 0xD8, 0x08, 0xDE, 0x07,
    0x71, 0x81, 0xDD, 0xE0, 0xF7, 0xF8, 0x77, 0x76, 0x18, 0xCD, 0x80, 0x00, 0x60, 0x18, 0x60, 0x06,
    0x18, 0x01, 0xCF, 0x00, 0xF3, 0xE0, 0xE7, 0x9C, 0x30, 0xC3, 0x00, 0x00, 0x00, 0x00, 0x00, 0x00,
    0x00, 0x03, 0xFF, 0xF0, 0xFF, 0xFC, 0x06, 0x1C, 0x01, 0x87, 0x00, 0xE1, 0xC0, 0x3C, 0xF8, 0x1B,
    0xF6, 0x0C, 0x78, 0xE2, 0x0C, 0x10, 0x03, 0x00, 0x00, 0xC0, 0x00, 0x30, 0x07, 0xFF, 0xF9, 0xFF,
    0xFE, 0x00, 0x00, 0x00, 0x00, 0x00, 0x00, 0x00, 0x07, 0xCF, 0x83, 0xFF, 0xF0, 0x38, 0x60, 0x0E,
    0x38, 0x07, 0xFF, 0x03, 0x9E, 0x70, 0x83, 0x08, 0x00, 0xC0, 0x1F, 0xFF, 0xC3, 0xFF, 0xF0, 0x00,
    0x00, 0x1F, 0xFE, 0x07, 0xFF, 0x80, 0x00, 0x60, 0x00, 0x18, 0x00, 0x06, 0x00, 0x01, 0x80, 0x00,
    0x00, 0x0F, 0xFF, 0xC3, 0xFF, 0xF0, 0x18, 0x70, 0x0F, 0x1C, 0x07, 0xFF, 0x83, 0x9E, 0x70, 0xC3,
    0x04, 0x00, 0xC0, 0x1F, 0xFF, 0xE7, 0xFF, 0xF8, 0x00, 0x00, 0x18, 0x00, 0x06, 0x00, 0x01, 0x80,
    0x00, 0x7F, 0xF8, 0x1F, 0xFE, 0x00, 0x00, 0x00, 0x00, 0x00, 0x0F, 0xFF, 0x83, 0xFF, 0xE0, 0x30,
    0xE0, 0x1F, 0x78, 0x0E, 0xFB, 0x83, 0x18, 0x60, 0x03, 0x00, 0x7F, 0xFF, 0x0F, 0xFF, 0xC1, 0xFF,
    0x80, 0x7F, 0xF0, 0x00, 0x0C, 0x07, 0xFF, 0x01, 0x80, 0x00, 0x7F, 0xF0, 0x1F, 0xFC, 0x00, 0x00,
    0x00, 0x00, 0x00, 0x0F, 0xDF, 0x83, 0xFF, 0xE0, 0x30, 0x60, 0x0E, 0x38, 0x07, 0xDF, 0x03, 0xBE,
    0xF0, 0x83, 0x08, 0x00, 0xC0, 0x1F, 0xFF, 0xC3, 0xFF, 0xF0, 0x00, 0x00, 0x1F, 0xFC, 0x06, 0x03,
    0x01, 0x80, 0xC0, 0x60, 0x30, 0x1F, 0xFC, 0x07, 0xFF, 0x00, 0x00, 0x00, 0x0F, 0xFF, 0x83, 0xFF,
    0xE0, 0x30, 0xC0, 0x1E, 0x38, 0x0E, 0xFB, 0x03, 0x1C, 0xE0, 0x02, 0x00, 0x7F, 0xFF, 0x1F, 0xFF,
    0xC0, 0x00, 0x00, 0x60, 0x30, 0x1F, 0xFC, 0x07, 0xFF, 0x01, 0x80, 0xC0, 0x7F, 0xF0, 0x1F, 0xFC,
    0x00, 0x00, 0x00, 0x00, 0x00, 0x07, 0xDF, 0x83, 0xFF, 0xE0, 0x38, 0x60, 0x0E, 0x38, 0x07, 0xDF,
    0x03, 0x9E, 0x70, 0x83, 0x08, 0x00, 0xC0, 0x1F, 0xFF, 0xC3, 0xFF, 0xF0, 0x03, 0x00, 0x00, 0xC0,
    0x00, 0x70, 0x00, 0x3F, 0x00, 0x7C, 0xF0, 0x3C, 0x1E, 0x00, 0x00, 0x00, 0x00, 0x00, 0x07, 0xCF,
    0x03, 0xFF, 0xE0, 0x30, 0x60, 0x0E, 0x38, 0x07, 0xDF, 0x03, 0xBE, 0xF0, 0x83, 0x08, 0x00, 0xC0,
    0x1F, 0xFF, 0xC3, 0xFF, 0xF0, 0x00, 0x00, 0x0F, 0xF8, 0x07, 0x8F, 0x01, 0x80, 0xC0, 0x60, 0x30,
    0x0F, 0xF8, 0x01, 0xFC, 0x00, 0x00, 0x00, 0x0F, 0xFF, 0x83, 0xFF, 0xE0, 0x38, 0x60, 0x0F, 0x3C,
    0x0E, 0xFB, 0x83, 0x1C, 0x70, 0x03, 0x00, 0x7F, 0xFF, 0x1F, 0xFF, 0xC0, 0x0C, 0x00, 0x03, 0x00,
    0x1F, 0xFC, 0x00, 0x70, 0x00, 0x1E, 0x00, 0x3D, 0xE0, 0x1E, 0x1E, 0x04, 0x01, 0x00, 0x00, 0x00,
    0x00, 0x03, 0x03, 0xDE, 0xC1, 0xFF, 0xB0, 0x18, 0xCC, 0x06, 0x33, 0x01, 0xDC, 0xC0, 0xFF, 0xBC,
    0x77, 0x7F, 0x19, 0x8F, 0x00, 0x30, 0xC0, 0x0C, 0x30, 0x7F, 0xFC, 0x1F, 0xFB, 0x00, 0x00, 0xC0,
    0x00, 0x30, 0x00, 0x0C, 0x00, 0x00, 0x00, 0x00, 0x00, 0x0F, 0x7B, 0x03, 0xFE, 0xC0, 0x37, 0x30,
    0x1D, 0xCC, 0x07, 0xFB, 0xC3, 0x77, 0xF0, 0x88, 0xF0, 0x03, 0x0C, 0x1F, 0xFF, 0x07, 0xFE, 0xC0,
    0x00, 0x10, 0x1F, 0xFC, 0x03, 0xFB, 0x00, 0x00, 0xC0, 0x00, 0x30, 0x00, 0x0C, 0x00, 0x00, 0x00,
    0x00, 0x00, 0x0F, 0x7B, 0x03, 0xFE, 0xC0, 0x73, 0x30, 0x1D, 0xCE, 0x0F, 0xFF, 0xC7, 0x73, 0xE0,
    0x0C, 0x30, 0x7F, 0xFC, 0x1F, 0xC3, 0x01, 0xFF, 0xC0, 0x7F, 0xF0, 0x00, 0x0C, 0x07, 0xFF, 0x01,
    0x80, 0x00, 0x7F, 0xF8, 0x1F, 0xFE, 0x00, 0x00, 0x00, 0x00, 0x00, 0x0F, 0x7B, 0x03, 0xFE, 0xC0,
    0x33, 0x30, 0x1D, 0xCC, 0x07, 0xFB, 0xC7, 0x77, 0xF0, 0x88, 0xB0, 0x03, 0x0C, 0x1F, 0xFF, 0x07,
    0xFC, 0xC0, 0x18, 0x60, 0x06, 0x38, 0x03, 0x8E, 0x01, 0xF7, 0xC0, 0xEF, 0xB8, 0x31, 0xC2, 0x00,
    0x00, 0x00, 0x00, 0x00, 0x00, 0x0D, 0x87, 0xFF, 0x61, 0xFF, 0xD8, 0x1B, 0x36, 0x06, 0xED, 0x83,
    0xBB, 0x60, 0xFE, 0xF8, 0x6E, 0xFE, 0x11, 0x0D, 0x80, 0x63, 0x60, 0x18, 0xD8, 0x7F, 0xF6, 0x1F,
    0xED, 0x80, 0x03, 0x60, 0x00, 0xD8, 0x00, 0x06, 0x00, 0x00, 0x00, 0x00, 0x00, 0x00, 0x0D, 0x87,
    0xFF, 0x60, 0xFE, 0xD8, 0x1B, 0xB6, 0x0F, 0xEF, 0x86, 0xEF, 0xE1, 0x10, 0xD8, 0x0F, 0xB6, 0x1F,
    0xFD, 0x83, 0x83, 0x60, 0x18, 0x60, 0x06, 0x18, 0x03, 0x8E, 0x00, 0xF3, 0xC0, 0xE7, 0x9C, 0x30,
    0xC3, 0x00, 0x00, 0x00, 0x00, 0x00, 0x00, 0x01, 0x83, 0xDE, 0x60, 0xFF, 0xD8, 0x1C, 0xC6, 0x07,
    0x31, 0x81, 0xCC, 0x60, 0xF7, 0x98, 0x77, 0x76, 0x18, 0xCD, 0x80, 0x30, 0x60, 0x0C, 0x18, 0x7F,
    0xF6, 0x1F, 0xFD, 0x80, 0x00, 0x60, 0x00, 0x18, 0x00, 0x06, 0x00, 0x00, 0x00, 0x00, 0x00, 0x00,
    0x00, 0x83, 0xFF, 0x60, 0xFF, 0xD8, 0x0C, 0xC6, 0x03, 0x39, 0x81, 0xFE, 0x60, 0xDE, 0xF8, 0x23,
    0x16, 0x00, 0xC1, 0x87, 0xFF, 0xE1, 0xFF, 0xD8, 0x00, 0x06, 0x03, 0x01, 0x80, 0xC0, 0x00, 0x30,
    0x00, 0x0F, 0xFF, 0x03, 0xFF, 0x80, 0x00, 0x00, 0x0F, 0xFD, 0x83, 0xFF, 0x60, 0x33, 0x18, 0x1C,
    0xE6, 0x0F, 0xFD, 0x83, 0x33, 0x60, 0x0C, 0x18, 0x7F, 0xF6, 0x1F, 0xC1, 0x80, 0xFF, 0xC0, 0x3F,
    0xF8, 0x00, 0x06, 0x03, 0xFF, 0x80, 0xC0, 0x00, 0x3F, 0xF8, 0x0F, 0xFE, 0x00, 0x00, 0x00, 0x00,
    0x00, 0x00, 0x01, 0x83, 0xFF, 0x60, 0x73, 0x18, 0x1C, 0xC6, 0x07, 0xF9, 0x83, 0x7B, 0x60, 0x8C,
    0x58, 0x03, 0xF6, 0x1F, 0xFD, 0x83, 0x00, 0x60, 0x3F, 0xF8, 0x0F, 0xFE, 0x03, 0x01, 0x80, 0xC0,
    0x60, 0x3F, 0xF8, 0x0F, 0xFE, 0x00, 0x00, 0x00, 0x00, 0x00, 0x04, 0x0B, 0x03, 0xFF, 0xC0, 0x33,
    0x30, 0x1C, 0xCC, 0x0F, 0xFB, 0x03, 0x33, 0xC0, 0x0C, 0x30, 0x7F, 0xFC, 0x1F, 0xFF, 0x00, 0x00,
    0x00, 0x30, 0x30, 0x0F, 0xFC, 0x03, 0xFF, 0x00, 0xC0, 0xC0, 0x3F, 0xF0, 0x0F, 0xFC, 0x00, 0x00,
    0x00, 0x00, 0x00, 0x07, 0xCF, 0x03, 0xFF, 0xE0, 0x30, 0x60, 0x0E, 0x38, 0x07, 0xDF, 0x03, 0x3E,
    0x60, 0x9A, 0xC8, 0x06, 0x30, 0x1F, 0xFF, 0xC7, 0xFF, 0xF0, 0x00, 0x00, 0x0F, 0xF8, 0x07, 0x8F,
    0x01, 0x80, 0xC0, 0x60, 0x30, 0x0F, 0xF8, 0x01, 0xFC, 0x00, 0x00, 0x00, 0x0F, 0xFF, 0xC3, 0xFF,
    0xF0, 0x18, 0x60, 0x0E, 0x1C, 0x03, 0xCF, 0x03, 0xBF, 0x70, 0xC7, 0x8C, 0x00, 0x00, 0x1F, 0xFF,
    0xE7, 0xFF, 0xF8, 0x03, 0x00, 0x00, 0xC0, 0x00, 0x30, 0x00, 0x0C, 0x00, 0x03, 0x00, 0x00, 0xC0,
    0x00, 0x00, 0x00, 0x00, 0x00, 0x04, 0x00, 0x03, 0xFF, 0xF0, 0x38, 0x60, 0x0E, 0x18, 0x07, 0xCF,
    0x03, 0xBE, 0x70, 0xC7, 0x0C, 0x3F, 0xFF, 0x1F, 0xFF, 0xC0, 0x0C, 0x00, 0x03, 0x00, 0x1F, 0xFE,
    0x07, 0xFF, 0x80, 0x00, 0x60, 0x00, 0x18, 0x00, 0x06, 0x00, 0x01, 0x80, 0x00, 0x00, 0x07, 0xCF,
    0x83, 0xFF, 0xF0, 0x38, 0x60, 0x0E, 0x18, 0x03, 0xCF, 0x03, 0xBF, 0x70, 0xC7, 0x9C, 0x00, 0x00,
    0x0F, 0xFF, 0xE3, 0xFF, 0xF8, 0x03, 0x00, 0x08, 0xC0, 0x06, 0x30, 0x01, 0x80, 0x00, 0x60, 0x00,
    0x1F, 0xFE, 0x03, 0xFF, 0x80, 0x00, 0x00, 0x0F, 0xDF, 0x83, 0xFF, 0xE0, 0x30, 0x60, 0x0E, 0x3C,
    0x0E, 0xFB, 0x83, 0x1C, 0x60, 0xB2, 0x68, 0x7F, 0xFF, 0x00, 0x30, 0x00, 0x0C, 0x00, 0x7F, 0xF0,
    0x00, 0x0C, 0x07, 0xFF, 0x01, 0xFF, 0xC0, 0x60, 0x00, 0x1F, 0xFE, 0x07, 0xFF, 0x80, 0x00, 0x00,
    0x0F, 0xDF, 0x83, 0xFF, 0xE0, 0x30, 0x60, 0x0E, 0x38, 0x07, 0xCF, 0x03, 0xBE, 0xF0, 0x87, 0x08,
    0x3F, 0xFF, 0x1F, 0xFF, 0xC0, 0x0C, 0x00, 0x03, 0x00, 0x1F, 0xFC, 0x07, 0xFF, 0x01, 0x80, 0xC0,
    0x60, 0x30, 0x1F, 0xFC, 0x07, 0xFF, 0x00, 0x00, 0x00, 0x07, 0xCF, 0x83, 0xFF, 0xF0, 0x38, 0x60,
    0x0E, 0x1C, 0x07, 0xCF, 0x83, 0xBE, 0x70, 0x83, 0x0C, 0x7F, 0xFF, 0x9F, 0xFF, 0xE0, 0x0C, 0x00,
    0x63, 0x18, 0x18, 0x06, 0x07, 0xFF, 0x81, 0x80, 0x60, 0x60, 0x18, 0x1F, 0xFE, 0x07, 0xFF, 0x80,
    0x00, 0x00, 0x0F, 0xDF, 0x83, 0xFF, 0xE0, 0x30, 0x60, 0x0E, 0x38, 0x07, 0xCF, 0x03, 0xBE, 0xE0,
    0xC7, 0x18, 0x2E, 0xFF, 0x1F, 0xFF, 0xC0, 0x0C, 0x00, 0x03, 0x00, 0x0F, 0xF8, 0x07, 0x8F, 0x01,
    0x80, 0xC0, 0x60, 0x30, 0x0F, 0xF8, 0x01, 0xFC, 0x00, 0x00, 0x00, 0x00, 0x01, 0x83, 0xFF, 0x60,
    0xFF, 0xD8, 0x08, 0xC6, 0x07, 0x31, 0x83, 0xDE, 0x61, 0xDE, 0xD8, 0x23, 0x16, 0x03, 0x7D, 0x87,
    0xFF, 0x60, 0x9C, 0x18, 0x03, 0x7E, 0x00, 0xCF, 0x80, 0x30, 0x60, 0x0C, 0x18, 0x02, 0x06, 0x00,
    0x00, 0x00, 0x00, 0x00, 0x0F, 0xF9, 0x83, 0xFF, 0x60, 0x33, 0x18, 0x1C, 0xC6, 0x0F, 0xFD, 0x82,
    0x73, 0x60, 0xFF, 0xD8, 0x7F, 0xF6, 0x01, 0x8F, 0x80, 0x73, 0xE0, 0x18, 0x40, 0x06, 0x18, 0x03,
    0x8E, 0x01, 0xF3, 0xC0, 0xE7, 0x9C, 0x30, 0xC3, 0x00, 0x00, 0x00, 0x00, 0x00, 0x0F, 0x79, 0x83,
    0xFF, 0x60, 0x33, 0x18, 0x1C, 0xE6, 0x0F, 0xFD, 0x83, 0x33, 0x60, 0xFF, 0xD8, 0x7F, 0xF6, 0x01,
    0xCF, 0x80, 0x73, 0xE0, 0x0F, 0x98, 0x07, 0xFC, 0x03, 0x83, 0x80, 0xC0, 0x60, 0x3C, 0x78, 0x07,
    0xFC, 0x00, 0x00, 0x00, 0x00, 0x00, 0x00, 0x01, 0x83, 0xFF, 0x60, 0xFF, 0xD8, 0x08, 0xC6, 0x07,
    0x31, 0x83, 0xDE, 0x61, 0xDE, 0xD8, 0x23, 0x16, 0x00, 0x3D, 0x87, 0xFF, 0xE0, 0xFC, 0x18, 0x03,
    0x06, 0x00, 0xC1, 0x80, 0x30, 0x60, 0x0C, 0x18, 0x02, 0x06, 0x00, 0x00, 0x00, 0x00, 0x00, 0x0F,
    0xFF, 0xC3, 0xFF, 0xF0, 0x18, 0x60, 0x0E, 0x18, 0x07, 0xCF, 0x03, 0xBF, 0xF0, 0xC7, 0x9C, 0x00,
    0x00, 0x1F, 0xFF, 0xE7, 0xFF, 0xF8, 0x18, 0x60, 0x06, 0x18, 0x01, 0x86, 0x00, 0x61, 0x80, 0x18,
    0x60, 0x06, 0x18, 0x00, 0x00, 0x00, 0x00, 0x00, 0x00, 0x00, 0x03, 0xF3, 0xF0, 0xFF, 0xFC, 0x0E,
    0x1C, 0x01, 0x86, 0x00, 0xE1, 0xC0, 0x38, 0x70, 0x1F, 0x3E, 0x0E, 0xFD, 0xC3, 0x1E, 0x30, 0x03,
    0x04, 0x00, 0x00, 0x00, 0x00, 0x07, 0xFF, 0xF9, 0xFF, 0xFE, 0x00, 0x00, 0x00, 0x00, 0x00, 0x00,
    0x00, 0x07, 0xDF, 0x83, 0xFF, 0xE0, 0x38, 0x60, 0x0E, 0x18, 0x07, 0xCF, 0x03, 0xBE, 0xF0, 0xC7,
    0x0C, 0x00, 0x00, 0x1F, 0xFF, 0xC2, 0x00, 0x00, 0x3F, 0xF0, 0x1F, 0xFE, 0x06, 0x03, 0x81, 0x80,
    0x60, 0x60, 0x18, 0x1F, 0xFE, 0x07, 0xFF, 0x00, 0x00, 0x00, 0x07, 0xCF, 0x83, 0xFF, 0xE0, 0x38,
    0x60, 0x0E, 0x18, 0x07, 0xCF, 0x03, 0xBE, 0xF0, 0xC7, 0x0C, 0x00, 0x00, 0x1F, 0xFF, 0xC3, 0xF7,
    0xF0, 0x03, 0x00, 0x00, 0xC0, 0x00, 0x70, 0x00, 0x3E, 0x00, 0x3C, 0xE0, 0x3E, 0x1E, 0x04, 0x01,
    0x00, 0x00, 0x00, 0x07, 0xDF, 0x83, 0xFF, 0xE0, 0x38, 0x60, 0x0E, 0x18, 0x07, 0xCF, 0x03, 0xBE,
    0xF0, 0xC7, 0x0C, 0x00, 0x00, 0x1F, 0xFF, 0xC3, 0xFF, 0xF0, 0x00, 0x00, 0x0F, 0xF8, 0x07, 0x87,
    0x01, 0x80, 0xE0, 0x70, 0x30, 0x0F, 0xFC, 0x00, 0xFC, 0x00, 0x00, 0x00, 0x00, 0x01, 0x83, 0xDF,
    0x60, 0xFF, 0xD8, 0x1C, 0xC6, 0x07, 0x31, 0x81, 0xCC, 0x60, 0x73, 0x18, 0x1C, 0xC6, 0x07, 0x39,
    0x81, 0xDE, 0x60, 0xDE, 0xD8, 0x77, 0x36, 0x08, 0xC5, 0x80, 0x00, 0x60, 0x00, 0x18, 0x00, 0x06,
    0x00, 0x00, 0x00, 0x00, 0x00, 0x00, 0x01, 0x83, 0xFF, 0x60, 0xF7, 0xD8, 0x08, 0xC6, 0x07, 0x31,
    0x81, 0xCE, 0x60, 0xF7, 0x98, 0x77, 0xB6, 0x18, 0xCD, 0x80, 0x00, 0x60, 0x3F, 0xF8, 0x1F, 0xFE,
    0x00, 0x01, 0x80, 0x00, 0x60, 0x00, 0x18, 0x00, 0x06, 0x00, 0x00, 0x00, 0x00, 0x00, 0x00, 0x01,
    0x87, 0xFF, 0x61, 0xFF, 0xD8, 0x18, 0xC6, 0x06, 0x31, 0x81, 0xCC, 0x60, 0x77, 0x98, 0x3F, 0xF6,
    0x19, 0xCD, 0x80, 0x21, 0x60, 0x00, 0x18, 0x0C, 0x06, 0x03, 0x00, 0x00, 0xC0, 0x00, 0x3F, 0xF8,
    0x0F, 0xFE, 0x00, 0x00, 0x00, 0x00, 0x00, 0x00, 0x01, 0x87, 0xFF, 0x60, 0x73, 0x18, 0x18, 0xC6,
    0x07, 0x31, 0x83, 0xDE, 0x61, 0xDF, 0xD8, 0x67, 0x36, 0x00, 0x01, 0x80, 0xFF, 0xE0, 0x3F, 0xF8,
    0x0F, 0xFE, 0x03, 0xFF, 0x80, 0xC0, 0x00, 0x3F, 0xF8, 0x0F, 0xFE, 0x00, 0x00, 0x00, 0x00, 0x00,
    0x00, 0x01, 0x87, 0xFF, 0x60, 0xF7, 0xD8, 0x18, 0xC6, 0x07, 0x31, 0x81, 0xDE, 0x60, 0xFF, 0x98,
    0x77, 0x36, 0x18, 0x85, 0x80, 0x00, 0x40, 0x3F, 0xF8, 0x0F, 0xFE, 0x03, 0x01, 0x80, 0xC0, 0x60,
    0x3F, 0xF8, 0x0F, 0xFE, 0x00, 0x00, 0x00, 0x00, 0x00, 0x00, 0x03, 0x07, 0xFF, 0xC0, 0xF7, 0xB0,
    0x18, 0xCC, 0x07, 0x33, 0x03, 0xDE, 0xC0, 0xFF, 0xB0, 0x67, 0x3C, 0x00, 0x83, 0x00, 0x00, 0x00,
    0x30, 0x30, 0x0F, 0xFC, 0x03, 0xFF, 0x00, 0xC0, 0xC0, 0x3F, 0xF0, 0x0F, 0xFC, 0x00, 0x00, 0x00,
    0x00, 0x00, 0x00, 0x01, 0x83, 0xFF, 0x60, 0xFF, 0xD8, 0x0C, 0xC6, 0x07, 0x31, 0x81, 0xCE, 0x60,
    0xF7, 0x98, 0x77, 0xB6, 0x18, 0xCD, 0x80, 0x00, 0x60, 0x1F, 0xE0, 0x0F, 0xFC, 0x03, 0x01, 0x80,
    0xC0, 0x60, 0x3F, 0xF8, 0x07, 0xF8, 0x00, 0x00, 0x00, 0x00, 0x00, 0x00, 0x01, 0x83, 0xFF, 0x60,
    0xF7, 0xD8, 0x18, 0xC6, 0x07, 0x31, 0x81, 0xDE, 0x60, 0xFF, 0x98, 0x77, 0x36, 0x08, 0x85, 0x80,
    0x00, 0x40, 0x3F, 0xF8, 0x0F, 0xFE, 0x00, 0x38, 0x00, 0x3F, 0x00, 0x3C, 0x78, 0x0E, 0x0E, 0x00,
    0x00, 0x00, 0x00, 0x00, 0x00, 0x01, 0x87, 0xFF, 0x60, 0x73, 0x18, 0x1C, 0xC6, 0x07, 0x31, 0x81,
    0xDE, 0x61, 0xDE, 0xD8, 0x63, 0x16, 0x00, 0x11, 0x80, 0xFF, 0xE0, 0x7F, 0xF8, 0x01, 0xF0, 0x01,
    0xFF, 0x00, 0xE0, 0xC0, 0x1C, 0x70, 0x07, 0xF8, 0x00, 0x00, 0x00, 0x00, 0x00, 0x01, 0x83, 0x00,
    0x60, 0xC0, 0x18, 0x30, 0x7F, 0xEC, 0x0F, 0xF3, 0x00, 0x60, 0xC0, 0x18, 0x3C, 0x07, 0x0F, 0x83,
    0xC3, 0x00, 0xF8, 0xC0, 0x67, 0x30, 0x70, 0xEC, 0x18, 0x13, 0x00, 0x00, 0xC0, 0x00, 0x30, 0x00,
    0x0C, 0x00, 0x00, 0x00, 0x00, 0x00, 0x01, 0x83, 0x00, 0x60, 0xC0, 0xFF, 0xB0, 0x3F, 0xCC, 0x01,
    0x83, 0xC0, 0x70, 0xF0, 0x3C, 0x30, 0x19, 0xCC, 0x1C, 0x3B, 0x02, 0x00, 0xC0, 0x7F, 0xF0, 0x1F,
    0xFC, 0x00, 0x03, 0x00, 0x00, 0xC0, 0x00, 0x30, 0x00, 0x0C, 0x00, 0x00, 0x00, 0x00, 0x00, 0x01,
    0x83, 0x00, 0x60, 0xC0, 0xFF, 0xB0, 0x3F, 0xCC, 0x01, 0x83, 0x00, 0x70, 0xF0, 0x3C, 0x3C, 0x1D,
    0x8C, 0x0E, 0x7B, 0x07, 0x04, 0xC0, 0x20, 0x30, 0x0C, 0x0C, 0x03, 0x00, 0x00, 0xC0, 0x00, 0x3F,
    0xF8, 0x0F, 0xFE, 0x00, 0x00, 0x00, 0x00, 0x00, 0x01, 0x83, 0x03, 0xFC, 0xC0, 0xFF, 0xB0, 0x06,
    0x0F, 0x01, 0xC3, 0xC0, 0xF8, 0xC0, 0x77, 0xB0, 0x78, 0xEC, 0x08, 0x06, 0x01, 0x0B, 0xA0, 0x67,
    0xFC, 0x18, 0x38, 0x06, 0x3F, 0x01, 0x8C, 0xC0, 0x7F, 0xB0, 0x1E, 0x7C, 0x00, 0x00, 0x00, 0x00,
    0x00, 0x01, 0x83, 0x03, 0xFC, 0xC1, 0xFF, 0xB0, 0x06, 0x0F, 0x01, 0x83, 0xC0, 0xF0, 0xC0, 0xE7,
    0x30, 0x70, 0xEC, 0x08, 0x03, 0x01, 0xFF, 0xC0, 0x7F, 0xF0, 0x00, 0x0C, 0x07, 0xFF, 0x01, 0x80,
    0x00, 0x7F, 0xF0, 0x1F, 0xFC, 0x00, 0x00, 0x00, 0x00, 0x00, 0x01, 0x83, 0x00, 0x60, 0xC1, 0xFF,
    0xB0, 0x3F, 0xCC, 0x01, 0x83, 0xC0, 0x70, 0xF0, 0x3E, 0x30, 0x39, 0xEC, 0x1C, 0x3B, 0x00, 0x00,
    0xC0, 0x3F, 0xF0, 0x0F, 0xFC, 0x03, 0x03, 0x00, 0xC0, 0xC0, 0x3F, 0xF0, 0x0F, 0xFC, 0x00, 0x00,
    0x00, 0x00, 0x00, 0x01, 0x83, 0x03, 0xFC, 0xC1, 0xFF, 0xB0, 0x06, 0x0E, 0x01, 0xC3, 0xE0, 0xF0,
    0xE0, 0x76, 0x30, 0x79, 0xEC, 0x1C, 0x13, 0x00, 0x00, 0x00, 0x30, 0x30, 0x0F, 0xFC, 0x03, 0xFF,
    0x00, 0xC0, 0xC0, 0x3F, 0xF0, 0x0F, 0xFC, 0x00, 0x00, 0x00, 0x00, 0x00, 0x01, 0x83, 0x00, 0x60,
    0xC0, 0xFF, 0xB0, 0x3F, 0xCC, 0x01, 0x83, 0xC0, 0x70, 0xF0, 0x3E, 0x30, 0x19, 0xCC, 0x1C, 0x3B,
    0x02, 0x00, 0xC0, 0x03, 0x30, 0x00, 0xC0, 0x00, 0x78, 0x00, 0x37, 0x00, 0x7C, 0xF8, 0x1C, 0x0E,
    0x00, 0x00, 0x00, 0x00, 0x00, 0x01, 0x83, 0x00, 0x60, 0xC0, 0xFF, 0xB0, 0x3F, 0xCC, 0x01, 0x83,
    0xC0, 0xF0, 0xF0, 0x3E, 0x30, 0x39, 0xEC, 0x1C, 0x3B, 0x00, 0x00, 0xC0, 0x18, 0x60, 0x06, 0x18,
    0x03, 0x8E, 0x01, 0xF3, 0xC0, 0xE7, 0x9C, 0x30, 0xC2, 0x00, 0x00, 0x00, 0x00, 0x00, 0x01, 0x83,
    0x00, 0x60, 0xC1, 0xFF, 0xB0, 0x3F, 0xCC, 0x01, 0x83, 0xC0, 0xF0, 0xF0, 0x3E, 0x30, 0x39, 0xCC,
    0x1C, 0x3B, 0x02, 0x00, 0xC0, 0x1F, 0xC0, 0x0F, 0xF8, 0x06, 0x03, 0x01, 0x80, 0xC0, 0x38, 0xE0,
    0x07, 0xF0, 0x00, 0x00, 0x00, 0x00, 0x00, 0x01, 0x83, 0x00, 0x60, 0xC0, 0xFF, 0xB0, 0x3F, 0xCC,
    0x01, 0x83, 0xC0, 0xF0, 0xC0, 0x7E, 0x30, 0x39, 0xEC, 0x1C, 0x1B, 0x00, 0x00, 0x00, 0x7F, 0xF0,
    0x1F, 0xFC, 0x00, 0x70, 0x00, 0x3F, 0x00, 0x7C, 0xF0, 0x1C, 0x1E, 0x00, 0x00, 0x00, 0x00, 0x00,
    0x03, 0x09, 0x80, 0xC7, 0x60, 0x31, 0x98, 0x7F, 0xF6, 0x0F, 0xFD, 0x80, 0xC6, 0x60, 0x31, 0xF8,
    0x0E, 0x7E, 0x07, 0x99, 0x81, 0xB7, 0x60, 0xCF, 0xD8, 0x71, 0xF6, 0x18, 0x1D, 0x80, 0x07, 0x60,
    0x01, 0xD8, 0x00, 0x26, 0x00, 0x00, 0x00, 0x00, 0x00, 0x03, 0x09, 0x80, 0xC7, 0x61, 0xFE, 0xD8,
    0x3F, 0xE6, 0x03, 0x1F, 0x80, 0xE7, 0xE0, 0x79, 0x98, 0x3B, 0xF6, 0x1C, 0x7D, 0x80, 0x02, 0x60,
    0x3F, 0xF0, 0x0F, 0xFE, 0x00, 0x01, 0x80, 0x00, 0x60, 0x00, 0x18, 0x00, 0x06, 0x00, 0x00, 0x00,
    0x00, 0x00, 0x00, 0x00, 0x80, 0xE3, 0x60, 0x38, 0xD8, 0x3F, 0xB6, 0x03, 0x8D, 0x80, 0xE3, 0xE0,
    0x38, 0xF8, 0x1F, 0x36, 0x06, 0xED, 0x83, 0x1B, 0x60, 0x82, 0xD8, 0x0C, 0x36, 0x03, 0x0D, 0x80,
    0xC0, 0x00, 0x30, 0x00, 0x0F, 0xFF, 0x03, 0xFF, 0xC0, 0x00, 0x00, 0x01, 0x09, 0x83, 0xFF, 0x61,
    0xFE, 0x98, 0x0C, 0x7E, 0x03, 0x9F, 0x81, 0xF3, 0x60, 0xEF, 0xD8, 0x71, 0xF6, 0x08, 0x09, 0x80,
    0xFF, 0xE0, 0x3F, 0xF8, 0x00, 0x06, 0x03, 0xFF, 0x80, 0xC0, 0x00, 0x3F, 0xF8, 0x0F, 0xFF, 0x00,
    0x00, 0x00, 0x00, 0x00, 0x03, 0x09, 0x80, 0xC7, 0x61, 0xFF, 0x98, 0x3F, 0xF6, 0x03, 0x9F, 0x80,
    0xE7, 0xE0, 0x7D, 0x98, 0x3B, 0xF6, 0x1C, 0x7D, 0x80, 0x02, 0x60, 0x3F, 0xF8, 0x0F, 0xFE, 0x03,
    0x01, 0x80, 0xC0, 0x60, 0x3F, 0xF8, 0x0F, 0xFE, 0x00, 0x00, 0x00, 0x00, 0x00, 0x03, 0x09, 0x80,
    0xC7, 0x61, 0xFF, 0x98, 0x3F, 0xF6, 0x03, 0x9F, 0x80, 0xE7, 0x60, 0x6C, 0xD8, 0x3B, 0xF6, 0x08,
    0x29, 0x80, 0x00, 0x40, 0x30, 0x18, 0x0F, 0xFE, 0x03, 0xFF, 0x80, 0xC0, 0x60, 0x3F, 0xF8, 0x0F,
    0xFE, 0x00, 0x00, 0x00, 0x00, 0x00, 0x03, 0x09, 0x80, 0xC7, 0x61, 0xFE, 0x98, 0x3F, 0xF6, 0x03,
    0x1F, 0x80, 0xE7, 0xE0, 0x7D, 0x98, 0x3B, 0xF6, 0x1C, 0x7D, 0x80, 0x02, 0x60, 0x03, 0x18, 0x00,
    0xE0, 0x00, 0x78, 0x00, 0x3B, 0x80, 0x7C, 0x78, 0x1C, 0x0E, 0x00, 0x00, 0x00, 0x00, 0x00, 0x03,
    0x09, 0x80, 0xC7, 0x61, 0xFE, 0x98, 0x3F, 0xE6, 0x03, 0x1F, 0x80, 0xE7, 0xE0, 0x7D, 0x98, 0x3B,
    0xF6, 0x1C, 0x79, 0x80, 0x02, 0x60, 0x18, 0x60, 0x06, 0x18, 0x01, 0xCE, 0x00, 0xF3, 0xC0, 0xE7,
    0x9C, 0x30, 0xC3, 0x00, 0x00, 0x00, 0x00, 0x00, 0x01, 0x0D, 0x80, 0xE3, 0x60, 0xFE, 0xD8, 0x3F,
    0xB6, 0x03, 0x8F, 0x80, 0xE3, 0xE0, 0x7C, 0xD8, 0x3B, 0xB6, 0x1C, 0x6D, 0x80, 0x03, 0x60, 0x0F,
    0xE0, 0x07, 0xFE, 0x03, 0x01, 0x80, 0xC0, 0x60, 0x1E, 0xF8, 0x03, 0xFC, 0x00, 0x00, 0x00, 0x00,
    0x00, 0x01, 0x83, 0x00, 0x60, 0xC0, 0xDB, 0x30, 0x7F, 0xEC, 0x01, 0x83, 0xC0, 0x60, 0xF0, 0x18,
    0x30, 0x07, 0x0C, 0x03, 0xC3, 0x00, 0xF8, 0xF0, 0x67, 0x3C, 0x70, 0xEC, 0x18, 0x13, 0x00, 0x00,
    0xC0, 0x00, 0x30, 0x00, 0x0C, 0x00, 0x00, 0x00, 0x00, 0x00, 0x01, 0x83, 0x00, 0x60, 0xC0, 0xFF,
    0xB0, 0x3F, 0xCF, 0x01, 0x83, 0xC0, 0x70, 0xC0, 0x3C, 0x30, 0x1D, 0x8F, 0x1E, 0x7B, 0xC7, 0x04,
    0xC0, 0x20, 0x30, 0x0C, 0x0C, 0x03, 0x00, 0x00, 0xC0, 0x00, 0x3F, 0xF8, 0x0F, 0xFE, 0x00, 0x00,
    0x00, 0x00, 0x00, 0x01, 0x83, 0x03, 0xFC, 0xC0, 0xFF, 0xBC, 0x06, 0x0C, 0x01, 0xC3, 0x00, 0xF0,
    0xF0, 0x77, 0xBC, 0x78, 0xEC, 0x08, 0x06, 0x01, 0x0B, 0xA0, 0x67, 0xFC, 0x18, 0x38, 0x06, 0x3F,
    0x01, 0x8C, 0xC0, 0x7F, 0xB0, 0x1E, 0x7C, 0x00, 0x00, 0x00, 0x00, 0x00, 0x01, 0x83, 0x03, 0xFC,
    0xC0, 0xFF, 0xBC, 0x06, 0x0C, 0x03, 0x83, 0x00, 0xF0, 0xF0, 0xE7, 0x3C, 0x70, 0xEC, 0x08, 0x03,
    0x01, 0xFF, 0xC0, 0x7F, 0xF0, 0x00, 0x0C, 0x07, 0xFF, 0x01, 0x80, 0x00, 0x7F, 0xF0, 0x1F, 0xFC,
    0x00, 0x00, 0x00, 0x00, 0x00, 0x01, 0x83, 0x00, 0x60, 0xC1, 0xFF, 0xBC, 0x06, 0x0F, 0x01, 0x83,
    0x00, 0xF0, 0xF0, 0x3E, 0x3C, 0x39, 0xEC, 0x1C, 0x3B, 0x00, 0x00, 0xC0, 0x3F, 0xF0, 0x0F, 0xFC,
    0x03, 0x03, 0x00, 0xC0, 0xC0, 0x3F, 0xF0, 0x0F, 0xFC, 0x00, 0x00, 0x00, 0x00, 0x00, 0x01, 0x83,
    0x00, 0x60, 0xC1, 0xFF, 0xBC, 0x3F, 0xCF, 0x01, 0x83, 0x00, 0xF0, 0xF0, 0x3E, 0x3C, 0x39, 0xCC,
    0x1C, 0x3B, 0x00, 0x00, 0xC0, 0x1F, 0xC0, 0x0F, 0xF8, 0x06, 0x03, 0x01, 0x80, 0xC0, 0x38, 0xE0,
    0x07, 0xF0, 0x00, 0x00, 0x00, 0x00, 0x00, 0x01, 0x83, 0x00, 0x60, 0xC0, 0x18, 0x30, 0x7F, 0xEC,
    0x0F, 0xF3, 0x00, 0x60, 0xC0, 0x19, 0xF0, 0x07, 0x7C, 0x03, 0xC3, 0x00, 0xF8, 0xC0, 0x67, 0x30,
    0x78, 0xEC, 0x18, 0x1B, 0x00, 0x00, 0xC0, 0x00, 0x30, 0x00, 0x0C, 0x00, 0x00, 0x00, 0x00, 0x00,
    0x01, 0x81, 0x80, 0x60, 0x60, 0xFF, 0x98, 0x3F, 0xC6, 0x01, 0x8F, 0x80, 0x77, 0xE0, 0x3C, 0x18,
    0x19, 0xC6, 0x1E, 0x39, 0x82, 0x00, 0x60, 0x3F, 0xF8, 0x0F, 0xFE, 0x00, 0x01, 0x80, 0x00, 0x60,
    0x00, 0x18, 0x00, 0x06, 0x00, 0x00, 0x00, 0x00, 0x00, 0x01, 0x81, 0x80, 0x60, 0x61, 0xFF, 0x98,
    0x3F, 0xC6, 0x01, 0x81, 0x80, 0x73, 0xE0, 0x3C, 0x18, 0x1D, 0x86, 0x1E, 0x39, 0x87, 0x06, 0x60,
    0x10, 0x18, 0x0C, 0x06, 0x03, 0x00, 0x00, 0xC0, 0x00, 0x3F, 0xF8, 0x0F, 0xFE, 0x00, 0x00, 0x00,
    0x00, 0x00, 0x01, 0x81, 0x83, 0xFC, 0x61, 0xFF, 0x98, 0x06, 0x06, 0x01, 0xDF, 0x80, 0xF3, 0xE0,
    0x77, 0x18, 0x78, 0xE6, 0x08, 0x01, 0x80, 0xFF, 0xE0, 0x3F, 0xF8, 0x00, 0x06, 0x03, 0xFF, 0x80,
    0xC0, 0x00, 0x3F, 0xF8, 0x0F, 0xFE, 0x00, 0x00, 0x00, 0x00, 0x00, 0x01, 0x83, 0x00, 0x60, 0xE1,
    0xFF, 0xB8, 0x3F, 0xCE, 0x01, 0x8F, 0x80, 0xF7, 0xE0, 0x3E, 0x38, 0x39, 0xCE, 0x1C, 0x3B, 0x80,
    0x00, 0x40, 0x3F, 0xF0, 0x0F, 0xFE, 0x03, 0x03, 0x80, 0xC0, 0xE0, 0x3F, 0xF8, 0x0F, 0xFE, 0x00,
    0x00, 0x00, 0x00, 0x00, 0x01, 0x81, 0x83, 0xFC, 0x61, 0xFF, 0x98, 0x06, 0x06, 0x01, 0x8F, 0x80,
    0xF3, 0xE0, 0x76, 0x18, 0x39, 0xE6, 0x1C, 0x19, 0x80, 0x00, 0x00, 0x30, 0x18, 0x0F, 0xFE, 0x03,
    0xFF, 0x80, 0xC0, 0x60, 0x3F, 0xF8, 0x0F, 0xFE, 0x00, 0x00, 0x00, 0x00, 0x00, 0x01, 0x81, 0x80,
    0x60, 0x60, 0xFF, 0x98, 0x3F, 0xC6, 0x01, 0x8F, 0x80, 0x73, 0xE0, 0x3E, 0x18, 0x19, 0xC6, 0x1E,
    0x39, 0x82, 0x00, 0x60, 0x03, 0x18, 0x00, 0xE0, 0x00, 0x78, 0x00, 0x3B, 0x80, 0x7C, 0x78, 0x1C,
    0x07, 0x00, 0x00, 0x00, 0x00, 0x00, 0x01, 0x83, 0x80, 0x60, 0xE1, 0xFF, 0xB8, 0x3F, 0xCE, 0x01,
    0x8F, 0x80, 0xF7, 0xE0, 0x3E, 0x38, 0x39, 0xEE, 0x1C, 0x3B, 0x80, 0x00, 0x40, 0x18, 0x60, 0x06,
    0x18, 0x01, 0x87, 0x00, 0xF3, 0xC0, 0xE7, 0x9C, 0x30, 0xC3, 0x00, 0x00, 0x00, 0x00, 0x00, 0x01,
    0x83, 0x00, 0x60, 0xE1, 0xFF, 0xB8, 0x3F, 0xCE, 0x01, 0x8F, 0x80, 0xF7, 0xE0, 0x3E, 0x38, 0x39,
    0xCE, 0x1C, 0x3B, 0x82, 0x00, 0x40, 0x1F, 0xE0, 0x0F, 0xFC, 0x03, 0x03, 0x00, 0xC0, 0xE0, 0x3E,
    0xF0, 0x07, 0xF8, 0x00, 0x00, 0x00, 0x00, 0x00, 0x03, 0x0D, 0x80, 0xC3, 0x60, 0x30, 0xD8, 0x7F,
    0xB6, 0x0F, 0xED, 0x80, 0xC3, 0x60, 0x37, 0xD8, 0x0E, 0xF6, 0x07, 0x8D, 0x81, 0xB3, 0x60, 0xCE,
    0xD8, 0x71, 0xB6, 0x18, 0x0D, 0x80, 0x03, 0x60, 0x00, 0xD8, 0x00, 0x06, 0x00, 0x00, 0x00, 0x00,
    0x00, 0x03, 0x0D, 0x80, 0xC3, 0x61, 0xFE, 0xD8, 0x3F, 0xB6, 0x03, 0x3D, 0x80, 0xEF, 0x60, 0x78,
    0xD8, 0x3B, 0xB6, 0x1C, 0x6D, 0x82, 0x03, 0x60, 0x3F, 0xF0, 0x0F, 0xFE, 0x00, 0x01, 0x80, 0x00,
    0x60, 0x00, 0x18, 0x00, 0x06, 0x00, 0x00, 0x00, 0x00, 0x00, 0x03, 0x0D, 0x80, 0xC3, 0x60, 0xFE,
    0xD8, 0x3F, 0xB6, 0x03, 0x0D, 0x80, 0xEF, 0x60, 0x3B, 0xD8, 0x1B, 0x36, 0x0E, 0xED, 0x87, 0x1B,
    0x60, 0x10, 0xD8, 0x0C, 0x36, 0x03, 0x00, 0x00, 0xC0, 0x00, 0x3F, 0xF8, 0x0F, 0xFE, 0x00, 0x00,
    0x00, 0x00, 0x00, 0x01, 0x0D, 0x83, 0xFB, 0x61, 0xFE, 0xD8, 0x0E, 0x36, 0x03, 0xBD, 0x80, 0xEF,
    0x60, 0x6C, 0xD8, 0x71, 0xB6, 0x08, 0x0D, 0x80, 0xFF, 0xE0, 0x3F, 0xF8, 0x00, 0x06, 0x03, 0xFF,
    0x80, 0xC0, 0x00, 0x3F, 0xF8, 0x0F, 0xFF, 0x00, 0x00, 0x00, 0x00, 0x00, 0x03, 0x0D, 0x80, 0xE3,
    0x61, 0xFE, 0xD8, 0x3F, 0x36, 0x03, 0x3D, 0x80, 0xEF, 0x60, 0x7C, 0xD8, 0x3B, 0xB6, 0x1C, 0x6D,
    0x80, 0x03, 0x60, 0x3F, 0xF8, 0x0F, 0xFE, 0x03, 0x01, 0x80, 0xC0, 0x60, 0x3F, 0xF8, 0x0F, 0xFE,
    0x00, 0x00, 0x00, 0x00, 0x00, 0x03, 0x0D, 0x80, 0xE3, 0x61, 0xFE, 0xD8, 0x3F, 0x36, 0x03, 0x3D,
    0x80, 0xEF, 0x60, 0x7C, 0xD8, 0x3B, 0xB6, 0x1C, 0x6D, 0x80, 0x00, 0x00, 0x30, 0x18, 0x0F, 0xFE,
    0x03, 0xFF, 0x80, 0xC0, 0x60, 0x3F, 0xF8, 0x0F, 0xFE, 0x00, 0x00, 0x00, 0x00, 0x00, 0x03, 0x0D,
    0x80, 0xC3, 0x61, 0xFE, 0xD8, 0x3F, 0x36, 0x03, 0x3D, 0x80, 0xFF, 0x60, 0x78, 0xD8, 0x3B, 0xB6,
    0x1C, 0x6D, 0x82, 0x02, 0x60, 0x03, 0x18, 0x00, 0xE0, 0x00, 0x78, 0x00, 0x3B, 0x80, 0x7C, 0x78,
    0x1C, 0x06, 0x00, 0x00, 0x00, 0x00, 0x00, 0x01, 0x0D, 0x80, 0xE3, 0x61, 0xFE, 0xD8, 0x3F, 0xB6,
    0x03, 0x9D, 0x80, 0xEF, 0x60, 0x7C, 0xD8, 0x3B, 0xB6, 0x1C, 0x6D, 0x82, 0x01, 0x60, 0x0F, 0xF0,
    0x07, 0xFE, 0x03, 0x01, 0x80, 0xC0, 0x60, 0x1E, 0xF8, 0x03, 0xFC, 0x00, 0x00, 0x00, 0x00, 0x00,
    0x01, 0x83, 0x00, 0x60, 0xC0, 0x18, 0x30, 0x7F, 0xEC, 0x0F, 0xF3, 0x00, 0x67, 0xC0, 0x18, 0xF0,
    0x07, 0x0C, 0x03, 0xCF, 0x00, 0xDB, 0xC0, 0x67, 0x30, 0x78, 0xEC, 0x18, 0x1B, 0x00, 0x00, 0xC0,
    0x00, 0x30, 0x00, 0x0C, 0x00, 0x00, 0x00, 0x00, 0x00, 0x00, 0x81, 0x80, 0x60, 0x60, 0xFF, 0x18,
    0x3F, 0xE6, 0x01, 0x8F, 0x80, 0x63, 0xE0, 0x1C, 0x18, 0x0F, 0xBE, 0x07, 0x7F, 0x87, 0x8E, 0x60,
    0xC1, 0x98, 0x04, 0x06, 0x03, 0x01, 0x80, 0xC0, 0x00, 0x30, 0x00, 0x0F, 0xFF, 0x03, 0xFF, 0xC0,
    0x00, 0x00, 0x01, 0x83, 0x80, 0x60, 0xE1, 0xFF, 0xB8, 0x3F, 0xFE, 0x01, 0x8F, 0x80, 0xF0, 0xE0,
    0x3E, 0xF8, 0x39, 0xFE, 0x1C, 0x3B, 0x80, 0x00, 0xC0, 0x18, 0x60, 0x06, 0x18, 0x01, 0x86, 0x00,
    0xF3, 0xC0, 0xE7, 0x9C, 0x31, 0xC3, 0x00, 0x00, 0x00, 0x00, 0x00, 0x03, 0x0D, 0x80, 0xC3, 0x60,
    0x30, 0xD8, 0x7F, 0xB6, 0x0F, 0xED, 0x80, 0xCF, 0x60, 0x33, 0xD8, 0x0E, 0x36, 0x07, 0xBD, 0x81,
    0xBF, 0x60, 0xCE, 0xD8, 0x71, 0xB6, 0x18, 0x0D, 0x80, 0x03, 0x60, 0x00, 0xD8, 0x00, 0x06, 0x00,
    0x00, 0x00, 0x00, 0x00, 0x00, 0x00, 0x80, 0xC3, 0x60, 0x38, 0xD8, 0x7F, 0xB6, 0x0F, 0xED, 0x80,
    0xEF, 0x60, 0x38, 0xD8, 0x0E, 0xF6, 0x06, 0xFD, 0x83, 0x1B, 0x60, 0x82, 0xD8, 0x0C, 0x36, 0x03,
    0x0D, 0x80, 0xC0, 0x00, 0x30, 0x00, 0x0F, 0xFF, 0x03, 0xFF, 0xC0, 0x00, 0x00, 0x01, 0x0D, 0x80,
    0xE3, 0x61, 0xFE, 0xD8, 0x3F, 0xF6, 0x03, 0xBD, 0x80, 0xE3, 0x60, 0x7F, 0xD8, 0x3B, 0xF6, 0x1C,
    0x6D, 0x82, 0x03, 0x60, 0x07, 0xC8, 0x07, 0xFC, 0x03, 0x81, 0x80, 0xC0, 0x60, 0x3C, 0x78, 0x07,
    0xFC, 0x00, 0x00, 0x00, 0x00, 0x00, 0x00, 0x00, 0x00, 0x0C, 0x00, 0x03, 0x00, 0x1F, 0xFE, 0x07,
    0xFF, 0x80, 0x0C, 0x00, 0x07, 0x80, 0x03, 0xF0, 0x01, 0xCE, 0x03, 0xE1, 0xF0, 0xE3, 0x1C, 0x00,
    0xC0, 0x00, 0x30, 0x00, 0x0C, 0x01, 0xFF, 0xFE, 0x00, 0x00, 0x00, 0x00, 0x00, 0x00, 0x00, 0x00,
    0x20, 0x01, 0xFF, 0xC0, 0x7F, 0xF8, 0x01, 0xC0, 0x00, 0xF8, 0x00, 0xF7, 0x80, 0xFA, 0xF8, 0x10,
    0x84, 0x1F, 0xFF, 0xC7, 0xFF, 0xF0, 0x00, 0x00, 0x1F, 0xFC, 0x07, 0xFF, 0x00, 0x00, 0xC0, 0x00,
    0x30, 0x00, 0x0C, 0x00, 0x00, 0x00, 0x00, 0x00, 0x00, 0x20, 0x01, 0xFF, 0xC0, 0x7F, 0xF8, 0x01,
    0xC0, 0x00, 0xF8, 0x00, 0x77, 0x00, 0xFA, 0xF8, 0x10, 0xC6, 0x0F, 0xFF, 0x87, 0xFF, 0xF0, 0x00,
    0x00, 0x18, 0x00, 0x06, 0x00, 0x01, 0x80, 0x00, 0x7F, 0xF0, 0x1F, 0xFC, 0x00, 0x00, 0x00, 0x00,
    0x00, 0x00, 0x20, 0x03, 0xFF, 0xC0, 0x7F, 0xF0, 0x01, 0xC0, 0x03, 0xDC, 0x03, 0xEB, 0xE0, 0xC2,
    0x10, 0x7F, 0xFF, 0x1F, 0xFF, 0x81, 0xFF, 0x80, 0x7F, 0xF0, 0x00, 0x0C, 0x07, 0xFF, 0x01, 0x80,
    0x00, 0x7F, 0xF0, 0x1F, 0xFC, 0x00, 0x00, 0x00, 0x00, 0x00, 0x00, 0x20, 0x01, 0xFF, 0xC0, 0x7F,
    0xF0, 0x01, 0xC0, 0x00, 0xF8, 0x01, 0xF7, 0xC0, 0xF2, 0x78, 0x01, 0xC0, 0x1F, 0xFF, 0xC7, 0xFF,
    0xF0, 0x7F, 0xE0, 0x1F, 0xFC, 0x06, 0x03, 0x01, 0x80, 0xC0, 0x7F, 0xF0, 0x1F, 0xFC, 0x00, 0x00,
    0x00, 0x00, 0x00, 0x00, 0x20, 0x01, 0xFF, 0xC0, 0x7F, 0xF0, 0x01, 0xC0, 0x01, 0xFC, 0x03, 0xF7,
    0xE0, 0xE2, 0x38, 0x3F, 0xFE, 0x1F, 0xFF, 0xC0, 0x00, 0x00, 0x60, 0x30, 0x1F, 0xFC, 0x07, 0xFF,
    0x01, 0x80, 0xC0, 0x7F, 0xF0, 0x1F, 0xFC, 0x00, 0x00, 0x00, 0x00, 0x00, 0x00, 0x20, 0x01, 0xFF,
    0xC0, 0x7F, 0xF0, 0x01, 0xC0, 0x00, 0xF8, 0x01, 0xF7, 0xC0, 0xF2, 0x78, 0x00, 0xC0, 0x1F, 0xFF,
    0xC7, 0xFF, 0xF0, 0x02, 0x00, 0x01, 0xC0, 0x00, 0x70, 0x00, 0x77, 0x00, 0xF8, 0xF8, 0x38, 0x0E,
    0x00, 0x00, 0x00, 0x00, 0x00, 0x00, 0x20, 0x01, 0xFF, 0xC0, 0x7F, 0xF0, 0x01, 0xC0, 0x00, 0xF8,
    0x01, 0xF7, 0xC0, 0xF2, 0x78, 0x00, 0xC0, 0x1F, 0xFF, 0xC7, 0xFF, 0xF0, 0x0F, 0x00, 0x0F, 0xF8,
    0x07, 0x07, 0x01, 0x80, 0xC0, 0x78, 0xF0, 0x0F, 0xF8, 0x00, 0x00, 0x00, 0x00, 0x00, 0x01, 0x83,
    0x00, 0x60, 0xC1, 0xFF, 0xB0, 0x3F, 0xCC, 0x01, 0x83, 0x00, 0xF0, 0xC0, 0x7E, 0x3C, 0x39, 0xEF,
    0x1D, 0x9B, 0x00, 0x60, 0xC0, 0x18, 0x30, 0x7F, 0xEC, 0x1F, 0xF3, 0x00, 0x00, 0xC0, 0x00, 0x30,
    0x00, 0x0C, 0x00, 0x00, 0x00, 0x00, 0x00, 0x01, 0x82, 0x03, 0xFD, 0xC0, 0xFF, 0x30, 0x06, 0x1C,
    0x03, 0xC6, 0x01, 0xFD, 0xF0, 0xE7, 0xBC, 0x26, 0x18, 0x07, 0xFF, 0x07, 0xFF, 0xC0, 0x00, 0x70,
    0x18, 0x1C, 0x06, 0x02, 0x01, 0x80, 0x00, 0x7F, 0xF0, 0x1F, 0xFC, 0x00, 0x00, 0x00, 0x00, 0x00,
    0x01, 0x83, 0x03, 0xFE, 0xC0, 0xFF, 0x30, 0x07, 0x0C, 0x07, 0xF3, 0xC7, 0xFE, 0xC0, 0x98, 0x30,
    0x7F, 0xEC, 0x1F, 0xE3, 0x00, 0xFF, 0xC0, 0x7F, 0xF0, 0x00, 0x0C, 0x07, 0xFF, 0x01, 0x80, 0x00,
    0x7F, 0xF0, 0x1F, 0xFE, 0x00, 0x00, 0x00, 0x00, 0x00, 0x00, 0x83, 0x03, 0xFE, 0xC0, 0xFF, 0xB0,
    0x07, 0x0C, 0x01, 0xE3, 0xC1, 0xDE, 0xF0, 0xEB, 0xB0, 0x03, 0x0C, 0x1F, 0xFF, 0x03, 0xF8, 0xC0,
    0x0F, 0xB0, 0x0F, 0xF8, 0x07, 0x07, 0x01, 0x80, 0xC0, 0x78, 0xF0, 0x0F, 0xF8, 0x00, 0x00, 0x00,
    0x00, 0x00, 0x00, 0xC3, 0x00, 0x30, 0xC0, 0xFF, 0xB0, 0x3F, 0xEC, 0x01, 0xC3, 0x00, 0x70, 0xC0,
    0x37, 0x30, 0x38, 0xEC, 0x0C, 0xDB, 0x00, 0x30, 0xC0, 0x0C, 0xB0, 0x7F, 0xFC, 0x1F, 0xF3, 0x00,
    0x00, 0xC0, 0x00, 0x30, 0x00, 0x0C, 0x00, 0x00, 0x00, 0x00, 0x00, 0x01, 0x83, 0x03, 0xFE, 0xC0,
    0xFF, 0xB0, 0x07, 0x0C, 0x01, 0xC3, 0x00, 0xDC, 0xC0, 0xF3, 0xB0, 0x36, 0x0C, 0x01, 0xFF, 0x07,
    0xFF, 0xC0, 0x00, 0x30, 0x08, 0x0C, 0x03, 0x00, 0x00, 0xC0, 0x00, 0x3F, 0xF8, 0x0F, 0xFE, 0x00,
    0x00, 0x00, 0x00, 0x00, 0x00, 0x00, 0x00, 0x60, 0xC0, 0xFF, 0xB0, 0x3F, 0xCC, 0x01, 0xC3, 0x01,
    0xDE, 0xC0, 0xEB, 0xB0, 0x07, 0x6C, 0x1F, 0xFB, 0x02, 0x00, 0xC0, 0x3F, 0xF0, 0x0F, 0xFC, 0x03,
    0xFF, 0x01, 0xFF, 0xC0, 0x60, 0x00, 0x1F, 0xFE, 0x03, 0xFF, 0x80, 0x00, 0x00, 0x00, 0x83, 0x03,
    0xFE, 0xC0, 0xFF, 0xB0, 0x07, 0x0C, 0x01, 0xE3, 0x01, 0xDE, 0xC0, 0xE9, 0xB0, 0x07, 0x2C, 0x1F,
    0xFF, 0x07, 0xF8, 0xC0, 0x00, 0x10, 0x0F, 0xFC, 0x03, 0x03, 0x00, 0xC0, 0xC0, 0x3F, 0xF0, 0x0F,
    0xFC, 0x00, 0x00, 0x00, 0x00, 0x00, 0x00, 0x00, 0x00, 0x60, 0xC0, 0xFF, 0xB0, 0x3F, 0xEC, 0x01,
    0xC3, 0x00, 0xFC, 0xC0, 0xF7, 0xB0, 0x36, 0x0C, 0x1F, 0xFB, 0x07, 0xFE, 0xC0, 0x00, 0x00, 0x08,
    0x0C, 0x07, 0xFF, 0x01, 0xFF, 0xC0, 0x60, 0x30, 0x1F, 0xFC, 0x03, 0xFF, 0x00, 0x00, 0x00, 0x00,
    0x81, 0x83, 0xFE, 0x60, 0xFF, 0x98, 0x07, 0x06, 0x01, 0xE1, 0x81, 0xDE, 0x60, 0xEB, 0x98, 0x03,
    0x06, 0x1F, 0xFD, 0x87, 0xFE, 0x60, 0x03, 0x18, 0x00, 0xC6, 0x00, 0x38, 0x00, 0x3F, 0x00, 0x7C,
    0xF8, 0x1C, 0x0E, 0x00, 0x00, 0x00, 0x00, 0x00, 0x00, 0x83, 0x03, 0xFE, 0xC0, 0xFF, 0xB0, 0x07,
    0x0C, 0x01, 0xE3, 0x01, 0xDE, 0xC0, 0xEB, 0xB0, 0x03, 0x0C, 0x1F, 0xFF, 0x07, 0xF8, 0xC0, 0x07,
    0x90, 0x07, 0xF8, 0x03, 0x03, 0x00, 0xC0, 0xC0, 0x3C, 0xF0, 0x07, 0xF8, 0x00, 0x00, 0x00, 0x00,
    0x00, 0x00, 0x00, 0x00, 0x0C, 0x00, 0x03, 0x00, 0x1F, 0xFE, 0x07, 0xFF, 0x80, 0x0C, 0x00, 0x07,
    0x80, 0x03, 0xF0, 0x03, 0xCF, 0x03, 0xC0, 0xF0, 0x48, 0x48, 0x06, 0x18, 0x01, 0x86, 0x00, 0x73,
    0x81, 0xFF, 0xFE, 0x3F, 0xFF, 0x00, 0x00, 0x00, 0x00, 0x00, 0x00, 0x20, 0x01, 0xFF, 0xC0, 0x7F,
    0xF0, 0x01, 0xC0, 0x00, 0xF8, 0x03, 0xF7, 0xE0, 0xF8, 0xF8, 0x06, 0x30, 0x1F, 0xFF, 0xC7, 0xFF,
    0xF0, 0x00, 0x00, 0x1F, 0xFC, 0x06, 0x83, 0x01, 0x80, 0xC0, 0x7F, 0xF0, 0x1F, 0xFC, 0x00, 0x00,
    0x00, 0x00, 0x00, 0x00, 0x20, 0x00, 0x1C, 0x00, 0xFF, 0xF8, 0x1F, 0xFC, 0x00, 0x70, 0x00, 0x3E,
    0x00, 0x3D, 0xE0, 0x3E, 0x3E, 0x04, 0x01, 0x07, 0xFF, 0xF1, 0xFF, 0xFC, 0x01, 0xC0, 0x00, 0x70,
    0x00, 0x1C, 0x00, 0x07, 0x00, 0x01, 0xC0, 0x00, 0x00, 0x00, 0x00, 0x00, 0x00, 0x20, 0x01, 0xFF,
    0xC0, 0x7F, 0xF0, 0x01, 0xC0, 0x00, 0xF8, 0x01, 0xF7, 0xC0, 0xF0, 0x78, 0x10, 0x04, 0x1F, 0xFF,
    0xC3, 0xFF, 0xE0, 0x02, 0x00, 0x1F, 0xFC, 0x07, 0xFF, 0x00, 0x00, 0xC0, 0x00, 0x30, 0x00, 0x0C,
    0x00, 0x00, 0x00, 0x00, 0x00, 0x00, 0x20, 0x01, 0xFF, 0xC0, 0x7F, 0xF8, 0x01, 0xC0, 0x00, 0x78,
    0x00, 0x77, 0x00, 0xF8, 0xF8, 0x30, 0x06, 0x1F, 0xFF, 0xC7, 0xFF, 0xF0, 0x03, 0x00, 0x18, 0xC0,
    0x06, 0x30, 0x01, 0x80, 0x00, 0x7F, 0xF0, 0x1F, 0xFC, 0x00, 0x00, 0x00, 0x00, 0x00, 0x00, 0x20,
    0x03, 0xFF, 0xC0, 0x7F, 0xF0, 0x01, 0xC0, 0x03, 0xDE, 0x03, 0xE3, 0xE0, 0xC0, 0x18, 0x7F, 0xFF,
    0x0F, 0xFF, 0x81, 0xFF, 0x80, 0x7F, 0xF0, 0x00, 0x0C, 0x07, 0xFF, 0x01, 0x80, 0x00, 0x7F, 0xF0,
    0x1F, 0xFC, 0x00, 0x00, 0x00, 0x00, 0x00, 0x00, 0x20, 0x01, 0xFF, 0xC0, 0x7F, 0xF0, 0x01, 0xC0,
    0x00, 0xF8, 0x01, 0xF7, 0xC0, 0xF0, 0x78, 0x20, 0x02, 0x1F, 0xFF, 0xC0, 0x1C, 0x20, 0x7F, 0xE0,
    0x1F, 0xFC, 0x06, 0x03, 0x01, 0x80, 0xC0, 0x7F, 0xF0, 0x1F, 0xFC, 0x00, 0x00, 0x00, 0x00, 0x00,
    0x00, 0x20, 0x01, 0xFF, 0xC0, 0x7F, 0xF0, 0x01, 0xC0, 0x00, 0xF8, 0x03, 0xF7, 0xE0, 0xE0, 0x38,
    0x7F, 0xFF, 0x1F, 0xFF, 0xC0, 0x1C, 0x00, 0x62, 0x30, 0x1F, 0xFC, 0x07, 0xFF, 0x01, 0x80, 0xC0,
    0x7F, 0xF0, 0x1F, 0xFC, 0x00, 0x00, 0x00, 0x00, 0x00, 0x00, 0x20, 0x01, 0xFF, 0xC0, 0x7F, 0xF8,
    0x01, 0xC0, 0x00, 0xF8, 0x01, 0xF7, 0xC0, 0xF0, 0x78, 0x7F, 0xFF, 0x1F, 0xFF, 0xC0, 0x1C, 0x00,
    0x02, 0x00, 0x00, 0x80, 0x00, 0x70, 0x00, 0x3E, 0x00, 0x7D, 0xF0, 0x3C, 0x1E, 0x00, 0x00, 0x00,
    0x00, 0x00, 0x00, 0x20, 0x01, 0xFF, 0xC0, 0x7F, 0xF8, 0x01, 0xC0, 0x00, 0xF8, 0x01, 0xF7, 0xC0,
    0xF0, 0x78, 0x30, 0x06, 0x1F, 0xFF, 0xC3, 0x9D, 0xE0, 0x0F, 0x00, 0x0F, 0xF8, 0x07, 0x07, 0x01,
    0x80, 0xC0, 0x78, 0xF0, 0x0F, 0xF8, 0x00, 0x00, 0x00, 0x00, 0x00, 0x00, 0xC1, 0x80, 0x70, 0x60,
    0xFF, 0x98, 0x1F, 0xE6, 0x01, 0xC1, 0x80, 0xF8, 0x60, 0xF7, 0x98, 0x30, 0x66, 0x00, 0x7D, 0x87,
    0xFF, 0x60, 0xDC, 0x18, 0x07, 0x7E, 0x01, 0xCF, 0x80, 0x70, 0x60, 0x1C, 0x18, 0x02, 0x06, 0x00,
    0x00, 0x00, 0x00, 0x00, 0x00, 0xC1, 0x83, 0xFE, 0x60, 0xFF, 0x98, 0x07, 0x06, 0x07, 0xF9, 0x83,
    0x8E, 0x60, 0xCF, 0xD8, 0x7F, 0xF6, 0x01, 0xCF, 0x80, 0x37, 0xE0, 0x08, 0x18, 0x06, 0x18, 0x01,
    0x86, 0x00, 0xF3, 0xC0, 0xF7, 0xDC, 0x30, 0xE3, 0x00, 0x00, 0x00, 0x00, 0x00, 0x03, 0x0D, 0x80,
    0xC3, 0x61, 0xFE, 0xD8, 0x3F, 0xB6, 0x03, 0x8D, 0x81, 0xF3, 0x61, 0xCE, 0xD8, 0x60, 0xB6, 0x1F,
    0xFD, 0x87, 0xFB, 0x60, 0x33, 0xD8, 0x0D, 0xF6, 0x03, 0x0D, 0x80, 0xC3, 0x60, 0x30, 0xD8, 0x00,
    0x06, 0x00, 0x00, 0x00, 0x00, 0x00, 0x01, 0x0D, 0x83, 0xFB, 0x60, 0xFE, 0xD8, 0x0E, 0x36, 0x03,
    0x8D, 0x83, 0xBB, 0x60, 0xC6, 0xD8, 0x7F, 0xF6, 0x1F, 0xED, 0x80, 0x6F, 0x60, 0x1F, 0xD8, 0x0C,
    0x36, 0x03, 0x01, 0x80, 0xC0, 0x00, 0x3F, 0xF8, 0x0F, 0xFE, 0x00, 0x00, 0x00, 0x00, 0x00, 0x00,
    0xC3, 0x00, 0x70, 0xC0, 0xFF, 0xB0, 0x1F, 0xEC, 0x01, 0xC3, 0x00, 0xF8, 0xC0, 0xF7, 0xB0, 0x30,
    0x6C, 0x00, 0x7F, 0x07, 0xFF, 0xC0, 0xFC, 0x30, 0x03, 0x0C, 0x00, 0xC3, 0x00, 0x30, 0xC0, 0x0C,
    0x30, 0x02, 0x0C, 0x00, 0x00, 0x00, 0x00, 0x00, 0x00, 0xC1, 0x81, 0xFE, 0x60, 0x7F, 0xD8, 0x03,
    0x06, 0x01, 0xE1, 0x80, 0xFE, 0x60, 0xF1, 0xD8, 0x10, 0x36, 0x0F, 0xFD, 0x83, 0xFC, 0x60, 0x0C,
    0x18, 0x0F, 0x06, 0x03, 0x01, 0x00, 0xC0, 0x00, 0x3F, 0xF8, 0x0F, 0xFE, 0x00, 0x00, 0x00, 0x00,
    0x00, 0x00, 0xC3, 0x03, 0xFE, 0xC0, 0xFF, 0xB0, 0x07, 0x0C, 0x07, 0xFB, 0x03, 0x8E, 0xC0, 0xC7,
    0xF0, 0x7F, 0xFC, 0x00, 0xC3, 0x00, 0xFF, 0xC0, 0x3F, 0xF0, 0x00, 0x0C, 0x03, 0xFF, 0x00, 0xC0,
    0x00, 0x3F, 0xF8, 0x0F, 0xFE, 0x00, 0x00, 0x00, 0x00, 0x00, 0x00, 0xC3, 0x03, 0xFE, 0xC0, 0xFF,
    0xB0, 0x07, 0x0C, 0x03, 0xE3, 0x03, 0xDE, 0xC0, 0xC1, 0xB0, 0x7F, 0xFC, 0x1F, 0xFF, 0x00, 0x30,
    0xC0, 0x3F, 0xF0, 0x0F, 0xFC, 0x03, 0x03, 0x00, 0xC0, 0xC0, 0x3F, 0xF0, 0x0F, 0xFC, 0x00, 0x00,
    0x00, 0x00, 0x00, 0x00, 0xC3, 0x03, 0xFE, 0xC0, 0xFF, 0xB0, 0x07, 0x0C, 0x03, 0xF3, 0x03, 0xCE,
    0xC0, 0xC1, 0xB0, 0x7F, 0xFC, 0x1F, 0xFB, 0x00, 0x30, 0x40, 0x2C, 0x10, 0x0F, 0xFC, 0x03, 0xFF,
    0x00, 0xC0, 0xC0, 0x3F, 0xF0, 0x0F, 0xFC, 0x00, 0x00, 0x00, 0x00, 0x00, 0x00, 0xC1, 0x83, 0xFE,
    0x60, 0xFF, 0x98, 0x07, 0x06, 0x03, 0xE1, 0x83, 0xCE, 0x60, 0xE1, 0x98, 0x7F, 0xF6, 0x1F, 0xFD,
    0x80, 0x30, 0x60, 0x0D, 0x98, 0x02, 0x66, 0x00, 0x38, 0x00, 0x3F, 0x80, 0x3C, 0x7C, 0x0E, 0x07,
    0x00, 0x00, 0x00, 0x00, 0x00, 0x00, 0x83, 0x03, 0xFE, 0xC0, 0xFF, 0xB0, 0x07, 0x0C, 0x03, 0xE3,
    0x03, 0xDE, 0xC0, 0xE1, 0xB0, 0x7F, 0xFC, 0x1F, 0xFF, 0x00, 0x30, 0xC0, 0x0F, 0x90, 0x07, 0xF8,
    0x03, 0x83, 0x00, 0xC0, 0xC0, 0x3C, 0x70, 0x07, 0xF8, 0x00, 0x00, 0x00, 0x00, 0x00, 0x00, 0x20,
    0x00, 0x1C, 0x00, 0xFF, 0xF0, 0x3F, 0xFC, 0x00, 0x70, 0x00, 0x3E, 0x00, 0x3D, 0xE0, 0x3C, 0x1E,
    0x04, 0x01, 0x07, 0xFF, 0xF1, 0xFF, 0xFC, 0x06, 0x30, 0x01, 0x8C, 0x00, 0x63, 0x00, 0x18, 0xC0,
    0x06, 0x30, 0x00, 0x00, 0x00, 0x00, 0x00, 0x00, 0x60, 0x01, 0xFF, 0xC0, 0x7F, 0xF8, 0x01, 0xC0,
    0x00, 0xF0, 0x00, 0x77, 0x00, 0xF8, 0xF8, 0x30, 0x04, 0x1F, 0xFF, 0xC7, 0xFF, 0xF0, 0x0C, 0xC0,
    0x1B, 0x30, 0x06, 0xCC, 0x01, 0x80, 0x00, 0x7F, 0xF0, 0x1F, 0xFC, 0x00, 0x00, 0x00, 0x00, 0x00,
    0x00, 0x20, 0x01, 0xFF, 0xC0, 0x7F, 0xF0, 0x01, 0xC0, 0x01, 0xFC, 0x03, 0xE3, 0xE0, 0xE0, 0x38,
    0x7F, 0xFF, 0x1F, 0xFF, 0x81, 0xFF, 0x80, 0x7F, 0xF0, 0x00, 0x0C, 0x07, 0xFF, 0x01, 0x80, 0x00,
    0x7F, 0xF0, 0x1F, 0xFE, 0x00, 0x00, 0x00, 0x00, 0x00, 0x00, 0x20, 0x01, 0xFF, 0xC0, 0x7F, 0xF0,
    0x01, 0xC0, 0x00, 0xF8, 0x01, 0xF7, 0xC0, 0xF0, 0x78, 0x30, 0x06, 0x1F, 0xFF, 0xC0, 0xE3, 0x00,
    0x38, 0xC0, 0x1F, 0xFC, 0x06, 0x03, 0x01, 0x80, 0xC0, 0x7F, 0xF0, 0x1F, 0xFC, 0x00, 0x00, 0x00,
    0x00, 0x00, 0x00, 0x20, 0x01, 0xFF, 0xC0, 0x7F, 0xF8, 0x01, 0xC0, 0x00, 0xF8, 0x00, 0xF7, 0x80,
    0xF0, 0x78, 0x30, 0x06, 0x1F, 0xFF, 0xC3, 0xEB, 0xE0, 0x1F, 0xC0, 0x0F, 0xF8, 0x07, 0x07, 0x01,
    0x80, 0xC0, 0x78, 0xF0, 0x0F, 0xF8, 0x00, 0x00, 0x00, 0x00, 0x00, 0x00, 0x00, 0x00, 0x0C, 0x00,
    0x03, 0x00, 0x1F, 0xFF, 0x07, 0xFF, 0xC0, 0x0C, 0x00, 0x03, 0x80, 0x01, 0xE0, 0x00, 0xEE, 0x00,
    0xF1, 0xE0, 0xF8, 0x3C, 0x10, 0x03, 0x00, 0x00, 0x00, 0x00, 0x01, 0xFF, 0xFE, 0x7F, 0xFF, 0x80,
    0x00, 0x00, 0x00, 0x00, 0x00, 0x20, 0x01, 0xFF, 0xC0, 0x7F, 0xF8, 0x01, 0xC0, 0x00, 0xF8, 0x00,
    0xF7, 0x80, 0xF0, 0x78, 0x10, 0x04, 0x1F, 0xFF, 0xC3, 0xFF, 0xF0, 0x00, 0x00, 0x1F, 0xFC, 0x00,
    0x03, 0x00, 0x00, 0xC0, 0x00, 0x30, 0x00, 0x0C, 0x00, 0x00, 0x00, 0x00, 0x00, 0x00, 0x20, 0x01,
    0xFF, 0xC0, 0x7F, 0xF8, 0x01, 0xC0, 0x00, 0xF8, 0x00, 0x77, 0x00, 0xF8, 0xF8, 0x10, 0x06, 0x1F,
    0xFF, 0xC7, 0xFF, 0xF0, 0x00, 0x00, 0x18, 0x00, 0x06, 0x00, 0x01, 0x80, 0x00, 0x7F, 0xF0, 0x1F,
    0xFC, 0x00, 0x00, 0x00, 0x00, 0x00, 0x00, 0x20, 0x01, 0xFF, 0xC0, 0x7F, 0xF0, 0x01, 0xC0, 0x01,
    0xFC, 0x03, 0xE3, 0xE0, 0xC0, 0x18, 0x7F, 0xFF, 0x1F, 0xFF, 0xC1, 0xFF, 0x80, 0x7F, 0xF0, 0x00,
    0x0C, 0x07, 0xFF, 0x01, 0x80, 0x00, 0x7F, 0xF0, 0x1F, 0xFE, 0x00, 0x00, 0x00, 0x00, 0x00, 0x00,
    0x20, 0x01, 0xFF, 0xC0, 0x7F, 0xF8, 0x01, 0xC0, 0x00, 0xF8, 0x01, 0xF7, 0xC0, 0xF0, 0x78, 0x00,
    0x00, 0x1F, 0xFF, 0xC3, 0x00, 0x60, 0x7F, 0xF0, 0x1F, 0xFC, 0x06, 0x03, 0x01, 0x80, 0xC0, 0x7F,
    0xF0, 0x1F, 0xFC, 0x00, 0x00, 0x00, 0x00, 0x00, 0x00, 0x20, 0x01, 0xFF, 0xC0, 0x7F, 0xF8, 0x01,
    0xC0, 0x00, 0xF8, 0x03, 0xF7, 0xE0, 0xF0, 0x78, 0x7F, 0xFF, 0x1F, 0xFF, 0xC0, 0x00, 0x00, 0x60,
    0x30, 0x1F, 0xFC, 0x07, 0xFF, 0x01, 0x80, 0xC0, 0x7F, 0xF0, 0x1F, 0xFC, 0x00, 0x00, 0x00, 0x00,
    0x00, 0x00, 0x20, 0x01, 0xFF, 0xC0, 0x7F, 0xF8, 0x01, 0xC0, 0x00, 0xF8, 0x00, 0xF7, 0x80, 0xF0,
    0x78, 0x00, 0x00, 0x1F, 0xFF, 0xC7, 0xFF, 0xF0, 0x02, 0x00, 0x01, 0xC0, 0x00, 0x70, 0x00, 0x7F,
    0x00, 0x78, 0xF0, 0x3C, 0x1E, 0x00, 0x00, 0x00, 0x00, 0x00, 0x00, 0x20, 0x01, 0xFF, 0xC0, 0x7F,
    0xF8, 0x01, 0xC0, 0x00, 0xF8, 0x01, 0xF7, 0xC0, 0xF0, 0x78, 0x00, 0x00, 0x1F, 0xFF, 0xC7, 0xFF,
    0xF0, 0x0F, 0x80, 0x0F, 0xF8, 0x07, 0x07, 0x01, 0x80, 0xC0, 0x78, 0xF0, 0x0F, 0xF8, 0x00, 0x00,
    0x00, 0x00, 0x00, 0x00, 0x81, 0x80, 0x30, 0x60, 0x1C, 0x18, 0x3F, 0xE6, 0x0F, 0xF9, 0x80, 0x30,
    0x60, 0x1C, 0x18, 0x07, 0x06, 0x01, 0xE1, 0x80, 0xD8, 0x60, 0x73, 0x18, 0x38, 0xE6, 0x0C, 0x09,
    0x80, 0x00, 0x60, 0x00, 0x18, 0x00, 0x06, 0x00, 0x00, 0x00, 0x00, 0x00, 0x00, 0xC1, 0x80, 0x70,
    0x60, 0xFF, 0x98, 0x1F, 0xC6, 0x01, 0xC1, 0x80, 0x70, 0x60, 0x3E, 0x18, 0x1D, 0xE6, 0x0E, 0x39,
    0x83, 0x00, 0x60, 0x3F, 0xF8, 0x0F, 0xFE, 0x00, 0x01, 0x80, 0x00, 0x60, 0x00, 0x18, 0x00, 0x06,
    0x00, 0x00, 0x00, 0x00, 0x00, 0x00, 0xC1, 0x80, 0x70, 0x60, 0xFF, 0x98, 0x3F, 0xE6, 0x00, 0xC1,
    0x80, 0x70, 0x60, 0x3E, 0x18, 0x1D, 0xC6, 0x0E, 0x39, 0x83, 0x02, 0x60, 0x30, 0x18, 0x0C, 0x06,
    0x03, 0x00, 0x00, 0xC0, 0x00, 0x3F, 0xF8, 0x0F, 0xFE, 0x00, 0x00, 0x00, 0x00, 0x00, 0x00, 0x00,
    0x00, 0x60, 0xC0, 0xFF, 0x30, 0x3F, 0xEC, 0x01, 0x83, 0x00, 0x60, 0xC0, 0x3C, 0x30, 0x1D, 0xCC,
    0x0E, 0x3B, 0x03, 0x04, 0xC0, 0x0E, 0x60, 0x1F, 0xFC, 0x07, 0x00, 0x01, 0xC0, 0x00, 0x70, 0x00,
    0x1F, 0xFC, 0x03, 0xFF, 0x00, 0x00, 0x00, 0x00, 0x00, 0x00, 0x60, 0xC0, 0xFF, 0xB0, 0x3F, 0xEC,
    0x01, 0x83, 0x00, 0xF0, 0xC0, 0x7E, 0x30, 0x39, 0xEC, 0x0C, 0x1B, 0x00, 0x00, 0x80, 0x7F, 0xF0,
    0x00, 0x0C, 0x03, 0xFF, 0x00, 0xFF, 0xC0, 0x20, 0x00, 0x1F, 0xFE, 0x03, 0xFF, 0x00, 0x00, 0x00,
    0x00, 0x81, 0x00, 0x60, 0xE0, 0xFF, 0xB8, 0x3F, 0xEE, 0x01, 0xC3, 0x80, 0x70, 0xE0, 0x77, 0x38,
    0x38, 0xEE, 0x0C, 0x01, 0x01, 0xFF, 0xC0, 0x7F, 0xF8, 0x01, 0x86, 0x07, 0xE3, 0x81, 0xA0, 0xE0,
    0x7F, 0x38, 0x1F, 0xC6, 0x00, 0x00, 0x00, 0x00, 0x00, 0x01, 0x83, 0x00, 0x70, 0xC0, 0xFF, 0xB0,
    0x07, 0x0C, 0x01, 0x83, 0x00, 0xF0, 0xC0, 0x3E, 0x30, 0x39, 0xEC, 0x0C, 0x1B, 0x00, 0x00, 0x40,
    0x3F, 0xF0, 0x0F, 0xFC, 0x03, 0x03, 0x00, 0xC0, 0xC0, 0x3F, 0xF0, 0x0F, 0xFC, 0x00, 0x00, 0x00,
    0x00, 0x00, 0x00, 0x00, 0x00, 0x60, 0xC0, 0xFF, 0x30, 0x3F, 0xCC, 0x01, 0x83, 0x00, 0x70, 0xC0,
    0x3C, 0x30, 0x19, 0xCC, 0x1E, 0x3B, 0x02, 0x00, 0xC0, 0x20, 0x30, 0x1C, 0x0C, 0x03, 0xFF, 0x00,
    0xFF, 0xC0, 0x20, 0x30, 0x1F, 0xFC, 0x03, 0xFF, 0x00, 0x00, 0x00, 0x00, 0xC1, 0x80, 0x70, 0x60,
    0xFF, 0x98, 0x07, 0x06, 0x01, 0xC1, 0x80, 0x70, 0x60, 0x3E, 0x18, 0x1C, 0xE6, 0x0E, 0x19, 0x80,
    0x00, 0x60, 0x03, 0x18, 0x00, 0xE0, 0x00, 0x78, 0x00, 0x3B, 0x80, 0x7C, 0x78, 0x1C, 0x06, 0x00,
    0x00, 0x00, 0x00, 0x00, 0x00, 0x81, 0x80, 0x70, 0x60, 0xFF, 0x98, 0x3F, 0xE6, 0x01, 0xC1, 0x80,
    0x70, 0x60, 0x3E, 0x18, 0x1D, 0xE6, 0x0E, 0x19, 0x82, 0x00, 0x60, 0x1F, 0xE0, 0x0F, 0xFC, 0x03,
    0x01, 0x80, 0xC0, 0x60, 0x3E, 0xF0, 0x07, 0xF8, 0x00, 0x00, 0x00, 0x00, 0x00, 0x00, 0x03, 0x01,
    0xFC, 0xC0, 0xFF, 0x30, 0x00, 0xCC, 0x00, 0x33, 0x00, 0x3C, 0xC0, 0xFE, 0x3C, 0x39, 0x8F, 0x00,
    0xC3, 0x00, 0x70, 0xC0, 0x38, 0x30, 0x3C, 0x0C, 0x0E, 0x03, 0x02, 0x00, 0xC0, 0x00, 0x30, 0x00,
    0x0C, 0x00, 0x00, 0x00, 0x00, 0x00, 0x00, 0x03, 0x03, 0xFC, 0xC0, 0xFF, 0x30, 0x01, 0x8C, 0x1F,
    0xE3, 0xC3, 0xB8, 0xF0, 0x1C, 0x30, 0x1E, 0x0C, 0x0F, 0x03, 0x02, 0x00, 0xC0, 0x7F, 0xF0, 0x1F,
    0xFC, 0x00, 0x03, 0x00, 0x00, 0xC0, 0x00, 0x30, 0x00, 0x0C, 0x00, 0x00, 0x00, 0x00, 0x00, 0x00,
    0x01, 0x01, 0x68, 0xC0, 0xFF, 0x30, 0x00, 0xCC, 0x00, 0x73, 0x03, 0xF8, 0xF0, 0xFE, 0x3E, 0x03,
    0x0C, 0x03, 0x83, 0x03, 0xC0, 0xC0, 0xC0, 0x30, 0x08, 0x0C, 0x03, 0x03, 0x00, 0xC0, 0x00, 0x30,
    0x00, 0x0F, 0xFE, 0x03, 0xFF, 0x80, 0x00, 0x00, 0x00, 0x00, 0x03, 0xF8, 0xC0, 0xFE, 0x30, 0x01,
    0x8C, 0x1F, 0xE3, 0xC7, 0xF0, 0xF0, 0x1C, 0x30, 0x1E, 0x0C, 0x1E, 0x03, 0x03, 0xFF, 0x80, 0x7F,
    0xF0, 0x00, 0x0C, 0x07, 0xFF, 0x01, 0xFF, 0x80, 0x60, 0x00, 0x1F, 0xFC, 0x07, 0xFF, 0x00, 0x00,
    0x00, 0x00, 0x03, 0x03, 0xFC, 0xC0, 0x43, 0x30, 0x00, 0xCC, 0x0F, 0xE3, 0xE3, 0xF8, 0xF0, 0x1C,
    0x30, 0x1E, 0x0C, 0x0F, 0x03, 0x03, 0x00, 0x40, 0x3F, 0xF0, 0x0F, 0xFC, 0x03, 0x03, 0x00, 0xC0,
    0xC0, 0x3F, 0xF0, 0x0F, 0xFC, 0x00, 0x00, 0x00, 0x00, 0x00, 0x00, 0x23, 0x03, 0xFC, 0xC0, 0x07,
    0x30, 0x07, 0x8C, 0x1F, 0xE3, 0xC2, 0x30, 0xC0, 0x3C, 0x30, 0x3E, 0x0C, 0x1E, 0x03, 0x02, 0x00,
    0x00, 0x60, 0x30, 0x1F, 0xFC, 0x07, 0xFF, 0x01, 0x80, 0xC0, 0x7F, 0xF0, 0x1F, 0xFC, 0x00, 0x00,
    0x00, 0x00, 0x00, 0x00, 0x03, 0x03, 0xFC, 0xC0, 0xFF, 0x30, 0x01, 0x8C, 0x0F, 0xE3, 0xC7, 0xF8,
    0xF0, 0x0C, 0x30, 0x0E, 0x0C, 0x0F, 0x03, 0x03, 0x8C, 0xC0, 0x03, 0x30, 0x00, 0xC0, 0x00, 0x78,
    0x00, 0x77, 0x00, 0x78, 0xF8, 0x1C, 0x0E, 0x00, 0x00, 0x00, 0x00, 0x00, 0x00, 0x03, 0x03, 0xFC,
    0xC0, 0xFF, 0x30, 0x01, 0x8C, 0x1F, 0xE3, 0xC7, 0xF8, 0xF0, 0x1C, 0x30, 0x0E, 0x0C, 0x0F, 0x03,
    0x03, 0x00, 0xC0, 0x1F, 0xC0, 0x0F, 0xF8, 0x06, 0x03, 0x01, 0x80, 0xC0, 0x3F, 0xE0, 0x07, 0xF0,
    0x00, 0x00, 0x00, 0x00, 0x00, 0x00, 0x09, 0x80, 0x06, 0x60, 0xFC, 0x98, 0x03, 0x26, 0x00, 0xD9,
    0x81, 0xF6, 0x61, 0xFD, 0xF8, 0x27, 0x7E, 0x01, 0x99, 0x80, 0xC6, 0x60, 0x71, 0x98, 0x78, 0x66,
    0x18, 0x19, 0x80, 0x06, 0x60, 0x01, 0x98, 0x00, 0x26, 0x00, 0x00, 0x00, 0x00, 0x00, 0x00, 0x09,
    0x83, 0xF6, 0x60, 0xFD, 0x98, 0x03, 0x66, 0x1F, 0xDF, 0x87, 0xF7, 0xE0, 0x19, 0x98, 0x1C, 0x66,
    0x0E, 0x19, 0x87, 0x02, 0x60, 0x3F, 0xF8, 0x0F, 0xFE, 0x00, 0x01, 0x80, 0x00, 0x60, 0x00, 0x18,
    0x00, 0x06, 0x00, 0x00, 0x00, 0x00, 0x00, 0x00, 0x09, 0x83, 0xF7, 0x60, 0xFC, 0xD8, 0x03, 0x66,
    0x0F, 0xDD, 0x87, 0xF7, 0xE0, 0x19, 0xF8, 0x0E, 0x66, 0x0F, 0x1D, 0x87, 0x06, 0x60, 0xB1, 0xD8,
    0x0C, 0x26, 0x03, 0x00, 0x00, 0xC0, 0x00, 0x3F, 0xF8, 0x0F, 0xFE, 0x00, 0x00, 0x00, 0x00, 0x00,
    0x00, 0x09, 0x83, 0xFB, 0x60, 0x06, 0x98, 0x03, 0xBE, 0x0F, 0xDF, 0x83, 0x77, 0x60, 0x39, 0xD8,
    0x3C, 0x76, 0x0C, 0x08, 0x80, 0xFF, 0xE0, 0x3F, 0xF8, 0x07, 0xFE, 0x03, 0xFF, 0x80, 0xC0, 0x00,
    0x3F, 0xF8, 0x0F, 0xFF, 0x00, 0x00, 0x00, 0x00, 0x00, 0x00, 0x09, 0x83, 0xF3, 0x60, 0xFC, 0xD8,
    0x03, 0x76, 0x1F, 0xDF, 0x87, 0xF7, 0xE0, 0x19, 0x98, 0x1C, 0x76, 0x1E, 0x1D, 0x86, 0x02, 0x60,
    0x3F, 0xF8, 0x0F, 0xFE, 0x03, 0x01, 0x80, 0xC0, 0x60, 0x3F, 0xF8, 0x0F, 0xFE, 0x00, 0x00, 0x00,
    0x00, 0x00, 0x00, 0x09, 0x83, 0xF3, 0x60, 0xFC, 0xD8, 0x03, 0x66, 0x1F, 0xDF, 0x87, 0xF7, 0xE0,
    0x39, 0x98, 0x1C, 0x76, 0x1E, 0x09, 0x82, 0x00, 0x60, 0x30, 0x18, 0x0F, 0xFE, 0x03, 0xFF, 0x80,
    0xC0, 0x60, 0x3F, 0xF8, 0x0F, 0xFE, 0x00, 0x00, 0x00, 0x00, 0x00, 0x00, 0x09, 0x83, 0xF6, 0x60,
    0xFD, 0x98, 0x03, 0x66, 0x1F, 0xDF, 0x87, 0xF7, 0xE0, 0x19, 0x98, 0x0C, 0x66, 0x0E, 0x19, 0x87,
    0x06, 0x60, 0x03, 0x18, 0x00, 0xE0, 0x00, 0x78, 0x00, 0x3B, 0x80, 0x7C, 0x78, 0x1C, 0x0E, 0x00,
    0x00, 0x00, 0x00, 0x00, 0x00, 0x09, 0x83, 0xFB, 0x60, 0xFE, 0x98, 0x03, 0x26, 0x1F, 0xDF, 0x87,
    0xF7, 0xE0, 0x19, 0x98, 0x1C, 0x76, 0x0E, 0x19, 0x83, 0x02, 0x60, 0x18, 0x60, 0x06, 0x18, 0x01,
    0xC7, 0x00, 0xF3, 0xC0, 0xE7, 0x9C, 0x30, 0xC3, 0x00, 0x00, 0x00, 0x00, 0x00, 0x00, 0x0D, 0x83,
    0xFB, 0x60, 0xFE, 0xD8, 0x01, 0xB6, 0x0F, 0xEF, 0x83, 0xF3, 0xE0, 0x1C, 0xD8, 0x0E, 0x36, 0x0F,
    0x0D, 0x83, 0x02, 0x60, 0x0F, 0xF0, 0x07, 0xFE, 0x03, 0x01, 0x80, 0xC0, 0x60, 0x1C, 0x78, 0x03,
    0xFC, 0x00, 0x00, 0x00, 0x00, 0x00, 0x00, 0x03, 0x01, 0xFC, 0xC0, 0xFF, 0x30, 0x00, 0xCC, 0x00,
    0x33, 0xC0, 0x3C, 0xF0, 0xFE, 0x30, 0x39, 0x8C, 0x00, 0xC3, 0x00, 0x70, 0xF0, 0x38, 0x3C, 0x1C,
    0x0C, 0x0E, 0x03, 0x02, 0x00, 0xC0, 0x00, 0x30, 0x00, 0x0C, 0x00, 0x00, 0x00, 0x00, 0x00, 0x00,
    0x03, 0x03, 0xFC, 0xC0, 0xFF, 0x3C, 0x01, 0x8F, 0x1F, 0xE3, 0x03, 0xF8, 0xF0, 0x1C, 0x3C, 0x1E,
    0x0C, 0x0E, 0x03, 0x02, 0x00, 0xC0, 0x7F, 0xF0, 0x1F, 0xFC, 0x00, 0x03, 0x00, 0x00, 0xC0, 0x00,
    0x30, 0x00, 0x0C, 0x00, 0x00, 0x00, 0x00, 0x00, 0x00, 0x03, 0x03, 0xFC, 0xC0, 0xFF, 0x3C, 0x01,
    0x8F, 0x1F, 0xE3, 0x07, 0xF8, 0xC0, 0x1C, 0x3C, 0x0E, 0x0F, 0x0F, 0x03, 0x03, 0x00, 0xC0, 0x1F,
    0xC0, 0x0F, 0xF8, 0x06, 0x03, 0x01, 0x80, 0xC0, 0x3D, 0xE0, 0x07, 0xF0, 0x00, 0x00, 0x00, 0x00,
    0x00, 0x00, 0x01, 0x83, 0xF8, 0x60, 0xFF, 0x18, 0x01, 0xC6, 0x00, 0x61, 0x80, 0x38, 0x61, 0xFF,
    0xF8, 0x7B, 0x7E, 0x00, 0xC1, 0x80, 0x60, 0x60, 0x38, 0x18, 0x3C, 0x06, 0x1C, 0x01, 0x82, 0x00,
    0x60, 0x00, 0x18, 0x00, 0x06, 0x00, 0x00, 0x00, 0x00, 0x00, 0x00, 0x03, 0x03, 0xFC, 0xC0, 0x77,
    0x30, 0x01, 0x8C, 0x1F, 0xFF, 0x03, 0xB7, 0xC0, 0x1C, 0x30, 0x1E, 0x0C, 0x0E, 0x03, 0x02, 0x00,
    0x40, 0x3F, 0xF0, 0x1F, 0xFC, 0x00, 0x03, 0x00, 0x00, 0xC0, 0x00, 0x30, 0x00, 0x0C, 0x00, 0x00,
    0x00, 0x00, 0x00, 0x00, 0x03, 0x83, 0xFC, 0xE0, 0xFF, 0x38, 0x01, 0x8E, 0x0F, 0xE3, 0x87, 0xFF,
    0xE0, 0x0D, 0xF8, 0x0E, 0x0E, 0x0F, 0x03, 0x83, 0x80, 0xE0, 0x10, 0x38, 0x0C, 0x0E, 0x03, 0x00,
    0x00, 0xC0, 0x00, 0x3F, 0xF8, 0x0F, 0xFE, 0x00, 0x00, 0x00, 0x00, 0x00, 0x00, 0x01, 0x83, 0xFC,
    0x60, 0x03, 0x18, 0x01, 0xC6, 0x0F, 0xFF, 0x83, 0x3B, 0xE0, 0x1C, 0x18, 0x1E, 0x06, 0x0E, 0x01,
    0x82, 0x00, 0x00, 0x3F, 0xF8, 0x0F, 0xFE, 0x03, 0x00, 0x00, 0xC0, 0x00, 0x3F, 0xF8, 0x0F, 0xFE,
    0x00, 0x00, 0x00, 0x00, 0x00, 0x07, 0xA1, 0x83, 0xFC, 0x60, 0x03, 0x18, 0x3F, 0xC6, 0x0F, 0xFF,
    0x80, 0x38, 0x60, 0x3C, 0x18, 0x3C, 0x06, 0x0E, 0x01, 0x80, 0xFF, 0xE0, 0x00, 0x18, 0x07, 0xFE,
    0x03, 0xFF, 0x80, 0xC0, 0x00, 0x3F, 0xF8, 0x0F, 0xFE, 0x00, 0x00, 0x00, 0x00, 0x00, 0x00, 0x01,
    0x83, 0xFC, 0x60, 0x03, 0x18, 0x00, 0xC6, 0x0F, 0xFF, 0x83, 0xBB, 0xE0, 0x1C, 0x18, 0x1E, 0x06,
    0x0F, 0x01, 0x83, 0x00, 0x40, 0x3F, 0xF8, 0x0F, 0xFE, 0x03, 0x01, 0x80, 0xC0, 0x60, 0x3F, 0xF8,
    0x0F, 0xFE, 0x00, 0x00, 0x00, 0x00, 0x00, 0x00, 0x01, 0x83, 0xFC, 0x60, 0x03, 0x18, 0x01, 0xC6,
    0x0F, 0xFF, 0x83, 0x3B, 0xE0, 0x1C, 0x18, 0x1E, 0x06, 0x0F, 0x01, 0x83, 0x00, 0x00, 0x30, 0x18,
    0x0F, 0xFE, 0x03, 0xFF, 0x80, 0xC0, 0x60, 0x3F, 0xF8, 0x0F, 0xFE, 0x00, 0x00, 0x00, 0x00, 0x00,
    0x00, 0x03, 0x83, 0xFC, 0xE0, 0xFF, 0x38, 0x01, 0x8E, 0x1F, 0xEF, 0x87, 0xFF, 0xE0, 0x0C, 0x38,
    0x0E, 0x0E, 0x0F, 0x03, 0x83, 0x04, 0xE0, 0x03, 0x38, 0x00, 0xE0, 0x00, 0x78, 0x00, 0x3B, 0x80,
    0x7C, 0x78, 0x1C, 0x0E, 0x00, 0x00, 0x00, 0x00, 0x00, 0x00, 0x01, 0x83, 0xFC, 0x60, 0x43, 0x18,
    0x00, 0xC6, 0x0F, 0xFF, 0x83, 0xBB, 0xE0, 0x1C, 0x18, 0x1E, 0x06, 0x0F, 0x01, 0x82, 0x00, 0x60,
    0x18, 0x60, 0x06, 0x18, 0x01, 0xC7, 0x00, 0xF3, 0xC0, 0xF7, 0xDC, 0x30, 0xE3, 0x00, 0x00, 0x00,
    0x00, 0x00, 0x00, 0x03, 0x83, 0xFC, 0xE0, 0xFF, 0x38, 0x01, 0x8E, 0x0F, 0xFF, 0x83, 0xFF, 0xE0,
    0x0C, 0x38, 0x0E, 0x0E, 0x0F, 0x03, 0x83, 0x00, 0x60, 0x1F, 0xE0, 0x0F, 0xFC, 0x03, 0x03, 0x80,
    0xC0, 0xE0, 0x3F, 0xF0, 0x07, 0xF8, 0x00, 0x00, 0x00, 0x00, 0x00, 0x00, 0x0D, 0x80, 0x03, 0x60,
    0xFE, 0xD8, 0x0B, 0x36, 0x00, 0xCD, 0x83, 0xF3, 0x61, 0xFF, 0xD8, 0x07, 0xF6, 0x01, 0x8D, 0x80,
    0xC3, 0x60, 0x60, 0xD8, 0x70, 0x36, 0x08, 0x0D, 0x80, 0x03, 0x60, 0x00, 0xD8, 0x00, 0x06, 0x00,
    0x00, 0x00, 0x00, 0x00, 0x00, 0x0D, 0x83, 0xF3, 0x60, 0xFE, 0xD8, 0x03, 0x36, 0x1F, 0xFD, 0x87,
    0xFF, 0x60, 0x18, 0xD8, 0x1C, 0x36, 0x0E, 0x0D, 0x87, 0x03, 0x60, 0x3F, 0xF8, 0x0F, 0xFE, 0x00,
    0x01, 0x80, 0x00, 0x60, 0x00, 0x18, 0x00, 0x06, 0x00, 0x00, 0x00, 0x00, 0x00, 0x00, 0x0D, 0x83,
    0xF3, 0x60, 0xFE, 0xD8, 0x03, 0x36, 0x0F, 0xCD, 0x87, 0xFF, 0x60, 0x1F, 0xD8, 0x0E, 0x36, 0x0F,
    0x0D, 0x87, 0x03, 0x60, 0x90, 0xD8, 0x0C, 0x36, 0x03, 0x00, 0x00, 0xC0, 0x00, 0x3F, 0xF8, 0x0F,
    0xFE, 0x00, 0x00, 0x00, 0x00, 0x00, 0x00, 0x0D, 0x83, 0xFB, 0x60, 0x4C, 0xD8, 0x03, 0x36, 0x1F,
    0xFD, 0x82, 0x7F, 0x60, 0x38, 0xD8, 0x38, 0x36, 0x1C, 0x0D, 0x80, 0xFF, 0xE0, 0x1F, 0xF8, 0x07,
    0xFE, 0x03, 0xFF, 0x80, 0xC0, 0x00, 0x3F, 0xF8, 0x0F, 0xFF, 0x00, 0x00, 0x00, 0x00, 0x00, 0x00,
    0x0D, 0x83, 0xFB, 0x60, 0xFE, 0xD8, 0x03, 0x36, 0x1F, 0xFD, 0x87, 0xFF, 0x60, 0x18, 0xD8, 0x1C,
    0x36, 0x1E, 0x0D, 0x82, 0x00, 0x40, 0x3F, 0xF8, 0x0F, 0xFE, 0x03, 0x01, 0x80, 0xC0, 0x60, 0x3F,
    0xF8, 0x0F, 0xFE, 0x00, 0x00, 0x00, 0x00, 0x00, 0x00, 0x0D, 0x83, 0xFB, 0x60, 0xFE, 0xD8, 0x03,
    0x36, 0x1F, 0xFD, 0x87, 0x7F, 0x60, 0x38, 0xD8, 0x1C, 0x36, 0x1E, 0x0D, 0x82, 0x00, 0x00, 0x30,
    0x18, 0x0F, 0xFE, 0x03, 0xFF, 0x80, 0xC0, 0x60, 0x3F, 0xF8, 0x0F, 0xFE, 0x00, 0x00, 0x00, 0x00,
    0x00, 0x00, 0x0D, 0x83, 0xF3, 0x60, 0xFE, 0xD8, 0x03, 0x36, 0x1F, 0xFD, 0x87, 0xFF, 0x60, 0x18,
    0xD8, 0x0C, 0x36, 0x0F, 0x0D, 0x87, 0x07, 0x60, 0x03, 0x18, 0x00, 0xE0, 0x00, 0x78, 0x00, 0x3B,
    0x80, 0x7C, 0x78, 0x1C, 0x06, 0x00, 0x00, 0x00, 0x00, 0x00, 0x00, 0x0D, 0x83, 0xFB, 0x60, 0xFE,
    0xD8, 0x01, 0xB6, 0x0F, 0xFD, 0x83, 0xFF, 0x60, 0x1C, 0xD8, 0x0E, 0x36, 0x0F, 0x0D, 0x83, 0x03,
    0x60, 0x0F, 0xF0, 0x07, 0xFE, 0x03, 0x01, 0x80, 0xC0, 0x60, 0x1C, 0x78, 0x03, 0xFC, 0x00, 0x00,
    0x00, 0x00, 0x00, 0x00, 0x03, 0x83, 0xFC, 0xE0, 0xFF, 0x38, 0x01, 0xFE, 0x0F, 0xFF, 0x83, 0xF8,
    0x60, 0x0D, 0xF8, 0x0E, 0xFE, 0x0F, 0x03, 0x83, 0x80, 0xE0, 0x30, 0x38, 0x0C, 0x06, 0x03, 0x00,
    0x00, 0xC0, 0x00, 0x3F, 0xF8, 0x0F, 0xFE, 0x00, 0x00, 0x00, 0x00, 0x00, 0x05, 0xA1, 0x83, 0xFC,
    0x60, 0x03, 0xF8, 0x3F, 0xFE, 0x0F, 0xE1, 0x80, 0x3F, 0xE0, 0x3D, 0xF8, 0x3C, 0x06, 0x0E, 0x01,
    0x00, 0xFF, 0xE0, 0x00, 0x18, 0x07, 0xFE, 0x03, 0xFF, 0x80, 0xC0, 0x00, 0x3F, 0xF8, 0x0F, 0xFE,
    0x00, 0x00, 0x00, 0x00, 0x00, 0x00, 0x01, 0x83, 0xFC, 0x60, 0x43, 0xF8, 0x01, 0xFE, 0x1F, 0xE1,
    0x83, 0xB8, 0x60, 0x1D, 0xF8, 0x1E, 0x7E, 0x0F, 0x01, 0x83, 0x00, 0x60, 0x3F, 0xF8, 0x0F, 0xFE,
    0x03, 0x01, 0x80, 0xC0, 0x60, 0x3F, 0xF8, 0x0F, 0xFE, 0x00, 0x00, 0x00, 0x00, 0x00, 0x00, 0x01,
    0x83, 0xFC, 0x60, 0x03, 0xF8, 0x01, 0xFE, 0x1F, 0xE1, 0x83, 0x3F, 0xE0, 0x1D, 0xF8, 0x1E, 0x06,
    0x0E, 0x01, 0x82, 0x00, 0x00, 0x30, 0x18, 0x0F, 0xFE, 0x03, 0xFF, 0x80, 0xC0, 0x60, 0x3F, 0xF8,
    0x0F, 0xFE, 0x00, 0x00, 0x00, 0x00, 0x00, 0x00, 0x03, 0x83, 0xFC, 0xE0, 0xFF, 0x38, 0x01, 0xFE,
    0x0F, 0xFF, 0x87, 0xF8, 0x60, 0x0D, 0xF8, 0x0E, 0xFE, 0x0F, 0x03, 0x83, 0x04, 0xE0, 0x03, 0x38,
    0x00, 0xE0, 0x00, 0x78, 0x00, 0x3B, 0x80, 0x7C, 0x78, 0x1C, 0x0E, 0x00, 0x00, 0x00, 0x00, 0x00,
    0x00, 0x01, 0x03, 0xFC, 0xE0, 0xFF, 0x38, 0x00, 0xFE, 0x0F, 0xFF, 0x83, 0xF8, 0x60, 0x0D, 0xF8,
    0x0E, 0x7E, 0x0F, 0x01, 0x83, 0x00, 0x60, 0x18, 0x60, 0x06, 0x18, 0x01, 0x8E, 0x00, 0xF3, 0xC0,
    0xE7, 0xBC, 0x31, 0xC7, 0x00, 0x00, 0x00, 0x00, 0x00, 0x00, 0x03, 0x83, 0xFC, 0xE0, 0xFF, 0x38,
    0x01, 0xFE, 0x0F, 0xE3, 0x83, 0xF8, 0xE0, 0x0F, 0xF8, 0x0E, 0x7E, 0x0F, 0x03, 0x83, 0x00, 0x60,
    0x1F, 0xE0, 0x0F, 0xFC, 0x03, 0x03, 0x80, 0xC0, 0xE0, 0x3F, 0xF0, 0x07, 0xF8, 0x00, 0x00, 0x00,
    0x00, 0x00, 0x00, 0x0D, 0x80, 0x03, 0x60, 0xFE, 0xD8, 0x0B, 0x36, 0x00, 0xFD, 0x81, 0xFF, 0x61,
    0xFC, 0xD8, 0x26, 0x36, 0x01, 0xFD, 0x80, 0xDF, 0x60, 0x70, 0xD8, 0x70, 0x36, 0x08, 0x0D, 0x80,
    0x03, 0x60, 0x00, 0xD8, 0x00, 0x26, 0x00, 0x00, 0x00, 0x00, 0x00, 0x00, 0x00, 0x00, 0xFF, 0xC0,
    0x7F, 0xF8, 0x00, 0x0E, 0x00, 0x01, 0x80, 0x01, 0xE0, 0xFF, 0xF8, 0x1F, 0xCE, 0x00, 0x03, 0x80,
    0x18, 0xC0, 0x06, 0x30, 0x01, 0x80, 0x00, 0x60, 0x07, 0xFF, 0xF9, 0xFF, 0xFE, 0x00, 0x00, 0x00,
    0x00, 0x00, 0x00, 0x00, 0x03, 0xFF, 0x01, 0xFF, 0xE0, 0x00, 0x18, 0x01, 0xFE, 0x07, 0xFF, 0x81,
    0x80, 0x60, 0x06, 0x38, 0x01, 0x84, 0x1F, 0xFF, 0xE7, 0xFF, 0xF0, 0x00, 0x00, 0x1F, 0xFE, 0x07,
    0xFF, 0x80, 0x00, 0x60, 0x00, 0x18, 0x00, 0x06, 0x00, 0x01, 0x80, 0x00, 0x00, 0x00, 0x00, 0x01,
    0xFF, 0xE0, 0x00, 0x18, 0x00, 0x06, 0x07, 0xFF, 0x81, 0xF0, 0x60, 0x06, 0x38, 0x01, 0x84, 0x0F,
    0xFF, 0xC7, 0xFF, 0xF8, 0x00, 0x00, 0x18, 0x00, 0x06, 0x00, 0x01, 0x80, 0x00, 0x60, 0x00, 0x1F,
    0xFE, 0x07, 0xFF, 0x80, 0x00, 0x00, 0x07, 0xFF, 0x01, 0xFF, 0xC0, 0x00, 0x30, 0x1F, 0xFC, 0x0F,
    0xFF, 0x00, 0x18, 0xC0, 0x06, 0x30, 0x7F, 0xFF, 0x0F, 0xFF, 0xC0, 0x00, 0x00, 0x7F, 0xF0, 0x00,
    0x0C, 0x07, 0xFF, 0x01, 0xFF, 0xC0, 0x60, 0x00, 0x1F, 0xFE, 0x07, 0xFF, 0x80, 0x00, 0x00, 0x07,
    0xFF, 0x01, 0xFF, 0xC0, 0x00, 0x30, 0x1F, 0xFC, 0x0F, 0xFF, 0x00, 0x10, 0xC0, 0x06, 0x30, 0x01,
    0x80, 0x1F, 0xFF, 0xC3, 0xFF, 0xF0, 0x00, 0x00, 0x1F, 0xFC, 0x06, 0x03, 0x01, 0x80, 0xC0, 0x60,
    0x30, 0x1F, 0xFC, 0x07, 0xFF, 0x00, 0x00, 0x00, 0x07, 0xFF, 0x01, 0xFF, 0xC0, 0x00, 0x30, 0x1F,
    0xFC, 0x0F, 0xFF, 0x00, 0x10, 0xC0, 0x06, 0x30, 0x7F, 0xFF, 0x1F, 0xFF, 0xC0, 0x00, 0x00, 0x60,
    0x30, 0x1F, 0xFC, 0x07, 0xFF, 0x01, 0x80, 0xC0, 0x60, 0x30, 0x1F, 0xFC, 0x07, 0xFF, 0x00, 0x00,
    0x00, 0x03, 0xFF, 0x01, 0xFF, 0xE0, 0x00, 0x18, 0x01, 0xFE, 0x07, 0xFF, 0x81, 0x80, 0x60, 0x06,
    0x38, 0x01, 0x80, 0x1F, 0xFF, 0xE7, 0xFF, 0xF0, 0x02, 0x00, 0x00, 0xC0, 0x00, 0x70, 0x00, 0x3E,
    0x00, 0x3C, 0xE0, 0x1E, 0x1E, 0x04, 0x01, 0x80, 0x00, 0x00, 0x07, 0xFF, 0x01, 0xFF, 0xC0, 0x00,
    0x30, 0x03, 0xFC, 0x0F, 0xFF, 0x01, 0x80, 0xC0, 0x06, 0x30, 0x01, 0x80, 0x1F, 0xFF, 0xC7, 0xFF,
    0xF0, 0x00, 0x00, 0x0F, 0xF8, 0x07, 0x8F, 0x01, 0x80, 0xC0, 0x70, 0x30, 0x0F, 0xF8, 0x00, 0xFC,
    0x00, 0x00, 0x00, 0x00, 0x03, 0x03, 0xFC, 0xC0, 0xFF, 0x30, 0x00, 0xCC, 0x00, 0x33, 0x07, 0xFC,
    0xC0, 0xFF, 0x3C, 0x00, 0xCF, 0x03, 0x33, 0x00, 0xCC, 0xC0, 0x30, 0xB0, 0x7F, 0xEC, 0x1F, 0xE3,
    0x00, 0x00, 0xC0, 0x00, 0x30, 0x00, 0x0C, 0x00, 0x00, 0x00, 0x00, 0x00, 0x00, 0x03, 0x03, 0xFE,
    0xC0, 0x03, 0xB0, 0x03, 0xCC, 0x0F, 0xF3, 0xC1, 0x0C, 0xF0, 0x1B, 0x30, 0x06, 0x6C, 0x1F, 0xFB,
    0x07, 0xF8, 0xC0, 0x00, 0x20, 0x1F, 0xFC, 0x00, 0x03, 0x00, 0x00, 0xC0, 0x00, 0x30, 0x00, 0x0C,
    0x00, 0x00, 0x00, 0x00, 0x00, 0x00, 0x03, 0x03, 0xFC, 0xC0, 0xFF, 0xB0, 0x00, 0xEC, 0x0F, 0xF3,
    0x03, 0xEC, 0xF0, 0x1B, 0x3C, 0x06, 0x4C, 0x1F, 0xFF, 0x07, 0xFE, 0xC0, 0x00, 0x30, 0x0C, 0x0C,
    0x03, 0x00, 0x00, 0xC0, 0x00, 0x3F, 0xF0, 0x0F, 0xFE, 0x00, 0x00, 0x00, 0x00, 0x00, 0x00, 0x03,
    0x03, 0xFC, 0xC0, 0x03, 0x30, 0x3F, 0xCF, 0x0F, 0xF3, 0xC0, 0x4C, 0xC0, 0x3B, 0xB0, 0x7F, 0xEC,
    0x1F, 0x03, 0x01, 0xFF, 0xC0, 0x7F, 0xF0, 0x00, 0x0C, 0x07, 0xFF, 0x01, 0x80, 0x00, 0x7F, 0xF0,
    0x1F, 0xFE, 0x00, 0x00, 0x00, 0x00, 0x00, 0x00, 0x03, 0x03, 0xFC, 0xC0, 0x03, 0x30, 0x0F, 0xCC,
    0x0F, 0xF3, 0xC0, 0x4C, 0xF0, 0x33, 0x30, 0x3F, 0xEC, 0x1F, 0xFB, 0x00, 0x00, 0xC0, 0x3F, 0xF0,
    0x1F, 0xFC, 0x06, 0x03, 0x01, 0x80, 0xC0, 0x7F, 0xF0, 0x1F, 0xFC, 0x00, 0x00, 0x00, 0x00, 0x00,
    0x00, 0x03, 0x03, 0xFC, 0xC0, 0x03, 0x30, 0x07, 0xCC, 0x0F, 0xF3, 0xC0, 0x0C, 0xF8, 0x3B, 0x30,
    0x0E, 0x6C, 0x1F, 0xFF, 0x07, 0xF0, 0xC0, 0x0F, 0xD0, 0x0F, 0xF8, 0x07, 0x03, 0x01, 0x80, 0xC0,
    0x78, 0xF0, 0x07, 0xF8, 0x00, 0x00, 0x00, 0x00, 0x00, 0x00, 0x0D, 0x83, 0xFB, 0x60, 0xFE, 0xD8,
    0x01, 0xB6, 0x01, 0xED, 0x87, 0xFB, 0x60, 0xC6, 0xF8, 0x09, 0xBE, 0x03, 0x6D, 0x80, 0xC3, 0x61,
    0xFF, 0xD8, 0x7F, 0xF6, 0x00, 0x0D, 0x80, 0x03, 0x60, 0x00, 0xD8, 0x00, 0x06, 0x00, 0x00, 0x00,
    0x00, 0x00, 0x00, 0x0D, 0x83, 0xFB, 0x60, 0xFE, 0xD8, 0x01, 0xB6, 0x1F, 0xEF, 0x83, 0x9B, 0xE0,
    0x36, 0xD8, 0x0C, 0x36, 0x1F, 0xFD, 0x87, 0xE3, 0x60, 0x07, 0xD8, 0x0F, 0xFC, 0x03, 0x03, 0x80,
    0xC0, 0x60, 0x3E, 0xF8, 0x07, 0xF8, 0x00, 0x00, 0x00, 0x00, 0x00, 0x00, 0x03, 0x03, 0xFC, 0xC0,
    0xFF, 0xB0, 0x00, 0x6C, 0x00, 0x3B, 0x03, 0xFE, 0xC0, 0xFB, 0x30, 0x04, 0xCC, 0x01, 0xB3, 0x00,
    0x60, 0xC0, 0x18, 0xB0, 0x7F, 0xFC, 0x1F, 0xF3, 0x00, 0x00, 0xC0, 0x00, 0x30, 0x00, 0x0C, 0x00,
    0x00, 0x00, 0x00, 0x00, 0x00, 0x01, 0x81, 0xFE, 0x60, 0x01, 0x98, 0x1F, 0xE6, 0x0F, 0xF9, 0x80,
    0x66, 0x60, 0x19, 0xD8, 0x7F, 0xF6, 0x0F, 0xC1, 0x80, 0xFF, 0xC0, 0x3F, 0xF8, 0x00, 0x06, 0x03,
    0xFF, 0x80, 0xC0, 0x00, 0x3F, 0xF8, 0x0F, 0xFF, 0x00, 0x00, 0x00, 0x00, 0x00, 0x00, 0x00, 0x00,
    0x00, 0x00, 0x7F, 0xF8, 0x1F, 0xFE, 0x00, 0x01, 0x80, 0x00, 0x60, 0xFF, 0xF8, 0x3F, 0xFE, 0x00,
    0x01, 0x80, 0x66, 0x60, 0x19, 0x98, 0x06, 0x66, 0x01, 0x98, 0x03, 0xFF, 0xF1, 0xFF, 0xFE, 0x00,
    0x00, 0x00, 0x00, 0x00, 0x00, 0x00, 0x07, 0xFF, 0x81, 0xFF, 0xE0, 0x00, 0x18, 0x00, 0x3E, 0x07,
    0xFF, 0x81, 0xF8, 0xE0, 0x00, 0x30, 0x00, 0x0C, 0x1F, 0xFF, 0xE3, 0xFF, 0xF0, 0x03, 0x00, 0x00,
    0xC0, 0x00, 0x30, 0x00, 0x0C, 0x00, 0x03, 0x00, 0x00, 0xC0, 0x00, 0x00, 0x00, 0x00, 0x00, 0x03,
    0xFF, 0x01, 0xFF, 0xC0, 0x00, 0x30, 0x00, 0x0C, 0x07, 0xFF, 0x01, 0xF0, 0xC0, 0x00, 0x30, 0x7F,
    0xFF, 0x1F, 0xFF, 0xC0, 0x0C, 0x00, 0x03, 0x00, 0x1F, 0xFC, 0x07, 0xFF, 0x00, 0x00, 0xC0, 0x00,
    0x30, 0x00, 0x0C, 0x00, 0x03, 0x00, 0x00, 0x00, 0x07, 0xFF, 0x81, 0xFF, 0xE0, 0x00, 0x18, 0x00,
    0x3E, 0x0F, 0xFF, 0x81, 0xF8, 0xE0, 0x00, 0x30, 0x7F, 0xFF, 0x9F, 0xFF, 0xE0, 0x0C, 0x00, 0x63,
    0x00, 0x18, 0xC0, 0x06, 0x30, 0x01, 0x80, 0x00, 0x7F, 0xF8, 0x1F, 0xFE, 0x00, 0x00, 0x00, 0x00,
    0x00, 0x03, 0xFF, 0x01, 0xFF, 0xC0, 0x00, 0x30, 0x00, 0x3C, 0x0F, 0xFF, 0x00, 0x00, 0xC1, 0xFF,
    0xFC, 0x7F, 0xFF, 0x00, 0x30, 0x01, 0xFF, 0xC0, 0x7F, 0xF8, 0x00, 0x0C, 0x07, 0xFF, 0x81, 0xFF,
    0xC0, 0x60, 0x00, 0x1F, 0xFE, 0x07, 0xFF, 0x80, 0x00, 0x00, 0x07, 0xFF, 0x01, 0xFF, 0xC0, 0x00,
    0x30, 0x00, 0x7C, 0x0F, 0xFF, 0x01, 0xC0, 0xC0, 0x00, 0x30, 0x7F, 0xFF, 0x1F, 0xFF, 0xC0, 0x0C,
    0x00, 0x7F, 0xF0, 0x1F, 0xFC, 0x06, 0x03, 0x01, 0x80, 0xC0, 0x60, 0x30, 0x1F, 0xFC, 0x07, 0xFF,
    0x00, 0x00, 0x00, 0x03, 0xFF, 0x01, 0xFF, 0xE0, 0x00, 0x18, 0x00, 0xFE, 0x07, 0xFF, 0x81, 0x80,
    0x60, 0x00, 0x38, 0x7F, 0xFF, 0x1F, 0xFF, 0xC0, 0x0C, 0x00, 0x63, 0x18, 0x1F, 0xFE, 0x07, 0xFF,
    0x81, 0x80, 0x60, 0x60, 0x18, 0x1F, 0xFE, 0x07, 0xFF, 0x80, 0x00, 0x00, 0x03, 0xFF, 0x01, 0xFF,
    0xC0, 0x00, 0x30, 0x00, 0x3C, 0x07, 0xFF, 0x01, 0xE0, 0xC0, 0x00, 0x30, 0x7F, 0xFF, 0x1F, 0xFF,
    0xC0, 0x0C, 0x00, 0x03, 0x00, 0x00, 0xC0, 0x00, 0x70, 0x00, 0x3E, 0x00, 0x3D, 0xE0, 0x3E, 0x1E,
    0x04, 0x01, 0x00, 0x00, 0x00, 0x07, 0xFF, 0x01, 0xFF, 0xC0, 0x00, 0x30, 0x00, 0x0C, 0x0F, 0xFF,
    0x01, 0xE0, 0xC0, 0x00, 0x30, 0x7F, 0xFF, 0x1F, 0xFF, 0xC0, 0x0C, 0x00, 0x0F, 0x80, 0x0F, 0xF8,
    0x07, 0x07, 0x01, 0x80, 0xC0, 0x70, 0x70, 0x0F, 0xF8, 0x00, 0xFC, 0x00, 0x00, 0x00, 0x00, 0x03,
    0x03, 0xFC, 0xE0, 0xFF, 0x38, 0x00, 0xCE, 0x0F, 0xF3, 0x83, 0xFC, 0xE0, 0x03, 0x38, 0x00, 0xFE,
    0x1F, 0xFF, 0x87, 0xE0, 0xE0, 0x19, 0xF8, 0x06, 0x7E, 0x01, 0x83, 0x80, 0x60, 0xE0, 0x18, 0x38,
    0x00, 0x0E, 0x00, 0x00, 0x00, 0x00, 0x00, 0x00, 0x03, 0x03, 0xFC, 0xE0, 0x6B, 0x38, 0x00, 0xCE,
    0x0F, 0xF3, 0x83, 0xFC, 0xE0, 0x03, 0x38, 0x7F, 0xFE, 0x1F, 0xFB, 0x80, 0x33, 0xE0, 0x0D, 0xF8,
    0x1B, 0x0E, 0x06, 0x01, 0x01, 0x80, 0x00, 0x7F, 0xF8, 0x1F, 0xFE, 0x00, 0x00, 0x00, 0x00, 0x00,
    0x00, 0x31, 0x81, 0xFE, 0x60, 0x03, 0x98, 0x3F, 0xE6, 0x0F, 0xF1, 0x80, 0x0F, 0x61, 0xFF, 0xD8,
    0x3F, 0x3E, 0x01, 0x8F, 0x80, 0x20, 0x60, 0x3F, 0xF8, 0x0F, 0xFE, 0x03, 0xFF, 0x80, 0xC0, 0x00,
    0x3F, 0xF8, 0x0F, 0xFE, 0x00, 0x00, 0x00, 0x00, 0x00, 0x07, 0xF3, 0x83, 0xFE, 0xE0, 0x01, 0xB8,
    0x3F, 0xEE, 0x0F, 0xF3, 0x80, 0x0C, 0xE1, 0xFF, 0xF8, 0x7F, 0xE6, 0x01, 0x9F, 0x80, 0x67, 0xE0,
    0x0F, 0x98, 0x07, 0xFC, 0x03, 0x03, 0x80, 0xC0, 0x60, 0x3C, 0x70, 0x07, 0xF8, 0x00, 0x00, 0x00,
    0x00, 0x00, 0x00, 0x0D, 0x83, 0xF3, 0x60, 0xFE, 0xD8, 0x01, 0xB6, 0x07, 0xED, 0x87, 0xFB, 0x60,
    0x06, 0xD8, 0x03, 0xB6, 0x1F, 0xFD, 0x87, 0xC3, 0x60, 0x37, 0xD8, 0x0D, 0xF6, 0x03, 0x0D, 0x80,
    0xC3, 0x60, 0x30, 0xD8, 0x00, 0x06, 0x00, 0x00, 0x00, 0x00, 0x00, 0x00, 0x0D, 0x83, 0xFB, 0x60,
    0xFE, 0xD8, 0x03, 0xB6, 0x0F, 0xED, 0x80, 0x1B, 0x61, 0xFF, 0xD8, 0x7F, 0xB6, 0x03, 0x7D, 0x80,
    0xCB, 0x60, 0x1F, 0xD8, 0x07, 0xFC, 0x03, 0x03, 0x80, 0xC0, 0x60, 0x3C, 0x78, 0x07, 0xFC, 0x00,
    0x00, 0x00, 0x00, 0x00, 0x00, 0x01, 0x81, 0xFE, 0x60, 0x7F, 0x98, 0x00, 0x66, 0x07, 0xF9, 0x83,
    0xFE, 0x60, 0x03, 0x18, 0x00, 0xF6, 0x1F, 0xFD, 0x83, 0xF0, 0x60, 0x0C, 0x18, 0x03, 0x06, 0x00,
    0xC1, 0x80, 0x30, 0x60, 0x0C, 0x18, 0x00, 0x06, 0x00, 0x00, 0x00, 0x00, 0x00, 0x07, 0xF1, 0x81,
    0xFE, 0x60, 0x03, 0x98, 0x00, 0xE6, 0x0F, 0xF9, 0x81, 0x8C, 0x60, 0x03, 0xD8, 0x7F, 0xF6, 0x0F,
    0xC1, 0x80, 0x30, 0x60, 0x3F, 0xF8, 0x1F, 0xFE, 0x00, 0x01, 0x80, 0x00, 0x60, 0x00, 0x18, 0x00,
    0x06, 0x00, 0x00, 0x00, 0x00, 0x00, 0x00, 0x03, 0x03, 0xFE, 0xC0, 0x7F, 0xB0, 0x00, 0xEC, 0x0F,
    0xFB, 0x03, 0xEC, 0xC0, 0x03, 0x30, 0x7F, 0xFC, 0x1F, 0xFB, 0x00, 0x30, 0xC0, 0x0C, 0x30, 0x1A,
    0x0C, 0x06, 0x00, 0x01, 0x80, 0x00, 0x7F, 0xF8, 0x1F, 0xFE, 0x00, 0x00, 0x00, 0x00, 0x00, 0x07,
    0xF3, 0x01, 0xFE, 0xC0, 0x03, 0xB0, 0x3F, 0xEC, 0x0F, 0xB3, 0x00, 0x0E, 0xC1, 0xFF, 0xF0, 0x3F,
    0x0C, 0x01, 0x81, 0x00, 0xFF, 0xC0, 0x3F, 0xF0, 0x0F, 0xFC, 0x03, 0xFF, 0x00, 0xC0, 0x00, 0x3F,
    0xF8, 0x0F, 0xFE, 0x00, 0x00, 0x00, 0x00, 0x00, 0x07, 0xF3, 0x03, 0xFE, 0xC0, 0x03, 0xB0, 0x03,
    0xEC, 0x0F, 0xFB, 0x00, 0x0C, 0xC0, 0x03, 0xF0, 0x7F, 0xFC, 0x0F, 0xC3, 0x00, 0x60, 0x40, 0x3F,
    0xF0, 0x0F, 0xFC, 0x03, 0x03, 0x00, 0xC0, 0xC0, 0x3F, 0xF0, 0x0F, 0xFC, 0x00, 0x00, 0x00, 0x00,
    0x00, 0x07, 0xF3, 0x03, 0xFE, 0xC0, 0x03, 0xB0, 0x0F, 0xEC, 0x0F, 0xFB, 0x00, 0x0C, 0xC0, 0x07,
    0xF0, 0x7F, 0xFC, 0x0E, 0xC3, 0x00, 0x30, 0x00, 0x2C, 0x10, 0x0F, 0xFC, 0x03, 0xFF, 0x00, 0xC0,
    0xC0, 0x3F, 0xF0, 0x0F, 0xFC, 0x00, 0x00, 0x00, 0x00, 0x00, 0x00, 0x23, 0x03, 0xFE, 0xC0, 0x03,
    0xB0, 0x00, 0xEC, 0x0F, 0xF3, 0x03, 0x8C, 0xC0, 0x03, 0xB0, 0x7F, 0xFC, 0x1F, 0xC3, 0x00, 0x60,
    0xC0, 0x1B, 0x30, 0x06, 0xE4, 0x00, 0x78, 0x00, 0x3F, 0x80, 0x7C, 0xF8, 0x1C, 0x0E, 0x00, 0x00,
    0x00, 0x00, 0x00, 0x00, 0x03, 0x03, 0xFE, 0xC0, 0x03, 0xB0, 0x01, 0xEC, 0x0F, 0xFB, 0x00, 0x0C,
    0xC0, 0x03, 0xB0, 0x7F, 0xFC, 0x0F, 0xE3, 0x00, 0x30, 0xC0, 0x0F, 0xD0, 0x0F, 0xFC, 0x03, 0x03,
    0x00, 0xC0, 0xC0, 0x3C, 0xF0, 0x07, 0xF8, 0x00, 0x00, 0x00, 0x00, 0x00, 0x07, 0xFF, 0x81, 0xFF,
    0xE0, 0x00, 0x18, 0x00, 0x7E, 0x0F, 0xFF, 0x81, 0xF0, 0xE0, 0x00, 0x30, 0x00, 0x0C, 0x1F, 0xFF,
    0xE7, 0xFF, 0xF0, 0x18, 0x60, 0x06, 0x38, 0x01, 0x86, 0x00, 0x61, 0x80, 0x18, 0xE0, 0x06, 0x18,
    0x00, 0x00, 0x00, 0x00, 0x00, 0x07, 0xFF, 0x81, 0xFF, 0xE0, 0x00, 0x18, 0x00, 0x3E, 0x0F, 0xFF,
    0x81, 0xF8, 0xE0, 0x00, 0x30, 0x7F, 0xFF, 0x9F, 0xFF, 0xE0, 0x31, 0x80, 0x6C, 0xE0, 0x1B, 0x38,
    0x06, 0xC4, 0x01, 0x80, 0x00, 0x7F, 0xF8, 0x1F, 0xFE, 0x00, 0x00, 0x00, 0x00, 0x00, 0x07, 0xFF,
    0x01, 0xFF, 0xC0, 0x00, 0x30, 0x1F, 0xFC, 0x07, 0xFF, 0x00, 0x00, 0xC1, 0xFF, 0xFC, 0x7F, 0xFF,
    0x01, 0x8C, 0x01, 0xFF, 0xC0, 0x7F, 0xF8, 0x00, 0x0C, 0x07, 0xFF, 0x81, 0xFF, 0xC0, 0x60, 0x00,
    0x1F, 0xFE, 0x07, 0xFF, 0x80, 0x00, 0x00, 0x07, 0xFF, 0x01, 0xFF, 0xC0, 0x00, 0x30, 0x00, 0x7C,
    0x0F, 0xFF, 0x01, 0xC0, 0xC0, 0x00, 0x30, 0x7F, 0xFF, 0x1F, 0xFF, 0xC0, 0x63, 0x00, 0x18, 0xC0,
    0x1F, 0xFC, 0x07, 0xFF, 0x01, 0x80, 0xC0, 0x60, 0x30, 0x1F, 0xFC, 0x07, 0xFF, 0x00, 0x00, 0x00,
    0x00, 0x00, 0x00, 0xBF, 0x40, 0x7F, 0xF8, 0x00, 0x06, 0x00, 0x01, 0x80, 0x00, 0x60, 0x3F, 0xF8,
    0x1F, 0xFE, 0x00, 0x01, 0x80, 0x00, 0x60, 0x00, 0x38, 0x00, 0x0C, 0x00, 0x00, 0x07, 0xFF, 0xF9,
    0xFF, 0xFE, 0x00, 0x00, 0x00, 0x00, 0x00, 0x00, 0x00, 0x03, 0xFF, 0x01, 0xFF, 0xE0, 0x00, 0x38,
    0x00, 0x0E, 0x07, 0xFF, 0x81, 0xF8, 0xC0, 0x00, 0x30, 0x3F, 0xFF, 0x1F, 0xFF, 0xC0, 0x00, 0x00,
    0x00, 0x00, 0x1F, 0xFE, 0x00, 0x03, 0x80, 0x00, 0x60, 0x00, 0x18, 0x00, 0x0E, 0x00, 0x01, 0x80,
    0x00, 0x00, 0x07, 0xFF, 0x81, 0xFF, 0xE0, 0x00, 0x18, 0x00, 0x0E, 0x07, 0xFF, 0x81, 0xFE, 0xE0,
    0x00, 0x18, 0x3F, 0xFF, 0x1F, 0xFF, 0xE0, 0x00, 0x00, 0x60, 0x00, 0x18, 0x00, 0x06, 0x00, 0x01,
    0x80, 0x00, 0x7F, 0xF8, 0x1F, 0xFE, 0x00, 0x00, 0x00, 0x00, 0x00, 0x00, 0x00, 0x01, 0xFF, 0xE0,
    0x00, 0x38, 0x00, 0x3E, 0x07, 0xFF, 0x80, 0x00, 0xC0, 0xFF, 0xFC, 0x7F, 0xFF, 0x00, 0x00, 0x01,
    0xFF, 0xC0, 0x7F, 0xF8, 0x00, 0x06, 0x07, 0xFF, 0x81, 0xFF, 0xC0, 0x60, 0x00, 0x1F, 0xFE, 0x07,
    0xFF, 0x80, 0x00, 0x00, 0x03, 0xFF, 0x01, 0xFF, 0xE0, 0x00, 0x38, 0x00, 0x0E, 0x07, 0xFF, 0x81,
    0xF8, 0xC0, 0x00, 0x30, 0x7F, 0xFF, 0x1F, 0xFF, 0xC0, 0x00, 0x00, 0x7F, 0xF0, 0x1F, 0xFE, 0x06,
    0x01, 0x81, 0x80, 0xE0, 0x60, 0x18, 0x1F, 0xFE, 0x07, 0xFF, 0x00, 0x00, 0x00, 0x07, 0xFF, 0x01,
    0xFF, 0xE0, 0x00, 0x38, 0x00, 0x0E, 0x07, 0xFF, 0x81, 0xF8, 0xC0, 0x00, 0x30, 0x7F, 0xFF, 0x1F,
    0xFF, 0xC0, 0x00, 0x00, 0x60, 0x38, 0x1F, 0xFE, 0x07, 0xFF, 0x81, 0x80, 0xE0, 0x60, 0x38, 0x1F,
    0xFE, 0x07, 0xFF, 0x00, 0x00, 0x00, 0x00, 0x00, 0x01, 0xFF, 0xE0, 0x3F, 0xB8, 0x00, 0x0E, 0x07,
    0xFF, 0x81, 0xFF, 0xC0, 0x00, 0x30, 0x3F, 0xFF, 0x1F, 0xFF, 0xC0, 0x00, 0x00, 0x0F, 0xC0, 0x0F,
    0xFC, 0x07, 0x03, 0x01, 0x80, 0x60, 0x70, 0x30, 0x0F, 0xFC, 0x00, 0xFC, 0x00, 0x00, 0x00, 0x00,
    0x03, 0x01, 0xFC, 0xC0, 0xFF, 0x30, 0x00, 0xCC, 0x00, 0x33, 0x00, 0x7C, 0xC1, 0xFE, 0x30, 0x39,
    0x8C, 0x00, 0xC3, 0x00, 0x70, 0xC0, 0x38, 0x30, 0x3C, 0x0C, 0x0E, 0x03, 0x02, 0x00, 0xC0, 0x00,
    0x30, 0x00, 0x0C, 0x00, 0x00, 0x00, 0x00, 0x00, 0x00, 0x01, 0x83, 0xFC, 0x60, 0x7F, 0x18, 0x00,
    0xC6, 0x0F, 0xE1, 0x83, 0xF8, 0x60, 0x0C, 0x18, 0x0E, 0x06, 0x0F, 0x01, 0x83, 0x00, 0x60, 0x3F,
    0xF8, 0x0F, 0xFE, 0x00, 0x01, 0x80, 0x00, 0x60, 0x00, 0x18, 0x00, 0x06, 0x00, 0x00, 0x00, 0x00,
    0x00, 0x00, 0x01, 0x83, 0xFC, 0x60, 0xFF, 0x18, 0x00, 0xC6, 0x0F, 0xF1, 0x83, 0xF8, 0x60, 0x0E,
    0x18, 0x07, 0x06, 0x07, 0x81, 0x83, 0x80, 0x60, 0x00, 0x18, 0x0C, 0x06, 0x03, 0x00, 0x00, 0xC0,
    0x00, 0x3F, 0xF8, 0x0F, 0xFE, 0x00, 0x00, 0x00, 0x00, 0x00, 0x0F, 0xE3, 0x03, 0xFC, 0xC0, 0x03,
    0x30, 0x3F, 0x8C, 0x1F, 0xE3, 0x00, 0x30, 0xC0, 0x38, 0x30, 0x3C, 0x0C, 0x0C, 0x01, 0x00, 0xFF,
    0xC0, 0x3F, 0xF0, 0x0F, 0xFC, 0x03, 0xFF, 0x00, 0xC0, 0x00, 0x3F, 0xF8, 0x0F, 0xFE, 0x00, 0x00,
    0x00, 0x00, 0x00, 0x00, 0x01, 0x83, 0xFC, 0x60, 0x7B, 0x18, 0x00, 0xC6, 0x0F, 0xF1, 0x83, 0xB8,
    0x60, 0x1C, 0x18, 0x1E, 0x06, 0x0F, 0x01, 0x83, 0x00, 0x40, 0x3F, 0xF8, 0x0F, 0xFE, 0x03, 0x01,
    0x80, 0xC0, 0x60, 0x3F, 0xF8, 0x0F, 0xFE, 0x00, 0x00, 0x00, 0x00, 0x00, 0x07, 0xE3, 0x03, 0xFC,
    0xC0, 0x07, 0x30, 0x01, 0x8C, 0x1F, 0xE3, 0x03, 0x30, 0xC0, 0x3C, 0x30, 0x3C, 0x0C, 0x1E, 0x03,
    0x00, 0x00, 0x00, 0x30, 0x30, 0x0F, 0xFC, 0x03, 0xFF, 0x00, 0xC0, 0xC0, 0x3F, 0xF0, 0x0F, 0xFC,
    0x00, 0x00, 0x00, 0x00, 0x00, 0x00, 0x01, 0x83, 0xFC, 0x60, 0x7F, 0x18, 0x00, 0xC6, 0x0F, 0xE1,
    0x83, 0xF8, 0x60, 0x0C, 0x18, 0x0E, 0x06, 0x0F, 0x01, 0x83, 0x0C, 0x60, 0x03, 0x18, 0x00, 0xE0,
    0x00, 0x7C, 0x00, 0x3B, 0x80, 0x7C, 0x78, 0x1C, 0x06, 0x00, 0x00, 0x00, 0x00, 0x00, 0x00, 0x01,
    0x83, 0xFC, 0x60, 0xFF, 0x18, 0x00, 0xC6, 0x0F, 0xE1, 0x83, 0xF8, 0x60, 0x0C, 0x18, 0x1E, 0x06,
    0x0F, 0x01, 0x83, 0x1E, 0x60, 0x1F, 0xF0, 0x0E, 0x0E, 0x03, 0x01, 0x80, 0xC0, 0x60, 0x3E, 0xF0,
    0x07, 0xF8, 0x00, 0x00, 0x00, 0x00, 0x00, 0x00, 0x03, 0x03, 0xFC, 0xC0, 0xFF, 0x30, 0x30, 0x0C,
    0x0C, 0x03, 0x03, 0x00, 0xC0, 0xFE, 0x3C, 0x3F, 0x8F, 0x0C, 0x03, 0x03, 0x00, 0xC0, 0xFF, 0xB0,
    0x3F, 0xEC, 0x00, 0x03, 0x00, 0x00, 0xC0, 0x00, 0x30, 0x00, 0x0C, 0x00, 0x00, 0x00, 0x00, 0x00,
    0x00, 0x03, 0x03, 0xF8, 0xC0, 0xFE, 0x30, 0x30, 0x0C, 0x0F, 0xE3, 0xC3, 0xF8, 0xF0, 0xC0, 0x30,
    0x3F, 0xEC, 0x0F, 0xFB, 0x00, 0x00, 0xC0, 0x7F, 0xF0, 0x1F, 0xFC, 0x00, 0x03, 0x00, 0x00, 0xC0,
    0x00, 0x30, 0x00, 0x0C, 0x00, 0x00, 0x00, 0x00, 0x00, 0x00, 0x03, 0x03, 0xF8, 0xC0, 0xFE, 0x30,
    0x30, 0x0C, 0x0F, 0xE3, 0x03, 0xF8, 0xF0, 0xC0, 0x3C, 0x30, 0x0C, 0x0F, 0xFB, 0x03, 0xFC, 0xC0,
    0x00, 0x30, 0x18, 0x0C, 0x06, 0x00, 0x01, 0x80, 0x00, 0x7F, 0xF8, 0x1F, 0xFE, 0x00, 0x00, 0x00,
    0x00, 0x00, 0x00, 0x03, 0x03, 0xFC, 0xC0, 0xC0, 0x30, 0x3F, 0x8F, 0x0F, 0xE3, 0xC3, 0x00, 0xC0,
    0xFF, 0xB0, 0x3F, 0xEC, 0x00, 0x03, 0x01, 0xFF, 0xC0, 0x3F, 0xF0, 0x0F, 0xFC, 0x07, 0xFF, 0x01,
    0x80, 0x00, 0x7F, 0xF0, 0x1F, 0xFE, 0x00, 0x00, 0x00, 0x00, 0x00, 0x00, 0x02, 0x03, 0xF8, 0xC0,
    0xFE, 0x30, 0x30, 0x0C, 0x0F, 0xE3, 0xC3, 0xF0, 0xC0, 0xC1, 0x30, 0x3F, 0xCC, 0x00, 0x02, 0x00,
    0xE7, 0x00, 0x7F, 0xF0, 0x03, 0x0C, 0x07, 0xC3, 0x01, 0xC0, 0xC0, 0x7E, 0x30, 0x1F, 0x8C, 0x00,
    0x00, 0x00, 0x00, 0x00, 0x00, 0x03, 0x03, 0xFC, 0xC0, 0xDE, 0x30, 0x30, 0x0C, 0x0F, 0xE3, 0xC3,
    0xF8, 0xF0, 0xC0, 0x30, 0x3F, 0xEC, 0x0F, 0xF3, 0x00, 0x00, 0xC0, 0x7F, 0xF0, 0x1F, 0xFC, 0x06,
    0x03, 0x01, 0x80, 0xC0, 0x7F, 0xF0, 0x1F, 0xFC, 0x00, 0x00, 0x00, 0x00, 0x00, 0x00, 0x03, 0x03,
    0xFC, 0xC0, 0xC0, 0x30, 0x30, 0x0C, 0x0F, 0xE3, 0xC3, 0xF8, 0xF0, 0xC0, 0x30, 0x3F, 0xEC, 0x0F,
    0xE3, 0x00, 0x00, 0x00, 0x60, 0x30, 0x1F, 0xFC, 0x07, 0xFF, 0x01, 0x80, 0xC0, 0x7F, 0xF0, 0x1F,
    0xFC, 0x00, 0x00, 0x00, 0x00, 0x00, 0x00, 0x03, 0x03, 0xF8, 0xC0, 0xFE, 0x30, 0x30, 0x0C, 0x0F,
    0xE3, 0xC3, 0xF8, 0xF0, 0xC0, 0x30, 0x3F, 0xEC, 0x0F, 0xF3, 0x00, 0x00, 0xC0, 0x03, 0x30, 0x00,
    0xC0, 0x00, 0x78, 0x00, 0x37, 0x00, 0x78, 0xF8, 0x1C, 0x0E, 0x00, 0x00, 0x00, 0x00, 0x00, 0x00,
    0x03, 0x03, 0xFC, 0xC0, 0xDE, 0x30, 0x30, 0x0C, 0x0F, 0xE3, 0xC3, 0xF8, 0xF0, 0xC0, 0x30, 0x3F,
    0xEC, 0x0F, 0xF3, 0x00, 0x00, 0x80, 0x18, 0x60, 0x06, 0x38, 0x03, 0x8E, 0x01, 0xF7, 0xC0, 0xEF,
    0xB8, 0x31, 0xC2, 0x00, 0x00, 0x00, 0x00, 0x00, 0x00, 0x03, 0x03, 0xF8, 0xC0, 0xFE, 0x30, 0x30,
    0x0C, 0x0F, 0xE3, 0xC3, 0xF8, 0xF0, 0xC0, 0x30, 0x3F, 0xCC, 0x0F, 0xF3, 0x00, 0x00, 0xC0, 0x1F,
    0xC0, 0x0F, 0xF8, 0x06, 0x03, 0x01, 0x80, 0xC0, 0x78, 0xE0, 0x0F, 0xF0, 0x00, 0x00, 0x00, 0x00,
    0x00, 0x00, 0x09, 0x80, 0x07, 0x60, 0xFC, 0xD8, 0x30, 0x76, 0x0C, 0x1D, 0x83, 0x06, 0x60, 0xFD,
    0xF8, 0x3F, 0x7E, 0x0C, 0x19, 0x83, 0x07, 0x60, 0xFF, 0xD8, 0x3F, 0xF6, 0x00, 0x1D, 0x80, 0x07,
    0x60, 0x01, 0xD8, 0x00, 0x26, 0x00, 0x00, 0x00, 0x00, 0x00, 0x00, 0x09, 0x83, 0xF6, 0x60, 0xFD,
    0x98, 0x30, 0x66, 0x0F, 0xDF, 0x83, 0xF7, 0xE0, 0xC1, 0x98, 0x3F, 0xE6, 0x0F, 0xFD, 0x80, 0x02,
    0x60, 0x3F, 0xF8, 0x0F, 0xFE, 0x00, 0x01, 0x80, 0x00, 0x60, 0x00, 0x18, 0x00, 0x06, 0x00, 0x00,
    0x00, 0x00, 0x00, 0x00, 0x09, 0x83, 0xF6, 0x60, 0xFD, 0x98, 0x30, 0x66, 0x0F, 0xDF, 0x83, 0xF7,
    0xE0, 0xC1, 0xD8, 0x30, 0x66, 0x0F, 0xF9, 0x83, 0xF6, 0x60, 0x11, 0x98, 0x0C, 0x26, 0x03, 0x00,
    0x00, 0xC0, 0x00, 0x3F, 0xF8, 0x0F, 0xFE, 0x00, 0x00, 0x00, 0x00, 0x00, 0x00, 0x09, 0x83, 0xF7,
    0x60, 0xC1, 0x98, 0x36, 0x7E, 0x0F, 0xDF, 0x83, 0x06, 0x60, 0xFF, 0xD8, 0x3F, 0xF6, 0x00, 0x09,
    0x80, 0xFF, 0xE0, 0x3F, 0xF8, 0x00, 0x06, 0x03, 0xFF, 0x80, 0xC0, 0x00, 0x3F, 0xF8, 0x0F, 0xFF,
    0x00, 0x00, 0x00, 0x00, 0x00, 0x00, 0x09, 0x83, 0xF6, 0x60, 0xFD, 0x98, 0x30, 0x66, 0x0F, 0xDF,
    0x83, 0xF7, 0xE0, 0xC1, 0x98, 0x3F, 0xE6, 0x0F, 0xF9, 0x80, 0x02, 0x60, 0x3F, 0xF8, 0x0F, 0xFE,
    0x03, 0x01, 0x80, 0xC0, 0x60, 0x3F, 0xF8, 0x0F, 0xFE, 0x00, 0x00, 0x00, 0x00, 0x00, 0x00, 0x09,
    0x83, 0xF7, 0x60, 0xD1, 0x98, 0x30, 0x76, 0x0F, 0xDF, 0x83, 0xF7, 0xE0, 0xC1, 0x98, 0x3F, 0xF6,
    0x0F, 0xD9, 0x80, 0x00, 0x40, 0x30, 0x18, 0x0F, 0xFE, 0x03, 0xFF, 0x80, 0xC0, 0x60, 0x3F, 0xF8,
    0x0F, 0xFE, 0x00, 0x00, 0x00, 0x00, 0x00, 0x00, 0x09, 0x83, 0xF6, 0x60, 0xFD, 0x98, 0x30, 0x66,
    0x0F, 0xDF, 0x83, 0xF7, 0xE0, 0xC1, 0x98, 0x3F, 0xE6, 0x0F, 0xF9, 0x80, 0x02, 0x60, 0x03, 0x18,
    0x00, 0xC0, 0x00, 0x78, 0x00, 0x3F, 0x00, 0x7C, 0x78, 0x1C, 0x0E, 0x00, 0x00, 0x00, 0x00, 0x00,
    0x00, 0x09, 0x83, 0xF7, 0x60, 0xFD, 0x98, 0x30, 0x66, 0x0F, 0xDF, 0x83, 0xF7, 0xE0, 0xC1, 0x98,
    0x3F, 0xB6, 0x0F, 0xFD, 0x80, 0x02, 0x60, 0x18, 0x60, 0x06, 0x18, 0x01, 0xC7, 0x00, 0xF3, 0xC0,
    0xE7, 0x9C, 0x30, 0xC3, 0x00, 0x00, 0x00, 0x00, 0x00, 0x00, 0x09, 0x83, 0xF3, 0x60, 0xFC, 0xD8,
    0x30, 0x66, 0x0F, 0xCF, 0x83, 0xF3, 0xE0, 0xC0, 0x98, 0x3F, 0xB6, 0x0F, 0xFD, 0x80, 0x02, 0x60,
    0x0F, 0xE0, 0x07, 0xFC, 0x03, 0x01, 0x80, 0xC0, 0x60, 0x1E, 0xF8, 0x03, 0xF8, 0x00, 0x00, 0x00,
    0x00, 0x00, 0x00, 0x03, 0x03, 0xFC, 0xC0, 0xFF, 0x30, 0x30, 0x0C, 0x0C, 0x03, 0xC3, 0x00, 0xF0,
    0xFE, 0x30, 0x3F, 0x8C, 0x0C, 0x03, 0x03, 0x00, 0xF0, 0xFF, 0xBC, 0x3F, 0xEC, 0x00, 0x03, 0x00,
    0x00, 0xC0, 0x00, 0x30, 0x00, 0x0C, 0x00, 0x00, 0x00, 0x00, 0x00, 0x00, 0x03, 0x03, 0xF8, 0xC0,
    0xFE, 0x3C, 0x30, 0x0F, 0x0F, 0xE3, 0x03, 0xF8, 0xF0, 0xC0, 0x3C, 0x3F, 0xEC, 0x0F, 0xF3, 0x00,
    0x00, 0xC0, 0x1F, 0xC0, 0x0F, 0xF8, 0x06, 0x03, 0x01, 0x80, 0xC0, 0x78, 0xE0, 0x0F, 0xF0, 0x00,
    0x00, 0x00, 0x00, 0x00, 0x00, 0x03, 0x83, 0xF8, 0xE0, 0xFF, 0x38, 0x30, 0x0E, 0x0C, 0x03, 0x83,
    0x00, 0xE0, 0xFF, 0xF8, 0x3F, 0x3E, 0x0C, 0x03, 0x83, 0x00, 0xE0, 0xFF, 0x38, 0x3F, 0xCE, 0x00,
    0x03, 0x80, 0x00, 0xE0, 0x00, 0x38, 0x00, 0x0E, 0x00, 0x00, 0x00, 0x00, 0x00, 0x00, 0x03, 0x03,
    0xF8, 0xC0, 0xFE, 0x30, 0x30, 0x0C, 0x0F, 0xEF, 0x03, 0xFB, 0xC0, 0xC0, 0x30, 0x3F, 0xCC, 0x0F,
    0xF3, 0x00, 0x00, 0xC0, 0x3F, 0xF0, 0x1F, 0xFC, 0x00, 0x03, 0x00, 0x00, 0xC0, 0x00, 0x30, 0x00,
    0x0C, 0x00, 0x00, 0x00, 0x00, 0x00, 0x00, 0x03, 0x83, 0xF8, 0xE0, 0xFE, 0x38, 0x30, 0x0E, 0x0F,
    0xEF, 0x83, 0xFF, 0xE0, 0xC0, 0x38, 0x31, 0xCE, 0x0F, 0xF3, 0x83, 0xE0, 0xE0, 0x00, 0x38, 0x0C,
    0x0C, 0x03, 0x00, 0x00, 0xC0, 0x00, 0x3F, 0xF8, 0x0F, 0xFE, 0x00, 0x00, 0x00, 0x00, 0x00, 0x00,
    0x03, 0x03, 0xF8, 0xC0, 0xC0, 0x30, 0x30, 0x3C, 0x0F, 0xEF, 0x03, 0x00, 0xC0, 0xFF, 0x30, 0x3F,
    0xCC, 0x00, 0x01, 0x00, 0xFF, 0xC0, 0x3F, 0xF0, 0x00, 0x0C, 0x03, 0xFF, 0x00, 0xC0, 0x00, 0x3F,
    0xF8, 0x0F, 0xFE, 0x00, 0x00, 0x00, 0x00, 0x00, 0x00, 0x03, 0x03, 0xF8, 0xE0, 0xFE, 0x38, 0x30,
    0x3E, 0x0F, 0xEF, 0x83, 0x00, 0xE0, 0xC1, 0x38, 0x3F, 0xCE, 0x0F, 0x81, 0x01, 0xF7, 0xC0, 0x7F,
    0xF8, 0x01, 0x66, 0x07, 0xDB, 0x81, 0x86, 0x60, 0x7F, 0xB8, 0x1F, 0xFE, 0x00, 0x00, 0x00, 0x00,
    0x00, 0x00, 0x03, 0x83, 0xF8, 0xE0, 0xD0, 0x38, 0x30, 0x0E, 0x0F, 0xFF, 0x83, 0xFB, 0xE0, 0xC0,
    0x38, 0x3F, 0xCE, 0x0F, 0xF3, 0x80, 0x00, 0x40, 0x3F, 0xF0, 0x0F, 0xFE, 0x03, 0x03, 0x80, 0xC0,
    0xE0, 0x3F, 0xF8, 0x0F, 0xFE, 0x00, 0x00, 0x00, 0x00, 0x00, 0x00, 0x03, 0x03, 0xF8, 0xE0, 0xC0,
    0x38, 0x30, 0x0E, 0x0F, 0xFF, 0x83, 0xF3, 0xE0, 0xC0, 0x38, 0x3F, 0xCE, 0x0F, 0xE3, 0x00, 0x00,
    0x40, 0x30, 0x38, 0x0F, 0xFE, 0x03, 0xFF, 0x80, 0xC0, 0xE0, 0x3F, 0xF8, 0x0F, 0xFE, 0x00, 0x00,
    0x00, 0x00, 0x00, 0x00, 0x03, 0x83, 0xF8, 0xE0, 0xFE, 0x38, 0x30, 0x0E, 0x0F, 0xFF, 0x83, 0xFB,
    0xE0, 0xC0, 0x38, 0x3F, 0xCE, 0x0F, 0xF3, 0x80, 0x00, 0xE0, 0x03, 0x38, 0x00, 0xE0, 0x00, 0x78,
    0x00, 0x3B, 0x80, 0x7C, 0x78, 0x1C, 0x0E, 0x00, 0x00, 0x00, 0x00, 0x00, 0x00, 0x03, 0x83, 0xF8,
    0xE0, 0xD0, 0x38, 0x30, 0x0E, 0x0F, 0xFF, 0x83, 0xFB, 0xE0, 0xC0, 0x38, 0x3F, 0xCE, 0x0F, 0xF3,
    0x80, 0x00, 0x40, 0x18, 0x60, 0x06, 0x18, 0x03, 0x8E, 0x00, 0xF3, 0xC0, 0xE7, 0x9C, 0x30, 0xC3,
    0x00, 0x00, 0x00, 0x00, 0x00, 0x00, 0x03, 0x83, 0xF8, 0xE0, 0xFE, 0x38, 0x30, 0x0E, 0x0F, 0xFF,
    0x83, 0xFB, 0xE0, 0xC0, 0x38, 0x3F, 0xCE, 0x0F, 0xF3, 0x80, 0x00, 0x40, 0x1F, 0xE0, 0x0F, 0xFC,
    0x03, 0x03, 0x80, 0xC0, 0xE0, 0x3E, 0xF0, 0x07, 0xF8, 0x00, 0x00, 0x00, 0x00, 0x00, 0x00, 0x0D,
    0x80, 0x03, 0x60, 0xFC, 0xD8, 0x30, 0x36, 0x0C, 0x0D, 0x83, 0x03, 0x60, 0xFF, 0xD8, 0x3E, 0xF6,
    0x0C, 0x0D, 0x83, 0x03, 0x60, 0xFE, 0xD8, 0x3F, 0xB6, 0x00, 0x0D, 0x80, 0x03, 0x60, 0x00, 0xD8,
    0x00, 0x06, 0x00, 0x00, 0x00, 0x00, 0x00, 0x00, 0x0D, 0x83, 0xF3, 0x60, 0xFC, 0xD8, 0x30, 0x36,
    0x0F, 0xFD, 0x83, 0xFF, 0x60, 0xC0, 0xD8, 0x3F, 0xB6, 0x0F, 0xED, 0x80, 0x03, 0x60, 0x3F, 0xF0,
    0x0F, 0xFE, 0x00, 0x01, 0x80, 0x00, 0x60, 0x00, 0x18, 0x00, 0x06, 0x00, 0x00, 0x00, 0x00, 0x00,
    0x00, 0x0D, 0x83, 0xF3, 0x60, 0xFC, 0xD8, 0x30, 0x36, 0x0F, 0xBD, 0x83, 0xFF, 0x60, 0xC0, 0xD8,
    0x30, 0x36, 0x0F, 0xED, 0x83, 0xF3, 0x60, 0x10, 0xD8, 0x0C, 0x36, 0x03, 0x00, 0x00, 0xC0, 0x00,
    0x3F, 0xF8, 0x0F, 0xFE, 0x00, 0x00, 0x00, 0x00, 0x00, 0x00, 0x0D, 0x83, 0xF3, 0x60, 0xFC, 0xD8,
    0x30, 0xF6, 0x0F, 0xFD, 0x83, 0x03, 0x60, 0xFE, 0xD8, 0x3F, 0xB6, 0x00, 0x0D, 0x80, 0xFF, 0xE0,
    0x3F, 0xF8, 0x00, 0x06, 0x03, 0xFF, 0x80, 0xC0, 0x00, 0x3F, 0xF8, 0x0F, 0xFF, 0x00, 0x00, 0x00,
    0x00, 0x00, 0x00, 0x0D, 0x83, 0xF3, 0x60, 0xFC, 0xD8, 0x30, 0x36, 0x0F, 0xFD, 0x83, 0xEF, 0x60,
    0xC0, 0xD8, 0x3F, 0xB6, 0x0F, 0xED, 0x80, 0x03, 0x60, 0x3F, 0xF8, 0x0F, 0xFE, 0x03, 0x01, 0x80,
    0xC0, 0x60, 0x3F, 0xF8, 0x0F, 0xFE, 0x00, 0x00, 0x00, 0x00, 0x00, 0x00, 0x0D, 0x83, 0xF3, 0x60,
    0xFC, 0xD8, 0x30, 0x36, 0x0F, 0xFD, 0x83, 0xE3, 0x60, 0xC0, 0xD8, 0x3F, 0xB6, 0x0F, 0xCD, 0x80,
    0x00, 0x00, 0x30, 0x18, 0x0F, 0xFE, 0x03, 0xFF, 0x80, 0xC0, 0x60, 0x3F, 0xF8, 0x0F, 0xFE, 0x00,
    0x00, 0x00, 0x00, 0x00, 0x00, 0x0D, 0x83, 0xF3, 0x60, 0xFC, 0xD8, 0x30, 0x36, 0x0F, 0xFD, 0x83,
    0xFF, 0x60, 0xC0, 0xD8, 0x3F, 0xB6, 0x0F, 0xED, 0x80, 0x03, 0x60, 0x03, 0x18, 0x00, 0xE0, 0x00,
    0x78, 0x00, 0x3B, 0x80, 0x7C, 0x78, 0x1C, 0x06, 0x00, 0x00, 0x00, 0x00, 0x00, 0x00, 0x0D, 0x83,
    0xF3, 0x60, 0xFC, 0xD8, 0x30, 0x36, 0x0F, 0xFD, 0x83, 0xFF, 0x60, 0xC0, 0xD8, 0x3F, 0xB6, 0x0F,
    0xED, 0x80, 0x03, 0x60, 0x0F, 0xE0, 0x0F, 0xFC, 0x03, 0x01, 0x80, 0xC0, 0x60, 0x3E, 0xF8, 0x07,
    0xF8, 0x00, 0x00, 0x00, 0x00, 0x00, 0x00, 0x03, 0x03, 0xF8, 0xC0, 0xFE, 0x30, 0x30, 0x0C, 0x0C,
    0x1F, 0x03, 0x00, 0xC0, 0xFE, 0x30, 0x3F, 0x3C, 0x0C, 0x1F, 0x03, 0x00, 0xC0, 0xFF, 0x30, 0x3F,
    0xCC, 0x00, 0x03, 0x00, 0x00, 0xC0, 0x00, 0x30, 0x00, 0x0C, 0x00, 0x00, 0x00, 0x00, 0x00, 0x00,
    0x01, 0x80, 0x00, 0x60, 0xFE, 0x18, 0x3F, 0xBE, 0x0C, 0x1F, 0x83, 0xF8, 0x60, 0xFE, 0x18, 0x30,
    0x3E, 0x0C, 0x1F, 0x83, 0xFC, 0x60, 0xFE, 0x18, 0x08, 0x06, 0x03, 0x01, 0x80, 0xC0, 0x00, 0x30,
    0x00, 0x0F, 0xFE, 0x03, 0xFF, 0x80, 0x00, 0x00, 0x00, 0x03, 0x03, 0xF8, 0xE0, 0xFE, 0xF8, 0x30,
    0x7E, 0x0F, 0xE3, 0x83, 0xFB, 0xE0, 0xC1, 0xF8, 0x3F, 0xCE, 0x0F, 0xF3, 0x80, 0x00, 0x40, 0x18,
    0x60, 0x06, 0x18, 0x03, 0x8E, 0x01, 0xF3, 0xC0, 0xE7, 0x9C, 0x30, 0xC3, 0x00, 0x00, 0x00, 0x00,
    0x00, 0x00, 0x0D, 0x80, 0x03, 0x60, 0xFC, 0xD8, 0x30, 0x36, 0x0C, 0x3D, 0x83, 0x0F, 0x60, 0xF8,
    0xD8, 0x3E, 0x36, 0x0C, 0x3D, 0x83, 0x0F, 0x60, 0xFE, 0xD8, 0x3F, 0xB6, 0x00, 0x0D, 0x80, 0x03,
    0x60, 0x00, 0xD8, 0x00, 0x06, 0x00, 0x00, 0x00, 0x00, 0x00, 0x00, 0x00, 0x80, 0x03, 0x60, 0xFC,
    0xD8, 0x30, 0xF6, 0x0C, 0x3D, 0x83, 0xF3, 0x60, 0xFD, 0xD8, 0x30, 0xF6, 0x0C, 0x2D, 0x83, 0xFB,
    0x60, 0xF8, 0xD8, 0x04, 0x36, 0x03, 0x0D, 0x80, 0xC0, 0x00, 0x30, 0x00, 0x0F, 0xFF, 0x03, 0xFF,
    0xC0, 0x00, 0x00, 0x00, 0x00, 0x00, 0xFF, 0xE0, 0x7F, 0xF8, 0x1C, 0x00, 0x07, 0x00, 0x01, 0xFF,
    0xE0, 0x7F, 0xF8, 0x1C, 0x00, 0x07, 0x00, 0x01, 0xFF, 0xF0, 0x3F, 0xF8, 0x00, 0xC0, 0x00, 0x30,
    0x03, 0xFF, 0xF1, 0xFF, 0xFE, 0x00, 0x00, 0x00, 0x00, 0x00, 0x00, 0x00, 0x07, 0xFF, 0x81, 0xFF,
    0xE0, 0x60, 0x00, 0x1F, 0xFC, 0x07, 0xFF, 0x01, 0x80, 0x00, 0x7F, 0xF8, 0x00, 0xC0, 0x00, 0x30,
    0x07, 0xFF, 0xF8, 0x80, 0x0C, 0x1F, 0xFE, 0x07, 0xFF, 0x80, 0x00, 0x60, 0x00, 0x18, 0x00, 0x06,
    0x00, 0x01, 0x80, 0x00, 0x00, 0x03, 0xFF, 0x01, 0xFF, 0xE0, 0x60, 0x00, 0x1F, 0xFC, 0x07, 0xFF,
    0x01, 0x80, 0x00, 0x7F, 0xF8, 0x1F, 0xFE, 0x00, 0x30, 0x07, 0xFF, 0xF1, 0xFF, 0xFE, 0x08, 0x00,
    0x06, 0x00, 0x01, 0x80, 0x00, 0x60, 0x00, 0x1F, 0xFE, 0x02, 0xFF, 0x00, 0x00, 0x00, 0x07, 0xFF,
    0x01, 0xFF, 0xC0, 0x60, 0x00, 0x1F, 0xFC, 0x06, 0x00, 0x01, 0xFF, 0xC0, 0x3F, 0xE0, 0x7F, 0xFE,
    0x1F, 0xFF, 0xC1, 0xFF, 0x80, 0x7F, 0xF0, 0x00, 0x0C, 0x07, 0xFF, 0x01, 0x80, 0x00, 0x7F, 0xF0,
    0x1F, 0xFC, 0x00, 0x00, 0x00, 0x00, 0x00, 0x07, 0xFF, 0x01, 0xFF, 0xC0, 0x60, 0x00, 0x1F, 0xF8,
    0x06, 0x00, 0x01, 0xFF, 0xC0, 0x7F, 0xF0, 0x00, 0x80, 0x1F, 0xFF, 0xC7, 0xFF, 0xE0, 0x00, 0x00,
    0x1F, 0xFC, 0x06, 0x83, 0x01, 0x80, 0xC0, 0x6F, 0xF0, 0x1F, 0xFC, 0x00, 0x00, 0x00, 0x00, 0x00,
    0x07, 0xFF, 0x01, 0xFF, 0xC0, 0x60, 0x00, 0x1F, 0xFC, 0x06, 0x00, 0x01, 0xFF, 0xC0, 0x7F, 0xF8,
    0x00, 0x80, 0x1F, 0xFF, 0xC3, 0xFF, 0xF0, 0x60, 0x10, 0x1F, 0xFC, 0x07, 0xFF, 0x01, 0x80, 0xC0,
    0x7F, 0xF0, 0x1F, 0xFC, 0x00, 0x00, 0x00, 0x00, 0x00, 0x07, 0xFF, 0x01, 0xFF, 0xE0, 0x60, 0x00,
    0x1F, 0xFC, 0x07, 0xFF, 0x01, 0x80, 0x00, 0x7F, 0xF8, 0x00, 0xC0, 0x1F, 0xFF, 0xC7, 0xFF, 0xF0,
    0x03, 0x00, 0x00, 0xC0, 0x00, 0x70, 0x00, 0x3F, 0x00, 0x7C, 0xF0, 0x1C, 0x1E, 0x00, 0x00, 0x00,
    0x00, 0x00, 0x07, 0xFF, 0x01, 0xFF, 0xC0, 0x60, 0x00, 0x1F, 0xFC, 0x07, 0xFF, 0x01, 0x80, 0x00,
    0x7F, 0xF0, 0x00, 0xC0, 0x1F, 0xFF, 0xC7, 0xFF, 0xF0, 0x00, 0x00, 0x0F, 0xF8, 0x07, 0x8F, 0x01,
    0x80, 0xC0, 0x60, 0x30, 0x0F, 0xF8, 0x01, 0xFC, 0x00, 0x00, 0x00, 0x07, 0xFF, 0x01, 0xFF, 0xC0,
    0x60, 0x00, 0x1F, 0xFC, 0x06, 0x00, 0x01, 0xFF, 0xC0, 0x7F, 0xF0, 0x00, 0x80, 0x1F, 0xFF, 0xC7,
    0xFF, 0xF0, 0x00, 0x00, 0x1F, 0xFC, 0x01, 0x8C, 0x00, 0x63, 0x00, 0x7F, 0xF0, 0x3F, 0xFE, 0x00,
    0x00, 0x00, 0x00, 0x00, 0x00, 0x03, 0x03, 0xFE, 0xC0, 0xFF, 0xB0, 0x30, 0x0C, 0x0F, 0xF3, 0x03,
    0xFC, 0xC0, 0xC0, 0x3C, 0x3F, 0xEF, 0x0F, 0xFB, 0x00, 0x30, 0xC0, 0x0C, 0x30, 0x3F, 0xFC, 0x1F,
    0xFB, 0x00, 0x00, 0xC0, 0x00, 0x30, 0x00, 0x0C, 0x00, 0x00, 0x00, 0x00, 0x00, 0x00, 0x03, 0x03,
    0xFC, 0xC0, 0xC0, 0x30, 0x3F, 0x8C, 0x0F, 0xF3, 0x03, 0x00, 0xF0, 0xFF, 0x3C, 0x1F, 0xCC, 0x01,
    0x8B, 0x07, 0xFE, 0xC1, 0xFC, 0x30, 0x08, 0x0C, 0x06, 0x03, 0x01, 0x80, 0x00, 0x7F, 0xF0, 0x1F,
    0xFC, 0x00, 0x00, 0x00, 0x00, 0x00, 0x00, 0x09, 0x83, 0xFF, 0x60, 0xFF, 0xD8, 0x30, 0x76, 0x0F,
    0xCD, 0x83, 0xFA, 0x60, 0xC0, 0xF8, 0x3F, 0xFE, 0x0F, 0xFD, 0x80, 0x63, 0x60, 0x1B, 0xD8, 0x7F,
    0xF6, 0x1F, 0x9D, 0x80, 0x03, 0x60, 0x00, 0xD8, 0x00, 0x06, 0x00, 0x00, 0x00, 0x00, 0x00, 0x00,
    0x03, 0x03, 0xFE, 0xC0, 0xFF, 0xB0, 0x30, 0x0C, 0x0F, 0xF3, 0x03, 0xFE, 0xC0, 0xC0, 0x30, 0x3F,
    0xEC, 0x0F, 0xFB, 0x00, 0x30, 0xC0, 0x0C, 0x30, 0x7F, 0xFC, 0x1F, 0xF3, 0x00, 0x00, 0xC0, 0x00,
    0x30, 0x00, 0x0C, 0x00, 0x00, 0x00, 0x00, 0x00, 0x00, 0x01, 0x81, 0xFE, 0x60, 0x60, 0x18, 0x1F,
    0xC6, 0x07, 0xF1, 0x81, 0x80, 0x60, 0x7F, 0x98, 0x1F, 0xC6, 0x00, 0xCD, 0x87, 0xFF, 0x60, 0xF0,
    0x18, 0x08, 0x06, 0x03, 0x01, 0x00, 0xC0, 0x00, 0x3F, 0xF8, 0x0F, 0xFE, 0x00, 0x00, 0x00, 0x00,
    0x00, 0x07, 0xF1, 0x81, 0xFE, 0x60, 0x60, 0x18, 0x1F, 0xC6, 0x07, 0xF1, 0x81, 0x80, 0x60, 0x7F,
    0x98, 0x03, 0x06, 0x0F, 0xFD, 0x87, 0xFF, 0x60, 0x01, 0x18, 0x00, 0xC6, 0x00, 0x78, 0x00, 0x3F,
    0x00, 0x7C, 0xF8, 0x1C, 0x0E, 0x00, 0x00, 0x00, 0x00, 0x00, 0x00, 0x01, 0x81, 0xFE, 0x60, 0x60,
    0x18, 0x1F, 0xC6, 0x07, 0xF1, 0x81, 0xFC, 0x60, 0x7F, 0x98, 0x03, 0x06, 0x1F, 0xFD, 0x87, 0xF8,
    0x60, 0x07, 0xD8, 0x07, 0xFC, 0x03, 0x03, 0x80, 0xC0, 0x60, 0x3C, 0x78, 0x07, 0xFC, 0x00, 0x00,
    0x00, 0x00, 0x00, 0x00, 0x00, 0x01, 0xFF, 0xE0, 0x7F, 0xF8, 0x18, 0x00, 0x06, 0x00, 0x01, 0xFF,
    0xE0, 0x7F, 0xF8, 0x18, 0x00, 0x07, 0xFF, 0x81, 0xFF, 0xE0, 0x18, 0x60, 0x07, 0x18, 0x01, 0x86,
    0x07, 0xFF, 0xF9, 0xFF, 0xFE, 0x00, 0x00, 0x00, 0x00, 0x00, 0x00, 0x00, 0x00, 0x00, 0x01, 0xFF,
    0xE0, 0x60, 0x00, 0x18, 0x00, 0x07, 0xFF, 0x01, 0x80, 0x00, 0x60, 0x00, 0x1F, 0xFE, 0x03, 0xFF,
    0x80, 0x00, 0x01, 0xFF, 0xFC, 0x7F, 0xFF, 0x00, 0x30, 0x00, 0x0C, 0x00, 0x03, 0x00, 0x00, 0xC0,
    0x00, 0x30, 0x00, 0x00, 0x00, 0x03, 0xFF, 0x01, 0xFF, 0xE0, 0x60, 0x00, 0x1F, 0xFC, 0x07, 0xFF,
    0x01, 0x80, 0x00, 0x7F, 0xF8, 0x00, 0x00, 0x0F, 0xFF, 0xC7, 0xFF, 0xF8, 0x03, 0x00, 0x1F, 0xFE,
    0x07, 0xFF, 0x80, 0x00, 0x60, 0x00, 0x18, 0x00, 0x06, 0x00, 0x01, 0x80, 0x00, 0x00, 0x03, 0xFF,
    0x01, 0xFF, 0xE0, 0x60, 0x00, 0x1F, 0xFC, 0x07, 0xFF, 0x81, 0x80, 0x00, 0x7F, 0xF8, 0x1F, 0xFE,
    0x00, 0x00, 0x07, 0xFF, 0xF8, 0xFF, 0xFC, 0x00, 0xC0, 0x06, 0x30, 0x01, 0x84, 0x00, 0x60, 0x00,
    0x1F, 0xFE, 0x03, 0xFF, 0x80, 0x00, 0x00, 0x07, 0xFF, 0x01, 0xFF, 0xC0, 0x60, 0x00, 0x1F, 0xFC,
    0x07, 0xFA, 0x01, 0xFF, 0xC0, 0x00, 0x00, 0x7F, 0xFF, 0x1F, 0xFF, 0x81, 0xFF, 0x80, 0x7F, 0xF0,
    0x00, 0x0C, 0x07, 0xFF, 0x01, 0x80, 0x00, 0x7F, 0xF0, 0x1F, 0xFC, 0x00, 0x00, 0x00, 0x00, 0x00,
    0x07, 0xFF, 0x01, 0xFF, 0xC0, 0x60, 0x00, 0x1F, 0xF8, 0x06, 0x00, 0x01, 0xFF, 0xC0, 0x7F, 0xF0,
    0x00, 0x00, 0x1F, 0xFF, 0xC3, 0xFF, 0xE0, 0x02, 0x00, 0x1F, 0xFC, 0x07, 0xFF, 0x01, 0x80, 0xC0,
    0x7F, 0xF0, 0x1F, 0xFC, 0x00, 0x00, 0x00, 0x00, 0x00, 0x07, 0xFF, 0x01, 0xFF, 0xC0, 0x60, 0x00,
    0x1F, 0xFC, 0x06, 0x00, 0x01, 0xFF, 0xC0, 0x7F, 0xF0, 0x00, 0x00, 0x1F, 0xFF, 0xC3, 0xFF, 0xF0,
    0x62, 0x10, 0x18, 0x0C, 0x07, 0xFF, 0x01, 0x80, 0xC0, 0x60, 0x30, 0x1F, 0xFC, 0x00, 0x00, 0x00,
    0x00, 0x00, 0x07, 0xFF, 0x01, 0xFF, 0xC0, 0x60, 0x00, 0x1F, 0xFC, 0x06, 0x00, 0x01, 0xFF, 0xC0,
    0x7F, 0xF0, 0x00, 0x00, 0x1F, 0xFF, 0xC3, 0xFF, 0xF0, 0x02, 0x00, 0x00, 0x80, 0x00, 0x70, 0x00,
    0x3E, 0x00, 0x7D, 0xF0, 0x3C, 0x1E, 0x00, 0x00, 0x00, 0x00, 0x00, 0x07, 0xFF, 0x01, 0xFF, 0xC0,
    0x60, 0x00, 0x1F, 0xFC, 0x07, 0xFF, 0x01, 0x80, 0x00, 0x7F, 0xF0, 0x00, 0x00, 0x1F, 0xFF, 0xC7,
    0xFF, 0xF0, 0x03, 0x00, 0x0F, 0xF8, 0x07, 0xDF, 0x01, 0x80, 0xC0, 0x60, 0x30, 0x0F, 0xF8, 0x01,
    0xFC, 0x00, 0x00, 0x00, 0x00, 0x03, 0x83, 0xFE, 0xE0, 0xC0, 0x38, 0x3F, 0xCE, 0x0F, 0xF3, 0x83,
    0x00, 0xE0, 0xFF, 0xB8, 0x3F, 0xEE, 0x00, 0x0B, 0x87, 0xFF, 0xE1, 0xFC, 0x38, 0x06, 0x7E, 0x01,
    0x9F, 0x80, 0x60, 0xE0, 0x18, 0x38, 0x06, 0x0E, 0x00, 0x00, 0x00, 0x00, 0x00, 0x07, 0xF9, 0x81,
    0xFE, 0x60, 0x60, 0x18, 0x1F, 0xC6, 0x07, 0xF1, 0x81, 0xFE, 0x60, 0x03, 0xD8, 0x7F, 0xF6, 0x01,
    0xCF, 0x80, 0x37, 0xE0, 0x08, 0x18, 0x06, 0x18, 0x01, 0x86, 0x00, 0xF3, 0xC0, 0xF7, 0xDC, 0x30,
    0xE3, 0x00, 0x00, 0x00, 0x00, 0x00, 0x00, 0x0D, 0x83, 0xFB, 0x60, 0xC0, 0xD8, 0x3F, 0x36, 0x0F,
    0xED, 0x83, 0x03, 0x60, 0xFE, 0xD8, 0x3F, 0xB6, 0x1F, 0xFD, 0x87, 0xFB, 0x60, 0x33, 0xD8, 0x0D,
    0xF6, 0x03, 0x0D, 0x80, 0xC3, 0x60, 0x30, 0xD8, 0x00, 0x06, 0x00, 0x00, 0x00, 0x00, 0x00, 0x00,
    0x01, 0x81, 0xFE, 0x60, 0x60, 0x18, 0x1B, 0xC6, 0x07, 0xF9, 0x81, 0x80, 0x60, 0x7F, 0x98, 0x1F,
    0xE6, 0x00, 0x05, 0x87, 0xFF, 0x60, 0xFF, 0x18, 0x03, 0x06, 0x00, 0xC1, 0x80, 0x30, 0x60, 0x0C,
    0x18, 0x03, 0x06, 0x00, 0x00, 0x00, 0x00, 0x00, 0x07, 0xF3, 0x01, 0xFE, 0xC0, 0x60, 0x30, 0x1F,
    0xCC, 0x07, 0xF3, 0x01, 0xFE, 0xC0, 0x7F, 0xB0, 0x00, 0x3C, 0x1F, 0xFF, 0x03, 0xF0, 0xC0, 0x0C,
    0x00, 0x1F, 0xFC, 0x07, 0xFF, 0x00, 0x00, 0xC0, 0x00, 0x30, 0x00, 0x0C, 0x00, 0x00, 0x00, 0x00,
    0x00, 0x07, 0xF3, 0x03, 0xFE, 0xC0, 0xC0, 0x30, 0x3F, 0xCC, 0x0F, 0xF3, 0x03, 0x80, 0xC0, 0xFF,
    0xB0, 0x00, 0x0C, 0x1F, 0xFF, 0x07, 0xFE, 0xC0, 0x0C, 0x30, 0x1B, 0x0C, 0x06, 0x00, 0x01, 0x80,
    0x00, 0x7F, 0xF8, 0x1F, 0xFE, 0x00, 0x00, 0x00, 0x00, 0x00, 0x07, 0xF9, 0x81, 0xFE, 0x60, 0x7F,
    0x18, 0x1F, 0xC6, 0x06, 0x01, 0x81, 0xFE, 0x60, 0x00, 0xD8, 0x7F, 0xF6, 0x0D, 0xC1, 0x80, 0xFF,
    0xC0, 0x3F, 0xF8, 0x00, 0x06, 0x03, 0xFF, 0x80, 0xC0, 0x00, 0x3F, 0xF8, 0x0F, 0xFE, 0x00, 0x00,
    0x00, 0x00, 0x00, 0x07, 0xFB, 0x01, 0xFE, 0xC0, 0x60, 0x30, 0x1F, 0xCC, 0x06, 0x03, 0x01, 0xFE,
    0xC0, 0x7F, 0xB0, 0x3F, 0xFC, 0x1F, 0xFF, 0x00, 0x30, 0xC0, 0x3F, 0xF0, 0x0F, 0xFC, 0x03, 0x03,
    0x00, 0xC0, 0xC0, 0x3F, 0xF0, 0x0F, 0xFC, 0x00, 0x00, 0x00, 0x00, 0x00, 0x07, 0xF3, 0x01, 0xFE,
    0xC0, 0x60, 0x30, 0x1F, 0xCC, 0x06, 0x03, 0x03, 0xFE, 0xC0, 0x7F, 0xB0, 0x7F, 0xFC, 0x1F, 0xFF,
    0x00, 0x30, 0xC0, 0x2C, 0x10, 0x0C, 0x0C, 0x03, 0xFF, 0x00, 0xC0, 0xC0, 0x34, 0xB0, 0x0F, 0xFC,
    0x00, 0x00, 0x00, 0x00, 0x00, 0x00, 0x11, 0x81, 0xFE, 0x60, 0x60, 0x18, 0x1F, 0xC6, 0x07, 0xF1,
    0x81, 0x80, 0x60, 0x7F, 0x98, 0x00, 0x76, 0x1F, 0xFD, 0x83, 0xF0, 0x60, 0x0F, 0xD8, 0x07, 0xFC,
    0x03, 0x83, 0x80, 0xC0, 0x60, 0x3C, 0x78, 0x07, 0xFC, 0x00, 0x00, 0x00, 0x00, 0x00, 0x00, 0x00,
    0x01, 0xFF, 0xE0, 0x60, 0x00, 0x18, 0x00, 0x07, 0xFF, 0x01, 0x80, 0x00, 0x60, 0x00, 0x1F, 0xFE,
    0x03, 0xFF, 0x02, 0x00, 0x11, 0xFF, 0xFE, 0x06, 0x18, 0x01, 0x86, 0x00, 0x61, 0x80, 0x18, 0x60,
    0x06, 0x18, 0x01, 0x86, 0x00, 0x00, 0x00, 0x03, 0xFF, 0x01, 0xFF, 0xE0, 0x60, 0x00, 0x1F, 0xFC,
    0x07, 0xFF, 0x01, 0x80, 0x00, 0x7F, 0xF8, 0x1F, 0xFE, 0x08, 0x00, 0x47, 0xFF, 0xF8, 0x0C, 0x60,
    0x0B, 0x18, 0x06, 0xC6, 0x01, 0x80, 0x00, 0x60, 0x00, 0x1F, 0xFE, 0x03, 0xFF, 0x00, 0x00, 0x00,
    0x07, 0xFF, 0x01, 0xFF, 0xC0, 0x60, 0x00, 0x1F, 0xFC, 0x07, 0xFE, 0x01, 0xFF, 0xC0, 0x00, 0x00,
    0x7F, 0xFF, 0x1F, 0xFF, 0x81, 0xFF, 0x80, 0x7F, 0xF0, 0x00, 0x0C, 0x07, 0xFF, 0x01, 0x80, 0x00,
    0x7F, 0xF0, 0x1F, 0xFC, 0x00, 0x00, 0x00, 0x00, 0x00, 0x07, 0xFF, 0x01, 0xFF, 0xC0, 0x60, 0x00,
    0x1F, 0xF8, 0x06, 0x00, 0x01, 0xFF, 0xC0, 0x7F, 0xF0, 0x00, 0x00, 0x1F, 0xFF, 0xC7, 0xFF, 0xE0,
    0x18, 0xC0, 0x1F, 0xFC, 0x06, 0xF3, 0x01, 0x80, 0xC0, 0x6F, 0xF0, 0x1F, 0xFC, 0x00, 0x00, 0x00,
    0x00, 0x00, 0x07, 0xFF, 0x01, 0xFF, 0xE0, 0x60, 0x00, 0x1F, 0xFC, 0x07, 0xFF, 0x01, 0x80, 0x00,
    0x7F, 0xF8, 0x00, 0x00, 0x1F, 0xFF, 0xC7, 0xFF, 0xF0, 0x18, 0x60, 0x0F, 0xF8, 0x07, 0xFF, 0x01,
    0x80, 0xE0, 0x60, 0x38, 0x1F, 0xFC, 0x01, 0xFC, 0x00, 0x00, 0x00, 0x00, 0x00, 0x00, 0xFF, 0xE0,
    0x7F, 0xFC, 0x1C, 0x00, 0x06, 0x00, 0x01, 0xFF, 0xE0, 0x7F, 0xF8, 0x18, 0x00, 0x06, 0x00, 0x01,
    0xFF, 0xE0, 0x7F, 0xFC, 0x00, 0x00, 0x00, 0x00, 0x00, 0xFF, 0xF1, 0xFF, 0xFF, 0x20, 0x00, 0x00,
    0x00, 0x00, 0x00, 0x00, 0x07, 0xFF, 0x01, 0xFF, 0xE0, 0x60, 0x00, 0x1F, 0xFC, 0x07, 0xFF, 0x01,
    0x80, 0x00, 0x7F, 0xF8, 0x00, 0x00, 0x0F, 0xFF, 0xC7, 0xFF, 0xF0, 0x00, 0x00, 0x1F, 0xFC, 0x07,
    0xFF, 0x80, 0x00, 0xE0, 0x00, 0x38, 0x00, 0x0E, 0x00, 0x01, 0x00, 0x00, 0x00, 0x03, 0xFF, 0x01,
    0xFF, 0xE0, 0x60, 0x00, 0x1F, 0xFC, 0x07, 0xFF, 0x01, 0x80, 0x00, 0x7F, 0xF8, 0x1F, 0xFE, 0x00,
    0x00, 0x07, 0xFF, 0xF0, 0xFF, 0xFC, 0x18, 0x00, 0x06, 0x00, 0x01, 0x80, 0x00, 0x60, 0x00, 0x1F,
    0xFE, 0x03, 0xFF, 0x00, 0x00, 0x00, 0x00, 0x00, 0x01, 0xFF, 0xE0, 0x60, 0x00, 0x1F, 0xFC, 0x07,
    0xFF, 0x01, 0x80, 0x00, 0x7F, 0xF8, 0x00, 0x00, 0x1F, 0xFF, 0xC7, 0xFF, 0xF0, 0x00, 0x00, 0x1F,
    0xFE, 0x07, 0xFF, 0x81, 0x80, 0x00, 0x60, 0x00, 0x1F, 0xFE, 0x07, 0xFF, 0x80, 0x00, 0x00, 0x07,
    0xFF, 0x01, 0xFF, 0xE0, 0x60, 0x00, 0x1F, 0xFC, 0x06, 0x00, 0x01, 0xFF, 0xE0, 0x7F, 0xF0, 0x7F,
    0xFF, 0x1F, 0xFF, 0xC0, 0x00, 0x00, 0x7F, 0xF8, 0x00, 0x0E, 0x07, 0xFF, 0x81, 0xFF, 0xC0, 0x60,
    0x00, 0x1F, 0xFE, 0x07, 0xFF, 0x80, 0x00, 0x00, 0x07, 0xFF, 0x01, 0xFF, 0xE0, 0x60, 0x00, 0x1F,
    0xFC, 0x06, 0x00, 0x01, 0xFF, 0xE0, 0x7F, 0xF8, 0x20, 0x03, 0x1F, 0xFF, 0xC0, 0x00, 0x00, 0x7D,
    0xF8, 0x03, 0xE6, 0x07, 0xF9, 0x81, 0xF6, 0x60, 0x61, 0x98, 0x1F, 0xFE, 0x07, 0xFF, 0x80, 0x00,
    0x00, 0x07, 0xFF, 0x01, 0xFF, 0xE0, 0x60, 0x00, 0x1F, 0xFC, 0x07, 0xFF, 0x01, 0x80, 0x00, 0x7F,
    0xF8, 0x00, 0x00, 0x1F, 0xFF, 0xC7, 0xFF, 0xF0, 0x00, 0x00, 0x1F, 0xFE, 0x07, 0xFF, 0x81, 0x80,
    0x60, 0x60, 0x18, 0x1F, 0xFE, 0x07, 0xFF, 0x00, 0x00, 0x00, 0x07, 0xFF, 0x01, 0xFF, 0xE0, 0x60,
    0x00, 0x1F, 0xFC, 0x06, 0x00, 0x01, 0xFF, 0xC0, 0x7F, 0xF8, 0x00, 0x00, 0x1F, 0xFF, 0xC7, 0xFF,
    0xF0, 0x00, 0x00, 0x18, 0x0E, 0x07, 0xFF, 0x81, 0x80, 0xE0, 0x60, 0x38, 0x1F, 0xFE, 0x07, 0xFF,
    0x00, 0x00, 0x00, 0x03, 0xFF, 0x01, 0xFF, 0xE0, 0x60, 0x00, 0x1F, 0xFC, 0x07, 0xFF, 0x01, 0x80,
    0x00, 0x7F, 0xF8, 0x00, 0x00, 0x1F, 0xFF, 0xC7, 0xFF, 0xF0, 0x02, 0x00, 0x00, 0xC0, 0x00, 0x70,
    0x00, 0x3E, 0x00, 0x3C, 0xF0, 0x3C, 0x1E, 0x00, 0x00, 0x00, 0x00, 0x00, 0x00, 0x03, 0x03, 0xFE,
    0xC0, 0xFF, 0xB0, 0x30, 0x0C, 0x0F, 0xF3, 0x03, 0xFE, 0xC0, 0xC0, 0x30, 0x3F, 0xCC, 0x0F, 0xFB,
    0x00, 0x00, 0xC0, 0x00, 0x30, 0x7F, 0xFC, 0x1F, 0xFB, 0x00, 0x00, 0xC0, 0x00, 0x30, 0x00, 0x0C,
    0x00, 0x00, 0x00, 0x00, 0x00, 0x00, 0x01, 0x81, 0xFE, 0x60, 0x60, 0x18, 0x1F, 0xC6, 0x07, 0xF1,
    0x81, 0x80, 0x60, 0x7F, 0x98, 0x1F, 0xC6, 0x00, 0x1D, 0x87, 0xFF, 0x60, 0xC0, 0x18, 0x0C, 0x06,
    0x03, 0x00, 0x00, 0xC0, 0x00, 0x3F, 0xF8, 0x0F, 0xFE, 0x00, 0x00, 0x00, 0x00, 0x00, 0x07, 0xF9,
    0x81, 0xFE, 0x60, 0x6F, 0x18, 0x1F, 0xC6, 0x06, 0x01, 0x81, 0xFE, 0x60, 0x01, 0x18, 0x7F, 0xF6,
    0x0F, 0xE1, 0x80, 0xFF, 0xE0, 0x3F, 0xF8, 0x00, 0x06, 0x03, 0xFF, 0x80, 0xC0, 0x00, 0x3F, 0xF8,
    0x0F, 0xFE, 0x00, 0x00, 0x00, 0x00, 0x00, 0x07, 0xF3, 0x01, 0xFE, 0xC0, 0x60, 0x30, 0x1F, 0xCC,
    0x07, 0xF3, 0x01, 0xFE, 0xC0, 0x7F, 0xB0, 0x00, 0x3C, 0x1F, 0xFF, 0x03, 0x00, 0xC0, 0x3F, 0xF0,
    0x0F, 0xFC, 0x03, 0x03, 0x00, 0xC0, 0xC0, 0x3F, 0xF0, 0x0F, 0xFC, 0x00, 0x00, 0x00, 0x00, 0x00,
    0x07, 0xF1, 0x81, 0xFE, 0x60, 0x60, 0x18, 0x1F, 0xC6, 0x06, 0x01, 0x81, 0xFE, 0x60, 0x7F, 0x98,
    0x00, 0x76, 0x1F, 0xFD, 0x82, 0x00, 0x60, 0x20, 0x10, 0x0C, 0x06, 0x03, 0xFF, 0x80, 0xC0, 0x60,
    0x34, 0x18, 0x0F, 0xFE, 0x00, 0x00, 0x00, 0x00, 0x00, 0x00, 0x01, 0x83, 0xFC, 0x60, 0xFF, 0x18,
    0x30, 0x06, 0x0C, 0x01, 0x83, 0x00, 0x60, 0xFF, 0x18, 0x3F, 0x86, 0x0C, 0x01, 0x83, 0x00, 0x60,
    0xFF, 0xD8, 0x3F, 0xE6, 0x00, 0x01, 0x80, 0x00, 0x60, 0x00, 0x18, 0x00, 0x06, 0x00, 0x00, 0x00,
    0x00, 0x00, 0x00, 0x01, 0x83, 0xFC, 0x60, 0xFF, 0x18, 0x30, 0x06, 0x0F, 0xF1, 0x83, 0xFC, 0x60,
    0xC0, 0x18, 0x3F, 0xF6, 0x0F, 0xFD, 0x80, 0x00, 0x60, 0x3F, 0xF8, 0x0F, 0xFE, 0x00, 0x01, 0x80,
    0x00, 0x60, 0x00, 0x18, 0x00, 0x06, 0x00, 0x00, 0x00, 0x00, 0x00, 0x00, 0x01, 0x83, 0xFC, 0x60,
    0xFF, 0x18, 0x30, 0x06, 0x0F, 0xF1, 0x83, 0xFC, 0x60, 0xC0, 0x18, 0x30, 0x66, 0x0F, 0xFD, 0x81,
    0xF8, 0x60, 0x00, 0x18, 0x0C, 0x06, 0x03, 0x00, 0x00, 0xC0, 0x00, 0x3F, 0xF8, 0x0F, 0xFE, 0x00,
    0x00, 0x00, 0x00, 0x00, 0x07, 0xF1, 0x83, 0xFC, 0x60, 0xC0, 0x18, 0x3F, 0x86, 0x0F, 0xF1, 0x83,
    0x00, 0x60, 0xFF, 0xD8, 0x3F, 0xE6, 0x00, 0x01, 0x00, 0xFF, 0xE0, 0x3F, 0xF8, 0x0F, 0xFE, 0x03,
    0xFF, 0x80, 0xC0, 0x00, 0x3F, 0xF8, 0x0F, 0xFE, 0x00, 0x00, 0x00, 0x00, 0x00, 0x00, 0x01, 0x83,
    0xFC, 0x60, 0xC0, 0x18, 0x30, 0x06, 0x0F, 0xF1, 0x83, 0xF8, 0x60, 0xC0, 0x18, 0x3F, 0xF6, 0x0F,
    0xF9, 0x80, 0x00, 0x60, 0x3F, 0xF8, 0x0F, 0xFE, 0x03, 0x01, 0x80, 0xC0, 0x60, 0x3F, 0xF8, 0x0F,
    0xFE, 0x00, 0x00, 0x00, 0x00, 0x00, 0x00, 0x01, 0x83, 0xFC, 0x60, 0xC0, 0x18, 0x30, 0x06, 0x0F,
    0xF1, 0x83, 0xF8, 0x60, 0xC0, 0x98, 0x3F, 0xF6, 0x0F, 0xF1, 0x80, 0x00, 0x00, 0x30, 0x18, 0x0F,
    0xFE, 0x03, 0xFF, 0x80, 0xC0, 0x60, 0x3F, 0xF8, 0x0F, 0xFE, 0x00, 0x00, 0x00, 0x00, 0x00, 0x00,
    0x01, 0x83, 0xFC, 0x60, 0xFF, 0x18, 0x30, 0x06, 0x0F, 0xF1, 0x83, 0xFC, 0x60, 0xC0, 0x18, 0x3F,
    0xF6, 0x0F, 0xFD, 0x80, 0x00, 0x60, 0x03, 0x18, 0x00, 0xE0, 0x00, 0x78, 0x00, 0x3B, 0x00, 0x3C,
    0x78, 0x1C, 0x0F, 0x00, 0x00, 0x00, 0x00, 0x00, 0x00, 0x01, 0x83, 0xFC, 0x60, 0xFF, 0x18, 0x30,
    0x06, 0x0F, 0xF1, 0x83, 0xFC, 0x60, 0xC0, 0x18, 0x3F, 0xF6, 0x0F, 0xFD, 0x80, 0x00, 0x60, 0x0F,
    0xE0, 0x0F, 0xFC, 0x03, 0x01, 0x80, 0xC0, 0x60, 0x3E, 0xF8, 0x07, 0xF8, 0x00, 0x00, 0x00, 0x00,
    0x00, 0x00, 0x03, 0x03, 0xFE, 0xC1, 0xFF, 0xB0, 0x19, 0x8C, 0x06, 0x63, 0x01, 0x98, 0xC0, 0x66,
    0x3C, 0x19, 0x8F, 0x86, 0x63, 0x01, 0x98, 0xC0, 0xFF, 0xB0, 0x7F, 0xEC, 0x00, 0x03, 0x00, 0x00,
    0xC0, 0x00, 0x30, 0x00, 0x0C, 0x00, 0x00, 0x00, 0x00, 0x00, 0x00, 0x03, 0x03, 0xFE, 0xC0, 0xFF,
    0x30, 0x19, 0x8C, 0x06, 0x63, 0xC1, 0x98, 0xF0, 0x66, 0x30, 0x7F, 0xEC, 0x1F, 0xFB, 0x00, 0x00,
    0xC0, 0x7F, 0xF0, 0x1F, 0xFC, 0x00, 0x03, 0x00, 0x00, 0xC0, 0x00, 0x30, 0x00, 0x0C, 0x00, 0x00,
    0x00, 0x00, 0x00, 0x00, 0x03, 0x03, 0xFE, 0xC0, 0xFF, 0x30, 0x19, 0x8C, 0x06, 0x63, 0xC1, 0x98,
    0xF0, 0x66, 0x30, 0x7F, 0xEC, 0x1F, 0xFB, 0x00, 0x00, 0xC0, 0xFF, 0xF0, 0x1F, 0x7C, 0x00, 0xC3,
    0x00, 0x30, 0xC0, 0x0C, 0x30, 0x03, 0x0C, 0x00, 0x00, 0x00, 0x00, 0x00, 0x00, 0x03, 0x00, 0x00,
    0xC0, 0xFF, 0xB0, 0x3F, 0xEC, 0x06, 0x63, 0x01, 0x98, 0xF8, 0x66, 0x3E, 0x19, 0x8C, 0x06, 0x7B,
    0x07, 0xFF, 0xC0, 0xFE, 0x30, 0x0C, 0x0C, 0x03, 0x03, 0x00, 0xC0, 0x00, 0x30, 0x00, 0x0F, 0xFE,
    0x03, 0xFF, 0x80, 0x00, 0x00, 0x00, 0x03, 0x03, 0xFE, 0xC0, 0xFF, 0x30, 0x19, 0x8F, 0x06, 0x63,
    0xC1, 0x98, 0xC1, 0xFF, 0xB0, 0x7F, 0xEC, 0x00, 0x03, 0x01, 0xFF, 0xC0, 0x20, 0x30, 0x0F, 0xFC,
    0x07, 0xFF, 0x01, 0x80, 0x00, 0x7F, 0xF0, 0x1F, 0xFE, 0x00, 0x00, 0x00, 0x00, 0x00, 0x00, 0x03,
    0x03, 0xFE, 0xC0, 0xFF, 0x30, 0x19, 0x8F, 0x06, 0x63, 0xE1, 0x98, 0xC0, 0xFF, 0xB0, 0x7F, 0xEC,
    0x00, 0x03, 0x01, 0xF7, 0xC0, 0x7D, 0xF0, 0x03, 0x6C, 0x07, 0xDB, 0x01, 0x86, 0xC0, 0x7F, 0xB0,
    0x1F, 0xFC, 0x00, 0x00, 0x00, 0x00, 0x00, 0x00, 0x03, 0x03, 0xFE, 0xC0, 0xFF, 0x30, 0x19, 0x8C,
    0x06, 0x63, 0xC1, 0x98, 0xC0, 0x66, 0x30, 0x7F, 0xEC, 0x1F, 0xF3, 0x00, 0x00, 0x80, 0x7F, 0xF0,
    0x1F, 0xFC, 0x06, 0x03, 0x01, 0x80, 0xC0, 0x7F, 0xF0, 0x1F, 0xFC, 0x00, 0x00, 0x00, 0x00, 0x00,
    0x00, 0x03, 0x03, 0xFE, 0xC0, 0xFF, 0x30, 0x19, 0x8C, 0x06, 0x63, 0xC1, 0x98, 0xC0, 0x7F, 0xB0,
    0x7F, 0xEC, 0x00, 0x03, 0x00, 0x00, 0x80, 0x60, 0x30, 0x1F, 0xFC, 0x07, 0xFF, 0x01, 0x80, 0xC0,
    0x7F, 0xF0, 0x1F, 0xFC, 0x00, 0x00, 0x00, 0x00, 0x00, 0x00, 0x03, 0x03, 0xFC, 0xC0, 0xFF, 0xB0,
    0x19, 0x8C, 0x06, 0x63, 0xC1, 0x98, 0xF0, 0x66, 0x30, 0x7F, 0xEC, 0x1F, 0xF3, 0x00, 0x00, 0xC0,
    0x03, 0x30, 0x00, 0xC0, 0x00, 0x78, 0x00, 0x37, 0x00, 0x7C, 0xF8, 0x1C, 0x0E, 0x00, 0x00, 0x00,
    0x00, 0x00, 0x00, 0x03, 0x03, 0xFE, 0xC0, 0xFF, 0x30, 0x19, 0x8C, 0x06, 0x63, 0xC1, 0x98, 0xF0,
    0x66, 0x30, 0x7F, 0xEC, 0x1F, 0xF3, 0x00, 0x00, 0x80, 0x18, 0x60, 0x06, 0x18, 0x03, 0x8E, 0x01,
    0xF3, 0xC0, 0xEF, 0xB8, 0x31, 0xC3, 0x00, 0x00, 0x00, 0x00, 0x00, 0x00, 0x03, 0x03, 0xFC, 0xC0,
    0xFF, 0xB0, 0x19, 0x8C, 0x06, 0x63, 0xC1, 0x98, 0xF0, 0x66, 0x30, 0x7F, 0xEC, 0x1F, 0xF3, 0x00,
    0x00, 0xC0, 0x1F, 0xC0, 0x0F, 0xF8, 0x06, 0x03, 0x01, 0x80, 0xC0, 0x3F, 0xE0, 0x07, 0xF0, 0x00,
    0x00, 0x00, 0x00, 0x00, 0x00, 0x03, 0x03, 0xFE, 0xC0, 0xFF, 0x30, 0x19, 0x8F, 0x06, 0x63, 0xC1,
    0x98, 0xC0, 0xFF, 0xB0, 0x7F, 0xEC, 0x00, 0x03, 0x00, 0xFF, 0xC0, 0x7F, 0xF0, 0x18, 0x00, 0x07,
    0xFF, 0x01, 0xC0, 0x00, 0x7F, 0xF0, 0x1F, 0xFC, 0x00, 0x00, 0x00, 0x00, 0x00, 0x00, 0x0D, 0x80,
    0x03, 0x61, 0xFE, 0xD8, 0x3F, 0xB6, 0x06, 0xCD, 0x81, 0xB3, 0x60, 0x6C, 0xF8, 0x1B, 0x3E, 0x06,
    0xCD, 0x81, 0xB3, 0x60, 0xFF, 0xD8, 0x7F, 0xF6, 0x00, 0x0D, 0x80, 0x03, 0x60, 0x00, 0xD8, 0x00,
    0x06, 0x00, 0x00, 0x00, 0x00, 0x00, 0x00, 0x09, 0x83, 0xFF, 0x61, 0xFF, 0xD8, 0x1B, 0x36, 0x06,
    0xCF, 0x81, 0xB3, 0xE0, 0x6C, 0xD8, 0x7F, 0xF6, 0x1F, 0xFD, 0x80, 0x02, 0x60, 0x3F, 0xF8, 0x0F,
    0xFE, 0x00, 0x01, 0x80, 0x00, 0x60, 0x00, 0x18, 0x00, 0x06, 0x00, 0x00, 0x00, 0x00, 0x00, 0x00,
    0x01, 0x80, 0x03, 0x61, 0xFF, 0xD8, 0x7F, 0xB6, 0x06, 0xCD, 0x81, 0xB3, 0xE0, 0x6C, 0xF8, 0x1B,
    0x36, 0x06, 0xFD, 0x87, 0xFF, 0x60, 0xE0, 0xD8, 0x0C, 0x36, 0x03, 0x0D, 0x80, 0xC0, 0x00, 0x30,
    0x00, 0x0F, 0xFF, 0x03, 0xFF, 0xC0, 0x00, 0x00, 0x00, 0x09, 0x87, 0xFF, 0x60, 0xFF, 0xD8, 0x1B,
    0x3E, 0x06, 0xCF, 0x81, 0xB3, 0x60, 0xFF, 0xD8, 0x7F, 0xF6, 0x00, 0x09, 0x80, 0xFF, 0xE0, 0x3F,
    0xF8, 0x00, 0x06, 0x03, 0xFF, 0x80, 0xC0, 0x00, 0x3F, 0xF8, 0x0F, 0xFF, 0x00, 0x00, 0x00, 0x00,
    0x00, 0x00, 0x09, 0x87, 0xFF, 0x60, 0xFF, 0xD8, 0x1B, 0x36, 0x06, 0xCF, 0x81, 0xB3, 0xE0, 0x6D,
    0xD8, 0x7F, 0xF6, 0x1F, 0xFD, 0x80, 0x00, 0x60, 0x3F, 0xF8, 0x0F, 0xFE, 0x03, 0x01, 0x80, 0xC0,
    0x60, 0x3F, 0xF8, 0x0F, 0xFE, 0x00, 0x00, 0x00, 0x00, 0x00, 0x00, 0x09, 0x87, 0xFF, 0x60, 0xFF,
    0xD8, 0x1B, 0x36, 0x06, 0xCF, 0x81, 0xB3, 0x60, 0x6D, 0xD8, 0x7F, 0xF6, 0x1F, 0xCD, 0x80, 0x00,
    0x40, 0x30, 0x18, 0x0F, 0xFE, 0x03, 0xFF, 0x80, 0xC0, 0x60, 0x3F, 0xF8, 0x0F, 0xFE, 0x00, 0x00,
    0x00, 0x00, 0x00, 0x00, 0x09, 0x83, 0xFF, 0x61, 0xFF, 0xD8, 0x1B, 0x36, 0x06, 0xDF, 0x81, 0xB3,
    0xE0, 0x6D, 0xD8, 0x7F, 0xF6, 0x1F, 0xFD, 0x80, 0x02, 0x60, 0x03, 0x18, 0x00, 0xC0, 0x00, 0x78,
    0x00, 0x3F, 0x80, 0x7C, 0x78, 0x1C, 0x0E, 0x00, 0x00, 0x00, 0x00, 0x00, 0x00, 0x09, 0x87, 0xFF,
    0x60, 0xFE, 0xD8, 0x1B, 0x36, 0x06, 0xCF, 0x81, 0xB3, 0xE0, 0x6C, 0xD8, 0x7F, 0xF6, 0x1F, 0xFD,
    0x80, 0x02, 0x60, 0x18, 0x60, 0x06, 0x18, 0x01, 0xC7, 0x00, 0xF3, 0xC0, 0xF7, 0x9C, 0x30, 0xC3,
    0x00, 0x00, 0x00, 0x00, 0x00, 0x00, 0x09, 0x83, 0xFF, 0x61, 0xFF, 0xD8, 0x1B, 0x36, 0x06, 0xCF,
    0x81, 0xB3, 0xE0, 0x6C, 0xD8, 0x7F, 0xF6, 0x1F, 0xFD, 0x80, 0x02, 0x60, 0x0F, 0xE0, 0x07, 0xFC,
    0x03, 0x01, 0x80, 0xC0, 0x60, 0x3E, 0xF0, 0x07, 0xF8, 0x00, 0x00, 0x00, 0x00, 0x00, 0x00, 0x03,
    0x03, 0xFE, 0xC1, 0xFF, 0xB0, 0x19, 0x8C, 0x06, 0x63, 0xC1, 0x98, 0xC0, 0x66, 0x30, 0x19, 0x8C,
    0x06, 0x63, 0xC1, 0x98, 0xF0, 0xFF, 0xB0, 0x7F, 0xEC, 0x00, 0x03, 0x00, 0x00, 0xC0, 0x00, 0x30,
    0x00, 0x0C, 0x00, 0x00, 0x00, 0x00, 0x00, 0x00, 0x03, 0x03, 0xFE, 0xC0, 0xFF, 0xBC, 0x19, 0x8F,
    0x06, 0x63, 0x01, 0x98, 0xC0, 0x66, 0x3C, 0x7F, 0xEF, 0x1F, 0xFB, 0x00, 0x00, 0xC0, 0x7F, 0xF0,
    0x1F, 0xFC, 0x00, 0x03, 0x00, 0x00, 0xC0, 0x00, 0x30, 0x00, 0x0C, 0x00, 0x00, 0x00, 0x00, 0x00,
    0x00, 0x01, 0x83, 0xFE, 0x61, 0xFF, 0x98, 0x19, 0x86, 0x06, 0x61, 0x81, 0x98, 0x60, 0x66, 0xF8,
    0x19, 0xBE, 0x06, 0x61, 0x81, 0x98, 0x60, 0xFF, 0x98, 0x7F, 0xE6, 0x00, 0x01, 0x80, 0x00, 0x60,
    0x00, 0x18, 0x00, 0x06, 0x00, 0x00, 0x00, 0x00, 0x00, 0x00, 0x01, 0x83, 0xFE, 0x60, 0xFF, 0x18,
    0x19, 0x86, 0x06, 0x6F, 0x81, 0x9B, 0xE0, 0x66, 0x18, 0x7F, 0xE6, 0x1F, 0xF9, 0x80, 0x00, 0x60,
    0x3F, 0xF8, 0x0F, 0xFE, 0x00, 0x01, 0x80, 0x00, 0x60, 0x00, 0x18, 0x00, 0x06, 0x00, 0x00, 0x00,
    0x00, 0x00, 0x00, 0x01, 0x80, 0x00, 0x60, 0xFF, 0x98, 0x3F, 0xE6, 0x06, 0x61, 0x81, 0x9B, 0xE0,
    0x66, 0xF8, 0x19, 0x86, 0x0F, 0xFD, 0x87, 0xFE, 0x60, 0x00, 0x18, 0x0C, 0x06, 0x03, 0x01, 0x80,
    0xC0, 0x00, 0x30, 0x00, 0x0F, 0xFE, 0x03, 0xFF, 0x80, 0x00, 0x00, 0x00, 0x03, 0x83, 0xFE, 0xE0,
    0xFF, 0x38, 0x19, 0xBE, 0x06, 0x6F, 0x81, 0x98, 0xE0, 0xFF, 0xB8, 0x7F, 0xEE, 0x00, 0x01, 0x00,
    0xFF, 0xE0, 0x3F, 0xF8, 0x00, 0x0E, 0x03, 0xFF, 0x80, 0xC0, 0x00, 0x3F, 0xF8, 0x0F, 0xFE, 0x00,
    0x00, 0x00, 0x00, 0x00, 0x00, 0x03, 0x83, 0xFE, 0xE0, 0xFF, 0x38, 0x19, 0x8E, 0x06, 0x6F, 0x81,
    0x9B, 0xE0, 0x66, 0x38, 0x7F, 0xEE, 0x1F, 0xF3, 0x80, 0x00, 0x40, 0x3F, 0xF8, 0x0F, 0xFE, 0x03,
    0x03, 0x80, 0xC0, 0xE0, 0x3F, 0xF8, 0x0F, 0xFE, 0x00, 0x00, 0x00, 0x00, 0x00, 0x00, 0x01, 0x83,
    0xFE, 0x60, 0xFF, 0x18, 0x19, 0x86, 0x06, 0x6F, 0x81, 0x98, 0x60, 0x66, 0x18, 0x7F, 0xE6, 0x1F,
    0xE1, 0x80, 0x00, 0x00, 0x30, 0x18, 0x0F, 0xFE, 0x03, 0xFF, 0x80, 0xC0, 0x60, 0x3F, 0xF8, 0x0F,
    0xFE, 0x00, 0x00, 0x00, 0x00, 0x00, 0x00, 0x03, 0x83, 0xFE, 0xE0, 0xFF, 0x38, 0x19, 0x8E, 0x06,
    0x6F, 0x81, 0x9B, 0xE0, 0x66, 0x38, 0x7F, 0xEE, 0x1F, 0xFB, 0x80, 0x00, 0xE0, 0x03, 0x38, 0x00,
    0xE0, 0x00, 0x78, 0x00, 0x3B, 0x80, 0x7C, 0x78, 0x1C, 0x06, 0x00, 0x00, 0x00, 0x00, 0x00, 0x00,
    0x03, 0x83, 0xFE, 0xE0, 0xFF, 0x38, 0x19, 0x8E, 0x06, 0x6F, 0x81, 0x9B, 0xE0, 0x66, 0x38, 0x7F,
    0xEE, 0x1F, 0xFB, 0x80, 0x00, 0xC0, 0x18, 0x60, 0x06, 0x18, 0x01, 0xC7, 0x00, 0xF3, 0xC0, 0xE7,
    0x9C, 0x30, 0xC3, 0x00, 0x00, 0x00, 0x00, 0x00, 0x00, 0x03, 0x83, 0xFE, 0xE0, 0xFF, 0x38, 0x19,
    0x8E, 0x06, 0x6F, 0x81, 0x9B, 0xE0, 0x66, 0x38, 0x7F, 0xEE, 0x1F, 0xF3, 0x80, 0x00, 0x40, 0x1F,
    0xE0, 0x0F, 0xFC, 0x03, 0x03, 0x80, 0xC0, 0xE0, 0x3E, 0xF0, 0x07, 0xF8, 0x00, 0x00, 0x00, 0x00,
    0x00, 0x00, 0x0D, 0x80, 0x03, 0x61, 0xFE, 0xD8, 0x3F, 0xB6, 0x06, 0xCD, 0x81, 0xB3, 0x60, 0x6F,
    0xD8, 0x1B, 0x76, 0x06, 0xCD, 0x81, 0xB3, 0x60, 0xFF, 0xD8, 0x7F, 0xF6, 0x00, 0x0D, 0x80, 0x03,
    0x60, 0x00, 0xD8, 0x00, 0x06, 0x00, 0x00, 0x00, 0x00, 0x00, 0x00, 0x0D, 0x87, 0xFB, 0x61, 0xFE,
    0xD8, 0x1B, 0x36, 0x06, 0xFD, 0x81, 0xBF, 0x60, 0x6C, 0xD8, 0x7F, 0xF6, 0x1F, 0xFD, 0x80, 0x03,
    0x60, 0x3F, 0xF8, 0x0F, 0xFE, 0x00, 0x01, 0x80, 0x00, 0x60, 0x00, 0x18, 0x00, 0x06, 0x00, 0x00,
    0x00, 0x00, 0x00, 0x00, 0x0D, 0x83, 0xFB, 0x61, 0xFE, 0xD8, 0x1B, 0x36, 0x06, 0xDD, 0x81, 0xBF,
    0x60, 0x6C, 0xD8, 0x1B, 0xB6, 0x1F, 0xFD, 0x83, 0x83, 0x60, 0x10, 0xD8, 0x0C, 0x36, 0x03, 0x00,
    0x00, 0xC0, 0x00, 0x3F, 0xFC, 0x0F, 0xFF, 0x00, 0x00, 0x00, 0x00, 0x00, 0x00, 0x0D, 0x87, 0xFB,
    0x60, 0xFE, 0xD8, 0x1B, 0x76, 0x06, 0xFD, 0x81, 0xB3, 0x60, 0xFF, 0xD8, 0x7F, 0xF6, 0x00, 0x04,
    0x80, 0xFF, 0xE0, 0x3F, 0xF8, 0x00, 0x06, 0x03, 0xFF, 0x80, 0xC0, 0x00, 0x3F, 0xF8, 0x0F, 0xFF,
    0x00, 0x00, 0x00, 0x00, 0x00, 0x00, 0x0D, 0x87, 0xFB, 0x61, 0xFE, 0xD8, 0x1B, 0x36, 0x06, 0xFD,
    0x81, 0xB7, 0x60, 0x6C, 0xD8, 0x7F, 0xF6, 0x1F, 0xED, 0x80, 0x01, 0x20, 0x3F, 0xF8, 0x0F, 0xFE,
    0x03, 0x01, 0x80, 0xC0, 0x60, 0x3F, 0xF8, 0x0F, 0xFE, 0x00, 0x00, 0x00, 0x00, 0x00, 0x00, 0x0D,
    0x87, 0xFB, 0x60, 0xFE, 0xD8, 0x1B, 0x36, 0x06, 0xFD, 0x81, 0xB7, 0x60, 0x6C, 0xD8, 0x7F, 0xF6,
    0x1F, 0xED, 0x80, 0x00, 0x00, 0x30, 0x18, 0x0F, 0xFE, 0x03, 0xFF, 0x80, 0xC0, 0x60, 0x3F, 0xF8,
    0x0F, 0xFE, 0x00, 0x00, 0x00, 0x00, 0x00, 0x00, 0x0D, 0x87, 0xFB, 0x61, 0xFE, 0xD8, 0x1B, 0x36,
    0x06, 0xFD, 0x81, 0xBF, 0x60, 0x6C, 0xD8, 0x7F, 0xF6, 0x1F, 0xED, 0x80, 0x03, 0x60, 0x01, 0x98,
    0x00, 0xE0, 0x00, 0x3C, 0x00, 0x3B, 0x80, 0x7C, 0x7C, 0x1C, 0x07, 0x00, 0x00, 0x00, 0x00, 0x00,
    0x00, 0x0D, 0x83, 0xFB, 0x61, 0xFE, 0xD8, 0x1B, 0x36, 0x06, 0xFD, 0x81, 0xBF, 0x60, 0x6C, 0xD8,
    0x7F, 0xF6, 0x1F, 0xED, 0x80, 0x01, 0x60, 0x0F, 0xE0, 0x07, 0xFE, 0x03, 0x01, 0x80, 0xC0, 0x60,
    0x3C, 0x78, 0x03, 0xFC, 0x00, 0x00, 0x00, 0x00, 0x00, 0x00, 0x01, 0x83, 0xFE, 0x61, 0xFF, 0x98,
    0x19, 0x86, 0x06, 0x6F, 0x81, 0x9B, 0xE0, 0x66, 0x18, 0x19, 0x86, 0x06, 0x6F, 0x81, 0x99, 0xE0,
    0xFF, 0x98, 0x7F, 0xE6, 0x00, 0x01, 0x80, 0x00, 0x60, 0x00, 0x18, 0x00, 0x06, 0x00, 0x00, 0x00,
    0x00, 0x00, 0x00, 0x01, 0x80, 0x00, 0x60, 0xFF, 0x98, 0x3F, 0xFE, 0x06, 0x6F, 0x81, 0x98, 0x60,
    0x66, 0x78, 0x19, 0xBE, 0x06, 0x79, 0x87, 0xFE, 0x60, 0xFE, 0x18, 0x00, 0x06, 0x03, 0x01, 0x80,
    0xC0, 0x00, 0x30, 0x00, 0x0F, 0xFE, 0x03, 0xFF, 0x80, 0x00, 0x00, 0x00, 0x03, 0x83, 0xFE, 0xE0,
    0xFF, 0xF8, 0x19, 0xBE, 0x06, 0x63, 0x81, 0x9B, 0xE0, 0xFF, 0xF8, 0x7F, 0xEE, 0x00, 0x01, 0x80,
    0xFF, 0xE0, 0x3F, 0xF8, 0x00, 0x0E, 0x03, 0xFF, 0x80, 0xC0, 0x00, 0x3F, 0xF8, 0x0F, 0xFE, 0x00,
    0x00, 0x00, 0x00, 0x00, 0x00, 0x01, 0x83, 0xFE, 0x60, 0xFF, 0xF8, 0x19, 0xBE, 0x06, 0x61, 0x81,
    0x9B, 0xE0, 0x66, 0xF8, 0x7F, 0xE6, 0x1F, 0xF3, 0x80, 0x00, 0x40, 0x3F, 0xF0, 0x0F, 0xFE, 0x03,
    0x01, 0x80, 0xC0, 0x60, 0x3F, 0xF8, 0x0F, 0xFE, 0x00, 0x00, 0x00, 0x00, 0x00, 0x00, 0x01, 0x83,
    0xFE, 0x60, 0xFF, 0xF8, 0x19, 0xBE, 0x06, 0x61, 0x81, 0x9B, 0xE0, 0x66, 0xF8, 0x7F, 0xE6, 0x1F,
    0xF1, 0x80, 0x00, 0x00, 0x30, 0x18, 0x0F, 0xFE, 0x03, 0xFF, 0x80, 0xC0, 0x60, 0x3F, 0xF8, 0x0F,
    0xFE, 0x00, 0x00, 0x00, 0x00, 0x00, 0x00, 0x01, 0x83, 0xFE, 0x60, 0xFF, 0xF8, 0x19, 0xBE, 0x06,
    0x61, 0x81, 0x9B, 0xE0, 0x66, 0xF8, 0x3F, 0xE6, 0x1F, 0xFB, 0x80, 0x00, 0x60, 0x18, 0x60, 0x06,
    0x18, 0x01, 0xC7, 0x00, 0xF3, 0xC0, 0xE7, 0x9C, 0x30, 0xC3, 0x00, 0x00, 0x00, 0x00, 0x00, 0x00,
    0x01, 0x83, 0xFE, 0xE0, 0xFF, 0xB8, 0x19, 0xBE, 0x06, 0x63, 0x81, 0x9B, 0xE0, 0x66, 0xF8, 0x3F,
    0xEE, 0x1F, 0xFB, 0x80, 0x00, 0x60, 0x0F, 0xE0, 0x0F, 0xFC, 0x03, 0x03, 0x80, 0xC0, 0xE0, 0x3E,
    0xF0, 0x07, 0xF8, 0x00, 0x00, 0x00, 0x00, 0x00, 0x00, 0x05, 0x80, 0x03, 0x61, 0xFE, 0xD8, 0x3F,
    0xB6, 0x06, 0xDD, 0x81, 0xBF, 0x60, 0x6C, 0xD8, 0x1B, 0x36, 0x06, 0xFD, 0x81, 0xB7, 0x60, 0xFE,
    0xD8, 0x7F, 0xF6, 0x00, 0x0D, 0x80, 0x03, 0x60, 0x00, 0xD8, 0x00, 0x16, 0x00, 0x00, 0x00, 0x00,
    0x00, 0x00, 0x05, 0x87, 0xFB, 0x60, 0xFF, 0xD8, 0x1B, 0x76, 0x06, 0xCD, 0x81, 0xB7, 0x60, 0xEF,
    0xD8, 0x7F, 0xB6, 0x08, 0x04, 0x80, 0xFF, 0xE0, 0x3F, 0xF8, 0x00, 0x06, 0x03, 0xFF, 0x80, 0xC0,
    0x00, 0x3F, 0xF8, 0x0F, 0xFF, 0x00, 0x00, 0x00, 0x00, 0x00, 0x00, 0x05, 0x87, 0xFB, 0x61, 0xFF,
    0xD8, 0x1B, 0x76, 0x06, 0xCD, 0x81, 0xB7, 0x60, 0x6D, 0xD8, 0x7F, 0xB6, 0x1F, 0xED, 0x80, 0x00,
    0x20, 0x30, 0x18, 0x0F, 0xFE, 0x03, 0xFF, 0x80, 0xC0, 0x60, 0x3F, 0xF8, 0x0F, 0xFE, 0x00, 0x00,
    0x00, 0x00, 0x00, 0x00, 0x05, 0x87, 0xFB, 0x61, 0xFE, 0xD8, 0x1B, 0xF6, 0x06, 0xDD, 0x81, 0xB3,
    0x60, 0x6F, 0xD8, 0x3B, 0xF6, 0x1F, 0xFD, 0x82, 0x03, 0x60, 0x01, 0x98, 0x00, 0x60, 0x00, 0x3C,
    0x00, 0x1F, 0x80, 0x3C, 0x7C, 0x1E, 0x07, 0x00, 0x00, 0x00, 0x00, 0x00, 0x00, 0x00, 0x01, 0xFF,
    0xE0, 0xFF, 0xF8, 0x06, 0x38, 0x01, 0x86, 0x00, 0x61, 0x80, 0x18, 0x60, 0x06, 0x18, 0x0F, 0xFF,
    0x83, 0xFF, 0xE0, 0x03, 0x00, 0x00, 0xC0, 0x00, 0x30, 0x07, 0xFF, 0xF9, 0xFF, 0xFE, 0x00, 0x00,
    0x00, 0x00, 0x00, 0x00, 0x00, 0x04, 0x01, 0x03, 0xFF, 0xE0, 0x18, 0xC0, 0x06, 0x30, 0x01, 0x8C,
    0x03, 0xFF, 0xE0, 0xFF, 0xF8, 0x00, 0xC0, 0x1F, 0xFF, 0xC7, 0xFF, 0xF0, 0x00, 0x00, 0x1F, 0xFC,
    0x07, 0xFF, 0x00, 0x00, 0xC0, 0x00, 0x30, 0x00, 0x0C, 0x00, 0x03, 0x00, 0x00, 0x00, 0x00, 0x00,
    0x03, 0xFF, 0xE0, 0x18, 0x60, 0x06, 0x18, 0x01, 0x86, 0x01, 0xFF, 0xE0, 0xFF, 0xF8, 0x00, 0xC0,
    0x00, 0x30, 0x07, 0xFF, 0xF8, 0x88, 0xF4, 0x08, 0x00, 0x06, 0x00, 0x01, 0x80, 0x00, 0x60, 0x00,
    0x1F, 0xFE, 0x03, 0xFF, 0x80, 0x00, 0x00, 0x0F, 0xFF, 0x83, 0xFF, 0xE0, 0x18, 0xC0, 0x06, 0x30,
    0x07, 0xFF, 0x03, 0xFF, 0xE0, 0x03, 0x00, 0x7F, 0xFF, 0x1F, 0xFF, 0xC0, 0x00, 0x00, 0x7F, 0xF0,
    0x00, 0x0C, 0x07, 0xFF, 0x01, 0xFF, 0xC0, 0x60, 0x00, 0x1F, 0xFE, 0x07, 0xFF, 0x80, 0x00, 0x00,
    0x07, 0xFF, 0x03, 0xFF, 0xE0, 0x18, 0xC0, 0x06, 0x30, 0x01, 0x8C, 0x03, 0xFF, 0xE0, 0xFF, 0xF8,
    0x00, 0xC0, 0x1F, 0xFF, 0xC7, 0xFF, 0xF0, 0x00, 0x00, 0x1F, 0xFC, 0x07, 0xFF, 0x01, 0x80, 0xC0,
    0x60, 0x30, 0x1F, 0xFC, 0x07, 0xFF, 0x00, 0x00, 0x00, 0x0F, 0xFF, 0x83, 0xFF, 0xE0, 0x18, 0xC0,
    0x06, 0x30, 0x01, 0x8C, 0x03, 0xFF, 0xE0, 0x7F, 0xF0, 0x00, 0xC0, 0x1F, 0xFF, 0xC7, 0xFF, 0xF0,
    0x40, 0x10, 0x18, 0x0C, 0x07, 0xFF, 0x01, 0xFF, 0xC0, 0x60, 0x30, 0x1F, 0xFC, 0x07, 0xFF, 0x00,
    0x00, 0x00, 0x07, 0xFF, 0x03, 0xFF, 0xE0, 0x18, 0xC0, 0x06, 0x30, 0x01, 0x8C, 0x03, 0xFF, 0xE0,
    0xFF, 0xF8, 0x00, 0xC0, 0x1F, 0xFF, 0xC7, 0xFF, 0xF0, 0x02, 0x00, 0x00, 0xC0, 0x00, 0x70, 0x00,
    0x3E, 0x00, 0x3C, 0xE0, 0x3C, 0x1E, 0x04, 0x01, 0x00, 0x00, 0x00, 0x07, 0xFF, 0x03, 0xFF, 0xE0,
    0x18, 0xC0, 0x06, 0x30, 0x01, 0x8C, 0x03, 0xFF, 0xE0, 0xFF, 0xF8, 0x00, 0xC0, 0x1F, 0xFF, 0xC7,
    0xFF, 0xF0, 0x00, 0x00, 0x0F, 0xF8, 0x07, 0x8F, 0x01, 0x80, 0xC0, 0x60, 0x30, 0x0F, 0xF8, 0x01,
    0xFC, 0x00, 0x00, 0x00, 0x00, 0x03, 0x03, 0xFE, 0xC1, 0xFF, 0xB0, 0x19, 0xCC, 0x06, 0x73, 0x01,
    0x9C, 0xC0, 0x62, 0x3C, 0x3F, 0xEF, 0x0F, 0xFB, 0x00, 0x60, 0xC0, 0x18, 0xB0, 0x7F, 0xFC, 0x1F,
    0xE3, 0x00, 0x00, 0xC0, 0x00, 0x30, 0x00, 0x0C, 0x00, 0x00, 0x00, 0x00, 0x00, 0x00, 0x03, 0x03,
    0xFE, 0xC0, 0xFF, 0xB0, 0x19, 0x8C, 0x07, 0x63, 0xC3, 0xFE, 0xF8, 0xFF, 0x30, 0x02, 0x0C, 0x1F,
    0xFF, 0x07, 0xFC, 0xC0, 0x07, 0x90, 0x0F, 0xF8, 0x07, 0x07, 0x01, 0x80, 0xC0, 0x7D, 0xF0, 0x0F,
    0xF8, 0x00, 0x00, 0x00, 0x00, 0x00, 0x00, 0x03, 0x03, 0xFE, 0xC0, 0xFF, 0xB0, 0x0D, 0xCC, 0x03,
    0x73, 0x00, 0xDC, 0xC0, 0x32, 0x30, 0x3F, 0xEC, 0x0F, 0xFB, 0x00, 0x30, 0xC0, 0x0C, 0x30, 0x7F,
    0xFC, 0x1F, 0xF3, 0x00, 0x00, 0xC0, 0x00, 0x30, 0x00, 0x0C, 0x00, 0x00, 0x00, 0x00, 0x00, 0x00,
    0x01, 0x83, 0xFE, 0x60, 0xFF, 0x98, 0x0C, 0x86, 0x03, 0x31, 0x81, 0xFE, 0x60, 0xFF, 0x98, 0x03,
    0x06, 0x0F, 0xFD, 0x87, 0xFF, 0x60, 0x00, 0x18, 0x0C, 0x06, 0x03, 0x00, 0x00, 0xC0, 0x00, 0x3F,
    0xF8, 0x0F, 0xFE, 0x00, 0x00, 0x00, 0x00, 0x00, 0x00, 0x00, 0x01, 0xFF, 0xE0, 0xFF, 0xFC, 0x06,
    0x18, 0x01, 0x86, 0x00, 0x61, 0x80, 0x18, 0x60, 0x06, 0x18, 0x0F, 0xFF, 0x83, 0xFF, 0xE0, 0x18,
    0x60, 0x06, 0x38, 0x01, 0x86, 0x07, 0xFF, 0xF9, 0xFF, 0xFE, 0x00, 0x00, 0x00, 0x00, 0x00, 0x00,
    0x00, 0x06, 0x7B, 0x03, 0xFF, 0xE0, 0x18, 0xE0, 0x06, 0x38, 0x01, 0x8E, 0x01, 0xFF, 0xE0, 0xFF,
    0xF8, 0x06, 0x30, 0x01, 0x8C, 0x07, 0xFF, 0xF0, 0xFF, 0xFC, 0x00, 0x00, 0x06, 0x00, 0x01, 0x80,
    0x00, 0x60, 0x00, 0x1F, 0xFE, 0x03, 0xFF, 0x00, 0x00, 0x00, 0x0F, 0xFF, 0x83, 0xFF, 0xE0, 0x18,
    0xC0, 0x06, 0x30, 0x07, 0xFF, 0x03, 0xFF, 0xE0, 0x18, 0xC0, 0x7F, 0xFF, 0x1F, 0xFF, 0xC0, 0x00,
    0x00, 0x7F, 0xF0, 0x00, 0x0C, 0x07, 0xFF, 0x01, 0xFF, 0xC0, 0x60, 0x00, 0x1F, 0xFE, 0x07, 0xFF,
    0x80, 0x00, 0x00, 0x0F, 0xFF, 0x83, 0xFF, 0xE0, 0x18, 0xE0, 0x06, 0x30, 0x01, 0x8E, 0x03, 0xFF,
    0xE0, 0x7F, 0xF8, 0x06, 0x30, 0x1F, 0xFF, 0xC3, 0xFF, 0xF0, 0x40, 0x10, 0x18, 0x0C, 0x07, 0xFF,
    0x01, 0xFF, 0xC0, 0x60, 0x30, 0x1F, 0xFC, 0x07, 0xFF, 0x00, 0x00, 0x00, 0x07, 0xFF, 0x83, 0xFF,
    0xE0, 0x18, 0xE0, 0x06, 0x38, 0x01, 0x8E, 0x03, 0xFF, 0xE0, 0xFF, 0xF8, 0x06, 0x30, 0x1F, 0xFF,
    0xC7, 0xFF, 0xF0, 0x02, 0x00, 0x01, 0xC0, 0x00, 0x70, 0x00, 0x3E, 0x00, 0x3D, 0xE0, 0x3C, 0x1E,
    0x04, 0x01, 0x80, 0x00, 0x00, 0x0F, 0xFF, 0x81, 0xFF, 0xE0, 0x18, 0x60, 0x06, 0x38, 0x01, 0x86,
    0x00, 0x63, 0x80, 0xFF, 0xF8, 0x1F, 0xFE, 0x00, 0x00, 0x07, 0xFF, 0xF9, 0xFF, 0xFE, 0x00, 0xC0,
    0x00, 0x30, 0x00, 0x0C, 0x00, 0x03, 0x00, 0x00, 0xC0, 0x00, 0x00, 0x00, 0x00, 0x00, 0x04, 0x01,
    0x03, 0xFF, 0xE0, 0x18, 0xC0, 0x06, 0x30, 0x01, 0x8C, 0x03, 0xFF, 0xE0, 0xFF, 0xF8, 0x00, 0x00,
    0x1F, 0xFF, 0xC7, 0xFF, 0xF0, 0x03, 0x00, 0x1F, 0xFC, 0x07, 0xFF, 0x00, 0x00, 0xC0, 0x00, 0x30,
    0x00, 0x0C, 0x00, 0x03, 0x00, 0x00, 0x00, 0x00, 0x00, 0x03, 0xFF, 0xE0, 0x18, 0x60, 0x06, 0x18,
    0x01, 0x86, 0x00, 0x61, 0x80, 0xFF, 0xF8, 0x1F, 0xFC, 0x08, 0x00, 0x47, 0xFF, 0xF8, 0x03, 0x00,
    0x08, 0xC0, 0x06, 0x30, 0x01, 0x80, 0x00, 0x60, 0x00, 0x1F, 0xFE, 0x03, 0xFF, 0x80, 0x00, 0x00,
    0x07, 0xFF, 0x03, 0xFF, 0xE0, 0x18, 0xC0, 0x06, 0x30, 0x01, 0x8C, 0x03, 0xFF, 0xE0, 0xFF, 0xF8,
    0x00, 0x00, 0x1F, 0xFF, 0xC7, 0xFF, 0xF0, 0x03, 0x00, 0x1F, 0xFC, 0x07, 0xFF, 0x01, 0x80, 0x00,
    0x60, 0x00, 0x1F, 0xFE, 0x07, 0xFF, 0x00, 0x00, 0x00, 0x0F, 0xFF, 0x83, 0xFF, 0xE0, 0x18, 0xC0,
    0x06, 0x30, 0x0F, 0xFF, 0x83, 0xFF, 0xE0, 0x00, 0x00, 0x7F, 0xFF, 0x1F, 0xFF, 0xC0, 0x0C, 0x00,
    0x7F, 0xF0, 0x00, 0x0C, 0x07, 0xFF, 0x01, 0xFF, 0xC0, 0x60, 0x00, 0x1F, 0xFE, 0x07, 0xFF, 0x80,
    0x00, 0x00, 0x0F, 0xFF, 0x83, 0xFF, 0xE0, 0x18, 0x60, 0x06, 0x18, 0x0F, 0xFF, 0x83, 0xFF, 0xE0,
    0x00, 0x00, 0x7F, 0xFF, 0x9F, 0xFF, 0xC0, 0x0C, 0x00, 0x7F, 0xF8, 0x1F, 0xFE, 0x07, 0xF9, 0x81,
    0xFE, 0x60, 0x61, 0x98, 0x1F, 0xFE, 0x07, 0xFF, 0x80, 0x00, 0x00, 0x07, 0xFF, 0x03, 0xFF, 0xE0,
    0x18, 0xC0, 0x06, 0x30, 0x01, 0x8C, 0x03, 0xFF, 0xE0, 0x7F, 0xF0, 0x20, 0x03, 0x1F, 0xFF, 0xC0,
    0x0C, 0x00, 0x03, 0x00, 0x1F, 0xFC, 0x07, 0xFF, 0x01, 0x80, 0xC0, 0x60, 0x30, 0x1F, 0xFC, 0x07,
    0xFF, 0x00, 0x00, 0x00, 0x0F, 0xFF, 0x83, 0xFF, 0xE0, 0x18, 0xC0, 0x06, 0x30, 0x01, 0x8C, 0x03,
    0xFF, 0xE0, 0x7F, 0xF0, 0x7F, 0xFF, 0x1F, 0xFF, 0xC0, 0x0C, 0x00, 0x43, 0x10, 0x18, 0x8C, 0x07,
    0xFF, 0x01, 0xFF, 0xC0, 0x60, 0x30, 0x1F, 0xFC, 0x07, 0xFF, 0x00, 0x00, 0x00, 0x0F, 0xFF, 0x83,
    0xFF, 0xE0, 0x18, 0xC0, 0x06, 0x30, 0x01, 0x8C, 0x03, 0xFF, 0xE0, 0x7F, 0xF0, 0x00, 0x00, 0x1F,
    0xFF, 0xC0, 0x1C, 0x00, 0x03, 0x00, 0x00, 0xC0, 0x00, 0x30, 0x00, 0x1E, 0x00, 0x3D, 0xE0, 0x3E,
    0x3E, 0x04, 0x01, 0x00, 0x00, 0x00, 0x07, 0xFF, 0x03, 0xFF, 0xE0, 0x18, 0xC0, 0x06, 0x30, 0x01,
    0x8C, 0x03, 0xFF, 0xE0, 0x7F, 0xF0, 0x00, 0x00, 0x1F, 0xFF, 0xC0, 0x0C, 0x00, 0x03, 0x00, 0x0F,
    0xF8, 0x07, 0xFF, 0x01, 0x80, 0xC0, 0x60, 0x30, 0x0F, 0xF8, 0x01, 0xFC, 0x00, 0x00, 0x00, 0x00,
    0x01, 0x83, 0xFE, 0x60, 0xFF, 0x98, 0x0C, 0x86, 0x03, 0x71, 0x80, 0xDC, 0x60, 0xFF, 0x98, 0x3F,
    0xE6, 0x00, 0x1D, 0x87, 0xFF, 0x60, 0xFC, 0x18, 0x06, 0x7E, 0x01, 0x8F, 0x80, 0x60, 0x60, 0x18,
    0x18, 0x02, 0x06, 0x00, 0x00, 0x00, 0x00, 0x00, 0x07, 0xF1, 0x83, 0xFE, 0xE0, 0x37, 0x38, 0x0C,
    0x8E, 0x0F, 0xFB, 0x83, 0xFE, 0xE0, 0x00, 0xB8, 0x7F, 0xF6, 0x0F, 0xDF, 0x80, 0x67, 0xE0, 0x18,
    0x18, 0x07, 0xF8, 0x03, 0xFF, 0x80, 0xC0, 0x60, 0x3C, 0x78, 0x07, 0xFC, 0x00, 0x00, 0x00, 0x00,
    0x00, 0x00, 0x01, 0x83, 0xFE, 0x60, 0xFF, 0x98, 0x0C, 0x86, 0x03, 0x71, 0x80, 0xCC, 0x60, 0xFF,
    0x98, 0x3F, 0xE6, 0x00, 0x05, 0x87, 0xFF, 0x60, 0xFE, 0x18, 0x03, 0x06, 0x00, 0xC1, 0x80, 0x30,
    0x60, 0x0C, 0x18, 0x02, 0x06, 0x00, 0x00, 0x00, 0x00, 0x00, 0x00, 0x03, 0x03, 0xFE, 0xC0, 0x7F,
    0xB0, 0x18, 0x8C, 0x06, 0x23, 0x03, 0xFE, 0xC0, 0xFF, 0xB0, 0x00, 0x0C, 0x1F, 0xFF, 0x07, 0xFE,
    0xC0, 0x0C, 0x30, 0x1B, 0x0C, 0x06, 0x00, 0x01, 0x80, 0x00, 0x7F, 0xF8, 0x1F, 0xFE, 0x00, 0x00,
    0x00, 0x00, 0x00, 0x07, 0xF9, 0x83, 0xFF, 0x60, 0x33, 0x18, 0x0C, 0xC6, 0x0F, 0xF9, 0x83, 0xFE,
    0x60, 0x00, 0xD8, 0x7F, 0xF6, 0x09, 0xC1, 0x80, 0xFF, 0xC0, 0x3F, 0xF8, 0x00, 0x06, 0x03, 0xFF,
    0x80, 0xC0, 0x00, 0x3F, 0xF8, 0x0F, 0xFE, 0x00, 0x00, 0x00, 0x00, 0x00, 0x04, 0x83, 0x03, 0xFE,
    0xC0, 0x37, 0x30, 0x0C, 0xCC, 0x03, 0x73, 0x03, 0xFE, 0xC0, 0x7F, 0xB0, 0x7F, 0xFC, 0x1F, 0xFF,
    0x00, 0x30, 0x40, 0x3F, 0xF0, 0x0F, 0xFC, 0x03, 0x03, 0x00, 0xC0, 0xC0, 0x3F, 0xF0, 0x0F, 0xFC,
    0x00, 0x00, 0x00, 0x00, 0x00, 0x00, 0x03, 0x03, 0xFE, 0xC0, 0x7F, 0x30, 0x0C, 0xCC, 0x03, 0x33,
    0x03, 0xFE, 0xC0, 0xFF, 0xB0, 0x01, 0xFC, 0x1F, 0xFF, 0x00, 0x60, 0xC0, 0x19, 0x30, 0x06, 0xEC,
    0x00, 0x38, 0x00, 0x3F, 0x80, 0x3C, 0x78, 0x0C, 0x06, 0x00, 0x00, 0x00, 0x00, 0x00, 0x0F, 0xFF,
    0x81, 0xFF, 0xE0, 0x18, 0x60, 0x06, 0x38, 0x01, 0x86, 0x01, 0xFF, 0xE0, 0xFF, 0xF8, 0x00, 0x00,
    0x00, 0x00, 0x07, 0xFF, 0xF9, 0xFF, 0xFC, 0x06, 0x18, 0x01, 0x86, 0x00, 0x61, 0x80, 0x18, 0x60,
    0x06, 0x18, 0x00, 0x00, 0x00, 0x00, 0x00, 0x00, 0x00, 0x03, 0xFF, 0xE0, 0x18, 0xC0, 0x06, 0x30,
    0x01, 0x8C, 0x00, 0x63, 0x00, 0xFF, 0xF8, 0x1B, 0xFC, 0x1F, 0xFF, 0xC7, 0xFF, 0xF0, 0x0C, 0xC0,
    0x13, 0x30, 0x06, 0xCC, 0x01, 0x80, 0x00, 0x7F, 0xF0, 0x1F, 0xFE, 0x00, 0x00, 0x00, 0x00, 0x00,
    0x0F, 0xFF, 0x83, 0xFF, 0xE0, 0x18, 0xC0, 0x06, 0x30, 0x0F, 0xFF, 0x83, 0xFF, 0xE0, 0x00, 0x00,
    0x7F, 0xFF, 0x1F, 0xFF, 0xC0, 0x63, 0x00, 0x7F, 0xF0, 0x00, 0x0C, 0x07, 0xFF, 0x01, 0xFF, 0xC0,
    0x60, 0x00, 0x1F, 0xFE, 0x07, 0xFF, 0x80, 0x00, 0x00, 0x0F, 0xFF, 0x83, 0xFF, 0xE0, 0x18, 0xC0,
    0x06, 0x30, 0x03, 0x8C, 0x03, 0xFF, 0xE0, 0x00, 0x00, 0x7F, 0xFF, 0x1F, 0xFF, 0xC0, 0x63, 0x00,
    0x7F, 0xF0, 0x1F, 0xFC, 0x06, 0x03, 0x01, 0x80, 0xC0, 0x6F, 0xB0, 0x1F, 0xFC, 0x00, 0x00, 0x00,
    0x00, 0x00, 0x0F, 0xFF, 0x01, 0xFF, 0xC0, 0x18, 0xC0, 0x06, 0x30, 0x07, 0xFF, 0x03, 0xFF, 0xC0,
    0x00, 0x00, 0x7F, 0xFF, 0x1F, 0xFF, 0xC0, 0xC1, 0x80, 0x36, 0xE0, 0x0D, 0xD0, 0x00, 0xF0, 0x00,
    0x77, 0x00, 0xF8, 0xF0, 0x18, 0x0C, 0x00, 0x00, 0x00, 0x00, 0x00, 0x07, 0xFF, 0x03, 0xFF, 0xE0,
    0x18, 0xC0, 0x06, 0x30, 0x01, 0x8C, 0x03, 0xFF, 0xE0, 0x7F, 0xF0, 0x20, 0x01, 0x1F, 0xFF, 0xC0,
    0x63, 0x80, 0x1F, 0xC0, 0x0F, 0xF8, 0x07, 0x07, 0x01, 0x80, 0xC0, 0x60, 0x30, 0x0F, 0xF8, 0x01,
    0xFC, 0x00, 0x00, 0x00, 0x00, 0x00, 0x01, 0xFF, 0xF0, 0xFF, 0xFC, 0x1F, 0xFE, 0x01, 0x86, 0x00,
    0x61, 0x80, 0x18, 0x60, 0x06, 0x18, 0x01, 0x86, 0x01, 0xFF, 0xF0, 0x7F, 0xFC, 0x00, 0x00, 0x00,
    0x00, 0x00, 0x00, 0x01, 0xFF, 0xFF, 0x3F, 0xFF, 0x80, 0x00, 0x00, 0x00, 0x00, 0x07, 0xFF, 0x81,
    0xFF, 0xE0, 0x18, 0x60, 0x06, 0x18, 0x01, 0x86, 0x01, 0xFF, 0xE0, 0x7F, 0xF8, 0x00, 0x00, 0x1F,
    0xFF, 0xE7, 0xFF, 0xF8, 0x00, 0x00, 0x18, 0x00, 0x06, 0x00, 0x01, 0x80, 0x00, 0x7F, 0xF8, 0x1F,
    0xFE, 0x00, 0x00, 0x00, 0x00, 0x00, 0x07, 0xFF, 0x83, 0xFF, 0xE0, 0x18, 0xE0, 0x06, 0x38, 0x01,
    0x8E, 0x03, 0xFF, 0xE0, 0x00, 0x00, 0x7F, 0xFF, 0x1F, 0xFF, 0xC0, 0x00, 0x00, 0x7F, 0xF8, 0x00,
    0x0E, 0x07, 0xFF, 0x81, 0xFF, 0xC0, 0x60, 0x00, 0x1F, 0xFE, 0x07, 0xFF, 0x80, 0x00, 0x00, 0x07,
    0xFF, 0x03, 0xFF, 0xE0, 0x18, 0xE0, 0x06, 0x38, 0x01, 0x8E, 0x01, 0xFF, 0xE0, 0x7F, 0xF8, 0x00,
    0x00, 0x1F, 0xFF, 0xC7, 0xFF, 0xF0, 0x00, 0x00, 0x1F, 0xFE, 0x07, 0xFF, 0x81, 0x80, 0x60, 0x60,
    0x18, 0x1F, 0xFE, 0x07, 0xFF, 0x00, 0x00, 0x00, 0x07, 0xFF, 0x83, 0xFF, 0xE0, 0x18, 0xE0, 0x06,
    0x38, 0x01, 0x8E, 0x01, 0xFF, 0xE0, 0x7F, 0xF8, 0x00, 0x00, 0x1F, 0xFF, 0xC3, 0xFF, 0xF0, 0x60,
    0x10, 0x18, 0x0E, 0x07, 0xFF, 0x81, 0x80, 0xE0, 0x60, 0x38, 0x1F, 0xFE, 0x07, 0xFF, 0x00, 0x00,
    0x00, 0x07, 0xFF, 0x03, 0xFF, 0xE0, 0x18, 0xE0, 0x06, 0x38, 0x01, 0x8E, 0x01, 0xFF, 0xE0, 0x7F,
    0xF8, 0x00, 0x00, 0x1F, 0xFF, 0xC7, 0xFF, 0xF0, 0x02, 0x00, 0x00, 0xC0, 0x00, 0x70, 0x00, 0x3E,
    0x00, 0x3C, 0xF0, 0x3E, 0x1E, 0x04, 0x01, 0x00, 0x00, 0x00, 0x00, 0x03, 0x03, 0xFE, 0xC1, 0xFF,
    0xB0, 0x19, 0x8C, 0x06, 0x63, 0x01, 0x98, 0xC0, 0x66, 0x30, 0x19, 0x8C, 0x06, 0x63, 0x01, 0x98,
    0xC0, 0xFF, 0xB0, 0x7F, 0xEC, 0x00, 0x03, 0x00, 0x00, 0xC0, 0x00, 0x30, 0x00, 0x0C, 0x00, 0x00,
    0x00, 0x00, 0x00, 0x00, 0x03, 0x03, 0xFE, 0xC0, 0xFF, 0xB0, 0x19, 0x8C, 0x06, 0x63, 0x01, 0x98,
    0xC0, 0x66, 0x30, 0x7F, 0xEC, 0x1F, 0xFB, 0x00, 0x00, 0x40, 0x7F, 0xF0, 0x1F, 0xFC, 0x00, 0x03,
    0x00, 0x00, 0xC0, 0x00, 0x30, 0x00, 0x0C, 0x00, 0x00, 0x00, 0x00, 0x00, 0x00, 0x03, 0x03, 0xFC,
    0xC0, 0xFF, 0xB0, 0x19, 0x8C, 0x06, 0x63, 0x01, 0x98, 0xC0, 0x66, 0x30, 0x19, 0xAC, 0x1F, 0xFB,
    0x03, 0xF8, 0xC0, 0x20, 0x30, 0x0C, 0x0C, 0x03, 0x00, 0x00, 0xC0, 0x00, 0x3F, 0xF8, 0x0F, 0xFE,
    0x00, 0x00, 0x00, 0x00, 0x00, 0x00, 0x03, 0x03, 0xFE, 0xC0, 0xFF, 0x30, 0x19, 0x8C, 0x06, 0x63,
    0x01, 0x98, 0xC1, 0xFF, 0xB0, 0x7F, 0xEC, 0x00, 0x01, 0x00, 0xFF, 0xC0, 0x20, 0xB0, 0x0F, 0xFC,
    0x03, 0xFF, 0x00, 0xC0, 0x00, 0x3F, 0xF8, 0x0F, 0xFE, 0x00, 0x00, 0x00, 0x00, 0x00, 0x00, 0x03,
    0x03, 0xFE, 0xC0, 0xFF, 0xB0, 0x19, 0x8C, 0x06, 0x63, 0x01, 0x98, 0xC0, 0x66, 0xB0, 0x7F, 0xEC,
    0x1F, 0xF3, 0x00, 0x00, 0x40, 0x3F, 0xF0, 0x0F, 0xFC, 0x03, 0x03, 0x00, 0xC0, 0xC0, 0x3F, 0xF0,
    0x0F, 0xFC, 0x00, 0x00, 0x00, 0x00, 0x00, 0x00, 0x03, 0x03, 0xFE, 0xC0, 0xFF, 0x30, 0x19, 0x8C,
    0x06, 0x63, 0x01, 0x98, 0xC0, 0x67, 0xB0, 0x7F, 0xEC, 0x0F, 0x83, 0x00, 0x00, 0x00, 0x30, 0x30,
    0x0F, 0xFC, 0x03, 0xFF, 0x00, 0xC0, 0xC0, 0x3F, 0xF0, 0x0F, 0xFC, 0x00, 0x00, 0x00, 0x00, 0x00,
    0x00, 0x03, 0x03, 0xFE, 0xC0, 0xFF, 0xB0, 0x19, 0x8C, 0x06, 0x63, 0x01, 0x98, 0xC0, 0x66, 0x30,
    0x7F, 0xEC, 0x1F, 0xFB, 0x00, 0x00, 0xC0, 0x03, 0x30, 0x00, 0xE0, 0x00, 0x78, 0x00, 0x3B, 0x80,
    0x7C, 0x78, 0x1C, 0x0E, 0x00, 0x00, 0x00, 0x00, 0x00, 0x00, 0x03, 0x03, 0xFC, 0xC0, 0xFF, 0xB0,
    0x19, 0x8C, 0x06, 0x63, 0x01, 0x98, 0xC0, 0x66, 0x30, 0x7F, 0xEC, 0x1F, 0xFB, 0x00, 0x00, 0xC0,
    0x1F, 0xE0, 0x0F, 0xFC, 0x07, 0x03, 0x01, 0xC0, 0xC0, 0x3D, 0xF0, 0x07, 0xF8, 0x00, 0x00, 0x00,
    0x00, 0x00, 0x01, 0x83, 0x00, 0x60, 0xC1, 0xFF, 0xB0, 0x7F, 0xEC, 0x00, 0x03, 0x01, 0xF0, 0xC0,
    0xFE, 0x3C, 0x30, 0xCF, 0x0C, 0x33, 0x03, 0x0C, 0xC0, 0xE7, 0x30, 0x1F, 0x8C, 0x01, 0x83, 0x00,
    0x00, 0xC0, 0x00, 0x30, 0x00, 0x0C, 0x00, 0x00, 0x00, 0x00, 0x00, 0x01, 0x83, 0x03, 0x7C, 0xC1,
    0xFF, 0xB0, 0x07, 0x0C, 0x07, 0xF3, 0xC3, 0x8C, 0xF0, 0xC3, 0x30, 0x38, 0xCC, 0x07, 0xF3, 0x00,
    0x70, 0xC0, 0x00, 0x00, 0x1F, 0xFC, 0x00, 0x03, 0x00, 0x00, 0xC0, 0x00, 0x30, 0x00, 0x0C, 0x00,
    0x00, 0x00, 0x00, 0x00, 0x01, 0x83, 0x00, 0x60, 0xC1, 0xFF, 0xB0, 0x06, 0x0C, 0x07, 0xE3, 0x01,
    0xFC, 0xF0, 0xC3, 0x3C, 0x30, 0xCC, 0x07, 0xF3, 0x00, 0xF8, 0xC0, 0x00, 0x30, 0x0C, 0x0C, 0x03,
    0x00, 0x00, 0xC0, 0x00, 0x3F, 0xF0, 0x0F, 0xFE, 0x00, 0x00, 0x00, 0x00, 0x00, 0x01, 0x00, 0x00,
    0x60, 0xC1, 0xFF, 0xB0, 0x7F, 0xCC, 0x03, 0xE3, 0xC3, 0xFC, 0xF0, 0xC3, 0x30, 0x30, 0xCC, 0x07,
    0xF3, 0x00, 0xF0, 0x80, 0x7F, 0xE0, 0x0F, 0xFC, 0x03, 0xFF, 0x01, 0xFF, 0x80, 0x60, 0x00, 0x1F,
    0xFC, 0x03, 0xFF, 0x00, 0x00, 0x00, 0x01, 0x82, 0x03, 0xFD, 0x81, 0xFF, 0x60, 0x0F, 0x18, 0x07,
    0xE7, 0x83, 0x0D, 0xE0, 0xC3, 0x60, 0x3F, 0xD8, 0x03, 0xC6, 0x01, 0xEF, 0x80, 0x7F, 0xE0, 0x03,
    0xC0, 0x0F, 0xFE, 0x03, 0x0C, 0x00, 0xFF, 0xF0, 0x1F, 0xFC, 0x00, 0x00, 0x00, 0x00, 0x00, 0x01,
    0x83, 0x03, 0x7C, 0xC1, 0xFF, 0xB0, 0x07, 0x0C, 0x07, 0xE3, 0xC3, 0x8C, 0xF0, 0xC3, 0x30, 0x38,
    0xCC, 0x07, 0xF3, 0x00, 0x60, 0xC0, 0x3F, 0xF0, 0x0F, 0xFC, 0x02, 0x03, 0x00, 0x80, 0xC0, 0x3F,
    0xF0, 0x0F, 0xFC, 0x00, 0x00, 0x00, 0x00, 0x00, 0x01, 0x83, 0x03, 0x7C, 0xC1, 0xFF, 0xB0, 0x07,
    0x0C, 0x07, 0xF3, 0xC3, 0x8C, 0xF0, 0xC3, 0x30, 0x38, 0xCC, 0x07, 0xE3, 0x00, 0x60, 0x80, 0x20,
    0x30, 0x0F, 0xFC, 0x03, 0xFF, 0x00, 0x80, 0xC0, 0x3F, 0xF0, 0x0F, 0xFC, 0x00, 0x00, 0x00, 0x00,
    0x00, 0x01, 0x83, 0x00, 0x60, 0xC1, 0xFF, 0xB0, 0x07, 0x0C, 0x07, 0xE3, 0xC3, 0x8C, 0xF0, 0xC3,
    0x30, 0x30, 0xCC, 0x07, 0xF3, 0x00, 0xF8, 0xC0, 0x03, 0x30, 0x00, 0xC0, 0x00, 0x78, 0x00, 0x3B,
    0x00, 0x7C, 0x78, 0x1C, 0x0E, 0x00, 0x00, 0x00, 0x00, 0x00, 0x01, 0x83, 0x00, 0x60, 0xC1, 0xFF,
    0xB0, 0x06, 0x0C, 0x07, 0xE3, 0xC3, 0xDC, 0xF8, 0xC3, 0x30, 0x38, 0xCC, 0x07, 0xF3, 0x00, 0x60,
    0xC0, 0x0F, 0xF0, 0x0F, 0xF8, 0x03, 0x03, 0x01, 0x80, 0xC0, 0x38, 0xF0, 0x07, 0xF8, 0x00, 0x00,
    0x00, 0x00, 0x00, 0x01, 0x0D, 0x80, 0x63, 0x60, 0xFE, 0xD8, 0x7F, 0xF6, 0x00, 0x0D, 0x81, 0xF3,
    0x60, 0xFC, 0xF8, 0x31, 0xBE, 0x0C, 0x6D, 0x83, 0x1B, 0x60, 0xCE, 0xD8, 0x1F, 0x36, 0x03, 0x8D,
    0x80, 0x03, 0x60, 0x00, 0xD8, 0x00, 0x06, 0x00, 0x00, 0x00, 0x00, 0x00, 0x01, 0x09, 0x80, 0xE7,
    0x61, 0xFF, 0xD8, 0x0E, 0x76, 0x07, 0xCF, 0x83, 0xBB, 0xE0, 0xC6, 0xD8, 0x31, 0xB6, 0x0F, 0xCD,
    0x80, 0xC3, 0x60, 0x00, 0x10, 0x0F, 0xFE, 0x00, 0x01, 0x80, 0x00, 0x60, 0x00, 0x18, 0x00, 0x06,
    0x00, 0x00, 0x00, 0x00, 0x00, 0x03, 0x09, 0x80, 0xC7, 0x61, 0xFF, 0xD8, 0x7F, 0xF6, 0x07, 0xCD,
    0x83, 0xFB, 0xE0, 0xC6, 0xF8, 0x31, 0xB6, 0x0F, 0xED, 0x81, 0xF3, 0x60, 0x00, 0xD8, 0x0C, 0x26,
    0x03, 0x00, 0x00, 0xC0, 0x00, 0x3F, 0xF8, 0x0F, 0xFE, 0x00, 0x00, 0x00, 0x00, 0x00, 0x01, 0x00,
    0x00, 0xC6, 0x61, 0xFF, 0x98, 0x7F, 0xE6, 0x07, 0xDF, 0x83, 0xF7, 0xE0, 0xC7, 0x98, 0x31, 0xE6,
    0x0F, 0xD9, 0x80, 0xC2, 0x40, 0x3F, 0xF0, 0x0F, 0xFE, 0x01, 0xFF, 0x80, 0xFF, 0xC0, 0x30, 0x00,
    0x0F, 0xFE, 0x03, 0xFF, 0x80, 0x00, 0x00, 0x03, 0x0D, 0x80, 0xE3, 0x61, 0xFF, 0xD8, 0x0E, 0x36,
    0x07, 0xCF, 0x83, 0x3B, 0xE0, 0xC6, 0xD8, 0x31, 0xB6, 0x0F, 0xCD, 0x80, 0xC2, 0x60, 0x1F, 0xF0,
    0x0F, 0xFE, 0x03, 0x01, 0x80, 0xC0, 0x60, 0x3F, 0xF8, 0x0F, 0xFE, 0x00, 0x00, 0x00, 0x00, 0x00,
    0x03, 0x09, 0x80, 0xE3, 0x61, 0xFF, 0xD8, 0x0E, 0x36, 0x07, 0xCF, 0x83, 0x3B, 0xE0, 0xC6, 0xD8,
    0x3F, 0xB6, 0x07, 0xCD, 0x80, 0x02, 0x60, 0x30, 0x18, 0x0F, 0xFE, 0x03, 0xFF, 0x80, 0xC0, 0x60,
    0x3F, 0xF8, 0x0F, 0xFE, 0x00, 0x00, 0x00, 0x00, 0x00, 0x01, 0x89, 0x80, 0x63, 0x61, 0xFF, 0xD8,
    0x3F, 0xF6, 0x07, 0xCF, 0x83, 0xFB, 0xE0, 0xC6, 0xD8, 0x31, 0xB6, 0x0F, 0xED, 0x81, 0xE3, 0x60,
    0x01, 0x18, 0x00, 0xE4, 0x00, 0x38, 0x00, 0x3F, 0x00, 0x3C, 0x78, 0x1E, 0x0F, 0x00, 0x00, 0x00,
    0x00, 0x00, 0x01, 0x8D, 0x80, 0xE7, 0x61, 0xFF, 0xD8, 0x0E, 0x76, 0x07, 0xCF, 0x83, 0x3B, 0xE0,
    0xC6, 0xD8, 0x31, 0xB6, 0x0F, 0xCD, 0x80, 0xC2, 0x60, 0x18, 0x60, 0x06, 0x18, 0x01, 0xC7, 0x00,
    0xF3, 0xC0, 0xE7, 0x9C, 0x10, 0xC3, 0x00, 0x00, 0x00, 0x00, 0x00, 0x03, 0x09, 0x80, 0xE7, 0x61,
    0xFF, 0xD8, 0x0E, 0x76, 0x07, 0xCF, 0x83, 0xBB, 0xE0, 0xC6, 0xD8, 0x31, 0xB6, 0x0F, 0xCD, 0x80,
    0xC2, 0x60, 0x07, 0xC0, 0x07, 0xFC, 0x03, 0x83, 0x80, 0xC0, 0x60, 0x3C, 0x78, 0x07, 0xFC, 0x00,
    0x00, 0x00, 0x00, 0x00, 0x01, 0x83, 0x00, 0x60, 0xC1, 0xFF, 0xB0, 0x7F, 0xEC, 0x00, 0x03, 0xC1,
    0xF0, 0xF0, 0xFE, 0x30, 0x30, 0xCC, 0x0C, 0x33, 0x03, 0x0C, 0xF0, 0xE7, 0x3C, 0x1F, 0x8C, 0x01,
    0x83, 0x00, 0x00, 0xC0, 0x00, 0x30, 0x00, 0x0C, 0x00, 0x00, 0x00, 0x00, 0x00, 0x01, 0x83, 0x00,
    0x60, 0xC1, 0xFF, 0xBC, 0x06, 0x0F, 0x07, 0xE3, 0x03, 0x9C, 0xC0, 0xC3, 0x3C, 0x38, 0xCF, 0x07,
    0xF3, 0x00, 0x60, 0xC0, 0x0F, 0xD0, 0x0F, 0xF8, 0x03, 0x03, 0x01, 0x80, 0xC0, 0x38, 0xF0, 0x07,
    0xF8, 0x00, 0x00, 0x00, 0x00, 0x00, 0x01, 0x81, 0x80, 0x60, 0x60, 0xFF, 0x18, 0x7F, 0xE6, 0x00,
    0x01, 0x80, 0xF0, 0x60, 0x7E, 0x78, 0x38, 0xFE, 0x0C, 0x31, 0x83, 0x0C, 0x60, 0xE7, 0x18, 0x1F,
    0x86, 0x01, 0x81, 0x80, 0x00, 0x60, 0x00, 0x18, 0x00, 0x06, 0x00, 0x00, 0x00, 0x00, 0x00, 0x00,
    0x00, 0x00, 0x60, 0x41, 0xFF, 0xB8, 0x7F, 0xEE, 0x03, 0x81, 0x81, 0xF8, 0xE0, 0xC7, 0xF8, 0x30,
    0xCE, 0x0E, 0x71, 0x81, 0xF8, 0xE0, 0x18, 0x10, 0x0F, 0xFC, 0x03, 0xFF, 0x80, 0x00, 0x60, 0x00,
    0x38, 0x00, 0x0E, 0x00, 0x01, 0x00, 0x00, 0x00, 0x01, 0x81, 0x80, 0x60, 0x61, 0xFF, 0x98, 0x06,
    0x06, 0x07, 0xE1, 0x81, 0xFF, 0xE0, 0xC3, 0xF8, 0x30, 0xC6, 0x07, 0xF1, 0x80, 0xF8, 0x60, 0x00,
    0x18, 0x0C, 0x06, 0x03, 0x00, 0x00, 0xC0, 0x00, 0x3F, 0xF8, 0x0F, 0xFE, 0x00, 0x00, 0x00, 0x00,
    0x00, 0x01, 0x00, 0x00, 0x60, 0xC1, 0xFF, 0xB8, 0x7F, 0xEE, 0x03, 0xC3, 0x83, 0xFF, 0xE0, 0xC3,
    0xF8, 0x30, 0xC6, 0x07, 0xE3, 0x80, 0xE0, 0x40, 0x3F, 0xF0, 0x0F, 0xFE, 0x01, 0xFF, 0x80, 0xFF,
    0xC0, 0x30, 0x00, 0x0F, 0xFE, 0x03, 0xFF, 0x80, 0x00, 0x00, 0x01, 0x80, 0x00, 0x60, 0xC1, 0xFF,
    0xB0, 0x7F, 0xCC, 0x03, 0xC3, 0x03, 0xFB, 0xC0, 0xC3, 0xF0, 0x30, 0xCC, 0x07, 0xE3, 0x00, 0xE0,
    0x40, 0x7F, 0xF0, 0x1F, 0xFC, 0x03, 0xF9, 0x01, 0xF6, 0xC0, 0x61, 0x90, 0x1F, 0xFC, 0x07, 0xFF,
    0x00, 0x00, 0x00, 0x00, 0x00, 0x00, 0x60, 0xC1, 0xFF, 0xB0, 0x7F, 0xEC, 0x03, 0xC3, 0x01, 0xFB,
    0xC0, 0xC3, 0xF0, 0x30, 0xCC, 0x0E, 0x63, 0x01, 0xF8, 0xC0, 0x00, 0x10, 0x0F, 0xFC, 0x03, 0xFF,
    0x00, 0xC0, 0x40, 0x30, 0x30, 0x0F, 0xFC, 0x03, 0xFF, 0x00, 0x00, 0x00, 0x00, 0x00, 0x00, 0x60,
    0xC1, 0xFF, 0xB0, 0x7F, 0xEC, 0x03, 0xC1, 0x01, 0xFB, 0xC0, 0xC3, 0xF0, 0x30, 0xCC, 0x0F, 0xE3,
    0x01, 0xF0, 0xC0, 0x00, 0x00, 0x0C, 0x04, 0x03, 0xFF, 0x00, 0xFF, 0xC0, 0x30, 0x10, 0x0F, 0xFC,
    0x03, 0xFF, 0x00, 0x00, 0x00, 0x01, 0x81, 0x80, 0x60, 0x61, 0xFF, 0x98, 0x2F, 0x46, 0x07, 0xE1,
    0x83, 0x9F, 0xE0, 0xC3, 0x78, 0x30, 0xC6, 0x07, 0xE1, 0x80, 0xF0, 0x60, 0x03, 0x18, 0x00, 0xE4,
    0x00, 0x78, 0x00, 0x3B, 0x80, 0x7C, 0x78, 0x1C, 0x0E, 0x00, 0x00, 0x00, 0x00, 0x00, 0x01, 0x81,
    0x80, 0x60, 0x61, 0xFF, 0x98, 0x07, 0x06, 0x07, 0xE1, 0x83, 0x9F, 0xE0, 0xC3, 0x78, 0x30, 0xC6,
    0x07, 0xE1, 0x80, 0xF0, 0x60, 0x07, 0xC0, 0x07, 0xFC, 0x03, 0x83, 0x80, 0xC0, 0x60, 0x3C, 0x70,
    0x07, 0xF8, 0x00, 0x00, 0x00, 0x00, 0x00, 0x03, 0x05, 0x80, 0xC3, 0x60, 0xFE, 0xD8, 0x7F, 0xB6,
    0x00, 0x0D, 0x81, 0xE3, 0x60, 0xFD, 0xD8, 0x31, 0xF6, 0x0C, 0x6D, 0x83, 0x1B, 0x60, 0xCE, 0xD8,
    0x1F, 0x36, 0x03, 0x0D, 0x80, 0x03, 0x60, 0x00, 0xD8, 0x00, 0x06, 0x00, 0x00, 0x00, 0x00, 0x00,
    0x03, 0x0D, 0x80, 0xC3, 0x61, 0xFE, 0xD8, 0x0C, 0x36, 0x07, 0xDD, 0x83, 0xBF, 0x60, 0xC6, 0xD8,
    0x31, 0xB6, 0x0F, 0xCD, 0x80, 0xE3, 0x60, 0x00, 0x00, 0x0F, 0xFE, 0x00, 0x01, 0x80, 0x00, 0x60,
    0x00, 0x18, 0x00, 0x06, 0x00, 0x00, 0x00, 0x00, 0x00, 0x01, 0x00, 0x80, 0xC3, 0x61, 0xFE, 0xD8,
    0x7F, 0xF6, 0x03, 0x8D, 0x81, 0xF7, 0x60, 0xC7, 0xD8, 0x31, 0xB6, 0x0C, 0x6D, 0x83, 0xF3, 0x60,
    0x38, 0xD8, 0x04, 0x36, 0x03, 0x05, 0x80, 0xC0, 0x00, 0x30, 0x00, 0x0F, 0xFF, 0x03, 0xFF, 0xC0,
    0x00, 0x00, 0x00, 0x00, 0x00, 0xC3, 0x61, 0xFE, 0xD8, 0x7F, 0xB6, 0x07, 0x8D, 0x83, 0xFF, 0x60,
    0x87, 0xD8, 0x33, 0xB6, 0x0F, 0xCD, 0x80, 0xC2, 0x40, 0x3F, 0xF0, 0x0F, 0xFE, 0x01, 0xFF, 0x80,
    0xFF, 0xC0, 0x30, 0x00, 0x0F, 0xFE, 0x03, 0xFF, 0x80, 0x00, 0x00, 0x03, 0x0D, 0x80, 0xC3, 0x61,
    0xFE, 0xD8, 0x0E, 0x36, 0x07, 0xDD, 0x83, 0x3F, 0x60, 0xC6, 0xD8, 0x31, 0xB6, 0x0F, 0xCD, 0x80,
    0xC3, 0x60, 0x1F, 0xF0, 0x0F, 0xFE, 0x03, 0x01, 0x80, 0xC0, 0x60, 0x3F, 0xF8, 0x0F, 0xFE, 0x00,
    0x00, 0x00, 0x00, 0x00, 0x03, 0x0D, 0x80, 0xE3, 0x61, 0xFE, 0xD8, 0x0E, 0x36, 0x0F, 0xDD, 0x83,
    0x3F, 0x60, 0xC6, 0xD8, 0x3B, 0xB6, 0x07, 0xCD, 0x80, 0x00, 0x00, 0x30, 0x18, 0x0F, 0xFE, 0x03,
    0xFF, 0x80, 0xC0, 0x60, 0x3F, 0xF8, 0x0F, 0xFE, 0x00, 0x00, 0x00, 0x00, 0x00, 0x03, 0x0D, 0x80,
    0xC3, 0x61, 0xFE, 0xD8, 0x7F, 0xB6, 0x07, 0xCD, 0x83, 0xFF, 0x60, 0xC7, 0xD8, 0x31, 0xB6, 0x0F,
    0xED, 0x81, 0xF3, 0x60, 0x01, 0x18, 0x00, 0xE0, 0x00, 0x38, 0x00, 0x3F, 0x80, 0x7C, 0x78, 0x1C,
    0x0E, 0x00, 0x00, 0x00, 0x00, 0x00, 0x03, 0x0D, 0x80, 0xE3, 0x61, 0xFE, 0xD8, 0x0C, 0x36, 0x07,
    0xDD, 0x83, 0xBF, 0x60, 0xC6, 0xD8, 0x31, 0xB6, 0x0F, 0xCD, 0x80, 0xC3, 0x60, 0x07, 0xD8, 0x07,
    0xFC, 0x03, 0x83, 0x80, 0xC0, 0x60, 0x3C, 0x78, 0x07, 0xFC, 0x00, 0x00, 0x00, 0x00, 0x00, 0x01,
    0x81, 0x80, 0x60, 0x61, 0xFF, 0x98, 0x7F, 0xE6, 0x00, 0x01, 0x80, 0xF3, 0xE0, 0x7E, 0xF8, 0x30,
    0xC6, 0x0C, 0x31, 0x83, 0x0F, 0xE0, 0x67, 0xF8, 0x1F, 0x86, 0x01, 0x81, 0x80, 0x00, 0x60, 0x00,
    0x18, 0x00, 0x06, 0x00, 0x00, 0x00, 0x00, 0x00, 0x01, 0x00, 0x00, 0x60, 0xE1, 0xFF, 0x38, 0x7F,
    0xC6, 0x03, 0x8F, 0x81, 0xFB, 0xE0, 0xC7, 0x18, 0x30, 0xFE, 0x0E, 0x7F, 0x81, 0xF8, 0xE0, 0x18,
    0x10, 0x0F, 0xFC, 0x03, 0xFF, 0x80, 0x00, 0xE0, 0x00, 0x38, 0x00, 0x0E, 0x00, 0x01, 0x00, 0x00,
    0x00, 0x01, 0x81, 0x80, 0x60, 0x61, 0xFF, 0x98, 0x06, 0x06, 0x03, 0xEF, 0x81, 0xFB, 0xE0, 0xC3,
    0x18, 0x30, 0xDE, 0x0E, 0x7F, 0x81, 0xF8, 0x60, 0x08, 0x18, 0x0C, 0x06, 0x03, 0x01, 0x00, 0xC0,
    0x00, 0x3F, 0xF8, 0x0F, 0xFE, 0x00, 0x00, 0x00, 0x00, 0x00, 0x01, 0x81, 0x87, 0xFE, 0x61, 0xFF,
    0x98, 0x0F, 0x1E, 0x07, 0xEF, 0x83, 0x0C, 0x60, 0xC3, 0xF8, 0x1F, 0xBE, 0x03, 0xC1, 0x80, 0x7F,
    0xE0, 0x3F, 0xF8, 0x00, 0x06, 0x03, 0xFF, 0x80, 0xC0, 0x00, 0x3F, 0xF8, 0x0F, 0xFE, 0x00, 0x00,
    0x00, 0x00, 0x00, 0x00, 0x00, 0x00, 0x60, 0xC1, 0xFF, 0x30, 0x7F, 0xCC, 0x03, 0x8F, 0x01, 0xFB,
    0xC0, 0xC7, 0x30, 0x30, 0xDC, 0x0C, 0x7F, 0x01, 0xF8, 0xC0, 0x18, 0x10, 0x0F, 0xFC, 0x03, 0xFF,
    0x80, 0xC0, 0x40, 0x30, 0x10, 0x0F, 0xFE, 0x03, 0xFF, 0x00, 0x00, 0x00, 0x00, 0x00, 0x00, 0x60,
    0xC1, 0xFF, 0x30, 0x7F, 0xCC, 0x03, 0xCF, 0x01, 0xFB, 0xC0, 0xC7, 0x10, 0x30, 0xFC, 0x0E, 0x6F,
    0x01, 0xF0, 0xC0, 0x00, 0x10, 0x0C, 0x04, 0x03, 0xFF, 0x00, 0xFF, 0xC0, 0x30, 0x10, 0x0F, 0xFE,
    0x03, 0xFF, 0x00, 0x00, 0x00, 0x00, 0x00, 0x00, 0x60, 0xC0, 0xFF, 0x30, 0x7F, 0xCC, 0x01, 0x83,
    0x01, 0xFB, 0xC0, 0xE7, 0x30, 0x30, 0xCC, 0x0C, 0x7F, 0x01, 0xF8, 0xC0, 0x3C, 0x30, 0x00, 0xCC,
    0x00, 0x30, 0x00, 0x1E, 0x00, 0x1C, 0xE0, 0x1E, 0x1E, 0x02, 0x01, 0x80, 0x00, 0x00, 0x00, 0x00,
    0x00, 0x60, 0xC1, 0xFF, 0x38, 0x7F, 0xCC, 0x03, 0xCF, 0x81, 0xFB, 0xE0, 0xC7, 0x30, 0x30, 0xDE,
    0x0C, 0x7F, 0x81, 0xF8, 0xE0, 0x38, 0x30, 0x06, 0x18, 0x01, 0x86, 0x00, 0xF3, 0x80, 0x7F, 0xF8,
    0x39, 0xE7, 0x00, 0x30, 0x80, 0x00, 0x00, 0x00, 0x00, 0x00, 0x60, 0xC0, 0xFF, 0x30, 0x7F, 0xCC,
    0x03, 0xCF, 0x01, 0xFB, 0xC0, 0xE7, 0x30, 0x30, 0xDC, 0x0C, 0x7F, 0x01, 0xF8, 0xC0, 0x38, 0x10,
    0x03, 0xF8, 0x03, 0xFF, 0x00, 0xC0, 0xE0, 0x30, 0x30, 0x0F, 0xFC, 0x00, 0xFC, 0x00, 0x00, 0x00,
    0x03, 0x0D, 0x80, 0xC3, 0x60, 0xFE, 0xD8, 0x7F, 0xB6, 0x00, 0x0D, 0x81, 0xEF, 0x60, 0xFF, 0xD8,
    0x31, 0xB6, 0x0C, 0x6D, 0x83, 0x1F, 0x60, 0xCF, 0xD8, 0x1F, 0x36, 0x03, 0x8D, 0x80, 0x03, 0x60,
    0x00, 0xD8, 0x00, 0x06, 0x00, 0x00, 0x00, 0x00, 0x00, 0x03, 0x0D, 0x80, 0xC3, 0x61, 0xFE, 0xD8,
    0x7F, 0xB6, 0x07, 0xBD, 0x83, 0xFF, 0x60, 0xC4, 0xD8, 0x31, 0xF6, 0x0C, 0xFD, 0x81, 0xF3, 0x60,
    0x00, 0xD8, 0x0C, 0x36, 0x03, 0x00, 0x00, 0xC0, 0x00, 0x3F, 0xF8, 0x0F, 0xFE, 0x00, 0x00, 0x00,
    0x00, 0x00, 0x00, 0x00, 0x00, 0xC3, 0x61, 0xFE, 0xD8, 0x7F, 0xB6, 0x07, 0xBD, 0x83, 0xFF, 0x60,
    0x84, 0xD8, 0x33, 0xF6, 0x0F, 0xFD, 0x80, 0xC2, 0x40, 0x3F, 0xF0, 0x0F, 0xFE, 0x01, 0xFF, 0x80,
    0xFF, 0xC0, 0x30, 0x00, 0x0F, 0xFE, 0x03, 0xFF, 0x80, 0x00, 0x00, 0x03, 0x0D, 0x82, 0xFB, 0x61,
    0xFE, 0xD8, 0x0E, 0x36, 0x0F, 0xFD, 0x83, 0x3B, 0x60, 0xC7, 0xD8, 0x33, 0xF6, 0x07, 0xCD, 0x80,
    0x00, 0x40, 0x30, 0x18, 0x0F, 0xFE, 0x03, 0xFF, 0x80, 0xC0, 0x60, 0x37, 0xF8, 0x0F, 0xFE, 0x00,
    0x00, 0x00, 0x00, 0x00, 0x00, 0x00, 0x00, 0x0C, 0x00, 0x03, 0x00, 0x3F, 0xFF, 0x0F, 0xFF, 0xC0,
    0x3F, 0x00, 0x3F, 0xF0, 0x0C, 0x0C, 0x06, 0x01, 0x81, 0xC0, 0xE0, 0x3F, 0xF0, 0x07, 0xF8, 0x00,
    0x30, 0x00, 0x0C, 0x01, 0xFF, 0xFE, 0x7F, 0xFF, 0x80, 0x00, 0x00, 0x00, 0x00, 0x00, 0x20, 0x00,
    0x18, 0x00, 0xFF, 0xF8, 0x3F, 0xFE, 0x01, 0xFC, 0x01, 0xFF, 0x80, 0x60, 0x70, 0x1F, 0xF8, 0x01,
    0xF8, 0x03, 0x99, 0xE1, 0xFF, 0xFC, 0x00, 0x00, 0x07, 0xFF, 0x01, 0xFF, 0xC0, 0x00, 0x30, 0x00,
    0x0C, 0x00, 0x03, 0x00, 0x00, 0x00, 0x00, 0x20, 0x00, 0x18, 0x00, 0xFF, 0xF8, 0x3F, 0xFE, 0x01,
    0xFC, 0x01, 0xFF, 0x80, 0x60, 0x30, 0x1F, 0xF8, 0x01, 0xFC, 0x00, 0x18, 0x01, 0xFF, 0xFC, 0x00,
    0x00, 0x06, 0x00, 0x01, 0x80, 0x00, 0x60, 0x00, 0x1F, 0xFC, 0x00, 0x00, 0x00, 0x00, 0x00, 0x00,
    0x20, 0x00, 0x1C, 0x00, 0xFF, 0xF8, 0x07, 0xE0, 0x03, 0xFE, 0x01, 0x81, 0xC0, 0x79, 0xE0, 0x0F,
    0xF0, 0x00, 0x70, 0x07, 0xFF, 0xF0, 0x7F, 0xE0, 0x1F, 0xFC, 0x00, 0x03, 0x01, 0xFF, 0xC0, 0x68,
    0x00, 0x1F, 0xFC, 0x07, 0xFF, 0x00, 0x00, 0x00, 0x00, 0x60, 0x03, 0xFF, 0xC0, 0xFF, 0xF0, 0x0F,
    0xF0, 0x07, 0xDE, 0x01, 0x81, 0x80, 0x3F, 0xE0, 0x03, 0xC0, 0x1F, 0xFF, 0x87, 0xFF, 0xC0, 0x7F,
    0xE0, 0x03, 0xC0, 0x07, 0xFE, 0x03, 0xEF, 0x80, 0xFF, 0xF0, 0x1F, 0xFC, 0x00, 0x00, 0x00, 0x00,
    0x00, 0x00, 0x20, 0x00, 0x18, 0x00, 0xFF, 0xF8, 0x3F, 0xFE, 0x03, 0xFC, 0x01, 0xFF, 0x80, 0x60,
    0x70, 0x1F, 0xF8, 0x00, 0xF0, 0x07, 0xFF, 0xE1, 0xFF, 0xF8, 0x00, 0x80, 0x07, 0xFF, 0x01, 0x80,
    0xC0, 0x60, 0x30, 0x1F, 0xFC, 0x07, 0xFF, 0x00, 0x00, 0x00, 0x00, 0x00, 0x00, 0x18, 0x00, 0xFF,
    0xF0, 0x3F, 0xFC, 0x03, 0xFC, 0x01, 0x81, 0x80, 0x60, 0x60, 0x1F, 0xF8, 0x00, 0xF0, 0x07, 0xFF,
    0xE1, 0xFF, 0xF8, 0x10, 0x08, 0x07, 0xFE, 0x01, 0xFF, 0x80, 0x40, 0x60, 0x1F, 0xF8, 0x07, 0xFE,
    0x00, 0x00, 0x00, 0x00, 0x20, 0x00, 0x18, 0x00, 0xFF, 0xF8, 0x3F, 0xFE, 0x01, 0xFC, 0x01, 0xFF,
    0x80, 0x60, 0x70, 0x1F, 0xF8, 0x01, 0xF8, 0x03, 0xD9, 0xE1, 0xFF, 0xFC, 0x00, 0x80, 0x00, 0x60,
    0x00, 0x1C, 0x00, 0x1F, 0xC0, 0x3E, 0x3C, 0x0E, 0x03, 0x00, 0x00, 0x00, 0x00, 0x20, 0x00, 0x18,
    0x00, 0xFF, 0xF8, 0x3F, 0xFE, 0x03, 0xFC, 0x01, 0xFF, 0x80, 0x60, 0x70, 0x1F, 0xF8, 0x00, 0xF8,
    0x07, 0xFF, 0xE1, 0xFF, 0xF8, 0x01, 0xC0, 0x07, 0xFE, 0x01, 0x81, 0xC0, 0x60, 0x30, 0x1F, 0xF8,
    0x01, 0xFC, 0x00, 0x00, 0x00, 0x00, 0x20, 0x00, 0x1C, 0x00, 0xFF, 0xF8, 0x07, 0xE0, 0x03, 0xFE,
    0x01, 0x81, 0xC0, 0x7D, 0xE0, 0x0F, 0xF0, 0x00, 0x70, 0x07, 0xFF, 0xF0, 0x3F, 0xE0, 0x1F, 0xFC,
    0x06, 0x00, 0x01, 0xFF, 0xC0, 0x60, 0x00, 0x1F, 0xFC, 0x07, 0xFF, 0x00, 0x00, 0x00, 0x01, 0x83,
    0x00, 0x60, 0xC1, 0xFF, 0xB0, 0x00, 0x0C, 0x03, 0xC3, 0x01, 0xFC, 0xC0, 0xC3, 0x3C, 0x30, 0xCF,
    0x0E, 0x73, 0x01, 0xF8, 0xC0, 0x18, 0x30, 0x7F, 0xEC, 0x1F, 0xFB, 0x00, 0x00, 0xC0, 0x00, 0x30,
    0x00, 0x0C, 0x00, 0x00, 0x00, 0x00, 0x00, 0x00, 0x00, 0x00, 0x60, 0xC1, 0xFF, 0xB0, 0x7F, 0xCC,
    0x07, 0xC3, 0x03, 0xFC, 0xF0, 0xC3, 0x3C, 0x1F, 0x8C, 0x03, 0xC3, 0x00, 0x6E, 0xC1, 0xFF, 0xB0,
    0x00, 0x08, 0x07, 0xFF, 0x01, 0xFF, 0xC0, 0x00, 0x30, 0x00, 0x0C, 0x00, 0x02, 0x00, 0x00, 0x00,
    0x01, 0x83, 0x00, 0x60, 0xC1, 0xFF, 0xB0, 0x06, 0x0C, 0x07, 0xE3, 0x03, 0x9C, 0xC0, 0xC3, 0x3C,
    0x1F, 0xCF, 0x03, 0xC3, 0x03, 0x7E, 0xC1, 0xFF, 0xB0, 0x08, 0x0C, 0x06, 0x03, 0x01, 0x80, 0x00,
    0x7F, 0xF0, 0x1F, 0xFC, 0x00, 0x00, 0x00, 0x00, 0x00, 0x01, 0x83, 0x07, 0xFE, 0xC1, 0xFF, 0xB0,
    0x1F, 0x8C, 0x0E, 0x33, 0xC3, 0x8C, 0xF0, 0x7E, 0x30, 0x2F, 0xEC, 0x1F, 0xFB, 0x00, 0x00, 0xC0,
    0x7F, 0xF0, 0x00, 0x0C, 0x03, 0xFF, 0x01, 0xFF, 0xC0, 0x7F, 0xF0, 0x1F, 0xFE, 0x00, 0x00, 0x00,
    0x00, 0x00, 0x00, 0x00, 0x00, 0x60, 0xC1, 0xFF, 0xB0, 0x7F, 0xCC, 0x07, 0xE3, 0x03, 0xFC, 0xC0,
    0xC3, 0x3C, 0x1F, 0xCC, 0x03, 0xC3, 0x03, 0x7E, 0xC1, 0xFF, 0xB0, 0x00, 0x8C, 0x00, 0x72, 0x00,
    0x1C, 0x00, 0x1D, 0xC0, 0x1E, 0x3C, 0x04, 0x03, 0x00, 0x00, 0x00, 0x00, 0x00, 0x00, 0x60, 0xC1,
    0xFF, 0xB0, 0x7F, 0xCC, 0x07, 0xC3, 0x03, 0xFC, 0xF0, 0xC3, 0x3C, 0x1F, 0x8C, 0x03, 0xC3, 0x07,
    0xFE, 0xC1, 0xFF, 0x30, 0x01, 0xC8, 0x03, 0xFE, 0x01, 0xC1, 0xC0, 0x60, 0x70, 0x0F, 0xF8, 0x01,
    0xF8, 0x00, 0x00, 0x00, 0x01, 0x09, 0x80, 0x67, 0x61, 0xFF, 0xD8, 0x3F, 0xF6, 0x07, 0xCD, 0x83,
    0x3B, 0x60, 0xC6, 0xF8, 0x31, 0xBE, 0x0F, 0xCD, 0x81, 0xE3, 0x60, 0x10, 0xD8, 0x3F, 0xF6, 0x1F,
    0xFD, 0x80, 0x03, 0x60, 0x00, 0xD8, 0x00, 0x06, 0x00, 0x00, 0x00, 0x00, 0x00, 0x00, 0x01, 0x00,
    0xC6, 0x61, 0xFF, 0x98, 0x7F, 0xE6, 0x07, 0xD9, 0x83, 0xFF, 0xE0, 0xC7, 0xF8, 0x3F, 0x66, 0x03,
    0x99, 0x87, 0xFE, 0x61, 0xFF, 0x98, 0x00, 0x04, 0x07, 0xFF, 0x00, 0xFF, 0xE0, 0x00, 0x18, 0x00,
    0x0E, 0x00, 0x01, 0x00, 0x00, 0x00, 0x03, 0x09, 0x80, 0xC7, 0x61, 0xFF, 0xD8, 0x1F, 0x76, 0x0F,
    0xC9, 0x83, 0x1B, 0xE0, 0xC6, 0xF8, 0x3F, 0x26, 0x03, 0x9D, 0x87, 0xFF, 0x61, 0xFD, 0xD8, 0x08,
    0x26, 0x03, 0x01, 0x80, 0xC0, 0x00, 0x3F, 0xF8, 0x0F, 0xFE, 0x00, 0x00, 0x00, 0x00, 0x00, 0x03,
    0x09, 0x80, 0xC7, 0x61, 0xFF, 0xD8, 0x1F, 0x66, 0x0F, 0xEF, 0x83, 0x1B, 0xE0, 0xFE, 0xD8, 0x1F,
    0x66, 0x03, 0x3D, 0x87, 0xFF, 0x61, 0xFD, 0x98, 0x00, 0xC6, 0x00, 0x38, 0x00, 0x3F, 0x00, 0x7C,
    0xF8, 0x1C, 0x0E, 0x00, 0x00, 0x00, 0x00, 0x00, 0x00, 0x00, 0x00, 0xC6, 0xE1, 0xFF, 0x98, 0x7F,
    0xEE, 0x07, 0xD9, 0x83, 0xFF, 0xE0, 0xC7, 0xF8, 0x3F, 0x66, 0x03, 0x9B, 0x87, 0xFE, 0x61, 0xFD,
    0xB8, 0x01, 0xE4, 0x03, 0xFF, 0x00, 0xC0, 0xC0, 0x30, 0x38, 0x0F, 0xFC, 0x00, 0xFC, 0x00, 0x00,
    0x00, 0x00, 0xC1, 0x80, 0x70, 0x61, 0xFF, 0xD8, 0x00, 0x06, 0x03, 0xE1, 0x81, 0xFC, 0x60, 0x61,
    0x98, 0x18, 0x66, 0x07, 0x79, 0x80, 0xFC, 0x60, 0x0C, 0x18, 0x3F, 0xF6, 0x1F, 0xFD, 0x80, 0x00,
    0x60, 0x00, 0x18, 0x00, 0x06, 0x00, 0x00, 0x00, 0x00, 0x00, 0x00, 0xC1, 0x83, 0xFE, 0x60, 0xFF,
    0x98, 0x0F, 0x86, 0x07, 0xF9, 0x81, 0x86, 0x60, 0x77, 0x98, 0x0F, 0xC6, 0x01, 0xDD, 0x87, 0xFF,
    0x60, 0xC0, 0x18, 0x0F, 0xFE, 0x03, 0xFF, 0x80, 0x00, 0x60, 0x00, 0x18, 0x00, 0x06, 0x00, 0x00,
    0x00, 0x00, 0x00, 0x00, 0xC0, 0x80, 0x30, 0x60, 0xFF, 0xD8, 0x3F, 0xF6, 0x03, 0xF1, 0x81, 0xCE,
    0x60, 0x61, 0x98, 0x1C, 0xE6, 0x03, 0xF1, 0x80, 0x31, 0x61, 0xFF, 0xD8, 0x7F, 0xC6, 0x03, 0x01,
    0x80, 0xC0, 0x60, 0x30, 0x00, 0x0F, 0xFF, 0x03, 0xFF, 0xC0, 0x00, 0x00, 0x00, 0x00, 0x00, 0x60,
    0x40, 0xFF, 0xB8, 0x3F, 0xEE, 0x07, 0xF3, 0x81, 0x86, 0xE0, 0x77, 0xB8, 0x0F, 0x8E, 0x01, 0xFD,
    0x87, 0xFE, 0x60, 0x3E, 0x30, 0x0F, 0xFE, 0x00, 0x01, 0x80, 0xFF, 0xE0, 0x30, 0x00, 0x0F, 0xFE,
    0x03, 0xFF, 0x80, 0x00, 0x00, 0x00, 0x80, 0x00, 0x60, 0xE0, 0xFF, 0xB8, 0x3F, 0xEE, 0x07, 0xF3,
    0x81, 0x8E, 0xE0, 0x63, 0xB8, 0x1F, 0xCE, 0x01, 0xC1, 0x87, 0xFF, 0x61, 0xFE, 0x10, 0x08, 0x04,
    0x03, 0xFF, 0x80, 0xFF, 0xE0, 0x20, 0x18, 0x0F, 0xFE, 0x03, 0xFF, 0x00, 0x00, 0x00, 0x00, 0x00,
    0x00, 0x60, 0xE0, 0xFF, 0xB8, 0x3F, 0xEE, 0x03, 0xE3, 0x81, 0xFC, 0xE0, 0x61, 0xB8, 0x1F, 0xCE,
    0x03, 0xE3, 0x83, 0xFF, 0x61, 0xFF, 0x98, 0x00, 0xCE, 0x00, 0x31, 0x00, 0x1E, 0x00, 0x1D, 0xE0,
    0x1E, 0x1E, 0x06, 0x01, 0x80, 0x00, 0x00, 0x00, 0x00, 0x00, 0x60, 0x40, 0xFF, 0xB8, 0x3F, 0xEE,
    0x03, 0xE3, 0x81, 0xFC, 0xE0, 0x61, 0xB8, 0x1F, 0xCE, 0x01, 0xC3, 0x87, 0xFF, 0x61, 0xFF, 0xB8,
    0x01, 0xE4, 0x03, 0xFF, 0x00, 0xC0, 0xC0, 0x30, 0x38, 0x0F, 0xFC, 0x00, 0xFC, 0x00, 0x00, 0x00,
    0x00, 0x00, 0x00, 0x0C, 0x00, 0x03, 0x00, 0x3F, 0xFF, 0x0F, 0xFF, 0xC0, 0x1E, 0x00, 0x3F, 0xF0,
    0x0C, 0x0E, 0x06, 0x01, 0x81, 0xC0, 0xE0, 0x3F, 0xF0, 0x07, 0xF8, 0x01, 0x86, 0x00, 0x61, 0x81,
    0xFF, 0xFE, 0x7F, 0xFF, 0x80, 0x00, 0x00, 0x00, 0x00, 0x00, 0x20, 0x00, 0x18, 0x00, 0xFF, 0xF8,
    0x3F, 0xFE, 0x01, 0xFC, 0x00, 0xFF, 0xC0, 0x60, 0x30, 0x1F, 0x7C, 0x03, 0xFE, 0x00, 0x63, 0x01,
    0xFF, 0xFC, 0x7F, 0xFF, 0x06, 0x00, 0x01, 0x80, 0x00, 0x60, 0x00, 0x1F, 0xFC, 0x00, 0x00, 0x00,
    0x00, 0x00, 0x00, 0x20, 0x00, 0x1C, 0x01, 0xFF, 0xF8, 0x07, 0xE0, 0x07, 0xFE, 0x01, 0x81, 0x80,
    0x7F, 0xE0, 0x0F, 0xF0, 0x03, 0x0C, 0x07, 0xFF, 0xE0, 0x7F, 0xE0, 0x1F, 0xFC, 0x00, 0x03, 0x01,
    0xFF, 0xC0, 0x68, 0x80, 0x1F, 0xFC, 0x07, 0xFF, 0x00, 0x00, 0x00, 0x00, 0x20, 0x00, 0x18, 0x00,
    0xFF, 0xF8, 0x3F, 0xFC, 0x03, 0xFC, 0x01, 0x81, 0x80, 0x60, 0x60, 0x0F, 0xF8, 0x01, 0xFC, 0x07,
    0xFF, 0xE1, 0xFF, 0xF8, 0x10, 0x08, 0x07, 0xFF, 0x01, 0xFF, 0xC0, 0x40, 0x30, 0x1F, 0xFC, 0x07,
    0xFE, 0x00, 0x00, 0x00, 0x00, 0x20, 0x00, 0x18, 0x00, 0xFF, 0xF8, 0x3F, 0xFC, 0x01, 0xFC, 0x01,
    0xFF, 0x80, 0x60, 0x60, 0x1F, 0xF8, 0x01, 0xFC, 0x07, 0xFF, 0xE1, 0xFF, 0xF8, 0x00, 0x80, 0x00,
    0x60, 0x00, 0x1C, 0x00, 0x3F, 0xC0, 0x3E, 0x3C, 0x04, 0x03, 0x00, 0x00, 0x00, 0x00, 0x20, 0x00,
    0x1C, 0x00, 0xFF, 0xF8, 0x03, 0xE0, 0x03, 0xFE, 0x01, 0xE3, 0xC0, 0x60, 0x30, 0x1C, 0x1C, 0x03,
    0xFE, 0x00, 0x1C, 0x01, 0xFF, 0xFC, 0x7F, 0xFF, 0x00, 0x20, 0x00, 0x1C, 0x00, 0x07, 0x00, 0x01,
    0xC0, 0x00, 0x00, 0x00, 0x00, 0x00, 0x00, 0x20, 0x00, 0x18, 0x00, 0xFF, 0xF8, 0x3F, 0xFE, 0x01,
    0xFC, 0x01, 0xFF, 0x80, 0x60, 0x70, 0x1F, 0xF8, 0x01, 0xF8, 0x07, 0xFF, 0xE1, 0xFF, 0xFC, 0x01,
    0x80, 0x07, 0xFF, 0x01, 0xFF, 0xC0, 0x00, 0x30, 0x00, 0x0C, 0x00, 0x03, 0x00, 0x00, 0x00, 0x00,
    0x20, 0x00, 0x18, 0x00, 0xFF, 0xF8, 0x3F, 0xFE, 0x01, 0xFC, 0x00, 0xFF, 0x80, 0x60, 0x30, 0x1F,
    0x78, 0x01, 0xFC, 0x03, 0xFF, 0xE1, 0xFF, 0xFC, 0x01, 0x80, 0x06, 0x60, 0x01, 0x80, 0x00, 0x60,
    0x00, 0x1F, 0xFC, 0x00, 0x00, 0x00, 0x00, 0x00, 0x00, 0x20, 0x00, 0x1C, 0x00, 0xFF, 0xF8, 0x07,
    0xE0, 0x07, 0xFE, 0x01, 0x81, 0xC0, 0x7F, 0xE0, 0x07, 0xE0, 0x1F, 0xFF, 0x87, 0xFF, 0xE0, 0x06,
    0x00, 0x1F, 0xFC, 0x00, 0x03, 0x01, 0xFF, 0xC0, 0x68, 0x00, 0x1F, 0xFC, 0x07, 0xFF, 0x00, 0x00,
    0x00, 0x00, 0x60, 0x03, 0xFF, 0xC0, 0xFF, 0xF0, 0x0F, 0xF0, 0x07, 0xFE, 0x01, 0x81, 0x80, 0x3F,
    0xE0, 0x7F, 0xFE, 0x1F, 0xFF, 0x80, 0x18, 0x00, 0xFF, 0xF0, 0x1F, 0xF8, 0x07, 0xFE, 0x03, 0xFF,
    0x80, 0xFF, 0xF0, 0x1F, 0xFC, 0x00, 0x00, 0x00, 0x00, 0x00, 0x00, 0x00, 0x00, 0x18, 0x00, 0xFF,
    0xF8, 0x3F, 0xFE, 0x03, 0xFC, 0x01, 0xFF, 0x80, 0x60, 0x70, 0x1F, 0xF8, 0x01, 0xF8, 0x07, 0xFF,
    0xF1, 0xFF, 0xF8, 0x01, 0x80, 0x07, 0xFF, 0x01, 0x80, 0xC0, 0x40, 0x30, 0x1F, 0xFC, 0x07, 0xFF,
    0x00, 0x00, 0x00, 0x00, 0x00, 0x00, 0x18, 0x00, 0xFF, 0xF8, 0x3F, 0xFE, 0x03, 0xFC, 0x01, 0xFF,
    0x80, 0x70, 0x70, 0x0F, 0xF8, 0x00, 0x00, 0x07, 0xFF, 0xF1, 0xFF, 0xF8, 0x01, 0x80, 0x00, 0x60,
    0x00, 0x1C, 0x00, 0x1F, 0xC0, 0x3E, 0x7C, 0x0E, 0x03, 0x00, 0x00, 0x00, 0x00, 0x20, 0x00, 0x18,
    0x00, 0xFF, 0xF8, 0x3F, 0xFE, 0x03, 0xFC, 0x01, 0xFF, 0x80, 0x60, 0x70, 0x1F, 0xF8, 0x01, 0xF8,
    0x07, 0xFF, 0xF1, 0xFF, 0xF8, 0x01, 0x80, 0x07, 0xFE, 0x01, 0x81, 0xC0, 0x60, 0x30, 0x1F, 0xF8,
    0x01, 0xFC, 0x00, 0x00, 0x00, 0x00, 0x00, 0x00, 0x20, 0x40, 0xFF, 0xB8, 0x3F, 0xEE, 0x03, 0xE3,
    0x81, 0xFC, 0xE0, 0x63, 0x38, 0x18, 0xCE, 0x07, 0xF3, 0x80, 0x70, 0xE1, 0xFF, 0xD8, 0x7F, 0x86,
    0x01, 0x9F, 0x80, 0x67, 0xE0, 0x18, 0x18, 0x06, 0x0E, 0x00, 0x81, 0x00, 0x00, 0x00, 0x00, 0x00,
    0x00, 0x60, 0xE0, 0xFF, 0xB8, 0x3F, 0xEE, 0x03, 0xE3, 0x81, 0xFC, 0xE0, 0x63, 0x38, 0x1F, 0xCE,
    0x03, 0xE9, 0x87, 0xFF, 0x61, 0xFE, 0x18, 0x03, 0x7E, 0x07, 0x8F, 0x81, 0x80, 0x40, 0x60, 0x00,
    0x1F, 0xFE, 0x07, 0xFF, 0x80, 0x00, 0x00, 0x00, 0x00, 0x00, 0x70, 0xC1, 0xFF, 0xB0, 0x1F, 0xCC,
    0x07, 0xF3, 0x01, 0x8C, 0xC0, 0x7E, 0x30, 0x2F, 0xE4, 0x1F, 0xFF, 0x00, 0x67, 0xC0, 0x08, 0x10,
    0x0F, 0xFC, 0x03, 0xFF, 0x00, 0xFF, 0xC0, 0x7F, 0xE0, 0x1F, 0xFE, 0x03, 0xFF, 0x80, 0x00, 0x00,
    0x00, 0xC1, 0x83, 0xFE, 0x60, 0xFF, 0x98, 0x1F, 0xC6, 0x06, 0x39, 0x81, 0xFC, 0x60, 0x3E, 0x18,
    0x7F, 0xF6, 0x1F, 0xF9, 0x80, 0x33, 0xE0, 0x08, 0x18, 0x0F, 0xFE, 0x03, 0xFF, 0x80, 0xC0, 0x60,
    0x30, 0x18, 0x0F, 0xFE, 0x00, 0x00, 0x00, 0x00, 0x00, 0x00, 0xC1, 0x83, 0xFE, 0x60, 0xFF, 0x98,
    0x1F, 0xC6, 0x06, 0x39, 0x81, 0xFC, 0x60, 0x3E, 0x18, 0x7F, 0xF6, 0x1F, 0xF9, 0x80, 0x33, 0xE0,
    0x0C, 0xD8, 0x07, 0xFC, 0x03, 0xFF, 0x80, 0xC0, 0x60, 0x3C, 0x78, 0x07, 0xFC, 0x00, 0x00, 0x00,
    0x00, 0x00, 0x01, 0x0D, 0x80, 0xE3, 0x61, 0xFF, 0xD8, 0x0E, 0x36, 0x0F, 0xCD, 0x83, 0x1B, 0x60,
    0xC6, 0xD8, 0x3F, 0x36, 0x03, 0x8D, 0x87, 0xFF, 0x61, 0xF8, 0xD8, 0x05, 0xF6, 0x03, 0x7D, 0x80,
    0xE3, 0x60, 0x38, 0xD8, 0x04, 0x26, 0x00, 0x00, 0x00, 0x00, 0x00, 0x01, 0x0D, 0x87, 0xFF, 0x61,
    0xFF, 0xD8, 0x1F, 0x36, 0x0E, 0xED, 0x83, 0x1B, 0x60, 0x7C, 0xD8, 0x0F, 0xF6, 0x1F, 0xFD, 0x80,
    0x7F, 0x60, 0x1B, 0xD8, 0x04, 0x04, 0x07, 0xFF, 0x80, 0x00, 0x60, 0x00, 0x18, 0x00, 0x06, 0x00,
    0x00, 0x00, 0x00, 0x00, 0x01, 0x09, 0x80, 0xC3, 0x61, 0xFF, 0xD8, 0x3F, 0xB6, 0x0F, 0xCD, 0x83,
    0x1B, 0x60, 0xC6, 0xD8, 0x1F, 0x36, 0x03, 0xFD, 0x87, 0xFF, 0x60, 0x33, 0xD8, 0x05, 0xF6, 0x03,
    0x0D, 0x80, 0xC0, 0x00, 0x3F, 0xF8, 0x0F, 0xFE, 0x00, 0x00, 0x00, 0x00, 0x00, 0x03, 0x0D, 0x87,
    0xFF, 0x60, 0xFE, 0xD8, 0x3F, 0xB6, 0x0C, 0x6D, 0x83, 0xFB, 0x60, 0x7E, 0xD8, 0x7F, 0xF6, 0x0B,
    0xFD, 0x80, 0x4F, 0x60, 0x3F, 0xF8, 0x0F, 0xFE, 0x03, 0xFF, 0x80, 0xFF, 0xE0, 0x3F, 0xF8, 0x0F,
    0xFE, 0x00, 0x00, 0x00, 0x00, 0x00, 0x01, 0x0D, 0x87, 0xFF, 0x61, 0xFF, 0xD8, 0x1F, 0x36, 0x0C,
    0x6D, 0x83, 0xFB, 0x60, 0x7C, 0xD8, 0x7F, 0xF6, 0x1F, 0xED, 0x80, 0x7F, 0x60, 0x10, 0xD8, 0x03,
    0xF6, 0x03, 0xFF, 0x01, 0xC0, 0x60, 0x38, 0x78, 0x07, 0xFC, 0x00, 0x00, 0x00, 0x00, 0x00, 0x00,
    0xC1, 0x83, 0xF6, 0x60, 0xFF, 0xD8, 0x07, 0x06, 0x07, 0xF1, 0x81, 0x8C, 0x60, 0x61, 0x98, 0x1F,
    0xC6, 0x03, 0xE1, 0x80, 0x03, 0x61, 0xFF, 0xD8, 0x3F, 0x06, 0x00, 0xC1, 0x80, 0x30, 0x60, 0x0C,
    0x18, 0x03, 0x06, 0x00, 0x00, 0x00, 0x00, 0x00, 0x00, 0x00, 0x00, 0x60, 0xC0, 0xFF, 0xB0, 0x3F,
    0xEC, 0x03, 0xE3, 0x01, 0x9C, 0xC0, 0x63, 0x30, 0x1F, 0xCC, 0x01, 0xCB, 0x07, 0xFF, 0xC1, 0xFE,
    0x30, 0x06, 0x0C, 0x07, 0xFF, 0x01, 0xFF, 0xC0, 0x00, 0x30, 0x00, 0x0C, 0x00, 0x03, 0x00, 0x00,
    0x00, 0x00, 0xC3, 0x03, 0xFE, 0xC0, 0xFF, 0xB0, 0x0F, 0x8C, 0x07, 0xF3, 0x01, 0x86, 0xC0, 0x77,
    0x30, 0x0F, 0x8C, 0x01, 0xFF, 0x07, 0xFF, 0xC0, 0x0C, 0x30, 0x0B, 0x0C, 0x06, 0x81, 0x01, 0x80,
    0x00, 0x7F, 0xF8, 0x1F, 0xFE, 0x00, 0x00, 0x00, 0x00, 0x00, 0x00, 0x80, 0x00, 0x60, 0xC0, 0xFF,
    0xB0, 0x3F, 0xEC, 0x07, 0xF3, 0x01, 0x8C, 0xC0, 0x7F, 0x30, 0x0F, 0x8C, 0x1F, 0xFB, 0x07, 0xFE,
    0xC0, 0x1C, 0x70, 0x1F, 0xFC, 0x00, 0x03, 0x01, 0xFF, 0xC0, 0x70, 0x00, 0x1F, 0xFE, 0x03, 0xFF,
    0x80, 0x00, 0x00, 0x00, 0x00, 0x00, 0x60, 0xC0, 0xFF, 0xB0, 0x3F, 0xEC, 0x07, 0xE3, 0x01, 0x8C,
    0xC0, 0x63, 0x30, 0x1F, 0x8C, 0x01, 0xFB, 0x07, 0xFF, 0xC0, 0x98, 0x30, 0x07, 0xF8, 0x07, 0xFF,
    0x01, 0xC0, 0xC0, 0x20, 0x30, 0x1F, 0xFC, 0x03, 0xFF, 0x00, 0x00, 0x00, 0x00, 0x00, 0x00, 0x60,
    0xC0, 0xFF, 0xB0, 0x3F, 0xEC, 0x07, 0xE3, 0x01, 0x8C, 0xC0, 0x63, 0x30, 0x1F, 0x8C, 0x0B, 0xFF,
    0x07, 0xFE, 0xC0, 0x1C, 0x30, 0x0A, 0x0C, 0x07, 0xFF, 0x01, 0xFF, 0xC0, 0x60, 0x30, 0x1F, 0xFC,
    0x03, 0xFF, 0x00, 0x00, 0x00, 0x00, 0x00, 0x00, 0x30, 0xC0, 0xFF, 0xB0, 0x3F, 0xEC, 0x03, 0xE3,
    0x01, 0x9C, 0xC0, 0x63, 0x30, 0x1F, 0xCC, 0x01, 0xCB, 0x07, 0xFF, 0xC1, 0xFE, 0x30, 0x06, 0x4C,
    0x00, 0xB3, 0x00, 0x1E, 0x00, 0x1F, 0xE0, 0x1E, 0x1E, 0x02, 0x01, 0x00, 0x00, 0x00, 0x00, 0x00,
    0x00, 0x60, 0xC0, 0xFF, 0xB0, 0x3F, 0xEC, 0x03, 0xE3, 0x01, 0xFC, 0xC0, 0x63, 0x30, 0x1F, 0xCC,
    0x01, 0xE3, 0x07, 0xFF, 0xC1, 0xFE, 0x30, 0x07, 0xEC, 0x03, 0xFE, 0x00, 0xC0, 0xC0, 0x30, 0x30,
    0x0F, 0xFC, 0x00, 0xFC, 0x00, 0x00, 0x00, 0x00, 0x20, 0x00, 0x1C, 0x00, 0xFF, 0xF8, 0x13, 0xE4,
    0x03, 0xFE, 0x01, 0xE1, 0xC0, 0x60, 0x30, 0x1C, 0x1C, 0x03, 0xFE, 0x00, 0x08, 0x01, 0xFF, 0xFC,
    0x7F, 0xFF, 0x01, 0x8C, 0x00, 0x63, 0x00, 0x18, 0xC0, 0x06, 0x30, 0x00, 0x00, 0x00, 0x00, 0x00,
    0x00, 0x20, 0x00, 0x18, 0x00, 0xFF, 0xF8, 0x3F, 0xFC, 0x01, 0xFC, 0x01, 0xFF, 0x80, 0x60, 0x60,
    0x1F, 0xF8, 0x01, 0xF8, 0x07, 0xFF, 0xE1, 0xFF, 0xF8, 0x06, 0x30, 0x07, 0xFF, 0x01, 0xFF, 0xC0,
    0x00, 0x30, 0x00, 0x0C, 0x00, 0x02, 0x00, 0x00, 0x00, 0x00, 0x20, 0x00, 0x18, 0x00, 0xFF, 0xF8,
    0x3F, 0xFE, 0x01, 0xFC, 0x00, 0xFF, 0x80, 0x60, 0x30, 0x1F, 0x7C, 0x01, 0xFC, 0x03, 0xFE, 0xE1,
    0xFF, 0xFC, 0x03, 0x30, 0x06, 0xCC, 0x01, 0xB3, 0x00, 0x60, 0x00, 0x1F, 0xFC, 0x00, 0x00, 0x00,
    0x00, 0x00, 0x00, 0x20, 0x00, 0x1C, 0x00, 0xFF, 0xF8, 0x07, 0xE0, 0x07, 0xFE, 0x01, 0x81, 0x80,
    0x7F, 0xE0, 0x07, 0xE0, 0x1F, 0xFF, 0x87, 0xFF, 0xE0, 0x39, 0xC0, 0x1F, 0xFC, 0x00, 0x03, 0x01,
    0xFF, 0xC0, 0x68, 0x00, 0x1F, 0xFC, 0x07, 0xFF, 0x00, 0x00, 0x00, 0x00, 0x00, 0x00, 0x18, 0x00,
    0xFF, 0xF0, 0x3F, 0xFC, 0x03, 0xFC, 0x01, 0xFF, 0x80, 0x60, 0x60, 0x1F, 0xF8, 0x01, 0xF8, 0x07,
    0xFF, 0xE1, 0xFF, 0xF8, 0x0E, 0x70, 0x07, 0xFF, 0x01, 0x80, 0xC0, 0x60, 0x30, 0x1F, 0xFC, 0x07,
    0xFE, 0x00, 0x00, 0x00, 0x00, 0x60, 0x03, 0xFF, 0xC0, 0xFF, 0xF8, 0x07, 0xE0, 0x07, 0xFE, 0x01,
    0x81, 0x80, 0x7F, 0xE0, 0x0F, 0xF0, 0x0C, 0x63, 0x87, 0xFF, 0xE0, 0x30, 0xC0, 0x0D, 0xB0, 0x00,
    0x64, 0x00, 0x7E, 0x00, 0xF9, 0xF0, 0x38, 0x1C, 0x00, 0x00, 0x00, 0x00, 0x00, 0x00, 0x20, 0x00,
    0x18, 0x00, 0xFF, 0xF8, 0x3F, 0xFE, 0x03, 0xFC, 0x01, 0xFF, 0x80, 0x60, 0x70, 0x1F, 0xF8, 0x01,
    0xF8, 0x07, 0xFF, 0xF1, 0xFF, 0xF8, 0x06, 0xB0, 0x07, 0xFE, 0x01, 0x81, 0xC0, 0x60, 0x30, 0x1F,
    0xF8, 0x01, 0xFC, 0x00, 0x00, 0x00, 0x00, 0x00, 0x00, 0x0C, 0x00, 0x03, 0x00, 0x3F, 0xFF, 0x8F,
    0xFF, 0xC0, 0x04, 0x00, 0x1F, 0xF0, 0x0F, 0x1E, 0x07, 0x01, 0x81, 0xC0, 0x60, 0x38, 0x38, 0x07,
    0xFC, 0x00, 0x7C, 0x00, 0x00, 0x00, 0xFF, 0xFE, 0x7F, 0xFF, 0xC0, 0x00, 0x00, 0x00, 0x00, 0x00,
    0x20, 0x00, 0x18, 0x00, 0xFF, 0xF8, 0x3F, 0xFE, 0x01, 0xFC, 0x01, 0xFF, 0x80, 0x60, 0x70, 0x1F,
    0xF8, 0x01, 0xF8, 0x07, 0xFF, 0xE1, 0xFF, 0xFC, 0x00, 0x00, 0x07, 0xFF, 0x01, 0xFF, 0xC0, 0x00,
    0x30, 0x00, 0x0C, 0x00, 0x03, 0x00, 0x00, 0x00, 0x00, 0x20, 0x00, 0x18, 0x00, 0xFF, 0xF8, 0x3F,
    0xFE, 0x01, 0xFC, 0x01, 0xFF, 0x80, 0x60, 0x30, 0x1E, 0x38, 0x03, 0xFC, 0x00, 0x18, 0x01, 0xFF,
    0xFC, 0x00, 0x00, 0x06, 0x00, 0x01, 0x80, 0x00, 0x60, 0x00, 0x1F, 0xFC, 0x01, 0xFE, 0x00, 0x00,
    0x00, 0x00, 0x20, 0x03, 0xFF, 0xE0, 0xFF, 0xF8, 0x0F, 0xF8, 0x07, 0x07, 0x01, 0xC1, 0xC0, 0x3F,
    0xE0, 0x03, 0xE0, 0x1F, 0xFF, 0xC3, 0xFF, 0x20, 0x63, 0xF0, 0x19, 0xFE, 0x06, 0x1E, 0x01, 0x8F,
    0xC0, 0x7F, 0x30, 0x1F, 0x7C, 0x00, 0x00, 0x00, 0x00, 0x00, 0x00, 0x20, 0x00, 0x18, 0x00, 0xFF,
    0xF8, 0x3F, 0xFE, 0x01, 0xFC, 0x01, 0xFF, 0x80, 0x60, 0x70, 0x1F, 0xF8, 0x00, 0xF8, 0x07, 0xFF,
    0xE1, 0xFF, 0xF8, 0x05, 0xE0, 0x07, 0xFF, 0x01, 0x80, 0x00, 0x60, 0x00, 0x1F, 0xFC, 0x07, 0xFF,
    0x00, 0x00, 0x00, 0x00, 0x20, 0x00, 0x1C, 0x00, 0xFF, 0xF8, 0x07, 0xE0, 0x03, 0xFE, 0x01, 0x81,
    0xC0, 0x70, 0xE0, 0x0F, 0xF0, 0x0C, 0xF9, 0x87, 0xFF, 0xF0, 0x7F, 0xC0, 0x1F, 0xFC, 0x00, 0x03,
    0x01, 0xFF, 0xC0, 0x68, 0x00, 0x1F, 0xFC, 0x07, 0xFF, 0x00, 0x00, 0x00, 0x00, 0x60, 0x03, 0xFF,
    0xC0, 0xFF, 0xF0, 0x0F, 0xF0, 0x07, 0xDE, 0x01, 0x81, 0x80, 0x3F, 0xE0, 0x7F, 0xFE, 0x1F, 0xFF,
    0x80, 0x00, 0x00, 0xFF, 0xF0, 0x0F, 0x1C, 0x0F, 0xC3, 0x03, 0x00, 0xC0, 0xFE, 0x30, 0x1F, 0x8C,
    0x00, 0x00, 0x00, 0x00, 0x00, 0x00, 0x20, 0x00, 0x18, 0x00, 0xFF, 0xF8, 0x3F, 0xFE, 0x01, 0xFC,
    0x01, 0xFF, 0x80, 0x60, 0x70, 0x1F, 0xF8, 0x00, 0xF8, 0x07, 0xFF, 0xE1, 0xFF, 0xF8, 0x05, 0xE0,
    0x07, 0xFF, 0x01, 0x80, 0xC0, 0x60, 0x30, 0x1F, 0xFC, 0x07, 0xFF, 0x00, 0x00, 0x00, 0x00, 0x00,
    0x00, 0x18, 0x00, 0xFF, 0xF8, 0x3F, 0xFE, 0x01, 0xFC, 0x01, 0xFF, 0x80, 0x60, 0x70, 0x1F, 0xF8,
    0x01, 0xF8, 0x07, 0xFF, 0xF1, 0xFF, 0xF8, 0x10, 0x08, 0x07, 0xFF, 0x01, 0xFF, 0xC0, 0x60, 0x30,
    0x1F, 0xFC, 0x07, 0xFF, 0x00, 0x00, 0x00, 0x00, 0x20, 0x00, 0x18, 0x00, 0xFF, 0xF8, 0x3F, 0xFE,
    0x01, 0xFC, 0x01, 0xFF, 0x80, 0x60, 0x70, 0x1F, 0xF8, 0x01, 0xF8, 0x07, 0xFF, 0xE1, 0xFF, 0xFC,
    0x00, 0x80, 0x00, 0x60, 0x00, 0x1C, 0x00, 0x1F, 0xC0, 0x3E, 0x3C, 0x0E, 0x03, 0x00, 0x00, 0x00,
    0x00, 0x20, 0x00, 0x18, 0x00, 0xFF, 0xF8, 0x3F, 0xFE, 0x01, 0xFC, 0x01, 0xFF, 0x80, 0x60, 0x70,
    0x1F, 0xF8, 0x00, 0xF8, 0x07, 0xFF, 0xE1, 0xFF, 0xF8, 0x01, 0xC0, 0x03, 0xFE, 0x01, 0x81, 0xC0,
    0x60, 0x30, 0x1F, 0xF8, 0x01, 0xFC, 0x00, 0x00, 0x00, 0x00, 0x20, 0x00, 0x18, 0x00, 0xFF, 0xF8,
    0x07, 0xE0, 0x03, 0xFE, 0x01, 0x81, 0xC0, 0x70, 0xE0, 0x0F, 0xF0, 0x0C, 0xF9, 0x87, 0xFF, 0xF0,
    0x3F, 0xE0, 0x1F, 0xFC, 0x06, 0x00, 0x01, 0xFF, 0xC0, 0x68, 0x00, 0x1F, 0xFC, 0x07, 0xFF, 0x00,
    0x00, 0x00, 0x00, 0xC1, 0x80, 0x30, 0x61, 0xFF, 0xD8, 0x3F, 0xE6, 0x01, 0xE1, 0x81, 0xFC, 0x60,
    0x61, 0x98, 0x18, 0x66, 0x07, 0x39, 0x80, 0xFC, 0x60, 0x08, 0x18, 0x7F, 0xF6, 0x1F, 0xF9, 0x80,
    0x00, 0x60, 0x00, 0x18, 0x00, 0x06, 0x00, 0x00, 0x00, 0x00, 0x00, 0x00, 0x81, 0x80, 0x70, 0x60,
    0xFF, 0x98, 0x3F, 0xE6, 0x03, 0xF1, 0x81, 0xCE, 0x60, 0x61, 0x98, 0x1F, 0xE6, 0x03, 0xE1, 0x83,
    0xFF, 0x61, 0xFF, 0xD8, 0x00, 0x06, 0x03, 0x01, 0x80, 0xC0, 0x00, 0x3F, 0xF8, 0x0F, 0xFE, 0x00,
    0x00, 0x00, 0x00, 0x00, 0x00, 0x00, 0x00, 0x60, 0xE0, 0xFF, 0xB8, 0x3F, 0xEE, 0x07, 0xF3, 0x81,
    0x86, 0xE0, 0x7F, 0xB8, 0x0F, 0x8E, 0x1F, 0xFD, 0x87, 0xFE, 0x60, 0x00, 0x70, 0x0F, 0xFE, 0x00,
    0x01, 0x80, 0xFF, 0xE0, 0x30, 0x00, 0x0F, 0xFE, 0x03, 0xFF, 0x80, 0x00, 0x00, 0x00, 0x00, 0x00,
    0x60, 0xE0, 0xFF, 0xB8, 0x3F, 0xEE, 0x03, 0xE3, 0x81, 0xDE, 0xE0, 0x61, 0xB8, 0x1F, 0xCE, 0x01,
    0xE3, 0x87, 0xFF, 0x61, 0xFF, 0x10, 0x00, 0xFC, 0x03, 0xFF, 0x80, 0xC0, 0x60, 0x20, 0x18, 0x0F,
    0xFE, 0x03, 0xFF, 0x00, 0x00, 0x00, 0x00, 0x00, 0x00, 0x60, 0xE0, 0xFF, 0xB8, 0x3F, 0xEE, 0x07,
    0xF3, 0x81, 0x8E, 0xE0, 0x63, 0xB8, 0x1F, 0xCE, 0x01, 0xE9, 0x87, 0xFF, 0x60, 0xF8, 0x10, 0x08,
    0x04, 0x03, 0xFF, 0x80, 0xFF, 0xE0, 0x20, 0x18, 0x0F, 0xFE, 0x03, 0xFF, 0x00, 0x00, 0x00, 0x00,
    0x80, 0x00, 0x60, 0xC0, 0xFF, 0xB8, 0x3F, 0xEE, 0x03, 0xE3, 0x81, 0xFC, 0xE0, 0x61, 0xB8, 0x1F,
    0xCE, 0x01, 0xE3, 0x87, 0xFF, 0x61, 0xFF, 0xB8, 0x00, 0xE4, 0x03, 0xFF, 0x00, 0xC0, 0xC0, 0x30,
    0x38, 0x0F, 0xFC, 0x00, 0xFC, 0x00, 0x00, 0x00, 0x00, 0xC3, 0x00, 0x30, 0xC0, 0xFF, 0xB0, 0x3F,
    0xFC, 0x00, 0x03, 0x00, 0xF8, 0xC0, 0x7F, 0x30, 0x38, 0xCC, 0x0C, 0x1B, 0x03, 0x0C, 0xC0, 0x63,
    0x30, 0x1F, 0x8C, 0x01, 0xC3, 0x00, 0x00, 0xC0, 0x00, 0x30, 0x00, 0x0C, 0x00, 0x00, 0x00, 0x00,
    0x00, 0x00, 0x00, 0x00, 0x60, 0xC0, 0xFF, 0xB0, 0x7F, 0xEC, 0x01, 0xC3, 0x01, 0xFC, 0xC0, 0xE3,
    0x30, 0x30, 0xCC, 0x0E, 0x73, 0x01, 0xF8, 0xC0, 0x00, 0x30, 0x0F, 0xFC, 0x07, 0xFF, 0x00, 0x00,
    0xC0, 0x00, 0x30, 0x00, 0x0C, 0x00, 0x03, 0x00, 0x00, 0x00, 0x00, 0x81, 0x00, 0x30, 0x60, 0xFF,
    0xD8, 0x7F, 0xF6, 0x01, 0xC1, 0x81, 0xFC, 0x60, 0x63, 0x98, 0x30, 0x66, 0x0E, 0x39, 0x81, 0xFC,
    0x60, 0x3E, 0x18, 0x0C, 0x06, 0x03, 0x01, 0x80, 0xC0, 0x00, 0x30, 0x00, 0x0F, 0xFE, 0x03, 0xFF,
    0x80, 0x00, 0x00, 0x00, 0x00, 0x00, 0x60, 0xC1, 0xFF, 0xB0, 0x3F, 0xEC, 0x03, 0xE3, 0x03, 0xFC,
    0xC0, 0xC3, 0x30, 0x38, 0xCC, 0x07, 0xE3, 0x00, 0x20, 0xC0, 0x3F, 0xF0, 0x0F, 0xFC, 0x03, 0xFF,
    0x00, 0xFF, 0xC0, 0x30, 0x00, 0x0F, 0xFE, 0x03, 0xFF, 0x80, 0x00, 0x00, 0x00, 0x00, 0x00, 0x60,
    0xC0, 0xFF, 0xB0, 0x7F, 0xEC, 0x03, 0xC3, 0x01, 0xFC, 0xC0, 0xC3, 0x30, 0x30, 0xCC, 0x0E, 0x73,
    0x01, 0xF8, 0xC0, 0x00, 0x30, 0x0F, 0xFC, 0x03, 0xFF, 0x00, 0xC0, 0xC0, 0x30, 0x30, 0x0F, 0xFC,
    0x03, 0xFF, 0x00, 0x00, 0x00, 0x00, 0x00, 0x00, 0x60, 0xC0, 0xFF, 0xB0, 0x7F, 0xEC, 0x03, 0xC3,
    0x01, 0xFC, 0xC0, 0xC3, 0x30, 0x30, 0xCC, 0x07, 0xF3, 0x00, 0xF8, 0xC0, 0x00, 0x00, 0x0C, 0x0C,
    0x03, 0xFF, 0x00, 0xFF, 0xC0, 0x30, 0x30, 0x0F, 0xFC, 0x03, 0xFF, 0x00, 0x00, 0x00, 0x00, 0xC3,
    0x00, 0x70, 0xC1, 0xFF, 0xF0, 0x07, 0x0C, 0x07, 0xE3, 0x03, 0x9C, 0xC0, 0xC1, 0xB0, 0x38, 0xEC,
    0x07, 0xF3, 0x00, 0xF0, 0xC0, 0x03, 0x30, 0x00, 0xC0, 0x00, 0x78, 0x00, 0x3F, 0x00, 0x7C, 0xF8,
    0x1C, 0x0E, 0x00, 0x00, 0x00, 0x00, 0x00, 0x00, 0xC3, 0x00, 0x70, 0xC1, 0xFF, 0xF0, 0x07, 0x0C,
    0x07, 0xE3, 0x03, 0x8C, 0xC0, 0xC1, 0xB0, 0x38, 0xCC, 0x07, 0xF3, 0x00, 0x60, 0xC0, 0x07, 0xD0,
    0x0F, 0xFC, 0x03, 0x03, 0x00, 0xC0, 0xC0, 0x3C, 0x70, 0x07, 0xF8, 0x00, 0x00, 0x00, 0x00, 0x00,
    0x00, 0x00, 0x00, 0x10, 0x00, 0x0C, 0x00, 0x03, 0x00, 0x00, 0xC0, 0x00, 0x30, 0x00, 0x0C, 0x00,
    0x03, 0x00, 0x00, 0xC0, 0x00, 0x00, 0x00, 0x0C, 0x00, 0x03, 0x00, 0x00, 0x40, 0x00, 0x00, 0x00,
    0x00, 0x00, 0x00, 0x00, 0x00, 0x00, 0x00, 0x04, 0x80, 0x03, 0x30, 0x00, 0xCC, 0x00, 0x33, 0x00,
    0x04, 0xC0, 0x01, 0x20, 0x00, 0x00, 0x00, 0x00, 0x00, 0x00, 0x00, 0x00, 0x00, 0x00, 0x00, 0x00,
    0x00, 0x00, 0x00, 0x00, 0x00, 0x00, 0x00, 0x00, 0x00, 0x00, 0x00, 0x00, 0x00, 0x00, 0x00, 0x00,
    0x00, 0x00, 0x00, 0x00, 0x00, 0x18, 0xC0, 0x06, 0x30, 0x01, 0x8C, 0x00, 0x43, 0x01, 0xFF, 0xF8,
    0x7F, 0xFC, 0x03, 0x18, 0x00, 0xC6, 0x00, 0x31, 0x80, 0x7F, 0xFC, 0x3F, 0xFF, 0x00, 0xC6, 0x00,
    0x21, 0x80, 0x18, 0xC0, 0x06, 0x30, 0x01, 0x8C, 0x00, 0x00, 0x00, 0x00, 0x60, 0x00, 0x18, 0x00,
    0x1F, 0x80, 0x0F, 0xF0, 0x03, 0x0C, 0x00, 0xC0, 0x00, 0x38, 0x00, 0x07, 0xC0, 0x00, 0x78, 0x00,
    0x07, 0x00, 0x00, 0xC0, 0x18, 0x30, 0x07, 0xFC, 0x00, 0x7E, 0x00, 0x06, 0x00, 0x01, 0x80, 0x00,
    0x00, 0x00, 0x00, 0x00, 0x00, 0x00, 0x01, 0xC0, 0x80, 0xF8, 0x60, 0x63, 0x10, 0x18, 0xCC, 0x06,
    0x36, 0x01, 0x8D, 0xB8, 0x66, 0xDF, 0x0F, 0xB6, 0x61, 0xDB, 0x18, 0x06, 0xC6, 0x03, 0x31, 0x80,
    0xCC, 0x60, 0x61, 0xB0, 0x18, 0x3C, 0x00, 0x00, 0x00, 0x00, 0x00, 0x00, 0x00, 0x00, 0x60, 0x00,
    0x3E, 0x00, 0x1D, 0xC0, 0x0E, 0x30, 0x03, 0x8C, 0x00, 0x66, 0x00, 0x1F, 0x80, 0x07, 0xC0, 0x01,
    0xE1, 0xC0, 0xFC, 0x60, 0x63, 0x98, 0x18, 0x7E, 0x06, 0x0F, 0x01, 0x83, 0xE0, 0x7F, 0xFC, 0x0F,
    0xE7, 0x00, 0x60, 0x00, 0x01, 0x00, 0x00, 0xC0, 0x00, 0x30, 0x00, 0x0C, 0x00, 0x03, 0x00, 0x00,
    0xC0, 0x00, 0x00, 0x00, 0x00, 0x00, 0x00, 0x00, 0x00, 0x00, 0x00, 0x00, 0x00, 0x00, 0x00, 0x00,
    0x00, 0x00, 0x00, 0x00, 0x00, 0x00, 0x00, 0x00, 0x00, 0x00, 0x00, 0x00, 0x00, 0x00, 0x00, 0x00,
    0x02, 0x00, 0x01, 0x80, 0x00, 0x40, 0x00, 0x30, 0x00, 0x0C, 0x00, 0x02, 0x00, 0x01, 0x80, 0x00,
    0x60, 0x00, 0x08, 0x00, 0x03, 0x00, 0x00, 0xC0, 0x00, 0x10, 0x00, 0x06, 0x00, 0x00, 0x80, 0x00,
    0x00, 0x00, 0x00, 0x00, 0x00, 0x00, 0x00, 0x00, 0x10, 0x00, 0x06, 0x00, 0x00, 0xC0, 0x00, 0x30,
    0x00, 0x04, 0x00, 0x01, 0x80, 0x00, 0x60, 0x00, 0x18, 0x00, 0x06, 0x00, 0x01, 0x00, 0x00, 0xC0,
    0x00, 0x20, 0x00, 0x18, 0x00, 0x04, 0x00, 0x00, 0x00, 0x00, 0x00, 0x00, 0x00, 0x00, 0x00, 0x00,
    0x00, 0x00, 0x00, 0x00, 0x30, 0x00, 0x0C, 0x00, 0x03, 0x00, 0x0C, 0xCC, 0x01, 0xFE, 0x00, 0x1E,
    0x00, 0x0F, 0xC0, 0x07, 0xF8, 0x03, 0x33, 0x00, 0x0C, 0x00, 0x03, 0x00, 0x00, 0x00, 0x00, 0x00,
    0x00, 0x00, 0x00, 0x00, 0x00, 0x00, 0x00, 0x00, 0x00, 0x00, 0x00, 0x00, 0x00, 0x00, 0x00, 0x0C,
    0x00, 0x03, 0x00, 0x00, 0xC0, 0x00, 0x30, 0x00, 0xFF, 0xC0, 0x3F, 0xF0, 0x00, 0xC0, 0x00, 0x30,
    0x00, 0x0C, 0x00, 0x03, 0x00, 0x00, 0x00, 0x00, 0x00, 0x00, 0x00, 0x00, 0x00, 0x00, 0x00, 0x00,
    0x00, 0x00, 0x00, 0x00, 0x00, 0x00, 0x00, 0x00, 0x00, 0x00, 0x00, 0x00, 0x00, 0x00, 0x00, 0x00,
    0x00, 0x00, 0x00, 0x00, 0x00, 0x00, 0x00, 0x03, 0x80, 0x00, 0xE0, 0x00, 0x18, 0x00, 0x0E, 0x00,
    0x03, 0x00, 0x00, 0x00, 0x00, 0x00, 0x00, 0x00, 0x00, 0x00, 0x00, 0x00, 0x00, 0x00, 0x00, 0x00,
    0x00, 0x00, 0x00, 0x00, 0x00, 0x00, 0x00, 0x00, 0x00, 0x00, 0xFF, 0xC0, 0x3F, 0xF0, 0x00, 0x00,
    0x00, 0x00, 0x00, 0x00, 0x00, 0x00, 0x00, 0x00, 0x00, 0x00, 0x00, 0x00, 0x00, 0x00, 0x00, 0x00,
    0x00, 0x00, 0x00, 0x00, 0x00, 0x00, 0x00, 0x00, 0x00, 0x00, 0x00, 0x00, 0x00, 0x00, 0x00, 0x00,
    0x00, 0x00, 0x00, 0x00, 0x00, 0x00, 0x00, 0x00, 0x00, 0x00, 0x00, 0x00, 0xE0, 0x00, 0x38, 0x00,
    0x04, 0x00, 0x00, 0x00, 0x00, 0x00, 0x00, 0x00, 0x00, 0x00, 0x00, 0x00, 0x00, 0x00, 0x00, 0x00,
    0x40, 0x00, 0x30, 0x00, 0x18, 0x00, 0x0C, 0x00, 0x06, 0x00, 0x03, 0x00, 0x01, 0x80, 0x00, 0xC0,
    0x00, 0x60, 0x00, 0x30, 0x00, 0x18, 0x00, 0x0C, 0x00, 0x06, 0x00, 0x03, 0x00, 0x01, 0x80, 0x00,
    0xC0, 0x00, 0x00, 0x00, 0x00, 0x00, 0x00, 0x00, 0x38, 0x00, 0x3F, 0x80, 0x1F, 0xF0, 0x06, 0x1C,
    0x03, 0x83, 0x80, 0xC0, 0xE0, 0x30, 0x18, 0x0C, 0x06, 0x03, 0x01, 0x80, 0xC0, 0x60, 0x30, 0x38,
    0x0C, 0x0E, 0x03, 0x83, 0x80, 0x61, 0xC0, 0x1F, 0xF0, 0x03, 0xF8, 0x00, 0x38, 0x00, 0x00, 0x00,
    0x00, 0x30, 0x00, 0xFC, 0x00, 0x3F, 0x00, 0x00, 0xC0, 0x00, 0x30, 0x00, 0x0C, 0x00, 0x03, 0x00,
    0x00, 0xC0, 0x00, 0x30, 0x00, 0x0C, 0x00, 0x03, 0x00, 0x00, 0xC0, 0x00, 0x30, 0x00, 0x0C, 0x00,
    0x7F, 0xF8, 0x1F, 0xFE, 0x00, 0x00, 0x00, 0x00, 0x00, 0x00, 0xFC, 0x00, 0x7F, 0x80, 0x38, 0x70,
    0x0C, 0x0C, 0x00, 0x03, 0x80, 0x00, 0xE0, 0x00, 0x30, 0x00, 0x1C, 0x00, 0x0E, 0x00, 0x07, 0x80,
    0x03, 0xC0, 0x01, 0xE0, 0x00, 0xF0, 0x00, 0x70, 0x00, 0x3F, 0xF8, 0x0F, 0xFE, 0x00, 0x00, 0x00,
    0x00, 0x00, 0x00, 0x38, 0x00, 0x3F, 0xC0, 0x1F, 0xF0, 0x06, 0x0E, 0x00, 0x01, 0x80, 0x00, 0xE0,
    0x00, 0x70, 0x00, 0xF8, 0x00, 0x3F, 0x00, 0x01, 0xE0, 0x00, 0x18, 0x00, 0x06, 0x01, 0x01, 0x80,
    0xE0, 0xE0, 0x1F, 0xF8, 0x03, 0xFC, 0x00, 0x3C, 0x00, 0x00, 0x00, 0x00, 0x0E, 0x00, 0x07, 0x80,
    0x01, 0xE0, 0x00, 0xF8, 0x00, 0x76, 0x00, 0x39, 0x80, 0x0C, 0x60, 0x07, 0x18, 0x03, 0x86, 0x01,
    0xC1, 0x80, 0x7F, 0xF8, 0x1F, 0xFE, 0x00, 0x06, 0x00, 0x01, 0x80, 0x00, 0x60, 0x00, 0x18, 0x00,
    0x00, 0x00, 0x00, 0x00, 0x00, 0xFF, 0x00, 0x7F, 0xC0, 0x1F, 0xF0, 0x06, 0x00, 0x01, 0x80, 0x00,
    0x60, 0x00, 0x1F, 0xC0, 0x07, 0xFC, 0x01, 0x87, 0x00, 0x00, 0xE0, 0x00, 0x38, 0x00, 0x0E, 0x00,
    0x03, 0x80, 0xC0, 0xC0, 0x3F, 0xF0, 0x07, 0xF8, 0x00, 0x78, 0x00, 0x00, 0x00, 0x00, 0x18, 0x00,
    0x1F, 0xC0, 0x0F, 0xF8, 0x07, 0x04, 0x01, 0xC0, 0x00, 0xE0, 0x00, 0x3B, 0xC0, 0x0F, 0xF8, 0x03,
    0xE7, 0x00, 0xE0, 0xE0, 0x38, 0x18, 0x0E, 0x06, 0x03, 0x83, 0x80, 0x70, 0xE0, 0x1F, 0xF0, 0x03,
    0xF8, 0x00, 0x18, 0x00, 0x00, 0x00, 0x07, 0xFF, 0x81, 0xFF, 0xE0, 0x00, 0x70, 0x00, 0x18, 0x00,
    0x0E, 0x00, 0x07, 0x00, 0x01, 0x80, 0x00, 0xE0, 0x00, 0x38, 0x00, 0x0C, 0x00, 0x07, 0x00, 0x01,
    0xC0, 0x00, 0x70, 0x00, 0x1C, 0x00, 0x06, 0x00, 0x01, 0x80, 0x00, 0x00, 0x00, 0x00, 0x00, 0x00,
    0x38, 0x00, 0x3F, 0x80, 0x1E, 0xF0, 0x0E, 0x0C, 0x03, 0x83, 0x00, 0xE0, 0xC0, 0x1C, 0x30, 0x03,
    0xF8, 0x01, 0xFE, 0x00, 0xE3, 0xC0, 0x30, 0x38, 0x0C, 0x0E, 0x03, 0x03, 0x80, 0xE0, 0xE0, 0x1F,
    0xF0, 0x03, 0xF8, 0x00, 0x00, 0x00, 0x00, 0x00, 0x00, 0x38, 0x00, 0x3F, 0x80, 0x1F, 0xF0, 0x06,
    0x1E, 0x03, 0x83, 0x80, 0xC0, 0xE0, 0x38, 0x18, 0x0E, 0x0E, 0x01, 0xFF, 0x80, 0x3F, 0xE0, 0x03,
    0x18, 0x00, 0x0E, 0x00, 0x03, 0x80, 0x41, 0xC0, 0x1F, 0xF0, 0x07, 0xF0, 0x00, 0x70, 0x00, 0x00,
    0x00, 0x00, 0x00, 0x00, 0x00, 0x00, 0x0C, 0x00, 0x03, 0x00, 0x00, 0xC0, 0x00, 0x00, 0x00, 0x00,
    0x00, 0x00, 0x00, 0x00, 0x00, 0x00, 0x30, 0x00, 0x0C, 0x00, 0x03, 0x00, 0x00, 0x00, 0x00, 0x00,
    0x00, 0x00, 0x00, 0x00, 0x00, 0x00, 0x00, 0x00, 0x00, 0x00, 0x00, 0x00, 0x00, 0x00, 0x00, 0x0C,
    0x00, 0x03, 0x00, 0x00, 0xC0, 0x00, 0x00, 0x00, 0x00, 0x00, 0x00, 0x00, 0x00, 0x40, 0x00, 0x30,
    0x00, 0x0E, 0x00, 0x01, 0x00, 0x00, 0xC0, 0x00, 0x60, 0x00, 0x00, 0x00, 0x00, 0x00, 0x00, 0x00,
    0x00, 0x00, 0x00, 0x00, 0x00, 0x00, 0x01, 0x00, 0x01, 0xE0, 0x00, 0xE0, 0x00, 0xE0, 0x00, 0xE0,
    0x00, 0xE0, 0x00, 0x38, 0x00, 0x03, 0x80, 0x00, 0x78, 0x00, 0x07, 0x80, 0x00, 0x78, 0x00, 0x04,
    0x00, 0x00, 0x00, 0x00, 0x00, 0x00, 0x00, 0x00, 0x00, 0x00, 0x00, 0x00, 0x00, 0x00, 0x00, 0x00,
    0x00, 0x00, 0x00, 0x00, 0x00, 0x0F, 0xFC, 0x03, 0xFF, 0x00, 0x00, 0x00, 0x00, 0x00, 0x0F, 0xFC,
    0x00, 0x00, 0x00, 0x00, 0x00, 0x00, 0x00, 0x00, 0x00, 0x00, 0x00, 0x00, 0x00, 0x00, 0x00, 0x00,
    0x00, 0x00, 0x00, 0x00, 0x00, 0x00, 0x00, 0x02, 0x00, 0x00, 0xE0, 0x00, 0x1E, 0x00, 0x01, 0xE0,
    0x00, 0x1C, 0x00, 0x01, 0xC0, 0x00, 0x70, 0x00, 0x78, 0x00, 0x78, 0x00, 0x78, 0x00, 0x38, 0x00,
    0x08, 0x00, 0x00, 0x00, 0x00, 0x00, 0x00, 0x00, 0x00, 0x00, 0x00, 0x00, 0x00, 0x00, 0x00, 0x00,
    0x00, 0x78, 0x00, 0x3F, 0x00, 0x08, 0x60, 0x00, 0x18, 0x00, 0x0C, 0x00, 0x06, 0x00, 0x03, 0x00,
    0x00, 0xC0, 0x00, 0x00, 0x00, 0x0C, 0x00, 0x03, 0x00, 0x00, 0x80, 0x00, 0x00, 0x00, 0x00, 0x00,
    0x00, 0x00, 0x00, 0x00, 0x00, 0x00, 0x00, 0x00, 0xFE, 0x00, 0xF1, 0xC0, 0x70, 0x18, 0x18, 0x03,
    0x0C, 0x7C, 0xC3, 0x3F, 0x11, 0x8C, 0xC4, 0x66, 0x31, 0x19, 0x8C, 0xC6, 0x66, 0x31, 0x9F, 0xF8,
    0x63, 0x9C, 0x0C, 0x00, 0x01, 0x80, 0x00, 0x78, 0xC0, 0x07, 0xF0, 0x00, 0x00, 0x00, 0x00, 0x00,
    0x00, 0x00, 0x00, 0x0E, 0x00, 0x07, 0x80, 0x01, 0xF0, 0x00, 0x6C, 0x00, 0x3B, 0x80, 0x0C, 0x60,
    0x07, 0x18, 0x01, 0xC7, 0x00, 0x61, 0xC0, 0x3F, 0xF8, 0x0F, 0xFE, 0x03, 0x01, 0x81, 0xC0, 0x70,
    0x60, 0x1C, 0x18, 0x03, 0x00, 0x00, 0x00, 0x00, 0x00, 0x07, 0xFC, 0x01, 0xFF, 0xC0, 0x70, 0x70,
    0x1C, 0x0E, 0x07, 0x03, 0x81, 0xC0, 0xE0, 0x60, 0x70, 0x1F, 0xF8, 0x07, 0xFF, 0x01, 0x80, 0xE0,
    0x70, 0x1C, 0x1C, 0x07, 0x07, 0x01, 0xC1, 0xC0, 0xE0, 0x7F, 0xF8, 0x1F, 0xF8, 0x00, 0x00, 0x00,
    0x00, 0x00, 0x00, 0x7E, 0x00, 0x7F, 0xE0, 0x3E, 0x38, 0x1E, 0x00, 0x07, 0x00, 0x01, 0x80, 0x00,
    0xE0, 0x00, 0x38, 0x00, 0x0E, 0x00, 0x03, 0x80, 0x00, 0x60, 0x00, 0x1C, 0x00, 0x07, 0x80, 0x80,
    0xF0, 0xF0, 0x1F, 0xF8, 0x01, 0xF8, 0x00, 0x00, 0x00, 0x00, 0x00, 0x07, 0xF8, 0x01, 0xFF, 0x80,
    0x61, 0xF0, 0x18, 0x1E, 0x06, 0x03, 0x81, 0x80, 0x60, 0x60, 0x1C, 0x18, 0x07, 0x06, 0x01, 0xC1,
    0x80, 0x70, 0x60, 0x18, 0x18, 0x0E, 0x06, 0x07, 0x81, 0x87, 0xC0, 0x7F, 0xE0, 0x1F, 0xE0, 0x00,
    0x00, 0x00, 0x00, 0x00, 0x03, 0xFF, 0x00, 0xFF, 0xC0, 0x30, 0x00, 0x0C, 0x00, 0x03, 0x00, 0x00,
    0xC0, 0x00, 0x30, 0x00, 0x0F, 0xF8, 0x03, 0xFE, 0x00, 0xC0, 0x00, 0x30, 0x00, 0x0C, 0x00, 0x03,
    0x00, 0x00, 0xC0, 0x00, 0x3F, 0xF8, 0x0F, 0xFE, 0x00, 0x00, 0x00, 0x00, 0x00, 0x03, 0xFF, 0x00,
    0xFF, 0xC0, 0x30, 0x00, 0x0C, 0x00, 0x03, 0x00, 0x00, 0xC0, 0x00, 0x30, 0x00, 0x0F, 0xF8, 0x03,
    0xFE, 0x00, 0xC0, 0x00, 0x30, 0x00, 0x0C, 0x00, 0x03, 0x00, 0x00, 0xC0, 0x00, 0x30, 0x00, 0x0C,
    0x00, 0x00, 0x00, 0x00, 0x00, 0x00, 0x00, 0x7F, 0x00, 0x7F, 0xE0, 0x3E, 0x3C, 0x0E, 0x00, 0x07,
    0x00, 0x01, 0x80, 0x00, 0xE0, 0x00, 0x38, 0x1E, 0x0E, 0x0F, 0xC3, 0x83, 0xF0, 0x60, 0x0C, 0x1C,
    0x03, 0x07, 0x80, 0xC0, 0xF8, 0x70, 0x1F, 0xFC, 0x01, 0xFC, 0x00, 0x00, 0x00, 0x00, 0x00, 0x06,
    0x01, 0x81, 0x80, 0x70, 0x60, 0x1C, 0x18, 0x07, 0x06, 0x01, 0xC1, 0x80, 0x70, 0x60, 0x1C, 0x1F,
    0xFF, 0x07, 0xFF, 0xC1, 0x80, 0x70, 0x60, 0x1C, 0x18, 0x07, 0x06, 0x01, 0xC1, 0x80, 0x70, 0x60,
    0x1C, 0x18, 0x07, 0x00, 0x00, 0x00, 0x00, 0x00, 0x03, 0xFF, 0x80, 0xFF, 0xE0, 0x03, 0x80, 0x00,
    0xE0, 0x00, 0x38, 0x00, 0x0E, 0x00, 0x03, 0x80, 0x00, 0xE0, 0x00, 0x38, 0x00, 0x0E, 0x00, 0x03,
    0x80, 0x00, 0xE0, 0x00, 0x38, 0x00, 0x0E, 0x00, 0x3F, 0xF8, 0x0F, 0xFE, 0x00, 0x00, 0x00, 0x00,
    0x00, 0x00, 0x03, 0x00, 0x00, 0xC0, 0x00, 0x30, 0x00, 0x0C, 0x00, 0x03, 0x00, 0x00, 0xC0, 0x00,
    0x30, 0x00, 0x0C, 0x00, 0x03, 0x00, 0x00, 0xC0, 0x00, 0x30, 0x00, 0x0C, 0x01, 0x07, 0x00, 0xF3,
    0xC0, 0x1F, 0xE0, 0x03, 0xF0, 0x00, 0x00, 0x00, 0x00, 0x00, 0x06, 0x03, 0x83, 0x81, 0xC0, 0xE0,
    0xE0, 0x38, 0x70, 0x0E, 0x38, 0x03, 0x9C, 0x00, 0xEF, 0x00, 0x3F, 0xC0, 0x0F, 0xF8, 0x03, 0xE7,
    0x00, 0xF1, 0xC0, 0x38, 0x38, 0x0E, 0x07, 0x03, 0x81, 0xC0, 0xE0, 0x38, 0x38, 0x07, 0x00, 0x00,
    0x00, 0x00, 0x00, 0x01, 0x80, 0x00, 0xE0, 0x00, 0x38, 0x00, 0x0E, 0x00, 0x03, 0x80, 0x00, 0xE0,
    0x00, 0x38, 0x00, 0x0E, 0x00, 0x03, 0x80, 0x00, 0xE0, 0x00, 0x38, 0x00, 0x0E, 0x00, 0x03, 0x80,
    0x00, 0xE0, 0x00, 0x3F, 0xF8, 0x0F, 0xFE, 0x00, 0x00, 0x00, 0x00, 0x00, 0x0C, 0x00, 0xC7, 0x80,
    0x79, 0xE0, 0x1E, 0x7C, 0x0F, 0x8F, 0x03, 0xE3, 0xE1, 0xF8, 0xD8, 0x6E, 0x37, 0x1B, 0x8C, 0xCE,
    0xE3, 0x33, 0x38, 0xCF, 0xCE, 0x31, 0xE3, 0x8C, 0x78, 0xE3, 0x0C, 0x39, 0xC3, 0x0E, 0x30, 0x03,
    0x00, 0x00, 0x00, 0x00, 0x00, 0x06, 0x01, 0x81, 0xC0, 0x60, 0x78, 0x18, 0x1E, 0x06, 0x07, 0xC1,
    0x81, 0xB8, 0x60, 0x6E, 0x18, 0x19, 0xC6, 0x06, 0x39, 0x81, 0x8E, 0x60, 0x61, 0xD8, 0x18, 0x36,
    0x06, 0x07, 0x81, 0x81, 0xE0, 0x60, 0x38, 0x18, 0x0E, 0x00, 0x00, 0x00, 0x00, 0x00, 0x00, 0xFC,
    0x00, 0xFF, 0xC0, 0x78, 0x78, 0x1C, 0x07, 0x0E, 0x01, 0xC3, 0x00, 0x38, 0xC0, 0x0E, 0x70, 0x03,
    0x9C, 0x00, 0xE3, 0x00, 0x38, 0xC0, 0x0E, 0x38, 0x07, 0x07, 0x01, 0xC1, 0xE1, 0xE0, 0x3F, 0xF0,
    0x03, 0xF0, 0x00, 0x00, 0x00, 0x00, 0x00, 0x07, 0xFC, 0x01, 0xFF, 0xC0, 0x70, 0xF0, 0x1C, 0x0E,
    0x07, 0x03, 0x81, 0xC0, 0xE0, 0x70, 0x38, 0x1C, 0x1C, 0x07, 0xFF, 0x01, 0xFF, 0x00, 0x70, 0x00,
    0x1C, 0x00, 0x07, 0x00, 0x01, 0xC0, 0x00, 0x70, 0x00, 0x1C, 0x00, 0x00, 0x00, 0x00, 0x00, 0x00,
    0x00, 0xF8, 0x00, 0xFF, 0x00, 0x78, 0xE0, 0x18, 0x1C, 0x0E, 0x03, 0x03, 0x00, 0xE0, 0xC0, 0x38,
    0x30, 0x0E, 0x0C, 0x03, 0x83, 0x80, 0xC0, 0x60, 0x70, 0x0E, 0x38, 0x03, 0xFC, 0x00, 0x3C, 0x00,
    0x03, 0x80, 0x00, 0x7E, 0x00, 0x07, 0x80, 0x00, 0x00, 0x07, 0xFC, 0x01, 0xFF, 0x80, 0x60, 0xF0,
    0x18, 0x0C, 0x06, 0x03, 0x81, 0x80, 0xC0, 0x60, 0x70, 0x1F, 0xFC, 0x07, 0xFC, 0x01, 0xFE, 0x00,
    0x61, 0x80, 0x18, 0x70, 0x06, 0x0E, 0x01, 0x81, 0xC0, 0x60, 0x70, 0x18, 0x0E, 0x00, 0x00, 0x00,
    0x00, 0x00, 0x00, 0xFE, 0x00, 0x7F, 0xE0, 0x3C, 0x78, 0x0E, 0x00, 0x03, 0x00, 0x00, 0xE0, 0x00,
    0x1F, 0x00, 0x03, 0xF0, 0x00, 0x3F, 0x00, 0x01, 0xE0, 0x00, 0x38, 0x00, 0x07, 0x02, 0x01, 0x81,
    0xF1, 0xE0, 0x3F, 0xF0, 0x03, 0xF8, 0x00, 0x00, 0x00, 0x00, 0x00, 0x07, 0xFF, 0xC1, 0xFF, 0xF0,
    0x03, 0x80, 0x00, 0xE0, 0x00, 0x38, 0x00, 0x0E, 0x00, 0x03, 0x80, 0x00, 0xE0, 0x00, 0x38, 0x00,
    0x0E, 0x00, 0x03, 0x80, 0x00, 0xE0, 0x00, 0x38, 0x00, 0x0E, 0x00, 0x03, 0x80, 0x00, 0xC0, 0x00,
    0x00, 0x00, 0x00, 0x00, 0x06, 0x01, 0xC1, 0x80, 0x70, 0x60, 0x1C, 0x18, 0x07, 0x06, 0x01, 0xC1,
    0x80, 0x70, 0x60, 0x1C, 0x18, 0x07, 0x06, 0x01, 0xC1, 0x80, 0x70, 0x60, 0x1C, 0x18, 0x06, 0x07,
    0x03, 0x80, 0xE1, 0xE0, 0x3F, 0xF0, 0x03, 0xF0, 0x00, 0x00, 0x00, 0x00, 0x00, 0x0E, 0x00, 0xC1,
    0x80, 0x70, 0x70, 0x1C, 0x1C, 0x06, 0x03, 0x03, 0x80, 0xE0, 0xE0, 0x38, 0x30, 0x06, 0x1C, 0x01,
    0xC6, 0x00, 0x31, 0x80, 0x0C, 0xE0, 0x03, 0xB0, 0x00, 0x6C, 0x00, 0x1F, 0x00, 0x07, 0x80, 0x00,
    0xE0, 0x00, 0x00, 0x00, 0x00, 0x00, 0x00, 0x00, 0x00, 0x00, 0x03, 0x87, 0x06, 0x61, 0xC3, 0x98,
    0x70, 0xC6, 0x3E, 0x31, 0xCD, 0x8C, 0x33, 0x67, 0x0C, 0xDD, 0x83, 0x63, 0x60, 0xD8, 0xD8, 0x1E,
    0x3E, 0x07, 0x87, 0x01, 0xC1, 0xC0, 0x70, 0x70, 0x00, 0x00, 0x00, 0x00, 0x00, 0x00, 0x00, 0x07,
    0x01, 0x80, 0xC0, 0xE0, 0x38, 0x30, 0x07, 0x1C, 0x00, 0xCE, 0x00, 0x3B, 0x00, 0x07, 0xC0, 0x01,
    0xE0, 0x00, 0x78, 0x00, 0x1F, 0x00, 0x0E, 0xC0, 0x07, 0x38, 0x01, 0x87, 0x00, 0xE0, 0xC0, 0x70,
    0x38, 0x1C, 0x07, 0x00, 0x00, 0x00, 0x00, 0x00, 0x06, 0x01, 0x81, 0xC0, 0xE0, 0x30, 0x38, 0x0E,
    0x1C, 0x01, 0x86, 0x00, 0x73, 0x80, 0x0C, 0xC0, 0x03, 0xF0, 0x00, 0x78, 0x00, 0x0E, 0x00, 0x03,
    0x00, 0x00, 0xC0, 0x00, 0x30, 0x00, 0x0C, 0x00, 0x03, 0x00, 0x00, 0xC0, 0x00, 0x00, 0x00, 0x00,
    0x00, 0x07, 0xFF, 0x81, 0xFF, 0xE0, 0x00, 0x70, 0x00, 0x1C, 0x00, 0x0E, 0x00, 0x07, 0x00, 0x01,
    0x80, 0x00, 0xE0, 0x00, 0x70, 0x00, 0x38, 0x00, 0x0C, 0x00, 0x07, 0x00, 0x03, 0x80, 0x01, 0xC0,
    0x00, 0x7F, 0xF8, 0x1F, 0xFE, 0x00, 0x00, 0x00, 0x00, 0x00, 0x00, 0x7C, 0x00, 0x1F, 0x00, 0x06,
    0x00, 0x01, 0x80, 0x00, 0x60, 0x00, 0x18, 0x00, 0x06, 0x00, 0x01, 0x80, 0x00, 0x60, 0x00, 0x18,
    0x00, 0x06, 0x00, 0x01, 0x80, 0x00, 0x60, 0x00, 0x18, 0x00, 0x06, 0x00, 0x01, 0xF0, 0x00, 0x7C,
    0x00, 0x00, 0x00, 0x30, 0x00, 0x06, 0x00, 0x00, 0xC0, 0x00, 0x18, 0x00, 0x03, 0x00, 0x00, 0x60,
    0x00, 0x0C, 0x00, 0x01, 0x80, 0x00, 0x30, 0x00, 0x06, 0x00, 0x00, 0xC0, 0x00, 0x18, 0x00, 0x03,
    0x00, 0x00, 0x60, 0x00, 0x0C, 0x00, 0x01, 0x00, 0x00, 0x00, 0x00, 0x00, 0x3E, 0x00, 0x0F, 0x80,
    0x00, 0x60, 0x00, 0x18, 0x00, 0x06, 0x00, 0x01, 0x80, 0x00, 0x60, 0x00, 0x18, 0x00, 0x06, 0x00,
    0x01, 0x80, 0x00, 0x60, 0x00, 0x18, 0x00, 0x06, 0x00, 0x01, 0x80, 0x00, 0x60, 0x00, 0xF8, 0x00,
    0x3E, 0x00, 0x00, 0x00, 0xF8, 0x00, 0x7E, 0x00, 0x1F, 0xC0, 0x0F, 0x78, 0x0F, 0x8F, 0x83, 0xC1,
    0xE0, 0x00, 0x00, 0x00, 0x00, 0x00, 0x00, 0x00, 0x00, 0x00, 0x00, 0x00, 0x00, 0x00, 0x00, 0x00,
    0x00, 0x00, 0x00, 0x00, 0x00, 0x00, 0x00, 0x00, 0x00, 0x00, 0x00, 0x00, 0x00, 0x00, 0x00, 0x00,
    0x00, 0x00, 0x00, 0x00, 0x00, 0x00, 0x00, 0x00, 0x00, 0x00, 0x00, 0x00, 0x00, 0x00, 0x00, 0x00,
    0x00, 0x00, 0x00, 0x00, 0x00, 0x00, 0x00, 0x00, 0x00, 0x00, 0x00, 0x0F, 0xFF, 0xC0, 0x00, 0x00,
    0x00, 0x00, 0x00, 0x00, 0x00, 0x06, 0x00, 0x00, 0xC0, 0x00, 0x00, 0x00, 0x00, 0x00, 0x00, 0x00,
    0x00, 0x00, 0x00, 0x00, 0x00, 0x00, 0x00, 0x00, 0x00, 0x00, 0x00, 0x00, 0x00, 0x00, 0x00, 0x00,
    0x00, 0x00, 0x00, 0x00, 0x00, 0x00, 0x00, 0x00, 0x00, 0x00, 0x00, 0x00, 0x00, 0x00, 0x00, 0x00,
    0x00, 0x7C, 0x00, 0x7F, 0xC0, 0x7F, 0xF8, 0x0E, 0x0E, 0x00, 0x03, 0x80, 0x00, 0x70, 0x03, 0xFC,
    0x07, 0xFF, 0x03, 0xE1, 0xC1, 0xC0, 0x70, 0x70, 0x1C, 0x1C, 0x0F, 0x07, 0x07, 0xC1, 0xFF, 0xF0,
    0x3F, 0x9C, 0x03, 0x80, 0x00, 0x00, 0x00, 0x00, 0x00, 0x03, 0x00, 0x00, 0xC0, 0x00, 0x30, 0x00,
    0x0C, 0x00, 0x03, 0x00, 0x00, 0xCF, 0x00, 0x3F, 0xE0, 0x0F, 0x1C, 0x03, 0x03, 0x00, 0xC0, 0xE0,
    0x30, 0x38, 0x0C, 0x0E, 0x03, 0x03, 0x80, 0xC1, 0xC0, 0x3C, 0xF0, 0x0F, 0xF8, 0x00, 0x38, 0x00,
    0x00, 0x00, 0x00, 0x7E, 0x00, 0x7F, 0xC0, 0x3F, 0xF8, 0x1E, 0x06, 0x07, 0x00, 0x03, 0x80, 0x00,
    0xE0, 0x00, 0x38, 0x00, 0x0E, 0x00, 0x03, 0x80, 0x00, 0xF0, 0x00, 0x1C, 0x00, 0x07, 0xC3, 0x80,
    0xFF, 0xE0, 0x1F, 0xF0, 0x01, 0xF0, 0x00, 0x00, 0x00, 0x00, 0x00, 0x00, 0x01, 0x00, 0x00, 0xE0,
    0x00, 0x38, 0x00, 0x0E, 0x00, 0x03, 0x80, 0x1E, 0xE0, 0x0F, 0xF8, 0x07, 0x1E, 0x03, 0x83, 0x80,
    0xC0, 0xE0, 0x30, 0x38, 0x0C, 0x0E, 0x03, 0x03, 0x80, 0xE0, 0xE0, 0x1E, 0xF8, 0x03, 0xFE, 0x00,
    0x71, 0x00, 0x00, 0x00, 0x00, 0x7C, 0x00, 0x7F, 0xC0, 0x3F, 0xF8, 0x1C, 0x0E, 0x0E, 0x01, 0xC3,
    0x80, 0x70, 0xFF, 0xFC, 0x7F, 0xFF, 0x0F, 0xFF, 0xC3, 0x80, 0x00, 0xE0, 0x00, 0x3C, 0x00, 0x07,
    0x81, 0x80, 0xFF, 0xE0, 0x1F, 0xF0, 0x00, 0xF0, 0x00, 0x00, 0x00, 0x00, 0x00, 0x00, 0x3F, 0x00,
    0x1F, 0xC0, 0x07, 0x00, 0x01, 0x80, 0x00, 0x60, 0x00, 0xFF, 0x80, 0x3F, 0xE0, 0x01, 0x80, 0x00,
    0x60, 0x00, 0x18, 0x00, 0x06, 0x00, 0x01, 0x80, 0x00, 0x60, 0x00, 0x18, 0x00, 0x06, 0x00, 0x01,
    0x80, 0x00, 0x00, 0x00, 0x00, 0x00, 0x00, 0xFF, 0x80, 0x7F, 0xE0, 0x38, 0xC0, 0x0C, 0x18, 0x03,
    0x06, 0x00, 0xE3, 0x80, 0x1F, 0xC0, 0x0F, 0xE0, 0x03, 0x00, 0x00, 0xFF, 0x80, 0x3F, 0xF0, 0x0C,
    0x1E, 0x06, 0x03, 0x81, 0xC0, 0xC0, 0x3F, 0xE0, 0x07, 0xF0, 0x00, 0x00, 0x00, 0x00, 0x00, 0x03,
    0x00, 0x00, 0xC0, 0x00, 0x30, 0x00, 0x0C, 0x00, 0x03, 0x00, 0x00, 0xDF, 0x80, 0x3F, 0xF0, 0x0F,
    0x1C, 0x03, 0x03, 0x00, 0xC0, 0xC0, 0x30, 0x30, 0x0C, 0x0C, 0x03, 0x03, 0x00, 0xC0, 0xC0, 0x30,
    0x30, 0x0C, 0x0C, 0x00, 0x00, 0x00, 0x00, 0x00, 0x00, 0x30, 0x00, 0x1E, 0x00, 0x03, 0x00, 0x00,
    0x00, 0x00, 0x00, 0x00, 0x0C, 0x00, 0x03, 0x00, 0x00, 0xC0, 0x00, 0x30, 0x00, 0x0C, 0x00, 0x03,
    0x00, 0x00, 0xC0, 0x00, 0x30, 0x00, 0x0C, 0x00, 0x03, 0x00, 0x00, 0xC0, 0x00, 0x00, 0x00, 0x00,
    0x00, 0x00, 0x30, 0x00, 0x1C, 0x00, 0x03, 0x00, 0x00, 0x00, 0x00, 0x30, 0x00, 0x0C, 0x00, 0x03,
    0x00, 0x00, 0xC0, 0x00, 0x30, 0x00, 0x0C, 0x00, 0x03, 0x00, 0x00, 0xC0, 0x00, 0x30, 0x00, 0x0C,
    0x00, 0x07, 0x00, 0x1F, 0x80, 0x03, 0xC0, 0x00, 0x00, 0x00, 0x03, 0x00, 0x00, 0xC0, 0x00, 0x30,
    0x00, 0x0C, 0x00, 0x03, 0x00, 0x00, 0xC1, 0x80, 0x30, 0xE0, 0x0C, 0x70, 0x03, 0x38, 0x00, 0xDC,
    0x00, 0x3F, 0x80, 0x0F, 0x60, 0x03, 0x9C, 0x00, 0xC3, 0x80, 0x30, 0x60, 0x0C, 0x1C, 0x00, 0x00,
    0x00, 0x00, 0x00, 0x00, 0x00, 0x00, 0x30, 0x00, 0x0C, 0x00, 0x03, 0x00, 0x00, 0xC0, 0x00, 0x30,
    0x00, 0x0C, 0x00, 0x03, 0x00, 0x00, 0xC0, 0x00, 0x30, 0x00, 0x0C, 0x00, 0x03, 0x00, 0x00, 0xC0,
    0x00, 0x30, 0x00, 0x0F, 0x40, 0x01, 0xF8, 0x00, 0x38, 0x00, 0x00, 0x00, 0x00, 0x00, 0x00, 0x00,
    0x00, 0x00, 0x00, 0x67, 0x0E, 0x1F, 0xFF, 0xE7, 0x9F, 0x39, 0x83, 0x06, 0x60, 0xC1, 0x98, 0x30,
    0x66, 0x0C, 0x19, 0x83, 0x06, 0x60, 0xC1, 0x98, 0x30, 0x66, 0x0C, 0x18, 0x00, 0x00, 0x00, 0x00,
    0x00, 0x00, 0x00, 0x00, 0x00, 0x00, 0x00, 0x01, 0x8F, 0x80, 0x6F, 0xF8, 0x1F, 0xFE, 0x07, 0x83,
    0x81, 0xC0, 0xF0, 0x70, 0x1C, 0x1C, 0x07, 0x07, 0x01, 0xC1, 0xC0, 0x70, 0x70, 0x1C, 0x1C, 0x07,
    0x07, 0x01, 0xC1, 0xC0, 0x70, 0x70, 0x1C, 0x18, 0x07, 0x00, 0x00, 0x00, 0x00, 0x00, 0x00, 0x7C,
    0x00, 0x7F, 0xC0, 0x3F, 0xF8, 0x1E, 0x0F, 0x0F, 0x01, 0xC3, 0x80, 0x78, 0xE0, 0x0E, 0x78, 0x03,
    0x9E, 0x00, 0xE3, 0x80, 0x78, 0xE0, 0x1E, 0x3C, 0x07, 0x07, 0x87, 0xC0, 0xFF, 0xE0, 0x1F, 0xE0,
    0x01, 0xE0, 0x00, 0x00, 0x00, 0x00, 0x00, 0x02, 0x3C, 0x00, 0xFF, 0x80, 0x3C, 0xF0, 0x0C, 0x0C,
    0x03, 0x03, 0x00, 0xC0, 0xE0, 0x30, 0x38, 0x0C, 0x0C, 0x03, 0x07, 0x00, 0xE3, 0xC0, 0x3F, 0xE0,
    0x0D, 0xE0, 0x03, 0x00, 0x00, 0xC0, 0x00, 0x30, 0x00, 0x0C, 0x00, 0x00, 0x00, 0x00, 0x00, 0x00,
    0x00, 0x39, 0x80, 0x3F, 0xE0, 0x1E, 0x78, 0x0E, 0x06, 0x03, 0x81, 0x80, 0xC0, 0x60, 0x30, 0x18,
    0x0E, 0x06, 0x03, 0x81, 0x80, 0x71, 0xE0, 0x1F, 0xF8, 0x01, 0xF6, 0x00, 0x01, 0x80, 0x00, 0x60,
    0x00, 0x18, 0x00, 0x06, 0x00, 0x00, 0x00, 0x00, 0x00, 0x00, 0x00, 0x01, 0xC7, 0xE0, 0x77, 0xF8,
    0x1D, 0xFE, 0x07, 0xE0, 0x01, 0xF0, 0x00, 0x78, 0x00, 0x1C, 0x00, 0x07, 0x00, 0x01, 0xC0, 0x00,
    0x70, 0x00, 0x1C, 0x00, 0x07, 0x00, 0x01, 0xC0, 0x00, 0x70, 0x00, 0x1C, 0x00, 0x00, 0x00, 0x00,
    0x00, 0x00, 0x00, 0x7C, 0x00, 0x7F, 0xE0, 0x3F, 0xF8, 0x1E, 0x06, 0x07, 0x00, 0x01, 0xE0, 0x00,
    0x3F, 0x00, 0x07, 0xFC, 0x00, 0x3F, 0x80, 0x01, 0xF0, 0x00, 0x1C, 0x08, 0x07, 0x07, 0x83, 0xC1,
    0xFF, 0xE0, 0x1F, 0xF0, 0x00, 0xE0, 0x00, 0x00, 0x00, 0x00, 0x00, 0x00, 0x60, 0x00, 0x18, 0x00,
    0x06, 0x00, 0x01, 0xD4, 0x03, 0xFF, 0x80, 0xFF, 0xE0, 0x06, 0x00, 0x01, 0x80, 0x00, 0x60, 0x00,
    0x18, 0x00, 0x06, 0x00, 0x01, 0x80, 0x00, 0x70, 0x00, 0x1E, 0x20, 0x03, 0xF8, 0x00, 0x7E, 0x00,
    0x00, 0x00, 0x00, 0x00, 0x00, 0x00, 0x01, 0xC0, 0x70, 0x70, 0x1C, 0x1C, 0x07, 0x07, 0x01, 0xC1,
    0xC0, 0x70, 0x70, 0x1C, 0x1C, 0x07, 0x07, 0x01, 0xC1, 0xC0, 0x70, 0x70, 0x1C, 0x1C, 0x0F, 0x07,
    0x87, 0xC1, 0xFF, 0xF0, 0x3F, 0xDC, 0x03, 0xC2, 0x00, 0x00, 0x00, 0x00, 0x00, 0x00, 0x00, 0x03,
    0x80, 0x18, 0xF0, 0x0E, 0x1C, 0x03, 0x87, 0x01, 0xC0, 0xE0, 0x70, 0x38, 0x3C, 0x0F, 0x0E, 0x01,
    0xC3, 0x80, 0x71, 0xC0, 0x0E, 0x70, 0x03, 0x9C, 0x00, 0xEE, 0x00, 0x1F, 0x80, 0x07, 0xC0, 0x00,
    0xF0, 0x00, 0x18, 0x00, 0x00, 0x00, 0x00, 0x00, 0x00, 0x00, 0x00, 0x00, 0x00, 0x60, 0xC1, 0x9C,
    0x30, 0xE3, 0x1E, 0x30, 0xC7, 0x8C, 0x39, 0xE3, 0x06, 0xCD, 0x81, 0xB3, 0x60, 0x6C, 0xD8, 0x0E,
    0x1E, 0x03, 0x87, 0x00, 0xE1, 0xC0, 0x00, 0x00, 0x00, 0x00, 0x00, 0x00, 0x00, 0x00, 0x00, 0x00,
    0x00, 0x01, 0xC0, 0x70, 0x78, 0x1C, 0x0F, 0x0E, 0x01, 0xC7, 0x80, 0x39, 0xC0, 0x0F, 0xE0, 0x01,
    0xF8, 0x00, 0x3C, 0x00, 0x1F, 0x00, 0x0F, 0xE0, 0x03, 0xBC, 0x01, 0xC7, 0x00, 0xF0, 0xE0, 0x38,
    0x3C, 0x1C, 0x07, 0x86, 0x00, 0xC0, 0x00, 0x00, 0x03, 0x01, 0x80, 0xC0, 0xE0, 0x38, 0x30, 0x06,
    0x1C, 0x01, 0xC6, 0x00, 0x31, 0x80, 0x0E, 0xE0, 0x01, 0xB0, 0x00, 0x7C, 0x00, 0x0F, 0x00, 0x03,
    0x80, 0x00, 0xE0, 0x00, 0x30, 0x00, 0x1C, 0x00, 0x3E, 0x00, 0x0F, 0x00, 0x00, 0x00, 0x00, 0x00,
    0x00, 0x00, 0x00, 0x00, 0xFF, 0xF0, 0x3F, 0xFE, 0x0F, 0xFF, 0x00, 0x03, 0x80, 0x01, 0xC0, 0x00,
    0xE0, 0x00, 0x78, 0x00, 0x3C, 0x00, 0x1E, 0x00, 0x0F, 0x00, 0x03, 0x80, 0x01, 0xC0, 0x00, 0xE0,
    0x00, 0x7F, 0xFE, 0x1F, 0xFF, 0x87, 0xFF, 0xC0, 0x00, 0x00, 0x00, 0x0C, 0x00, 0x07, 0x00, 0x03,
    0x00, 0x00, 0xC0, 0x00, 0x30, 0x00, 0x04, 0x00, 0x01, 0x00, 0x00, 0xC0, 0x00, 0x70, 0x00, 0x0C,
    0x00, 0x01, 0x00, 0x00, 0x40, 0x00, 0x30, 0x00, 0x0C, 0x00, 0x03, 0x00, 0x00, 0x70, 0x00, 0x0C,
    0x00, 0x00, 0x00, 0x00, 0xC0, 0x00, 0x30, 0x00, 0x0C, 0x00, 0x03, 0x00, 0x00, 0xC0, 0x00, 0x30,
    0x00, 0x0C, 0x00, 0x03, 0x00, 0x00, 0xC0, 0x00, 0x30, 0x00, 0x0C, 0x00, 0x03, 0x00, 0x00, 0xC0,
    0x00, 0x30, 0x00, 0x00, 0x00, 0x00, 0x00, 0x00, 0x00, 0x00, 0x00, 0x00, 0x38, 0x00, 0x07, 0x00,
    0x00, 0xC0, 0x00, 0x30, 0x00, 0x0C, 0x00, 0x03, 0x00, 0x00, 0xC0, 0x00, 0x30, 0x00, 0x06, 0x00,
    0x03, 0x00, 0x00, 0xC0, 0x00, 0x30, 0x00, 0x0C, 0x00, 0x03, 0x00, 0x00, 0xC0, 0x00, 0x70, 0x00,
    0x38, 0x00, 0x00, 0x00, 0x00, 0x00, 0x00, 0x00, 0x00, 0x00, 0x00, 0x00, 0x00, 0x00, 0x00, 0x00,
    0x03, 0xE0, 0x01, 0xDC, 0x30, 0xC1, 0xF8, 0x00, 0x3C, 0x00, 0x00, 0x00, 0x00, 0x00, 0x00, 0x00,
    0x00, 0x00, 0x00, 0x00, 0x00, 0x00, 0x00, 0x00, 0x00, 0x00, 0x00, 0x00, 0x00, 0x00, 0x0F, 0xFF,
    0x87, 0x00, 0x61, 0xE0, 0x38, 0x6C, 0x1A, 0x19, 0x0C, 0x86, 0x66, 0x21, 0x8D, 0x08, 0x61, 0xC2,
    0x18, 0x60, 0x86, 0x3C, 0x21, 0x99, 0x88, 0x66, 0x32, 0x1B, 0x06, 0x87, 0x80, 0xE1, 0xC0, 0x38,
    0x7F, 0xFE, 0x00, 0x02, 0x00,
};

const CJKGlyph KoreanFont18px_Glyphs[] PROGMEM = {
    { 0x0020,      0,  8 },  //  
    { 0x0021,     41,  8 },  // !
    { 0x0022,     82, 10 },  // "
    { 0x0023,    123, 11 },  // #
    { 0x0024,    164, 11 },  // $
    { 0x0025,    205, 11 },  // %
    { 0x0026,    246, 11 },  // &
    { 0x0027,    287,  6 },  // '
    { 0x0028,    328,  9 },  // (
    { 0x0029,    369,  9 },  // )
    { 0x002A,    410, 11 },  // *
    { 0x002B,    451, 11 },  // +
    { 0x002C,    492,  7 },  // ,
    { 0x002D,    533,  9 },  // -
    { 0x002E,    574,  7 },  // .
    { 0x002F,    615, 10 },  // /
    { 0x0030,    656, 12 },  // 0
    { 0x0031,    697, 12 },  // 1
    { 0x0032,    738, 12 },  // 2
    { 0x0033,    779, 12 },  // 3
    { 0x0034,    820, 12 },  // 4
    { 0x0035,    861, 12 },  // 5
    { 0x0036,    902, 12 },  // 6
    { 0x0037,    943, 12 },  // 7
    { 0x0038,    984, 12 },  // 8
    { 0x0039,   1025, 12 },  // 9
    { 0x003A,   1066,  8 },  // :
    { 0x003B,   1107,  8 },  // ;
    { 0x003C,   1148, 11 },  // <
    { 0x003D,   1189, 11 },  // =
    { 0x003E,   1230, 11 },  // >
    { 0x003F,   1271, 11 },  // ?
    { 0x0040,   1312, 11 },  // @
    { 0x0041,   1353, 11 },  // A
    { 0x0042,   1394, 11 },  // B
    { 0x0043,   1435, 11 },  // C
    { 0x0044,   1476, 11 },  // D
    { 0x0045,   1517, 11 },  // E
    { 0x0046,   1558, 11 },  // F
    { 0x0047,   1599, 11 },  // G
    { 0x0048,   1640, 11 },  // H
    { 0x0049,   1681,  9 },  // I
    { 0x004A,   1722, 11 },  // J
    { 0x004B,   1763, 11 },  // K
    { 0x004C,   1804, 11 },  // L
    { 0x004D,   1845, 11 },  // M
    { 0x004E,   1886, 11 },  // N
    { 0x004F,   1927, 11 },  // O
    { 0x0050,   1968, 11 },  // P
    { 0x0051,   2009, 11 },  // Q
    { 0x0052,   2050, 11 },  // R
    { 0x0053,   2091, 11 },  // S
    { 0x0054,   2132, 11 },  // T
    { 0x0055,   2173, 11 },  // U
    { 0x0056,   2214, 11 },  // V
    { 0x0057,   2255, 11 },  // W
    { 0x0058,   2296, 11 },  // X
    { 0x0059,   2337, 11 },  // Y
    { 0x005A,   2378, 11 },  // Z
    { 0x005B,   2419,  9 },  // [
    { 0x005C,   2460, 10 },  // ?
    { 0x005D,   2501,  9 },  // ]
    { 0x005E,   2542, 11 },  // ^
    { 0x005F,   2583, 11 },  // _
    { 0x0060,   2624,  6 },  // `
    { 0x0061,   2665, 11 },  // a
    { 0x0062,   2706, 11 },  // b
    { 0x0063,   2747, 11 },  // c
    { 0x0064,   2788, 11 },  // d
    { 0x0065,   2829, 11 },  // e
    { 0x0066,   2870, 11 },  // f
    { 0x0067,   2911, 11 },  // g
    { 0x0068,   2952, 11 },  // h
    { 0x0069,   2993,  8 },  // i
    { 0x006A,   3034, 11 },  // j
    { 0x006B,   3075, 11 },  // k
    { 0x006C,   3116,  8 },  // l
    { 0x006D,   3157, 11 },  // m
    { 0x006E,   3198, 11 },  // n
    { 0x006F,   3239, 11 },  // o
    { 0x0070,   3280, 11 },  // p
    { 0x0071,   3321, 11 },  // q
    { 0x0072,   3362, 11 },  // r
    { 0x0073,   3403, 11 },  // s
    { 0x0074,   3444, 11 },  // t
    { 0x0075,   3485, 11 },  // u
    { 0x0076,   3526, 11 },  // v
    { 0x0077,   3567, 11 },  // w
    { 0x0078,   3608, 11 },  // x
    { 0x0079,   3649, 11 },  // y
    { 0x007A,   3690, 11 },  // z
    { 0x007B,   3731, 10 },  // {
    { 0x007C,   3772,  6 },  // |
    { 0x007D,   3813, 10 },  // }
    { 0x007E,   3854, 11 },  // ~
    { 0x00A3,   3895, 11 },  // £
    { 0x00A5,   3936, 11 },  // ¥
    { 0x00A9,   3977, 11 },  // ©
    { 0x00AB,   4018, 11 },  // «
    { 0x00AE,   4059, 11 },  // ®
    { 0x00B0,   4100, 11 },  // °
    { 0x00B1,   4141, 11 },  // ±
    { 0x00B7,   4182, 11 },  // ·
    { 0x00BB,   4223, 11 },  // »
    { 0x00D7,   4264, 11 },  // ×
    { 0x00F7,   4305, 11 },  // ÷
    { 0x2013,   4346,  7 },  // –
    { 0x2014,   4387, 12 },  // —
    { 0x2018,   4428,  4 },  // ‘
    { 0x2019,   4469,  4 },  // ’
    { 0x201A,   4510,  4 },  // ‚
    { 0x201C,   4551,  6 },  // “
    { 0x201D,   4592,  6 },  // ”
    { 0x201E,   4633,  6 },  // „
    { 0x2022,   4674,  5 },  // •
    { 0x2026,   4715, 14 },  // …
    { 0x20A9,   4756, 11 },  // ₩
    { 0x20AC,   4797, 11 },  // €
    { 0x2103,   4838, 11 },  // ℃
    { 0x2109,   4879, 11 },  // ℉
    { 0x2116,   4920, 11 },  // №
    { 0x2122,   4961, 11 },  // ™
    { 0x2190,   5002, 11 },  // ←
    { 0x2191,   5043, 11 },  // ↑
    { 0x2192,   5084, 11 },  // →
    { 0x2193,   5125, 11 },  // ↓
    { 0x2194,   5166, 11 },  // ↔
    { 0x2500,   5207, 11 },  // ─
    { 0x2501,   5248, 11 },  // ━
    { 0x2502,   5289, 11 },  // │
    { 0x2503,   5330, 11 },  // ┃
    { 0x250C,   5371, 11 },  // ┌
    { 0x250F,   5412, 11 },  // ┏
    { 0x2510,   5453, 11 },  // ┐
    { 0x2513,   5494, 11 },  // ┓
    { 0x2514,   5535, 11 },  // └
    { 0x2517,   5576, 11 },  // ┗
    { 0x2518,   5617, 11 },  // ┘
    { 0x251B,   5658, 11 },  // ┛
    { 0x251C,   5699, 11 },  // ├
    { 0x2524,   5740, 11 },  // ┤
    { 0x252C,   5781, 11 },  // ┬
    { 0x2534,   5822, 11 },  // ┴
    { 0x253C,   5863, 11 },  // ┼
    { 0x2605,   5904, 14 },  // ★
    { 0x2606,   5945, 14 },  // ☆
    { 0x2660,   5986, 14 },  // ♠
    { 0x2663,   6027, 14 },  // ♣
    { 0x2665,   6068, 14 },  // ♥
    { 0x2666,   6109, 14 },  // ♦
    { 0x2713,   6150, 11 },  // ✓
    { 0x2717,   6191, 11 },  // ✗
    { 0x3000,   6232,  4 },  // 　
    { 0x3001,   6273, 18 },  // 、
    { 0x3002,   6314, 18 },  // 。
    { 0x3003,   6355, 18 },  // 〃
    { 0x3004,   6396, 18 },  // 〄
    { 0x3005,   6437, 18 },  // 々
    { 0x3006,   6478, 18 },  // 〆
    { 0x3007,   6519, 18 },  // 〇
    { 0x3008,   6560, 18 },  // 〈
    { 0x3009,   6601, 18 },  // 〉
    { 0x300A,   6642, 18 },  // 《
    { 0x300B,   6683, 18 },  // 》
    { 0x300C,   6724, 18 },  // 「
    { 0x300D,   6765, 18 },  // 」
    { 0x300E,   6806, 18 },  // 『
    { 0x300F,   6847, 18 },  // 』
    { 0x3010,   6888, 18 },  // 【
    { 0x3011,   6929, 18 },  // 】
    { 0x3012,   6970, 18 },  // 〒
    { 0x3013,   7011, 18 },  // 〓
    { 0x3014,   7052, 18 },  // 〔
    { 0x3015,   7093, 18 },  // 〕
    { 0x3016,   7134, 18 },  // 〖
    { 0x3017,   7175, 18 },  // 〗
    { 0x3018,   7216, 18 },  // 〘
    { 0x3019,   7257, 18 },  // 〙
    { 0x301A,   7298, 18 },  // 〚
    { 0x301B,   7339, 18 },  // 〛
    { 0x301C,   7380, 18 },  // 〜
    { 0x301D,   7421, 18 },  // 〝
    { 0x301E,   7462, 18 },  // 〞
    { 0x301F,   7503, 18 },  // 〟
    { 0x3020,   7544, 18 },  // 〠
    { 0x3021,   7585, 18 },  // 〡
    { 0x3022,   7626, 18 },  // 〢
    { 0x3023,   7667, 18 },  // 〣
    { 0x3024,   7708, 18 },  // 〤
    { 0x3025,   7749, 18 },  // 〥
    { 0x3026,   7790, 18 },  // 〦
    { 0x3027,   7831, 18 },  // 〧
    { 0x3028,   7872, 18 },  // 〨
    { 0x3029,   7913, 18 },  // 〩
    { 0x302A,   7954, 18 },  // 〪
    { 0x302B,   7995, 18 },  // 〫
    { 0x302C,   8036, 18 },  // 〬
    { 0x302D,   8077, 18 },  // 〭
    { 0x302E,   8118, 18 },  // 〮
    { 0x302F,   8159, 18 },  // 〯
    { 0x3030,   8200, 18 },  // 〰
    { 0x3031,   8241, 18 },  // 〱
    { 0x3032,   8282, 18 },  // 〲
    { 0x3033,   8323, 18 },  // 〳
    { 0x3034,   8364, 18 },  // 〴
    { 0x3035,   8405, 18 },  // 〵
    { 0x3036,   8446, 18 },  // 〶
    { 0x3037,   8487, 18 },  // 〷
    { 0x3038,   8528, 18 },  // 〸
    { 0x3039,   8569, 18 },  // 〹
    { 0x303A,   8610, 18 },  // 〺
    { 0x303B,   8651, 18 },  // 〻
    { 0x303C,   8692, 18 },  // 〼
    { 0x303D,   8733, 18 },  // 〽
    { 0x303E,   8774, 18 },  // 〾
    { 0x303F,   8815, 18 },  // 〿
    { 0x3130,   8856, 18 },  // ㄰
    { 0x3131,   8897, 17 },  // ㄱ
    { 0x3132,   8938, 17 },  // ㄲ
    { 0x3133,   8979, 17 },  // ㄳ
    { 0x3134,   9020, 17 },  // ㄴ
    { 0x3135,   9061, 17 },  // ㄵ
    { 0x3136,   9102, 17 },  // ㄶ
    { 0x3137,   9143, 17 },  // ㄷ
    { 0x3138,   9184, 17 },  // ㄸ
    { 0x3139,   9225, 17 },  // ㄹ
    { 0x313A,   9266, 17 },  // ㄺ
    { 0x313B,   9307, 17 },  // ㄻ
    { 0x313C,   9348, 17 },  // ㄼ
    { 0x313D,   9389, 17 },  // ㄽ
    { 0x313E,   9430, 17 },  // ㄾ
    { 0x313F,   9471, 17 },  // ㄿ
    { 0x3140,   9512, 17 },  // ㅀ
    { 0x3141,   9553, 17 },  // ㅁ
    { 0x3142,   9594, 17 },  // ㅂ
    { 0x3143,   9635, 17 },  // ㅃ
    { 0x3144,   9676, 17 },  // ㅄ
    { 0x3145,   9717, 17 },  // ㅅ
    { 0x3146,   9758, 17 },  // ㅆ
    { 0x3147,   9799, 17 },  // ㅇ
    { 0x3148,   9840, 17 },  // ㅈ
    { 0x3149,   9881, 17 },  // ㅉ
    { 0x314A,   9922, 17 },  // ㅊ
    { 0x314B,   9963, 17 },  // ㅋ
    { 0x314C,  10004, 17 },  // ㅌ
    { 0x314D,  10045, 17 },  // ㅍ
    { 0x314E,  10086, 17 },  // ㅎ
    { 0x314F,  10127, 17 },  // ㅏ
    { 0x3150,  10168, 17 },  // ㅐ
    { 0x3151,  10209, 17 },  // ㅑ
    { 0x3152,  10250, 17 },  // ㅒ
    { 0x3153,  10291, 17 },  // ㅓ
    { 0x3154,  10332, 17 },  // ㅔ
    { 0x3155,  10373, 17 },  // ㅕ
    { 0x3156,  10414, 17 },  // ㅖ
    { 0x3157,  10455, 17 },  // ㅗ
    { 0x3158,  10496, 17 },  // ㅘ
    { 0x3159,  10537, 17 },  // ㅙ
    { 0x315A,  10578, 17 },  // ㅚ
    { 0x315B,  10619, 17 },  // ㅛ
    { 0x315C,  10660, 17 },  // ㅜ
    { 0x315D,  10701, 17 },  // ㅝ
    { 0x315E,  10742, 17 },  // ㅞ
    { 0x315F,  10783, 17 },  // ㅟ
    { 0x3160,  10824, 17 },  // ㅠ
    { 0x3161,  10865, 17 },  // ㅡ
    { 0x3162,  10906, 17 },  // ㅢ
    { 0x3163,  10947, 17 },  // ㅣ
    { 0x3165,  10988, 17 },  // ㅥ
    { 0x3166,  11029, 17 },  // ㅦ
    { 0x3167,  11070, 17 },  // ㅧ
    { 0x3168,  11111, 17 },  // ㅨ
    { 0x3169,  11152, 17 },  // ㅩ
    { 0x316A,  11193, 17 },  // ㅪ
    { 0x316B,  11234, 17 },  // ㅫ
    { 0x316C,  11275, 17 },  // ㅬ
    { 0x316D,  11316, 17 },  // ㅭ
    { 0x316E,  11357, 17 },  // ㅮ
    { 0x316F,  11398, 17 },  // ㅯ
    { 0x3170,  11439, 17 },  // ㅰ
    { 0x3171,  11480, 17 },  // ㅱ
    { 0x3172,  11521, 17 },  // ㅲ
    { 0x3173,  11562, 17 },  // ㅳ
    { 0x3174,  11603, 17 },  // ㅴ
    { 0x3175,  11644, 17 },  // ㅵ
    { 0x3176,  11685, 17 },  // ㅶ
    { 0x3177,  11726, 17 },  // ㅷ
    { 0x3178,  11767, 17 },  // ㅸ
    { 0x3179,  11808, 17 },  // ㅹ
    { 0x317A,  11849, 17 },  // ㅺ
    { 0x317B,  11890, 17 },  // ㅻ
    { 0x317C,  11931, 17 },  // ㅼ
    { 0x317D,  11972, 17 },  // ㅽ
    { 0x317E,  12013, 17 },  // ㅾ
    { 0x317F,  12054, 17 },  // ㅿ
    { 0x3180,  12095, 17 },  // ㆀ
    { 0x3181,  12136, 17 },  // ㆁ
    { 0x3182,  12177, 17 },  // ㆂ
    { 0x3183,  12218, 17 },  // ㆃ
    { 0x3184,  12259, 17 },  // ㆄ
    { 0x3185,  12300, 17 },  // ㆅ
    { 0x3186,  12341, 17 },  // ㆆ
    { 0x3187,  12382, 17 },  // ㆇ
    { 0x3188,  12423, 17 },  // ㆈ
    { 0x3189,  12464, 17 },  // ㆉ
    { 0x318A,  12505, 17 },  // ㆊ
    { 0x318B,  12546, 17 },  // ㆋ
    { 0x318C,  12587, 17 },  // ㆌ
    { 0x318D,  12628, 17 },  // ㆍ
    { 0x318E,  12669, 17 },  // ㆎ
    { 0x318F,  12710, 18 },  // ㆏
    { 0xAC00,  12751, 17 },  // 가
    { 0xAC01,  12792, 17 },  // 각
    { 0xAC04,  12833, 17 },  // 간
    { 0xAC07,  12874, 17 },  // 갇
    { 0xAC08,  12915, 17 },  // 갈
    { 0xAC09,  12956, 17 },  // 갉
    { 0xAC0A,  12997, 17 },  // 갊
    { 0xAC10,  13038, 17 },  // 감
    { 0xAC11,  13079, 17 },  // 갑
    { 0xAC12,  13120, 17 },  // 값
    { 0xAC13,  13161, 17 },  // 갓
    { 0xAC14,  13202, 17 },  // 갔
    { 0xAC15,  13243, 17 },  // 강
    { 0xAC16,  13284, 17 },  // 갖
    { 0xAC17,  13325, 17 },  // 갗
    { 0xAC19,  13366, 17 },  // 같
    { 0xAC1A,  13407, 17 },  // 갚
    { 0xAC1B,  13448, 17 },  // 갛
    { 0xAC1C,  13489, 17 },  // 개
    { 0xAC1D,  13530, 17 },  // 객
    { 0xAC20,  13571, 17 },  // 갠
    { 0xAC24,  13612, 17 },  // 갤
    { 0xAC2C,  13653, 17 },  // 갬
    { 0xAC2D,  13694, 17 },  // 갭
    { 0xAC2F,  13735, 17 },  // 갯
    { 0xAC30,  13776, 17 },  // 갰
    { 0xAC31,  13817, 17 },  // 갱
    { 0xAC38,  13858, 17 },  // 갸
    { 0xAC39,  13899, 17 },  // 갹
    { 0xAC3C,  13940, 17 },  // 갼
    { 0xAC40,  13981, 17 },  // 걀
    { 0xAC4B,  14022, 17 },  // 걋
    { 0xAC4D,  14063, 17 },  // 걍
    { 0xAC54,  14104, 17 },  // 걔
    { 0xAC58,  14145, 17 },  // 걘
    { 0xAC5C,  14186, 17 },  // 걜
    { 0xAC70,  14227, 17 },  // 거
    { 0xAC71,  14268, 17 },  // 걱
    { 0xAC74,  14309, 17 },  // 건
    { 0xAC77,  14350, 17 },  // 걷
    { 0xAC78,  14391, 17 },  // 걸
    { 0xAC7A,  14432, 17 },  // 걺
    { 0xAC80,  14473, 17 },  // 검
    { 0xAC81,  14514, 17 },  // 겁
    { 0xAC83,  14555, 17 },  // 것
    { 0xAC84,  14596, 17 },  // 겄
    { 0xAC85,  14637, 17 },  // 겅
    { 0xAC86,  14678, 17 },  // 겆
    { 0xAC89,  14719, 17 },  // 겉
    { 0xAC8A,  14760, 17 },  // 겊
    { 0xAC8B,  14801, 17 },  // 겋
    { 0xAC8C,  14842, 17 },  // 게
    { 0xAC90,  14883, 17 },  // 겐
    { 0xAC94,  14924, 17 },  // 겔
    { 0xAC9C,  14965, 17 },  // 겜
    { 0xAC9D,  15006, 17 },  // 겝
    { 0xAC9F,  15047, 17 },  // 겟
    { 0xACA0,  15088, 17 },  // 겠
    { 0xACA1,  15129, 17 },  // 겡
    { 0xACA8,  15170, 17 },  // 겨
    { 0xACAA,  15211, 17 },  // 겪
    { 0xACAC,  15252, 17 },  // 견
    { 0xACAF,  15293, 17 },  // 겯
    { 0xACB0,  15334, 17 },  // 결
    { 0xACB8,  15375, 17 },  // 겸
    { 0xACB9,  15416, 17 },  // 겹
    { 0xACBB,  15457, 17 },  // 겻
    { 0xACBC,  15498, 17 },  // 겼
    { 0xACBD,  15539, 17 },  // 경
    { 0xACC1,  15580, 17 },  // 곁
    { 0xACC4,  15621, 17 },  // 계
    { 0xACC8,  15662, 17 },  // 곈
    { 0xACCC,  15703, 17 },  // 곌
    { 0xACD5,  15744, 17 },  // 곕
    { 0xACD7,  15785, 17 },  // 곗
    { 0xACE0,  15826, 17 },  // 고
    { 0xACE1,  15867, 17 },  // 곡
    { 0xACE4,  15908, 17 },  // 곤
    { 0xACE7,  15949, 17 },  // 곧
    { 0xACE8,  15990, 17 },  // 골
    { 0xACEA,  16031, 17 },  // 곪
    { 0xACEC,  16072, 17 },  // 곬
    { 0xACEF,  16113, 17 },  // 곯
    { 0xACF0,  16154, 17 },  // 곰
    { 0xACF1,  16195, 17 },  // 곱
    { 0xACF3,  16236, 17 },  // 곳
    { 0xACF5,  16277, 17 },  // 공
    { 0xACF6,  16318, 17 },  // 곶
    { 0xACFC,  16359, 17 },  // 과
    { 0xACFD,  16400, 17 },  // 곽
    { 0xAD00,  16441, 17 },  // 관
    { 0xAD04,  16482, 17 },  // 괄
    { 0xAD06,  16523, 17 },  // 괆
    { 0xAD0C,  16564, 17 },  // 괌
    { 0xAD0D,  16605, 17 },  // 괍
    { 0xAD0F,  16646, 17 },  // 괏
    { 0xAD11,  16687, 17 },  // 광
    { 0xAD18,  16728, 17 },  // 괘
    { 0xAD1C,  16769, 17 },  // 괜
    { 0xAD20,  16810, 17 },  // 괠
    { 0xAD29,  16851, 17 },  // 괩
    { 0xAD2C,  16892, 17 },  // 괬
    { 0xAD2D,  16933, 17 },  // 괭
    { 0xAD34,  16974, 17 },  // 괴
    { 0xAD35,  17015, 17 },  // 괵
    { 0xAD38,  17056, 17 },  // 괸
    { 0xAD3C,  17097, 17 },  // 괼
    { 0xAD44,  17138, 17 },  // 굄
    { 0xAD45,  17179, 17 },  // 굅
    { 0xAD47,  17220, 17 },  // 굇
    { 0xAD49,  17261, 17 },  // 굉
    { 0xAD50,  17302, 17 },  // 교
    { 0xAD54,  17343, 17 },  // 굔
    { 0xAD58,  17384, 17 },  // 굘
    { 0xAD61,  17425, 17 },  // 굡
    { 0xAD63,  17466, 17 },  // 굣
    { 0xAD6C,  17507, 17 },  // 구
    { 0xAD6D,  17548, 17 },  // 국
    { 0xAD70,  17589, 17 },  // 군
    { 0xAD73,  17630, 17 },  // 굳
    { 0xAD74,  17671, 17 },  // 굴
    { 0xAD75,  17712, 17 },  // 굵
    { 0xAD76,  17753, 17 },  // 굶
    { 0xAD7B,  17794, 17 },  // 굻
    { 0xAD7C,  17835, 17 },  // 굼
    { 0xAD7D,  17876, 17 },  // 굽
    { 0xAD7F,  17917, 17 },  // 굿
    { 0xAD81,  17958, 17 },  // 궁
    { 0xAD82,  17999, 17 },  // 궂
    { 0xAD88,  18040, 17 },  // 궈
    { 0xAD89,  18081, 17 },  // 궉
    { 0xAD8C,  18122, 17 },  // 권
    { 0xAD90,  18163, 17 },  // 궐
    { 0xAD9C,  18204, 17 },  // 궜
    { 0xAD9D,  18245, 17 },  // 궝
    { 0xADA4,  18286, 17 },  // 궤
    { 0xADB7,  18327, 17 },  // 궷
    { 0xADC0,  18368, 17 },  // 귀
    { 0xADC1,  18409, 17 },  // 귁
    { 0xADC4,  18450, 17 },  // 귄
    { 0xADC8,  18491, 17 },  // 귈
    { 0xADD0,  18532, 17 },  // 귐
    { 0xADD1,  18573, 17 },  // 귑
    { 0xADD3,  18614, 17 },  // 귓
    { 0xADDC,  18655, 17 },  // 규
    { 0xADE0,  18696, 17 },  // 균
    { 0xADE4,  18737, 17 },  // 귤
    { 0xADF8,  18778, 17 },  // 그
    { 0xADF9,  18819, 17 },  // 극
    { 0xADFC,  18860, 17 },  // 근
    { 0xADFF,  18901, 17 },  // 귿
    { 0xAE00,  18942, 17 },  // 글
    { 0xAE01,  18983, 17 },  // 긁
    { 0xAE08,  19024, 17 },  // 금
    { 0xAE09,  19065, 17 },  // 급
    { 0xAE0B,  19106, 17 },  // 긋
    { 0xAE0D,  19147, 17 },  // 긍
    { 0xAE14,  19188, 17 },  // 긔
    { 0xAE30,  19229, 17 },  // 기
    { 0xAE31,  19270, 17 },  // 긱
    { 0xAE34,  19311, 17 },  // 긴
    { 0xAE37,  19352, 17 },  // 긷
    { 0xAE38,  19393, 17 },  // 길
    { 0xAE3A,  19434, 17 },  // 긺
    { 0xAE40,  19475, 17 },  // 김
    { 0xAE41,  19516, 17 },  // 깁
    { 0xAE43,  19557, 17 },  // 깃
    { 0xAE45,  19598, 17 },  // 깅
    { 0xAE46,  19639, 17 },  // 깆
    { 0xAE4A,  19680, 17 },  // 깊
    { 0xAE4C,  19721, 17 },  // 까
    { 0xAE4D,  19762, 17 },  // 깍
    { 0xAE4E,  19803, 17 },  // 깎
    { 0xAE50,  19844, 17 },  // 깐
    { 0xAE54,  19885, 17 },  // 깔
    { 0xAE56,  19926, 17 },  // 깖
    { 0xAE5C,  19967, 17 },  // 깜
    { 0xAE5D,  20008, 17 },  // 깝
    { 0xAE5F,  20049, 17 },  // 깟
    { 0xAE60,  20090, 17 },  // 깠
    { 0xAE61,  20131, 17 },  // 깡
    { 0xAE65,  20172, 17 },  // 깥
    { 0xAE68,  20213, 17 },  // 깨
    { 0xAE69,  20254, 17 },  // 깩
    { 0xAE6C,  20295, 17 },  // 깬
    { 0xAE70,  20336, 17 },  // 깰
    { 0xAE78,  20377, 17 },  // 깸
    { 0xAE79,  20418, 17 },  // 깹
    { 0xAE7B,  20459, 17 },  // 깻
    { 0xAE7C,  20500, 17 },  // 깼
    { 0xAE7D,  20541, 17 },  // 깽
    { 0xAE84,  20582, 17 },  // 꺄
    { 0xAE85,  20623, 17 },  // 꺅
    { 0xAE8C,  20664, 17 },  // 꺌
    { 0xAEBC,  20705, 17 },  // 꺼
    { 0xAEBD,  20746, 17 },  // 꺽
    { 0xAEBE,  20787, 17 },  // 꺾
    { 0xAEC0,  20828, 17 },  // 껀
    { 0xAEC4,  20869, 17 },  // 껄
    { 0xAECC,  20910, 17 },  // 껌
    { 0xAECD,  20951, 17 },  // 껍
    { 0xAECF,  20992, 17 },  // 껏
    { 0xAED0,  21033, 17 },  // 껐
    { 0xAED1,  21074, 17 },  // 껑
    { 0xAEDC,  21115, 17 },  // 껜
    { 0xAEE8,  21156, 17 },  // 껨
    { 0xAEEB,  21197, 17 },  // 껫
    { 0xAEED,  21238, 17 },  // 껭
    { 0xAEF4,  21279, 17 },  // 껴
    { 0xAEF8,  21320, 17 },  // 껸
    { 0xAEFC,  21361, 17 },  // 껼
    { 0xAF07,  21402, 17 },  // 꼇
    { 0xAF08,  21443, 17 },  // 꼈
    { 0xAF0D,  21484, 17 },  // 꼍
    { 0xAF10,  21525, 17 },  // 꼐
    { 0xAF2C,  21566, 17 },  // 꼬
    { 0xAF2D,  21607, 17 },  // 꼭
    { 0xAF30,  21648, 17 },  // 꼰
    { 0xAF32,  21689, 17 },  // 꼲
    { 0xAF34,  21730, 17 },  // 꼴
    { 0xAF3C,  21771, 17 },  // 꼼
    { 0xAF3D,  21812, 17 },  // 꼽
    { 0xAF3F,  21853, 17 },  // 꼿
    { 0xAF41,  21894, 17 },  // 꽁
    { 0xAF42,  21935, 17 },  // 꽂
    { 0xAF43,  21976, 17 },  // 꽃
    { 0xAF48,  22017, 17 },  // 꽈
    { 0xAF49,  22058, 17 },  // 꽉
    { 0xAF50,  22099, 17 },  // 꽐
    { 0xAF5C,  22140, 17 },  // 꽜
    { 0xAF5D,  22181, 17 },  // 꽝
    { 0xAF64,  22222, 17 },  // 꽤
    { 0xAF65,  22263, 17 },  // 꽥
    { 0xAF79,  22304, 17 },  // 꽹
    { 0xAF80,  22345, 17 },  // 꾀
    { 0xAF84,  22386, 17 },  // 꾄
    { 0xAF88,  22427, 17 },  // 꾈
    { 0xAF90,  22468, 17 },  // 꾐
    { 0xAF91,  22509, 17 },  // 꾑
    { 0xAF95,  22550, 17 },  // 꾕
    { 0xAF9C,  22591, 17 },  // 꾜
    { 0xAFB8,  22632, 17 },  // 꾸
    { 0xAFB9,  22673, 17 },  // 꾹
    { 0xAFBC,  22714, 17 },  // 꾼
    { 0xAFC0,  22755, 17 },  // 꿀
    { 0xAFC7,  22796, 17 },  // 꿇
    { 0xAFC8,  22837, 17 },  // 꿈
    { 0xAFC9,  22878, 17 },  // 꿉
    { 0xAFCB,  22919, 17 },  // 꿋
    { 0xAFCD,  22960, 17 },  // 꿍
    { 0xAFCE,  23001, 17 },  // 꿎
    { 0xAFD4,  23042, 17 },  // 꿔
    { 0xAFDC,  23083, 17 },  // 꿜
    { 0xAFE8,  23124, 17 },  // 꿨
    { 0xAFE9,  23165, 17 },  // 꿩
    { 0xAFF0,  23206, 17 },  // 꿰
    { 0xAFF1,  23247, 17 },  // 꿱
    { 0xAFF4,  23288, 17 },  // 꿴
    { 0xAFF8,  23329, 17 },  // 꿸
    { 0xB000,  23370, 17 },  // 뀀
    { 0xB001,  23411, 17 },  // 뀁
    { 0xB004,  23452, 17 },  // 뀄
    { 0xB00C,  23493, 17 },  // 뀌
    { 0xB010,  23534, 17 },  // 뀐
    { 0xB014,  23575, 17 },  // 뀔
    { 0xB01C,  23616, 17 },  // 뀜
    { 0xB01D,  23657, 17 },  // 뀝
    { 0xB028,  23698, 17 },  // 뀨
    { 0xB044,  23739, 17 },  // 끄
    { 0xB045,  23780, 17 },  // 끅
    { 0xB048,  23821, 17 },  // 끈
    { 0xB04A,  23862, 17 },  // 끊
    { 0xB04C,  23903, 17 },  // 끌
    { 0xB04E,  23944, 17 },  // 끎
    { 0xB053,  23985, 17 },  // 끓
    { 0xB054,  24026, 17 },  // 끔
    { 0xB055,  24067, 17 },  // 끕
    { 0xB057,  24108, 17 },  // 끗
    { 0xB059,  24149, 17 },  // 끙
    { 0xB05D,  24190, 17 },  // 끝
    { 0xB07C,  24231, 17 },  // 끼
    { 0xB07D,  24272, 17 },  // 끽
    { 0xB080,  24313, 17 },  // 낀
    { 0xB084,  24354, 17 },  // 낄
    { 0xB08C,  24395, 17 },  // 낌
    { 0xB08D,  24436, 17 },  // 낍
    { 0xB08F,  24477, 17 },  // 낏
    { 0xB091,  24518, 17 },  // 낑
    { 0xB098,  24559, 17 },  // 나
    { 0xB099,  24600, 17 },  // 낙
    { 0xB09A,  24641, 17 },  // 낚
    { 0xB09C,  24682, 17 },  // 난
    { 0xB09F,  24723, 17 },  // 낟
    { 0xB0A0,  24764, 17 },  // 날
    { 0xB0A1,  24805, 17 },  // 낡
    { 0xB0A2,  24846, 17 },  // 낢
    { 0xB0A8,  24887, 17 },  // 남
    { 0xB0A9,  24928, 17 },  // 납
    { 0xB0AB,  24969, 17 },  // 낫
    { 0xB0AC,  25010, 17 },  // 났
    { 0xB0AD,  25051, 17 },  // 낭
    { 0xB0AE,  25092, 17 },  // 낮
    { 0xB0AF,  25133, 17 },  // 낯
    { 0xB0B1,  25174, 17 },  // 낱
    { 0xB0B3,  25215, 17 },  // 낳
    { 0xB0B4,  25256, 17 },  // 내
    { 0xB0B5,  25297, 17 },  // 낵
    { 0xB0B8,  25338, 17 },  // 낸
    { 0xB0BC,  25379, 17 },  // 낼
    { 0xB0C4,  25420, 17 },  // 냄
    { 0xB0C5,  25461, 17 },  // 냅
    { 0xB0C7,  25502, 17 },  // 냇
    { 0xB0C8,  25543, 17 },  // 냈
    { 0xB0C9,  25584, 17 },  // 냉
    { 0xB0D0,  25625, 17 },  // 냐
    { 0xB0D1,  25666, 17 },  // 냑
    { 0xB0D4,  25707, 17 },  // 냔
    { 0xB0D8,  25748, 17 },  // 냘
    { 0xB0E0,  25789, 17 },  // 냠
    { 0xB0E5,  25830, 17 },  // 냥
    { 0xB108,  25871, 17 },  // 너
    { 0xB109,  25912, 17 },  // 넉
    { 0xB10B,  25953, 17 },  // 넋
    { 0xB10C,  25994, 17 },  // 넌
    { 0xB110,  26035, 17 },  // 널
    { 0xB112,  26076, 17 },  // 넒
    { 0xB113,  26117, 17 },  // 넓
    { 0xB118,  26158, 17 },  // 넘
    { 0xB119,  26199, 17 },  // 넙
    { 0xB11B,  26240, 17 },  // 넛
    { 0xB11C,  26281, 17 },  // 넜
    { 0xB11D,  26322, 17 },  // 넝
    { 0xB123,  26363, 17 },  // 넣
    { 0xB124,  26404, 17 },  // 네
    { 0xB125,  26445, 17 },  // 넥
    { 0xB128,  26486, 17 },  // 넨
    { 0xB12C,  26527, 17 },  // 넬
    { 0xB134,  26568, 17 },  // 넴
    { 0xB135,  26609, 17 },  // 넵
    { 0xB137,  26650, 17 },  // 넷
    { 0xB138,  26691, 17 },  // 넸
    { 0xB139,  26732, 17 },  // 넹
    { 0xB140,  26773, 17 },  // 녀
    { 0xB141,  26814, 17 },  // 녁
    { 0xB144,  26855, 17 },  // 년
    { 0xB148,  26896, 17 },  // 녈
    { 0xB150,  26937, 17 },  // 념
    { 0xB151,  26978, 17 },  // 녑
    { 0xB154,  27019, 17 },  // 녔
    { 0xB155,  27060, 17 },  // 녕
    { 0xB158,  27101, 17 },  // 녘
    { 0xB15C,  27142, 17 },  // 녜
    { 0xB160,  27183, 17 },  // 녠
    { 0xB178,  27224, 17 },  // 노
    { 0xB179,  27265, 17 },  // 녹
    { 0xB17C,  27306, 17 },  // 논
    { 0xB180,  27347, 17 },  // 놀
    { 0xB182,  27388, 17 },  // 놂
    { 0xB188,  27429, 17 },  // 놈
    { 0xB189,  27470, 17 },  // 놉
    { 0xB18B,  27511, 17 },  // 놋
    { 0xB18D,  27552, 17 },  // 농
    { 0xB192,  27593, 17 },  // 높
    { 0xB193,  27634, 17 },  // 놓
    { 0xB194,  27675, 17 },  // 놔
    { 0xB198,  27716, 17 },  // 놘
    { 0xB19C,  27757, 17 },  // 놜
    { 0xB1A8,  27798, 17 },  // 놨
    { 0xB1CC,  27839, 17 },  // 뇌
    { 0xB1D0,  27880, 17 },  // 뇐
    { 0xB1D4,  27921, 17 },  // 뇔
    { 0xB1DC,  27962, 17 },  // 뇜
    { 0xB1DD,  28003, 17 },  // 뇝
    { 0xB1DF,  28044, 17 },  // 뇟
    { 0xB1E8,  28085, 17 },  // 뇨
    { 0xB1E9,  28126, 17 },  // 뇩
    { 0xB1EC,  28167, 17 },  // 뇬
    { 0xB1F0,  28208, 17 },  // 뇰
    { 0xB1F9,  28249, 17 },  // 뇹
    { 0xB1FB,  28290, 17 },  // 뇻
    { 0xB1FD,  28331, 17 },  // 뇽
    { 0xB204,  28372, 17 },  // 누
    { 0xB205,  28413, 17 },  // 눅
    { 0xB208,  28454, 17 },  // 눈
    { 0xB20B,  28495, 17 },  // 눋
    { 0xB20C,  28536, 17 },  // 눌
    { 0xB214,  28577, 17 },  // 눔
    { 0xB215,  28618, 17 },  // 눕
    { 0xB217,  28659, 17 },  // 눗
    { 0xB219,  28700, 17 },  // 눙
    { 0xB220,  28741, 17 },  // 눠
    { 0xB234,  28782, 17 },  // 눴
    { 0xB23C,  28823, 17 },  // 눼
    { 0xB258,  28864, 17 },  // 뉘
    { 0xB25C,  28905, 17 },  // 뉜
    { 0xB260,  28946, 17 },  // 뉠
    { 0xB268,  28987, 17 },  // 뉨
    { 0xB269,  29028, 17 },  // 뉩
    { 0xB274,  29069, 17 },  // 뉴
    { 0xB275,  29110, 17 },  // 뉵
    { 0xB27C,  29151, 17 },  // 뉼
    { 0xB284,  29192, 17 },  // 늄
    { 0xB285,  29233, 17 },  // 늅
    { 0xB289,  29274, 17 },  // 늉
    { 0xB290,  29315, 17 },  // 느
    { 0xB291,  29356, 17 },  // 늑
    { 0xB294,  29397, 17 },  // 는
    { 0xB298,  29438, 17 },  // 늘
    { 0xB299,  29479, 17 },  // 늙
    { 0xB29A,  29520, 17 },  // 늚
    { 0xB2A0,  29561, 17 },  // 늠
    { 0xB2A1,  29602, 17 },  // 늡
    { 0xB2A3,  29643, 17 },  // 늣
    { 0xB2A5,  29684, 17 },  // 능
    { 0xB2A6,  29725, 17 },  // 늦
    { 0xB2AA,  29766, 17 },  // 늪
    { 0xB2AC,  29807, 17 },  // 늬
    { 0xB2B0,  29848, 17 },  // 늰
    { 0xB2B4,  29889, 17 },  // 늴
    { 0xB2C8,  29930, 17 },  // 니
    { 0xB2C9,  29971, 17 },  // 닉
    { 0xB2CC,  30012, 17 },  // 닌
    { 0xB2D0,  30053, 17 },  // 닐
    { 0xB2D2,  30094, 17 },  // 닒
    { 0xB2D8,  30135, 17 },  // 님
    { 0xB2D9,  30176, 17 },  // 닙
    { 0xB2DB,  30217, 17 },  // 닛
    { 0xB2DD,  30258, 17 },  // 닝
    { 0xB2E2,  30299, 17 },  // 닢
    { 0xB2E4,  30340, 17 },  // 다
    { 0xB2E5,  30381, 17 },  // 닥
    { 0xB2E6,  30422, 17 },  // 닦
    { 0xB2E8,  30463, 17 },  // 단
    { 0xB2EB,  30504, 17 },  // 닫
    { 0xB2EC,  30545, 17 },  // 달
    { 0xB2ED,  30586, 17 },  // 닭
    { 0xB2EE,  30627, 17 },  // 닮
    { 0xB2EF,  30668, 17 },  // 닯
    { 0xB2F3,  30709, 17 },  // 닳
    { 0xB2F4,  30750, 17 },  // 담
    { 0xB2F5,  30791, 17 },  // 답
    { 0xB2F7,  30832, 17 },  // 닷
    { 0xB2F8,  30873, 17 },  // 닸
    { 0xB2F9,  30914, 17 },  // 당
    { 0xB2FA,  30955, 17 },  // 닺
    { 0xB2FB,  30996, 17 },  // 닻
    { 0xB2FF,  31037, 17 },  // 닿
    { 0xB300,  31078, 17 },  // 대
    { 0xB301,  31119, 17 },  // 댁
    { 0xB304,  31160, 17 },  // 댄
    { 0xB308,  31201, 17 },  // 댈
    { 0xB310,  31242, 17 },  // 댐
    { 0xB311,  31283, 17 },  // 댑
    { 0xB313,  31324, 17 },  // 댓
    { 0xB314,  31365, 17 },  // 댔
    { 0xB315,  31406, 17 },  // 댕
    { 0xB31C,  31447, 17 },  // 댜
    { 0xB354,  31488, 17 },  // 더
    { 0xB355,  31529, 17 },  // 덕
    { 0xB356,  31570, 17 },  // 덖
    { 0xB358,  31611, 17 },  // 던
    { 0xB35B,  31652, 17 },  // 덛
    { 0xB35C,  31693, 17 },  // 덜
    { 0xB35E,  31734, 17 },  // 덞
    { 0xB35F,  31775, 17 },  // 덟
    { 0xB364,  31816, 17 },  // 덤
    { 0xB365,  31857, 17 },  // 덥
    { 0xB367,  31898, 17 },  // 덧
    { 0xB369,  31939, 17 },  // 덩
    { 0xB36B,  31980, 17 },  // 덫
    { 0xB36E,  32021, 17 },  // 덮
    { 0xB370,  32062, 17 },  // 데
    { 0xB371,  32103, 17 },  // 덱
    { 0xB374,  32144, 17 },  // 덴
    { 0xB378,  32185, 17 },  // 델
    { 0xB380,  32226, 17 },  // 뎀
    { 0xB381,  32267, 17 },  // 뎁
    { 0xB383,  32308, 17 },  // 뎃
    { 0xB384,  32349, 17 },  // 뎄
    { 0xB385,  32390, 17 },  // 뎅
    { 0xB38C,  32431, 17 },  // 뎌
    { 0xB390,  32472, 17 },  // 뎐
    { 0xB394,  32513, 17 },  // 뎔
    { 0xB3A0,  32554, 17 },  // 뎠
    { 0xB3A1,  32595, 17 },  // 뎡
    { 0xB3A8,  32636, 17 },  // 뎨
    { 0xB3AC,  32677, 17 },  // 뎬
    { 0xB3C4,  32718, 17 },  // 도
    { 0xB3C5,  32759, 17 },  // 독
    { 0xB3C8,  32800, 17 },  // 돈
    { 0xB3CB,  32841, 17 },  // 돋
    { 0xB3CC,  32882, 17 },  // 돌
    { 0xB3CE,  32923, 17 },  // 돎
    { 0xB3D0,  32964, 17 },  // 돐
    { 0xB3D4,  33005, 17 },  // 돔
    { 0xB3D5,  33046, 17 },  // 돕
    { 0xB3D7,  33087, 17 },  // 돗
    { 0xB3D9,  33128, 17 },  // 동
    { 0xB3DB,  33169, 17 },  // 돛
    { 0xB3DD,  33210, 17 },  // 돝
    { 0xB3E0,  33251, 17 },  // 돠
    { 0xB3E4,  33292, 17 },  // 돤
    { 0xB3E8,  33333, 17 },  // 돨
    { 0xB3FC,  33374, 17 },  // 돼
    { 0xB410,  33415, 17 },  // 됐
    { 0xB418,  33456, 17 },  // 되
    { 0xB41C,  33497, 17 },  // 된
    { 0xB420,  33538, 17 },  // 될
    { 0xB428,  33579, 17 },  // 됨
    { 0xB429,  33620, 17 },  // 됩
    { 0xB42B,  33661, 17 },  // 됫
    { 0xB434,  33702, 17 },  // 됴
    { 0xB450,  33743, 17 },  // 두
    { 0xB451,  33784, 17 },  // 둑
    { 0xB454,  33825, 17 },  // 둔
    { 0xB458,  33866, 17 },  // 둘
    { 0xB460,  33907, 17 },  // 둠
    { 0xB461,  33948, 17 },  // 둡
    { 0xB463,  33989, 17 },  // 둣
    { 0xB465,  34030, 17 },  // 둥
    { 0xB46C,  34071, 17 },  // 둬
    { 0xB480,  34112, 17 },  // 뒀
    { 0xB488,  34153, 17 },  // 뒈
    { 0xB49D,  34194, 17 },  // 뒝
    { 0xB4A4,  34235, 17 },  // 뒤
    { 0xB4A8,  34276, 17 },  // 뒨
    { 0xB4AC,  34317, 17 },  // 뒬
    { 0xB4B5,  34358, 17 },  // 뒵
    { 0xB4B7,  34399, 17 },  // 뒷
    { 0xB4B9,  34440, 17 },  // 뒹
    { 0xB4C0,  34481, 17 },  // 듀
    { 0xB4C4,  34522, 17 },  // 듄
    { 0xB4C8,  34563, 17 },  // 듈
    { 0xB4D0,  34604, 17 },  // 듐
    { 0xB4D5,  34645, 17 },  // 듕
    { 0xB4DC,  34686, 17 },  // 드
    { 0xB4DD,  34727, 17 },  // 득
    { 0xB4E0,  34768, 17 },  // 든
    { 0xB4E3,  34809, 17 },  // 듣
    { 0xB4E4,  34850, 17 },  // 들
    { 0xB4E6,  34891, 17 },  // 듦
    { 0xB4EC,  34932, 17 },  // 듬
    { 0xB4ED,  34973, 17 },  // 듭
    { 0xB4EF,  35014, 17 },  // 듯
    { 0xB4F1,  35055, 17 },  // 등
    { 0xB4F8,  35096, 17 },  // 듸
    { 0xB514,  35137, 17 },  // 디
    { 0xB515,  35178, 17 },  // 딕
    { 0xB518,  35219, 17 },  // 딘
    { 0xB51B,  35260, 17 },  // 딛
    { 0xB51C,  35301, 17 },  // 딜
    { 0xB524,  35342, 17 },  // 딤
    { 0xB525,  35383, 17 },  // 딥
    { 0xB527,  35424, 17 },  // 딧
    { 0xB528,  35465, 17 },  // 딨
    { 0xB529,  35506, 17 },  // 딩
    { 0xB52A,  35547, 17 },  // 딪
    { 0xB530,  35588, 17 },  // 따
    { 0xB531,  35629, 17 },  // 딱
    { 0xB534,  35670, 17 },  // 딴
    { 0xB538,  35711, 17 },  // 딸
    { 0xB540,  35752, 17 },  // 땀
    { 0xB541,  35793, 17 },  // 땁
    { 0xB543,  35834, 17 },  // 땃
    { 0xB544,  35875, 17 },  // 땄
    { 0xB545,  35916, 17 },  // 땅
    { 0xB54B,  35957, 17 },  // 땋
    { 0xB54C,  35998, 17 },  // 때
    { 0xB54D,  36039, 17 },  // 땍
    { 0xB550,  36080, 17 },  // 땐
    { 0xB554,  36121, 17 },  // 땔
    { 0xB55C,  36162, 17 },  // 땜
    { 0xB55D,  36203, 17 },  // 땝
    { 0xB55F,  36244, 17 },  // 땟
    { 0xB560,  36285, 17 },  // 땠
    { 0xB561,  36326, 17 },  // 땡
    { 0xB5A0,  36367, 17 },  // 떠
    { 0xB5A1,  36408, 17 },  // 떡
    { 0xB5A4,  36449, 17 },  // 떤
    { 0xB5A8,  36490, 17 },  // 떨
    { 0xB5AA,  36531, 17 },  // 떪
    { 0xB5AB,  36572, 17 },  // 떫
    { 0xB5B0,  36613, 17 },  // 떰
    { 0xB5B1,  36654, 17 },  // 떱
    { 0xB5B3,  36695, 17 },  // 떳
    { 0xB5B4,  36736, 17 },  // 떴
    { 0xB5B5,  36777, 17 },  // 떵
    { 0xB5BB,  36818, 17 },  // 떻
    { 0xB5BC,  36859, 17 },  // 떼
    { 0xB5BD,  36900, 17 },  // 떽
    { 0xB5C0,  36941, 17 },  // 뗀
    { 0xB5C4,  36982, 17 },  // 뗄
    { 0xB5CC,  37023, 17 },  // 뗌
    { 0xB5CD,  37064, 17 },  // 뗍
    { 0xB5CF,  37105, 17 },  // 뗏
    { 0xB5D0,  37146, 17 },  // 뗐
    { 0xB5D1,  37187, 17 },  // 뗑
    { 0xB5D8,  37228, 17 },  // 뗘
    { 0xB5EC,  37269, 17 },  // 뗬
    { 0xB610,  37310, 17 },  // 또
    { 0xB611,  37351, 17 },  // 똑
    { 0xB614,  37392, 17 },  // 똔
    { 0xB618,  37433, 17 },  // 똘
    { 0xB625,  37474, 17 },  // 똥
    { 0xB62C,  37515, 17 },  // 똬
    { 0xB634,  37556, 17 },  // 똴
    { 0xB648,  37597, 17 },  // 뙈
    { 0xB664,  37638, 17 },  // 뙤
    { 0xB668,  37679, 17 },  // 뙨
    { 0xB69C,  37720, 17 },  // 뚜
    { 0xB69D,  37761, 17 },  // 뚝
    { 0xB6A0,  37802, 17 },  // 뚠
    { 0xB6A4,  37843, 17 },  // 뚤
    { 0xB6AB,  37884, 17 },  // 뚫
    { 0xB6AC,  37925, 17 },  // 뚬
    { 0xB6B1,  37966, 17 },  // 뚱
    { 0xB6D4,  38007, 17 },  // 뛔
    { 0xB6F0,  38048, 17 },  // 뛰
    { 0xB6F4,  38089, 17 },  // 뛴
    { 0xB6F8,  38130, 17 },  // 뛸
    { 0xB700,  38171, 17 },  // 뜀
    { 0xB701,  38212, 17 },  // 뜁
    { 0xB705,  38253, 17 },  // 뜅
    { 0xB728,  38294, 17 },  // 뜨
    { 0xB729,  38335, 17 },  // 뜩
    { 0xB72C,  38376, 17 },  // 뜬
    { 0xB72F,  38417, 17 },  // 뜯
    { 0xB730,  38458, 17 },  // 뜰
    { 0xB738,  38499, 17 },  // 뜸
    { 0xB739,  38540, 17 },  // 뜹
    { 0xB73B,  38581, 17 },  // 뜻
    { 0xB744,  38622, 17 },  // 띄
    { 0xB748,  38663, 17 },  // 띈
    { 0xB74C,  38704, 17 },  // 띌
    { 0xB754,  38745, 17 },  // 띔
    { 0xB755,  38786, 17 },  // 띕
    { 0xB760,  38827, 17 },  // 띠
    { 0xB764,  38868, 17 },  // 띤
    { 0xB768,  38909, 17 },  // 띨
    { 0xB770,  38950, 17 },  // 띰
    { 0xB771,  38991, 17 },  // 띱
    { 0xB773,  39032, 17 },  // 띳
    { 0xB775,  39073, 17 },  // 띵
    { 0xB77C,  39114, 17 },  // 라
    { 0xB77D,  39155, 17 },  // 락
    { 0xB780,  39196, 17 },  // 란
    { 0xB784,  39237, 17 },  // 랄
    { 0xB78C,  39278, 17 },  // 람
    { 0xB78D,  39319, 17 },  // 랍
    { 0xB78F,  39360, 17 },  // 랏
    { 0xB790,  39401, 17 },  // 랐
    { 0xB791,  39442, 17 },  // 랑
    { 0xB792,  39483, 17 },  // 랒
    { 0xB796,  39524, 17 },  // 랖
    { 0xB797,  39565, 17 },  // 랗
    { 0xB798,  39606, 17 },  // 래
    { 0xB799,  39647, 17 },  // 랙
    { 0xB79C,  39688, 17 },  // 랜
    { 0xB7A0,  39729, 17 },  // 랠
    { 0xB7A8,  39770, 17 },  // 램
    { 0xB7A9,  39811, 17 },  // 랩
    { 0xB7AB,  39852, 17 },  // 랫
    { 0xB7AC,  39893, 17 },  // 랬
    { 0xB7AD,  39934, 17 },  // 랭
    { 0xB7B4,  39975, 17 },  // 랴
    { 0xB7B5,  40016, 17 },  // 략
    { 0xB7B8,  40057, 17 },  // 랸
    { 0xB7C7,  40098, 17 },  // 럇
    { 0xB7C9,  40139, 17 },  // 량
    { 0xB7EC,  40180, 17 },  // 러
    { 0xB7ED,  40221, 17 },  // 럭
    { 0xB7F0,  40262, 17 },  // 런
    { 0xB7F4,  40303, 17 },  // 럴
    { 0xB7FC,  40344, 17 },  // 럼
    { 0xB7FD,  40385, 17 },  // 럽
    { 0xB7FF,  40426, 17 },  // 럿
    { 0xB800,  40467, 17 },  // 렀
    { 0xB801,  40508, 17 },  // 렁
    { 0xB807,  40549, 17 },  // 렇
    { 0xB808,  40590, 17 },  // 레
    { 0xB809,  40631, 17 },  // 렉
    { 0xB80C,  40672, 17 },  // 렌
    { 0xB810,  40713, 17 },  // 렐
    { 0xB818,  40754, 17 },  // 렘
    { 0xB819,  40795, 17 },  // 렙
    { 0xB81B,  40836, 17 },  // 렛
    { 0xB81D,  40877, 17 },  // 렝
    { 0xB824,  40918, 17 },  // 려
    { 0xB825,  40959, 17 },  // 력
    { 0xB828,  41000, 17 },  // 련
    { 0xB82C,  41041, 17 },  // 렬
    { 0xB834,  41082, 17 },  // 렴
    { 0xB835,  41123, 17 },  // 렵
    { 0xB837,  41164, 17 },  // 렷
    { 0xB838,  41205, 17 },  // 렸
    { 0xB839,  41246, 17 },  // 령
    { 0xB840,  41287, 17 },  // 례
    { 0xB844,  41328, 17 },  // 롄
    { 0xB851,  41369, 17 },  // 롑
    { 0xB853,  41410, 17 },  // 롓
    { 0xB85C,  41451, 17 },  // 로
    { 0xB85D,  41492, 17 },  // 록
    { 0xB860,  41533, 17 },  // 론
    { 0xB864,  41574, 17 },  // 롤
    { 0xB86C,  41615, 17 },  // 롬
    { 0xB86D,  41656, 17 },  // 롭
    { 0xB86F,  41697, 17 },  // 롯
    { 0xB871,  41738, 17 },  // 롱
    { 0xB878,  41779, 17 },  // 롸
    { 0xB87C,  41820, 17 },  // 롼
    { 0xB88D,  41861, 17 },  // 뢍
    { 0xB8A8,  41902, 17 },  // 뢨
    { 0xB8B0,  41943, 17 },  // 뢰
    { 0xB8B4,  41984, 17 },  // 뢴
    { 0xB8B8,  42025, 17 },  // 뢸
    { 0xB8C0,  42066, 17 },  // 룀
    { 0xB8C1,  42107, 17 },  // 룁
    { 0xB8C3,  42148, 17 },  // 룃
    { 0xB8C5,  42189, 17 },  // 룅
    { 0xB8CC,  42230, 17 },  // 료
    { 0xB8D0,  42271, 17 },  // 룐
    { 0xB8D4,  42312, 17 },  // 룔
    { 0xB8DD,  42353, 17 },  // 룝
    { 0xB8DF,  42394, 17 },  // 룟
    { 0xB8E1,  42435, 17 },  // 룡
    { 0xB8E8,  42476, 17 },  // 루
    { 0xB8E9,  42517, 17 },  // 룩
    { 0xB8EC,  42558, 17 },  // 룬
    { 0xB8F0,  42599, 17 },  // 룰
    { 0xB8F8,  42640, 17 },  // 룸
    { 0xB8F9,  42681, 17 },  // 룹
    { 0xB8FB,  42722, 17 },  // 룻
    { 0xB8FD,  42763, 17 },  // 룽
    { 0xB904,  42804, 17 },  // 뤄
    { 0xB918,  42845, 17 },  // 뤘
    { 0xB920,  42886, 17 },  // 뤠
    { 0xB93C,  42927, 17 },  // 뤼
    { 0xB93D,  42968, 17 },  // 뤽
    { 0xB940,  43009, 17 },  // 륀
    { 0xB944,  43050, 17 },  // 륄
    { 0xB94C,  43091, 17 },  // 륌
    { 0xB94F,  43132, 17 },  // 륏
    { 0xB951,  43173, 17 },  // 륑
    { 0xB958,  43214, 17 },  // 류
    { 0xB959,  43255, 17 },  // 륙
    { 0xB95C,  43296, 17 },  // 륜
    { 0xB960,  43337, 17 },  // 률
    { 0xB968,  43378, 17 },  // 륨
    { 0xB969,  43419, 17 },  // 륩
    { 0xB96B,  43460, 17 },  // 륫
    { 0xB96D,  43501, 17 },  // 륭
    { 0xB974,  43542, 17 },  // 르
    { 0xB975,  43583, 17 },  // 륵
    { 0xB978,  43624, 17 },  // 른
    { 0xB97C,  43665, 17 },  // 를
    { 0xB984,  43706, 17 },  // 름
    { 0xB985,  43747, 17 },  // 릅
    { 0xB987,  43788, 17 },  // 릇
    { 0xB989,  43829, 17 },  // 릉
    { 0xB98A,  43870, 17 },  // 릊
    { 0xB98D,  43911, 17 },  // 릍
    { 0xB98E,  43952, 17 },  // 릎
    { 0xB9AC,  43993, 17 },  // 리
    { 0xB9AD,  44034, 17 },  // 릭
    { 0xB9B0,  44075, 17 },  // 린
    { 0xB9B4,  44116, 17 },  // 릴
    { 0xB9BC,  44157, 17 },  // 림
    { 0xB9BD,  44198, 17 },  // 립
    { 0xB9BF,  44239, 17 },  // 릿
    { 0xB9C1,  44280, 17 },  // 링
    { 0xB9C8,  44321, 17 },  // 마
    { 0xB9C9,  44362, 17 },  // 막
    { 0xB9CC,  44403, 17 },  // 만
    { 0xB9CE,  44444, 17 },  // 많
    { 0xB9CF,  44485, 17 },  // 맏
    { 0xB9D0,  44526, 17 },  // 말
    { 0xB9D1,  44567, 17 },  // 맑
    { 0xB9D2,  44608, 17 },  // 맒
    { 0xB9D8,  44649, 17 },  // 맘
    { 0xB9D9,  44690, 17 },  // 맙
    { 0xB9DB,  44731, 17 },  // 맛
    { 0xB9DD,  44772, 17 },  // 망
    { 0xB9DE,  44813, 17 },  // 맞
    { 0xB9E1,  44854, 17 },  // 맡
    { 0xB9E3,  44895, 17 },  // 맣
    { 0xB9E4,  44936, 17 },  // 매
    { 0xB9E5,  44977, 17 },  // 맥
    { 0xB9E8,  45018, 17 },  // 맨
    { 0xB9EC,  45059, 17 },  // 맬
    { 0xB9F4,  45100, 17 },  // 맴
    { 0xB9F5,  45141, 17 },  // 맵
    { 0xB9F7,  45182, 17 },  // 맷
    { 0xB9F8,  45223, 17 },  // 맸
    { 0xB9F9,  45264, 17 },  // 맹
    { 0xB9FA,  45305, 17 },  // 맺
    { 0xBA00,  45346, 17 },  // 먀
    { 0xBA01,  45387, 17 },  // 먁
    { 0xBA08,  45428, 17 },  // 먈
    { 0xBA15,  45469, 17 },  // 먕
    { 0xBA38,  45510, 17 },  // 머
    { 0xBA39,  45551, 17 },  // 먹
    { 0xBA3C,  45592, 17 },  // 먼
    { 0xBA40,  45633, 17 },  // 멀
    { 0xBA42,  45674, 17 },  // 멂
    { 0xBA48,  45715, 17 },  // 멈
    { 0xBA49,  45756, 17 },  // 멉
    { 0xBA4B,  45797, 17 },  // 멋
    { 0xBA4D,  45838, 17 },  // 멍
    { 0xBA4E,  45879, 17 },  // 멎
    { 0xBA53,  45920, 17 },  // 멓
    { 0xBA54,  45961, 17 },  // 메
    { 0xBA55,  46002, 17 },  // 멕
    { 0xBA58,  46043, 17 },  // 멘
    { 0xBA5C,  46084, 17 },  // 멜
    { 0xBA64,  46125, 17 },  // 멤
    { 0xBA65,  46166, 17 },  // 멥
    { 0xBA67,  46207, 17 },  // 멧
    { 0xBA68,  46248, 17 },  // 멨
    { 0xBA69,  46289, 17 },  // 멩
    { 0xBA70,  46330, 17 },  // 며
    { 0xBA71,  46371, 17 },  // 멱
    { 0xBA74,  46412, 17 },  // 면
    { 0xBA78,  46453, 17 },  // 멸
    { 0xBA83,  46494, 17 },  // 몃
    { 0xBA84,  46535, 17 },  // 몄
    { 0xBA85,  46576, 17 },  // 명
    { 0xBA87,  46617, 17 },  // 몇
    { 0xBA8C,  46658, 17 },  // 몌
    { 0xBAA8,  46699, 17 },  // 모
    { 0xBAA9,  46740, 17 },  // 목
    { 0xBAAB,  46781, 17 },  // 몫
    { 0xBAAC,  46822, 17 },  // 몬
    { 0xBAB0,  46863, 17 },  // 몰
    { 0xBAB2,  46904, 17 },  // 몲
    { 0xBAB8,  46945, 17 },  // 몸
    { 0xBAB9,  46986, 17 },  // 몹
    { 0xBABB,  47027, 17 },  // 못
    { 0xBABD,  47068, 17 },  // 몽
    { 0xBAC4,  47109, 17 },  // 뫄
    { 0xBAC8,  47150, 17 },  // 뫈
    { 0xBAD8,  47191, 17 },  // 뫘
    { 0xBAD9,  47232, 17 },  // 뫙
    { 0xBAFC,  47273, 17 },  // 뫼
    { 0xBB00,  47314, 17 },  // 묀
    { 0xBB04,  47355, 17 },  // 묄
    { 0xBB0D,  47396, 17 },  // 묍
    { 0xBB0F,  47437, 17 },  // 묏
    { 0xBB11,  47478, 17 },  // 묑
    { 0xBB18,  47519, 17 },  // 묘
    { 0xBB1C,  47560, 17 },  // 묜
    { 0xBB20,  47601, 17 },  // 묠
    { 0xBB29,  47642, 17 },  // 묩
    { 0xBB2B,  47683, 17 },  // 묫
    { 0xBB34,  47724, 17 },  // 무
    { 0xBB35,  47765, 17 },  // 묵
    { 0xBB36,  47806, 17 },  // 묶
    { 0xBB38,  47847, 17 },  // 문
    { 0xBB3B,  47888, 17 },  // 묻
    { 0xBB3C,  47929, 17 },  // 물
    { 0xBB3D,  47970, 17 },  // 묽
    { 0xBB3E,  48011, 17 },  // 묾
    { 0xBB44,  48052, 17 },  // 뭄
    { 0xBB45,  48093, 17 },  // 뭅
    { 0xBB47,  48134, 17 },  // 뭇
    { 0xBB49,  48175, 17 },  // 뭉
    { 0xBB4D,  48216, 17 },  // 뭍
    { 0xBB4F,  48257, 17 },  // 뭏
    { 0xBB50,  48298, 17 },  // 뭐
    { 0xBB54,  48339, 17 },  // 뭔
    { 0xBB58,  48380, 17 },  // 뭘
    { 0xBB61,  48421, 17 },  // 뭡
    { 0xBB63,  48462, 17 },  // 뭣
    { 0xBB6C,  48503, 17 },  // 뭬
    { 0xBB88,  48544, 17 },  // 뮈
    { 0xBB8C,  48585, 17 },  // 뮌
    { 0xBB90,  48626, 17 },  // 뮐
    { 0xBBA4,  48667, 17 },  // 뮤
    { 0xBBA8,  48708, 17 },  // 뮨
    { 0xBBAC,  48749, 17 },  // 뮬
    { 0xBBB4,  48790, 17 },  // 뮴
    { 0xBBB7,  48831, 17 },  // 뮷
    { 0xBBC0,  48872, 17 },  // 므
    { 0xBBC4,  48913, 17 },  // 믄
    { 0xBBC8,  48954, 17 },  // 믈
    { 0xBBD0,  48995, 17 },  // 믐
    { 0xBBD3,  49036, 17 },  // 믓
    { 0xBBF8,  49077, 17 },  // 미
    { 0xBBF9,  49118, 17 },  // 믹
    { 0xBBFC,  49159, 17 },  // 민
    { 0xBBFF,  49200, 17 },  // 믿
    { 0xBC00,  49241, 17 },  // 밀
    { 0xBC02,  49282, 17 },  // 밂
    { 0xBC08,  49323, 17 },  // 밈
    { 0xBC09,  49364, 17 },  // 밉
    { 0xBC0B,  49405, 17 },  // 밋
    { 0xBC0C,  49446, 17 },  // 밌
    { 0xBC0D,  49487, 17 },  // 밍
    { 0xBC0F,  49528, 17 },  // 및
    { 0xBC11,  49569, 17 },  // 밑
    { 0xBC14,  49610, 17 },  // 바
    { 0xBC15,  49651, 17 },  // 박
    { 0xBC16,  49692, 17 },  // 밖
    { 0xBC17,  49733, 17 },  // 밗
    { 0xBC18,  49774, 17 },  // 반
    { 0xBC1C,  49815, 17 },  // 발
    { 0xBC1D,  49856, 17 },  // 밝
    { 0xBC24,  49897, 17 },  // 밤
    { 0xBC25,  49938, 17 },  // 밥
    { 0xBC27,  49979, 17 },  // 밧
    { 0xBC29,  50020, 17 },  // 방
    { 0xBC2D,  50061, 17 },  // 밭
    { 0xBC30,  50102, 17 },  // 배
    { 0xBC31,  50143, 17 },  // 백
    { 0xBC34,  50184, 17 },  // 밴
    { 0xBC38,  50225, 17 },  // 밸
    { 0xBC40,  50266, 17 },  // 뱀
    { 0xBC41,  50307, 17 },  // 뱁
    { 0xBC43,  50348, 17 },  // 뱃
    { 0xBC44,  50389, 17 },  // 뱄
    { 0xBC45,  50430, 17 },  // 뱅
    { 0xBC49,  50471, 17 },  // 뱉
    { 0xBC4C,  50512, 17 },  // 뱌
    { 0xBC4D,  50553, 17 },  // 뱍
    { 0xBC50,  50594, 17 },  // 뱐
    { 0xBC5D,  50635, 17 },  // 뱝
    { 0xBC84,  50676, 17 },  // 버
    { 0xBC85,  50717, 17 },  // 벅
    { 0xBC88,  50758, 17 },  // 번
    { 0xBC8B,  50799, 17 },  // 벋
    { 0xBC8C,  50840, 17 },  // 벌
    { 0xBC8E,  50881, 17 },  // 벎
    { 0xBC94,  50922, 17 },  // 범
    { 0xBC95,  50963, 17 },  // 법
    { 0xBC97,  51004, 17 },  // 벗
    { 0xBC99,  51045, 17 },  // 벙
    { 0xBC9A,  51086, 17 },  // 벚
    { 0xBCA0,  51127, 17 },  // 베
    { 0xBCA1,  51168, 17 },  // 벡
    { 0xBCA4,  51209, 17 },  // 벤
    { 0xBCA7,  51250, 17 },  // 벧
    { 0xBCA8,  51291, 17 },  // 벨
    { 0xBCB0,  51332, 17 },  // 벰
    { 0xBCB1,  51373, 17 },  // 벱
    { 0xBCB3,  51414, 17 },  // 벳
    { 0xBCB4,  51455, 17 },  // 벴
    { 0xBCB5,  51496, 17 },  // 벵
    { 0xBCBC,  51537, 17 },  // 벼
    { 0xBCBD,  51578, 17 },  // 벽
    { 0xBCC0,  51619, 17 },  // 변
    { 0xBCC4,  51660, 17 },  // 별
    { 0xBCCD,  51701, 17 },  // 볍
    { 0xBCCF,  51742, 17 },  // 볏
    { 0xBCD0,  51783, 17 },  // 볐
    { 0xBCD1,  51824, 17 },  // 병
    { 0xBCD5,  51865, 17 },  // 볕
    { 0xBCD8,  51906, 17 },  // 볘
    { 0xBCDC,  51947, 17 },  // 볜
    { 0xBCF4,  51988, 17 },  // 보
    { 0xBCF5,  52029, 17 },  // 복
    { 0xBCF6,  52070, 17 },  // 볶
    { 0xBCF8,  52111, 17 },  // 본
    { 0xBCFC,  52152, 17 },  // 볼
    { 0xBD04,  52193, 17 },  // 봄
    { 0xBD05,  52234, 17 },  // 봅
    { 0xBD07,  52275, 17 },  // 봇
    { 0xBD09,  52316, 17 },  // 봉
    { 0xBD10,  52357, 17 },  // 봐
    { 0xBD14,  52398, 17 },  // 봔
    { 0xBD24,  52439, 17 },  // 봤
    { 0xBD2C,  52480, 17 },  // 봬
    { 0xBD40,  52521, 17 },  // 뵀
    { 0xBD48,  52562, 17 },  // 뵈
    { 0xBD49,  52603, 17 },  // 뵉
    { 0xBD4C,  52644, 17 },  // 뵌
    { 0xBD50,  52685, 17 },  // 뵐
    { 0xBD58,  52726, 17 },  // 뵘
    { 0xBD59,  52767, 17 },  // 뵙
    { 0xBD64,  52808, 17 },  // 뵤
    { 0xBD68,  52849, 17 },  // 뵨
    { 0xBD80,  52890, 17 },  // 부
    { 0xBD81,  52931, 17 },  // 북
    { 0xBD84,  52972, 17 },  // 분
    { 0xBD87,  53013, 17 },  // 붇
    { 0xBD88,  53054, 17 },  // 불
    { 0xBD89,  53095, 17 },  // 붉
    { 0xBD8A,  53136, 17 },  // 붊
    { 0xBD90,  53177, 17 },  // 붐
    { 0xBD91,  53218, 17 },  // 붑
    { 0xBD93,  53259, 17 },  // 붓
    { 0xBD95,  53300, 17 },  // 붕
    { 0xBD99,  53341, 17 },  // 붙
    { 0xBD9A,  53382, 17 },  // 붚
    { 0xBD9C,  53423, 17 },  // 붜
    { 0xBDA4,  53464, 17 },  // 붤
    { 0xBDB0,  53505, 17 },  // 붰
    { 0xBDB8,  53546, 17 },  // 붸
    { 0xBDD4,  53587, 17 },  // 뷔
    { 0xBDD5,  53628, 17 },  // 뷕
    { 0xBDD8,  53669, 17 },  // 뷘
    { 0xBDDC,  53710, 17 },  // 뷜
    { 0xBDE9,  53751, 17 },  // 뷩
    { 0xBDF0,  53792, 17 },  // 뷰
    { 0xBDF4,  53833, 17 },  // 뷴
    { 0xBDF8,  53874, 17 },  // 뷸
    { 0xBE00,  53915, 17 },  // 븀
    { 0xBE03,  53956, 17 },  // 븃
    { 0xBE05,  53997, 17 },  // 븅
    { 0xBE0C,  54038, 17 },  // 브
    { 0xBE0D,  54079, 17 },  // 븍
    { 0xBE10,  54120, 17 },  // 븐
    { 0xBE14,  54161, 17 },  // 블
    { 0xBE1C,  54202, 17 },  // 븜
    { 0xBE1D,  54243, 17 },  // 븝
    { 0xBE1F,  54284, 17 },  // 븟
    { 0xBE44,  54325, 17 },  // 비
    { 0xBE45,  54366, 17 },  // 빅
    { 0xBE48,  54407, 17 },  // 빈
    { 0xBE4C,  54448, 17 },  // 빌
    { 0xBE4E,  54489, 17 },  // 빎
    { 0xBE54,  54530, 17 },  // 빔
    { 0xBE55,  54571, 17 },  // 빕
    { 0xBE57,  54612, 17 },  // 빗
    { 0xBE59,  54653, 17 },  // 빙
    { 0xBE5A,  54694, 17 },  // 빚
    { 0xBE5B,  54735, 17 },  // 빛
    { 0xBE60,  54776, 17 },  // 빠
    { 0xBE61,  54817, 17 },  // 빡
    { 0xBE64,  54858, 17 },  // 빤
    { 0xBE68,  54899, 17 },  // 빨
    { 0xBE6A,  54940, 17 },  // 빪
    { 0xBE70,  54981, 17 },  // 빰
    { 0xBE71,  55022, 17 },  // 빱
    { 0xBE73,  55063, 17 },  // 빳
    { 0xBE74,  55104, 17 },  // 빴
    { 0xBE75,  55145, 17 },  // 빵
    { 0xBE7B,  55186, 17 },  // 빻
    { 0xBE7C,  55227, 17 },  // 빼
    { 0xBE7D,  55268, 17 },  // 빽
    { 0xBE80,  55309, 17 },  // 뺀
    { 0xBE84,  55350, 17 },  // 뺄
    { 0xBE8C,  55391, 17 },  // 뺌
    { 0xBE8D,  55432, 17 },  // 뺍
    { 0xBE8F,  55473, 17 },  // 뺏
    { 0xBE90,  55514, 17 },  // 뺐
    { 0xBE91,  55555, 17 },  // 뺑
    { 0xBE98,  55596, 17 },  // 뺘
    { 0xBE99,  55637, 17 },  // 뺙
    { 0xBEA8,  55678, 17 },  // 뺨
    { 0xBED0,  55719, 17 },  // 뻐
    { 0xBED1,  55760, 17 },  // 뻑
    { 0xBED4,  55801, 17 },  // 뻔
    { 0xBED7,  55842, 17 },  // 뻗
    { 0xBED8,  55883, 17 },  // 뻘
    { 0xBEE0,  55924, 17 },  // 뻠
    { 0xBEE3,  55965, 17 },  // 뻣
    { 0xBEE4,  56006, 17 },  // 뻤
    { 0xBEE5,  56047, 17 },  // 뻥
    { 0xBEEC,  56088, 17 },  // 뻬
    { 0xBF01,  56129, 17 },  // 뼁
    { 0xBF08,  56170, 17 },  // 뼈
    { 0xBF09,  56211, 17 },  // 뼉
    { 0xBF18,  56252, 17 },  // 뼘
    { 0xBF19,  56293, 17 },  // 뼙
    { 0xBF1B,  56334, 17 },  // 뼛
    { 0xBF1C,  56375, 17 },  // 뼜
    { 0xBF1D,  56416, 17 },  // 뼝
    { 0xBF40,  56457, 17 },  // 뽀
    { 0xBF41,  56498, 17 },  // 뽁
    { 0xBF44,  56539, 17 },  // 뽄
    { 0xBF48,  56580, 17 },  // 뽈
    { 0xBF50,  56621, 17 },  // 뽐
    { 0xBF51,  56662, 17 },  // 뽑
    { 0xBF55,  56703, 17 },  // 뽕
    { 0xBF94,  56744, 17 },  // 뾔
    { 0xBFB0,  56785, 17 },  // 뾰
    { 0xBFC5,  56826, 17 },  // 뿅
    { 0xBFCC,  56867, 17 },  // 뿌
    { 0xBFCD,  56908, 17 },  // 뿍
    { 0xBFD0,  56949, 17 },  // 뿐
    { 0xBFD4,  56990, 17 },  // 뿔
    { 0xBFDC,  57031, 17 },  // 뿜
    { 0xBFDF,  57072, 17 },  // 뿟
    { 0xBFE1,  57113, 17 },  // 뿡
    { 0xC03C,  57154, 17 },  // 쀼
    { 0xC051,  57195, 17 },  // 쁑
    { 0xC058,  57236, 17 },  // 쁘
    { 0xC05C,  57277, 17 },  // 쁜
    { 0xC060,  57318, 17 },  // 쁠
    { 0xC068,  57359, 17 },  // 쁨
    { 0xC069,  57400, 17 },  // 쁩
    { 0xC090,  57441, 17 },  // 삐
    { 0xC091,  57482, 17 },  // 삑
    { 0xC094,  57523, 17 },  // 삔
    { 0xC098,  57564, 17 },  // 삘
    { 0xC0A0,  57605, 17 },  // 삠
    { 0xC0A1,  57646, 17 },  // 삡
    { 0xC0A3,  57687, 17 },  // 삣
    { 0xC0A5,  57728, 17 },  // 삥
    { 0xC0AC,  57769, 17 },  // 사
    { 0xC0AD,  57810, 17 },  // 삭
    { 0xC0AF,  57851, 17 },  // 삯
    { 0xC0B0,  57892, 17 },  // 산
    { 0xC0B3,  57933, 17 },  // 삳
    { 0xC0B4,  57974, 17 },  // 살
    { 0xC0B5,  58015, 17 },  // 삵
    { 0xC0B6,  58056, 17 },  // 삶
    { 0xC0BC,  58097, 17 },  // 삼
    { 0xC0BD,  58138, 17 },  // 삽
    { 0xC0BF,  58179, 17 },  // 삿
    { 0xC0C0,  58220, 17 },  // 샀
    { 0xC0C1,  58261, 17 },  // 상
    { 0xC0C5,  58302, 17 },  // 샅
    { 0xC0C8,  58343, 17 },  // 새
    { 0xC0C9,  58384, 17 },  // 색
    { 0xC0CC,  58425, 17 },  // 샌
    { 0xC0D0,  58466, 17 },  // 샐
    { 0xC0D8,  58507, 17 },  // 샘
    { 0xC0D9,  58548, 17 },  // 샙
    { 0xC0DB,  58589, 17 },  // 샛
    { 0xC0DC,  58630, 17 },  // 샜
    { 0xC0DD,  58671, 17 },  // 생
    { 0xC0E4,  58712, 17 },  // 샤
    { 0xC0E5,  58753, 17 },  // 샥
    { 0xC0E8,  58794, 17 },  // 샨
    { 0xC0EC,  58835, 17 },  // 샬
    { 0xC0F4,  58876, 17 },  // 샴
    { 0xC0F5,  58917, 17 },  // 샵
    { 0xC0F7,  58958, 17 },  // 샷
    { 0xC0F9,  58999, 17 },  // 샹
    { 0xC100,  59040, 17 },  // 섀
    { 0xC104,  59081, 17 },  // 섄
    { 0xC108,  59122, 17 },  // 섈
    { 0xC110,  59163, 17 },  // 섐
    { 0xC115,  59204, 17 },  // 섕
    { 0xC11C,  59245, 17 },  // 서
    { 0xC11D,  59286, 17 },  // 석
    { 0xC11E,  59327, 17 },  // 섞
    { 0xC11F,  59368, 17 },  // 섟
    { 0xC120,  59409, 17 },  // 선
    { 0xC123,  59450, 17 },  // 섣
    { 0xC124,  59491, 17 },  // 설
    { 0xC126,  59532, 17 },  // 섦
    { 0xC127,  59573, 17 },  // 섧
    { 0xC12C,  59614, 17 },  // 섬
    { 0xC12D,  59655, 17 },  // 섭
    { 0xC12F,  59696, 17 },  // 섯
    { 0xC130,  59737, 17 },  // 섰
    { 0xC131,  59778, 17 },  // 성
    { 0xC136,  59819, 17 },  // 섶
    { 0xC138,  59860, 17 },  // 세
    { 0xC139,  59901, 17 },  // 섹
    { 0xC13C,  59942, 17 },  // 센
    { 0xC140,  59983, 17 },  // 셀
    { 0xC148,  60024, 17 },  // 셈
    { 0xC149,  60065, 17 },  // 셉
    { 0xC14B,  60106, 17 },  // 셋
    { 0xC14C,  60147, 17 },  // 셌
    { 0xC14D,  60188, 17 },  // 셍
    { 0xC154,  60229, 17 },  // 셔
    { 0xC155,  60270, 17 },  // 셕
    { 0xC158,  60311, 17 },  // 션
    { 0xC15C,  60352, 17 },  // 셜
    { 0xC164,  60393, 17 },  // 셤
    { 0xC165,  60434, 17 },  // 셥
    { 0xC167,  60475, 17 },  // 셧
    { 0xC168,  60516, 17 },  // 셨
    { 0xC169,  60557, 17 },  // 셩
    { 0xC170,  60598, 17 },  // 셰
    { 0xC174,  60639, 17 },  // 셴
    { 0xC178,  60680, 17 },  // 셸
    { 0xC185,  60721, 17 },  // 솅
    { 0xC18C,  60762, 17 },  // 소
    { 0xC18D,  60803, 17 },  // 속
    { 0xC18E,  60844, 17 },  // 솎
    { 0xC190,  60885, 17 },  // 손
    { 0xC194,  60926, 17 },  // 솔
    { 0xC196,  60967, 17 },  // 솖
    { 0xC19C,  61008, 17 },  // 솜
    { 0xC19D,  61049, 17 },  // 솝
    { 0xC19F,  61090, 17 },  // 솟
    { 0xC1A1,  61131, 17 },  // 송
    { 0xC1A5,  61172, 17 },  // 솥
    { 0xC1A8,  61213, 17 },  // 솨
    { 0xC1A9,  61254, 17 },  // 솩
    { 0xC1AC,  61295, 17 },  // 솬
    { 0xC1B0,  61336, 17 },  // 솰
    { 0xC1BD,  61377, 17 },  // 솽
    { 0xC1C4,  61418, 17 },  // 쇄
    { 0xC1C8,  61459, 17 },  // 쇈
    { 0xC1CC,  61500, 17 },  // 쇌
    { 0xC1D4,  61541, 17 },  // 쇔
    { 0xC1D7,  61582, 17 },  // 쇗
    { 0xC1D8,  61623, 17 },  // 쇘
    { 0xC1E0,  61664, 17 },  // 쇠
    { 0xC1E4,  61705, 17 },  // 쇤
    { 0xC1E8,  61746, 17 },  // 쇨
    { 0xC1F0,  61787, 17 },  // 쇰
    { 0xC1F1,  61828, 17 },  // 쇱
    { 0xC1F3,  61869, 17 },  // 쇳
    { 0xC1FC,  61910, 17 },  // 쇼
    { 0xC1FD,  61951, 17 },  // 쇽
    { 0xC200,  61992, 17 },  // 숀
    { 0xC204,  62033, 17 },  // 숄
    { 0xC20C,  62074, 17 },  // 숌
    { 0xC20D,  62115, 17 },  // 숍
    { 0xC20F,  62156, 17 },  // 숏
    { 0xC211,  62197, 17 },  // 숑
    { 0xC218,  62238, 17 },  // 수
    { 0xC219,  62279, 17 },  // 숙
    { 0xC21C,  62320, 17 },  // 순
    { 0xC21F,  62361, 17 },  // 숟
    { 0xC220,  62402, 17 },  // 술
    { 0xC228,  62443, 17 },  // 숨
    { 0xC229,  62484, 17 },  // 숩
    { 0xC22B,  62525, 17 },  // 숫
    { 0xC22D,  62566, 17 },  // 숭
    { 0xC22F,  62607, 17 },  // 숯
    { 0xC231,  62648, 17 },  // 숱
    { 0xC232,  62689, 17 },  // 숲
    { 0xC234,  62730, 17 },  // 숴
    { 0xC248,  62771, 17 },  // 쉈
    { 0xC250,  62812, 17 },  // 쉐
    { 0xC251,  62853, 17 },  // 쉑
    { 0xC254,  62894, 17 },  // 쉔
    { 0xC258,  62935, 17 },  // 쉘
    { 0xC260,  62976, 17 },  // 쉠
    { 0xC265,  63017, 17 },  // 쉥
    { 0xC26C,  63058, 17 },  // 쉬
    { 0xC26D,  63099, 17 },  // 쉭
    { 0xC270,  63140, 17 },  // 쉰
    { 0xC274,  63181, 17 },  // 쉴
    { 0xC27C,  63222, 17 },  // 쉼
    { 0xC27D,  63263, 17 },  // 쉽
    { 0xC27F,  63304, 17 },  // 쉿
    { 0xC281,  63345, 17 },  // 슁
    { 0xC288,  63386, 17 },  // 슈
    { 0xC289,  63427, 17 },  // 슉
    { 0xC290,  63468, 17 },  // 슐
    { 0xC298,  63509, 17 },  // 슘
    { 0xC29B,  63550, 17 },  // 슛
    { 0xC29D,  63591, 17 },  // 슝
    { 0xC2A4,  63632, 17 },  // 스
    { 0xC2A5,  63673, 17 },  // 슥
    { 0xC2A8,  63714, 17 },  // 슨
    { 0xC2AC,  63755, 17 },  // 슬
    { 0xC2AD,  63796, 17 },  // 슭
    { 0xC2B4,  63837, 17 },  // 슴
    { 0xC2B5,  63878, 17 },  // 습
    { 0xC2B7,  63919, 17 },  // 슷
    { 0xC2B9,  63960, 17 },  // 승
    { 0xC2DC,  64001, 17 },  // 시
    { 0xC2DD,  64042, 17 },  // 식
    { 0xC2E0,  64083, 17 },  // 신
    { 0xC2E3,  64124, 17 },  // 싣
    { 0xC2E4,  64165, 17 },  // 실
    { 0xC2EB,  64206, 17 },  // 싫
    { 0xC2EC,  64247, 17 },  // 심
    { 0xC2ED,  64288, 17 },  // 십
    { 0xC2EF,  64329, 17 },  // 싯
    { 0xC2F1,  64370, 17 },  // 싱
    { 0xC2F6,  64411, 17 },  // 싶
    { 0xC2F8,  64452, 17 },  // 싸
    { 0xC2F9,  64493, 17 },  // 싹
    { 0xC2FB,  64534, 17 },  // 싻
    { 0xC2FC,  64575, 17 },  // 싼
    { 0xC300,  64616, 17 },  // 쌀
    { 0xC308,  64657, 17 },  // 쌈
    { 0xC309,  64698, 17 },  // 쌉
    { 0xC30C,  64739, 17 },  // 쌌
    { 0xC30D,  64780, 17 },  // 쌍
    { 0xC313,  64821, 17 },  // 쌓
    { 0xC314,  64862, 17 },  // 쌔
    { 0xC315,  64903, 17 },  // 쌕
    { 0xC318,  64944, 17 },  // 쌘
    { 0xC31C,  64985, 17 },  // 쌜
    { 0xC324,  65026, 17 },  // 쌤
    { 0xC325,  65067, 17 },  // 쌥
    { 0xC328,  65108, 17 },  // 쌨
    { 0xC329,  65149, 17 },  // 쌩
    { 0xC345,  65190, 17 },  // 썅
    { 0xC368,  65231, 17 },  // 써
    { 0xC369,  65272, 17 },  // 썩
    { 0xC36C,  65313, 17 },  // 썬
    { 0xC370,  65354, 17 },  // 썰
    { 0xC372,  65395, 17 },  // 썲
    { 0xC378,  65436, 17 },  // 썸
    { 0xC379,  65477, 17 },  // 썹
    { 0xC37C,  65518, 17 },  // 썼
    { 0xC37D,  65559, 17 },  // 썽
    { 0xC384,  65600, 17 },  // 쎄
    { 0xC388,  65641, 17 },  // 쎈
    { 0xC38C,  65682, 17 },  // 쎌
    { 0xC3C0,  65723, 17 },  // 쏀
    { 0xC3D8,  65764, 17 },  // 쏘
    { 0xC3D9,  65805, 17 },  // 쏙
    { 0xC3DC,  65846, 17 },  // 쏜
    { 0xC3DF,  65887, 17 },  // 쏟
    { 0xC3E0,  65928, 17 },  // 쏠
    { 0xC3E2,  65969, 17 },  // 쏢
    { 0xC3E8,  66010, 17 },  // 쏨
    { 0xC3E9,  66051, 17 },  // 쏩
    { 0xC3ED,  66092, 17 },  // 쏭
    { 0xC3F4,  66133, 17 },  // 쏴
    { 0xC3F5,  66174, 17 },  // 쏵
    { 0xC3F8,  66215, 17 },  // 쏸
    { 0xC408,  66256, 17 },  // 쐈
    { 0xC410,  66297, 17 },  // 쐐
    { 0xC424,  66338, 17 },  // 쐤
    { 0xC42C,  66379, 17 },  // 쐬
    { 0xC430,  66420, 17 },  // 쐰
    { 0xC434,  66461, 17 },  // 쐴
    { 0xC43C,  66502, 17 },  // 쐼
    { 0xC43D,  66543, 17 },  // 쐽
    { 0xC448,  66584, 17 },  // 쑈
    { 0xC464,  66625, 17 },  // 쑤
    { 0xC465,  66666, 17 },  // 쑥
    { 0xC468,  66707, 17 },  // 쑨
    { 0xC46C,  66748, 17 },  // 쑬
    { 0xC474,  66789, 17 },  // 쑴
    { 0xC475,  66830, 17 },  // 쑵
    { 0xC479,  66871, 17 },  // 쑹
    { 0xC480,  66912, 17 },  // 쒀
    { 0xC494,  66953, 17 },  // 쒔
    { 0xC49C,  66994, 17 },  // 쒜
    { 0xC4B8,  67035, 17 },  // 쒸
    { 0xC4BC,  67076, 17 },  // 쒼
    { 0xC4E9,  67117, 17 },  // 쓩
    { 0xC4F0,  67158, 17 },  // 쓰
    { 0xC4F1,  67199, 17 },  // 쓱
    { 0xC4F4,  67240, 17 },  // 쓴
    { 0xC4F8,  67281, 17 },  // 쓸
    { 0xC4FA,  67322, 17 },  // 쓺
    { 0xC4FF,  67363, 17 },  // 쓿
    { 0xC500,  67404, 17 },  // 씀
    { 0xC501,  67445, 17 },  // 씁
    { 0xC50C,  67486, 17 },  // 씌
    { 0xC510,  67527, 17 },  // 씐
    { 0xC514,  67568, 17 },  // 씔
    { 0xC51C,  67609, 17 },  // 씜
    { 0xC528,  67650, 17 },  // 씨
    { 0xC529,  67691, 17 },  // 씩
    { 0xC52C,  67732, 17 },  // 씬
    { 0xC530,  67773, 17 },  // 씰
    { 0xC538,  67814, 17 },  // 씸
    { 0xC539,  67855, 17 },  // 씹
    { 0xC53B,  67896, 17 },  // 씻
    { 0xC53D,  67937, 17 },  // 씽
    { 0xC544,  67978, 17 },  // 아
    { 0xC545,  68019, 17 },  // 악
    { 0xC548,  68060, 17 },  // 안
    { 0xC549,  68101, 17 },  // 앉
    { 0xC54A,  68142, 17 },  // 않
    { 0xC54C,  68183, 17 },  // 알
    { 0xC54D,  68224, 17 },  // 앍
    { 0xC54E,  68265, 17 },  // 앎
    { 0xC553,  68306, 17 },  // 앓
    { 0xC554,  68347, 17 },  // 암
    { 0xC555,  68388, 17 },  // 압
    { 0xC557,  68429, 17 },  // 앗
    { 0xC558,  68470, 17 },  // 았
    { 0xC559,  68511, 17 },  // 앙
    { 0xC55D,  68552, 17 },  // 앝
    { 0xC55E,  68593, 17 },  // 앞
    { 0xC560,  68634, 17 },  // 애
    { 0xC561,  68675, 17 },  // 액
    { 0xC564,  68716, 17 },  // 앤
    { 0xC568,  68757, 17 },  // 앨
    { 0xC570,  68798, 17 },  // 앰
    { 0xC571,  68839, 17 },  // 앱
    { 0xC573,  68880, 17 },  // 앳
    { 0xC574,  68921, 17 },  // 앴
    { 0xC575,  68962, 17 },  // 앵
    { 0xC57C,  69003, 17 },  // 야
    { 0xC57D,  69044, 17 },  // 약
    { 0xC580,  69085, 17 },  // 얀
    { 0xC584,  69126, 17 },  // 얄
    { 0xC587,  69167, 17 },  // 얇
    { 0xC58C,  69208, 17 },  // 얌
    { 0xC58D,  69249, 17 },  // 얍
    { 0xC58F,  69290, 17 },  // 얏
    { 0xC591,  69331, 17 },  // 양
    { 0xC595,  69372, 17 },  // 얕
    { 0xC597,  69413, 17 },  // 얗
    { 0xC598,  69454, 17 },  // 얘
    { 0xC59C,  69495, 17 },  // 얜
    { 0xC5A0,  69536, 17 },  // 얠
    { 0xC5A9,  69577, 17 },  // 얩
    { 0xC5B4,  69618, 17 },  // 어
    { 0xC5B5,  69659, 17 },  // 억
    { 0xC5B8,  69700, 17 },  // 언
    { 0xC5B9,  69741, 17 },  // 얹
    { 0xC5BB,  69782, 17 },  // 얻
    { 0xC5BC,  69823, 17 },  // 얼
    { 0xC5BD,  69864, 17 },  // 얽
    { 0xC5BE,  69905, 17 },  // 얾
    { 0xC5C4,  69946, 17 },  // 엄
    { 0xC5C5,  69987, 17 },  // 업
    { 0xC5C6,  70028, 17 },  // 없
    { 0xC5C7,  70069, 17 },  // 엇
    { 0xC5C8,  70110, 17 },  // 었
    { 0xC5C9,  70151, 17 },  // 엉
    { 0xC5CA,  70192, 17 },  // 엊
    { 0xC5CC,  70233, 17 },  // 엌
    { 0xC5CE,  70274, 17 },  // 엎
    { 0xC5D0,  70315, 17 },  // 에
    { 0xC5D1,  70356, 17 },  // 엑
    { 0xC5D4,  70397, 17 },  // 엔
    { 0xC5D8,  70438, 17 },  // 엘
    { 0xC5E0,  70479, 17 },  // 엠
    { 0xC5E1,  70520, 17 },  // 엡
    { 0xC5E3,  70561, 17 },  // 엣
    { 0xC5E5,  70602, 17 },  // 엥
    { 0xC5EC,  70643, 17 },  // 여
    { 0xC5ED,  70684, 17 },  // 역
    { 0xC5EE,  70725, 17 },  // 엮
    { 0xC5F0,  70766, 17 },  // 연
    { 0xC5F4,  70807, 17 },  // 열
    { 0xC5F6,  70848, 17 },  // 엶
    { 0xC5F7,  70889, 17 },  // 엷
    { 0xC5FC,  70930, 17 },  // 염
    { 0xC5FD,  70971, 17 },  // 엽
    { 0xC5FE,  71012, 17 },  // 엾
    { 0xC5FF,  71053, 17 },  // 엿
    { 0xC600,  71094, 17 },  // 였
    { 0xC601,  71135, 17 },  // 영
    { 0xC605,  71176, 17 },  // 옅
    { 0xC606,  71217, 17 },  // 옆
    { 0xC607,  71258, 17 },  // 옇
    { 0xC608,  71299, 17 },  // 예
    { 0xC60C,  71340, 17 },  // 옌
    { 0xC610,  71381, 17 },  // 옐
    { 0xC618,  71422, 17 },  // 옘
    { 0xC619,  71463, 17 },  // 옙
    { 0xC61B,  71504, 17 },  // 옛
    { 0xC61C,  71545, 17 },  // 옜
    { 0xC624,  71586, 17 },  // 오
    { 0xC625,  71627, 17 },  // 옥
    { 0xC628,  71668, 17 },  // 온
    { 0xC62C,  71709, 17 },  // 올
    { 0xC62D,  71750, 17 },  // 옭
    { 0xC62E,  71791, 17 },  // 옮
    { 0xC630,  71832, 17 },  // 옰
    { 0xC633,  71873, 17 },  // 옳
    { 0xC634,  71914, 17 },  // 옴
    { 0xC635,  71955, 17 },  // 옵
    { 0xC637,  71996, 17 },  // 옷
    { 0xC639,  72037, 17 },  // 옹
    { 0xC63B,  72078, 17 },  // 옻
    { 0xC640,  72119, 17 },  // 와
    { 0xC641,  72160, 17 },  // 왁
    { 0xC644,  72201, 17 },  // 완
    { 0xC648,  72242, 17 },  // 왈
    { 0xC650,  72283, 17 },  // 왐
    { 0xC651,  72324, 17 },  // 왑
    { 0xC653,  72365, 17 },  // 왓
    { 0xC654,  72406, 17 },  // 왔
    { 0xC655,  72447, 17 },  // 왕
    { 0xC65C,  72488, 17 },  // 왜
    { 0xC65D,  72529, 17 },  // 왝
    { 0xC660,  72570, 17 },  // 왠
    { 0xC66C,  72611, 17 },  // 왬
    { 0xC66F,  72652, 17 },  // 왯
    { 0xC671,  72693, 17 },  // 왱
    { 0xC678,  72734, 17 },  // 외
    { 0xC679,  72775, 17 },  // 왹
    { 0xC67C,  72816, 17 },  // 왼
    { 0xC680,  72857, 17 },  // 욀
    { 0xC688,  72898, 17 },  // 욈
    { 0xC689,  72939, 17 },  // 욉
    { 0xC68B,  72980, 17 },  // 욋
    { 0xC68D,  73021, 17 },  // 욍
    { 0xC694,  73062, 17 },  // 요
    { 0xC695,  73103, 17 },  // 욕
    { 0xC698,  73144, 17 },  // 욘
    { 0xC69C,  73185, 17 },  // 욜
    { 0xC6A4,  73226, 17 },  // 욤
    { 0xC6A5,  73267, 17 },  // 욥
    { 0xC6A7,  73308, 17 },  // 욧
    { 0xC6A9,  73349, 17 },  // 용
    { 0xC6B0,  73390, 17 },  // 우
    { 0xC6B1,  73431, 17 },  // 욱
    { 0xC6B4,  73472, 17 },  // 운
    { 0xC6B8,  73513, 17 },  // 울
    { 0xC6B9,  73554, 17 },  // 욹
    { 0xC6BA,  73595, 17 },  // 욺
    { 0xC6C0,  73636, 17 },  // 움
    { 0xC6C1,  73677, 17 },  // 웁
    { 0xC6C3,  73718, 17 },  // 웃
    { 0xC6C5,  73759, 17 },  // 웅
    { 0xC6CC,  73800, 17 },  // 워
    { 0xC6CD,  73841, 17 },  // 웍
    { 0xC6D0,  73882, 17 },  // 원
    { 0xC6D4,  73923, 17 },  // 월
    { 0xC6DC,  73964, 17 },  // 웜
    { 0xC6DD,  74005, 17 },  // 웝
    { 0xC6E0,  74046, 17 },  // 웠
    { 0xC6E1,  74087, 17 },  // 웡
    { 0xC6E8,  74128, 17 },  // 웨
    { 0xC6E9,  74169, 17 },  // 웩
    { 0xC6EC,  74210, 17 },  // 웬
    { 0xC6F0,  74251, 17 },  // 웰
    { 0xC6F8,  74292, 17 },  // 웸
    { 0xC6F9,  74333, 17 },  // 웹
    { 0xC6FD,  74374, 17 },  // 웽
    { 0xC704,  74415, 17 },  // 위
    { 0xC705,  74456, 17 },  // 윅
    { 0xC708,  74497, 17 },  // 윈
    { 0xC70C,  74538, 17 },  // 윌
    { 0xC714,  74579, 17 },  // 윔
    { 0xC715,  74620, 17 },  // 윕
    { 0xC717,  74661, 17 },  // 윗
    { 0xC719,  74702, 17 },  // 윙
    { 0xC720,  74743, 17 },  // 유
    { 0xC721,  74784, 17 },  // 육
    { 0xC724,  74825, 17 },  // 윤
    { 0xC728,  74866, 17 },  // 율
    { 0xC730,  74907, 17 },  // 윰
    { 0xC731,  74948, 17 },  // 윱
    { 0xC733,  74989, 17 },  // 윳
    { 0xC735,  75030, 17 },  // 융
    { 0xC737,  75071, 17 },  // 윷
    { 0xC73C,  75112, 17 },  // 으
    { 0xC73D,  75153, 17 },  // 윽
    { 0xC740,  75194, 17 },  // 은
    { 0xC744,  75235, 17 },  // 을
    { 0xC74A,  75276, 17 },  // 읊
    { 0xC74C,  75317, 17 },  // 음
    { 0xC74D,  75358, 17 },  // 읍
    { 0xC74F,  75399, 17 },  // 읏
    { 0xC751,  75440, 17 },  // 응
    { 0xC752,  75481, 17 },  // 읒
    { 0xC753,  75522, 17 },  // 읓
    { 0xC754,  75563, 17 },  // 읔
    { 0xC755,  75604, 17 },  // 읕
    { 0xC756,  75645, 17 },  // 읖
    { 0xC757,  75686, 17 },  // 읗
    { 0xC758,  75727, 17 },  // 의
    { 0xC75C,  75768, 17 },  // 읜
    { 0xC760,  75809, 17 },  // 읠
    { 0xC768,  75850, 17 },  // 읨
    { 0xC76B,  75891, 17 },  // 읫
    { 0xC774,  75932, 17 },  // 이
    { 0xC775,  75973, 17 },  // 익
    { 0xC778,  76014, 17 },  // 인
    { 0xC77C,  76055, 17 },  // 일
    { 0xC77D,  76096, 17 },  // 읽
    { 0xC77E,  76137, 17 },  // 읾
    { 0xC783,  76178, 17 },  // 잃
    { 0xC784,  76219, 17 },  // 임
    { 0xC785,  76260, 17 },  // 입
    { 0xC787,  76301, 17 },  // 잇
    { 0xC788,  76342, 17 },  // 있
    { 0xC789,  76383, 17 },  // 잉
    { 0xC78A,  76424, 17 },  // 잊
    { 0xC78E,  76465, 17 },  // 잎
    { 0xC790,  76506, 17 },  // 자
    { 0xC791,  76547, 17 },  // 작
    { 0xC794,  76588, 17 },  // 잔
    { 0xC796,  76629, 17 },  // 잖
    { 0xC797,  76670, 17 },  // 잗
    { 0xC798,  76711, 17 },  // 잘
    { 0xC79A,  76752, 17 },  // 잚
    { 0xC7A0,  76793, 17 },  // 잠
    { 0xC7A1,  76834, 17 },  // 잡
    { 0xC7A3,  76875, 17 },  // 잣
    { 0xC7A4,  76916, 17 },  // 잤
    { 0xC7A5,  76957, 17 },  // 장
    { 0xC7A6,  76998, 17 },  // 잦
    { 0xC7AC,  77039, 17 },  // 재
    { 0xC7AD,  77080, 17 },  // 잭
    { 0xC7B0,  77121, 17 },  // 잰
    { 0xC7B4,  77162, 17 },  // 잴
    { 0xC7BC,  77203, 17 },  // 잼
    { 0xC7BD,  77244, 17 },  // 잽
    { 0xC7BF,  77285, 17 },  // 잿
    { 0xC7C0,  77326, 17 },  // 쟀
    { 0xC7C1,  77367, 17 },  // 쟁
    { 0xC7C8,  77408, 17 },  // 쟈
    { 0xC7C9,  77449, 17 },  // 쟉
    { 0xC7CC,  77490, 17 },  // 쟌
    { 0xC7CE,  77531, 17 },  // 쟎
    { 0xC7D0,  77572, 17 },  // 쟐
    { 0xC7D8,  77613, 17 },  // 쟘
    { 0xC7DD,  77654, 17 },  // 쟝
    { 0xC7E4,  77695, 17 },  // 쟤
    { 0xC7E8,  77736, 17 },  // 쟨
    { 0xC7EC,  77777, 17 },  // 쟬
    { 0xC800,  77818, 17 },  // 저
    { 0xC801,  77859, 17 },  // 적
    { 0xC804,  77900, 17 },  // 전
    { 0xC808,  77941, 17 },  // 절
    { 0xC80A,  77982, 17 },  // 젊
    { 0xC810,  78023, 17 },  // 점
    { 0xC811,  78064, 17 },  // 접
    { 0xC813,  78105, 17 },  // 젓
    { 0xC815,  78146, 17 },  // 정
    { 0xC816,  78187, 17 },  // 젖
    { 0xC81C,  78228, 17 },  // 제
    { 0xC81D,  78269, 17 },  // 젝
    { 0xC820,  78310, 17 },  // 젠
    { 0xC824,  78351, 17 },  // 젤
    { 0xC82C,  78392, 17 },  // 젬
    { 0xC82D,  78433, 17 },  // 젭
    { 0xC82F,  78474, 17 },  // 젯
    { 0xC831,  78515, 17 },  // 젱
    { 0xC838,  78556, 17 },  // 져
    { 0xC83C,  78597, 17 },  // 젼
    { 0xC840,  78638, 17 },  // 졀
    { 0xC848,  78679, 17 },  // 졈
    { 0xC849,  78720, 17 },  // 졉
    { 0xC84C,  78761, 17 },  // 졌
    { 0xC84D,  78802, 17 },  // 졍
    { 0xC854,  78843, 17 },  // 졔
    { 0xC870,  78884, 17 },  // 조
    { 0xC871,  78925, 17 },  // 족
    { 0xC874,  78966, 17 },  // 존
    { 0xC878,  79007, 17 },  // 졸
    { 0xC87A,  79048, 17 },  // 졺
    { 0xC880,  79089, 17 },  // 좀
    { 0xC881,  79130, 17 },  // 좁
    { 0xC883,  79171, 17 },  // 좃
    { 0xC885,  79212, 17 },  // 종
    { 0xC886,  79253, 17 },  // 좆
    { 0xC887,  79294, 17 },  // 좇
    { 0xC88B,  79335, 17 },  // 좋
    { 0xC88C,  79376, 17 },  // 좌
    { 0xC88D,  79417, 17 },  // 좍
    { 0xC894,  79458, 17 },  // 좔
    { 0xC89D,  79499, 17 },  // 좝
    { 0xC89F,  79540, 17 },  // 좟
    { 0xC8A1,  79581, 17 },  // 좡
    { 0xC8A8,  79622, 17 },  // 좨
    { 0xC8BC,  79663, 17 },  // 좼
    { 0xC8BD,  79704, 17 },  // 좽
    { 0xC8C4,  79745, 17 },  // 죄
    { 0xC8C8,  79786, 17 },  // 죈
    { 0xC8CC,  79827, 17 },  // 죌
    { 0xC8D4,  79868, 17 },  // 죔
    { 0xC8D5,  79909, 17 },  // 죕
    { 0xC8D7,  79950, 17 },  // 죗
    { 0xC8D9,  79991, 17 },  // 죙
    { 0xC8E0,  80032, 17 },  // 죠
    { 0xC8E1,  80073, 17 },  // 죡
    { 0xC8E4,  80114, 17 },  // 죤
    { 0xC8F5,  80155, 17 },  // 죵
    { 0xC8FC,  80196, 17 },  // 주
    { 0xC8FD,  80237, 17 },  // 죽
    { 0xC900,  80278, 17 },  // 준
    { 0xC904,  80319, 17 },  // 줄
    { 0xC905,  80360, 17 },  // 줅
    { 0xC906,  80401, 17 },  // 줆
    { 0xC90C,  80442, 17 },  // 줌
    { 0xC90D,  80483, 17 },  // 줍
    { 0xC90F,  80524, 17 },  // 줏
    { 0xC911,  80565, 17 },  // 중
    { 0xC918,  80606, 17 },  // 줘
    { 0xC92C,  80647, 17 },  // 줬
    { 0xC934,  80688, 17 },  // 줴
    { 0xC950,  80729, 17 },  // 쥐
    { 0xC951,  80770, 17 },  // 쥑
    { 0xC954,  80811, 17 },  // 쥔
    { 0xC958,  80852, 17 },  // 쥘
    { 0xC960,  80893, 17 },  // 쥠
    { 0xC961,  80934, 17 },  // 쥡
    { 0xC963,  80975, 17 },  // 쥣
    { 0xC96C,  81016, 17 },  // 쥬
    { 0xC970,  81057, 17 },  // 쥰
    { 0xC974,  81098, 17 },  // 쥴
    { 0xC97C,  81139, 17 },  // 쥼
    { 0xC988,  81180, 17 },  // 즈
    { 0xC989,  81221, 17 },  // 즉
    { 0xC98C,  81262, 17 },  // 즌
    { 0xC990,  81303, 17 },  // 즐
    { 0xC998,  81344, 17 },  // 즘
    { 0xC999,  81385, 17 },  // 즙
    { 0xC99B,  81426, 17 },  // 즛
    { 0xC99D,  81467, 17 },  // 증
    { 0xC9C0,  81508, 17 },  // 지
    { 0xC9C1,  81549, 17 },  // 직
    { 0xC9C4,  81590, 17 },  // 진
    { 0xC9C7,  81631, 17 },  // 짇
    { 0xC9C8,  81672, 17 },  // 질
    { 0xC9CA,  81713, 17 },  // 짊
    { 0xC9D0,  81754, 17 },  // 짐
    { 0xC9D1,  81795, 17 },  // 집
    { 0xC9D3,  81836, 17 },  // 짓
    { 0xC9D5,  81877, 17 },  // 징
    { 0xC9D6,  81918, 17 },  // 짖
    { 0xC9D9,  81959, 17 },  // 짙
    { 0xC9DA,  82000, 17 },  // 짚
    { 0xC9DC,  82041, 17 },  // 짜
    { 0xC9DD,  82082, 17 },  // 짝
    { 0xC9E0,  82123, 17 },  // 짠
    { 0xC9E2,  82164, 17 },  // 짢
    { 0xC9E4,  82205, 17 },  // 짤
    { 0xC9E7,  82246, 17 },  // 짧
    { 0xC9EC,  82287, 17 },  // 짬
    { 0xC9ED,  82328, 17 },  // 짭
    { 0xC9EF,  82369, 17 },  // 짯
    { 0xC9F0,  82410, 17 },  // 짰
    { 0xC9F1,  82451, 17 },  // 짱
    { 0xC9F8,  82492, 17 },  // 째
    { 0xC9F9,  82533, 17 },  // 짹
    { 0xC9FC,  82574, 17 },  // 짼
    { 0xCA00,  82615, 17 },  // 쨀
    { 0xCA08,  82656, 17 },  // 쨈
    { 0xCA09,  82697, 17 },  // 쨉
    { 0xCA0B,  82738, 17 },  // 쨋
    { 0xCA0C,  82779, 17 },  // 쨌
    { 0xCA0D,  82820, 17 },  // 쨍
    { 0xCA14,  82861, 17 },  // 쨔
    { 0xCA18,  82902, 17 },  // 쨘
    { 0xCA29,  82943, 17 },  // 쨩
    { 0xCA4C,  82984, 17 },  // 쩌
    { 0xCA4D,  83025, 17 },  // 쩍
    { 0xCA50,  83066, 17 },  // 쩐
    { 0xCA54,  83107, 17 },  // 쩔
    { 0xCA5C,  83148, 17 },  // 쩜
    { 0xCA5D,  83189, 17 },  // 쩝
    { 0xCA5F,  83230, 17 },  // 쩟
    { 0xCA60,  83271, 17 },  // 쩠
    { 0xCA61,  83312, 17 },  // 쩡
    { 0xCA68,  83353, 17 },  // 쩨
    { 0xCA7D,  83394, 17 },  // 쩽
    { 0xCA84,  83435, 17 },  // 쪄
    { 0xCA98,  83476, 17 },  // 쪘
    { 0xCABC,  83517, 17 },  // 쪼
    { 0xCABD,  83558, 17 },  // 쪽
    { 0xCAC0,  83599, 17 },  // 쫀
    { 0xCAC4,  83640, 17 },  // 쫄
    { 0xCACC,  83681, 17 },  // 쫌
    { 0xCACD,  83722, 17 },  // 쫍
    { 0xCACF,  83763, 17 },  // 쫏
    { 0xCAD1,  83804, 17 },  // 쫑
    { 0xCAD3,  83845, 17 },  // 쫓
    { 0xCAD8,  83886, 17 },  // 쫘
    { 0xCAD9,  83927, 17 },  // 쫙
    { 0xCAE0,  83968, 17 },  // 쫠
    { 0xCAEC,  84009, 17 },  // 쫬
    { 0xCAF4,  84050, 17 },  // 쫴
    { 0xCB08,  84091, 17 },  // 쬈
    { 0xCB10,  84132, 17 },  // 쬐
    { 0xCB14,  84173, 17 },  // 쬔
    { 0xCB18,  84214, 17 },  // 쬘
    { 0xCB20,  84255, 17 },  // 쬠
    { 0xCB21,  84296, 17 },  // 쬡
    { 0xCB41,  84337, 17 },  // 쭁
    { 0xCB48,  84378, 17 },  // 쭈
    { 0xCB49,  84419, 17 },  // 쭉
    { 0xCB4C,  84460, 17 },  // 쭌
    { 0xCB50,  84501, 17 },  // 쭐
    { 0xCB58,  84542, 17 },  // 쭘
    { 0xCB59,  84583, 17 },  // 쭙
    { 0xCB5D,  84624, 17 },  // 쭝
    { 0xCB64,  84665, 17 },  // 쭤
    { 0xCB78,  84706, 17 },  // 쭸
    { 0xCB79,  84747, 17 },  // 쭹
    { 0xCB9C,  84788, 17 },  // 쮜
    { 0xCBB8,  84829, 17 },  // 쮸
    { 0xCBD4,  84870, 17 },  // 쯔
    { 0xCBE4,  84911, 17 },  // 쯤
    { 0xCBE7,  84952, 17 },  // 쯧
    { 0xCBE9,  84993, 17 },  // 쯩
    { 0xCC0C,  85034, 17 },  // 찌
    { 0xCC0D,  85075, 17 },  // 찍
    { 0xCC10,  85116, 17 },  // 찐
    { 0xCC14,  85157, 17 },  // 찔
    { 0xCC1C,  85198, 17 },  // 찜
    { 0xCC1D,  85239, 17 },  // 찝
    { 0xCC21,  85280, 17 },  // 찡
    { 0xCC22,  85321, 17 },  // 찢
    { 0xCC27,  85362, 17 },  // 찧
    { 0xCC28,  85403, 17 },  // 차
    { 0xCC29,  85444, 17 },  // 착
    { 0xCC2C,  85485, 17 },  // 찬
    { 0xCC2E,  85526, 17 },  // 찮
    { 0xCC30,  85567, 17 },  // 찰
    { 0xCC38,  85608, 17 },  // 참
    { 0xCC39,  85649, 17 },  // 찹
    { 0xCC3B,  85690, 17 },  // 찻
    { 0xCC3C,  85731, 17 },  // 찼
    { 0xCC3D,  85772, 17 },  // 창
    { 0xCC3E,  85813, 17 },  // 찾
    { 0xCC44,  85854, 17 },  // 채
    { 0xCC45,  85895, 17 },  // 책
    { 0xCC48,  85936, 17 },  // 챈
    { 0xCC4C,  85977, 17 },  // 챌
    { 0xCC54,  86018, 17 },  // 챔
    { 0xCC55,  86059, 17 },  // 챕
    { 0xCC57,  86100, 17 },  // 챗
    { 0xCC58,  86141, 17 },  // 챘
    { 0xCC59,  86182, 17 },  // 챙
    { 0xCC60,  86223, 17 },  // 챠
    { 0xCC64,  86264, 17 },  // 챤
    { 0xCC66,  86305, 17 },  // 챦
    { 0xCC68,  86346, 17 },  // 챨
    { 0xCC70,  86387, 17 },  // 챰
    { 0xCC75,  86428, 17 },  // 챵
    { 0xCC98,  86469, 17 },  // 처
    { 0xCC99,  86510, 17 },  // 척
    { 0xCC9C,  86551, 17 },  // 천
    { 0xCCA0,  86592, 17 },  // 철
    { 0xCCA8,  86633, 17 },  // 첨
    { 0xCCA9,  86674, 17 },  // 첩
    { 0xCCAB,  86715, 17 },  // 첫
    { 0xCCAC,  86756, 17 },  // 첬
    { 0xCCAD,  86797, 17 },  // 청
    { 0xCCB4,  86838, 17 },  // 체
    { 0xCCB5,  86879, 17 },  // 첵
    { 0xCCB8,  86920, 17 },  // 첸
    { 0xCCBC,  86961, 17 },  // 첼
    { 0xCCC4,  87002, 17 },  // 쳄
    { 0xCCC5,  87043, 17 },  // 쳅
    { 0xCCC7,  87084, 17 },  // 쳇
    { 0xCCC9,  87125, 17 },  // 쳉
    { 0xCCD0,  87166, 17 },  // 쳐
    { 0xCCD4,  87207, 17 },  // 쳔
    { 0xCCE4,  87248, 17 },  // 쳤
    { 0xCCEC,  87289, 17 },  // 쳬
    { 0xCCF0,  87330, 17 },  // 쳰
    { 0xCD01,  87371, 17 },  // 촁
    { 0xCD08,  87412, 17 },  // 초
    { 0xCD09,  87453, 17 },  // 촉
    { 0xCD0C,  87494, 17 },  // 촌
    { 0xCD10,  87535, 17 },  // 촐
    { 0xCD18,  87576, 17 },  // 촘
    { 0xCD19,  87617, 17 },  // 촙
    { 0xCD1B,  87658, 17 },  // 촛
    { 0xCD1D,  87699, 17 },  // 총
    { 0xCD24,  87740, 17 },  // 촤
    { 0xCD28,  87781, 17 },  // 촨
    { 0xCD2C,  87822, 17 },  // 촬
    { 0xCD39,  87863, 17 },  // 촹
    { 0xCD5C,  87904, 17 },  // 최
    { 0xCD60,  87945, 17 },  // 쵠
    { 0xCD64,  87986, 17 },  // 쵤
    { 0xCD6C,  88027, 17 },  // 쵬
    { 0xCD6D,  88068, 17 },  // 쵭
    { 0xCD6F,  88109, 17 },  // 쵯
    { 0xCD71,  88150, 17 },  // 쵱
    { 0xCD78,  88191, 17 },  // 쵸
    { 0xCD88,  88232, 17 },  // 춈
    { 0xCD94,  88273, 17 },  // 추
    { 0xCD95,  88314, 17 },  // 축
    { 0xCD98,  88355, 17 },  // 춘
    { 0xCD9C,  88396, 17 },  // 출
    { 0xCDA4,  88437, 17 },  // 춤
    { 0xCDA5,  88478, 17 },  // 춥
    { 0xCDA7,  88519, 17 },  // 춧
    { 0xCDA9,  88560, 17 },  // 충
    { 0xCDB0,  88601, 17 },  // 춰
    { 0xCDC4,  88642, 17 },  // 췄
    { 0xCDCC,  88683, 17 },  // 췌
    { 0xCDD0,  88724, 17 },  // 췐
    { 0xCDE8,  88765, 17 },  // 취
    { 0xCDEC,  88806, 17 },  // 췬
    { 0xCDF0,  88847, 17 },  // 췰
    { 0xCDF8,  88888, 17 },  // 췸
    { 0xCDF9,  88929, 17 },  // 췹
    { 0xCDFB,  88970, 17 },  // 췻
    { 0xCDFD,  89011, 17 },  // 췽
    { 0xCE04,  89052, 17 },  // 츄
    { 0xCE08,  89093, 17 },  // 츈
    { 0xCE0C,  89134, 17 },  // 츌
    { 0xCE14,  89175, 17 },  // 츔
    { 0xCE19,  89216, 17 },  // 츙
    { 0xCE20,  89257, 17 },  // 츠
    { 0xCE21,  89298, 17 },  // 측
    { 0xCE24,  89339, 17 },  // 츤
    { 0xCE28,  89380, 17 },  // 츨
    { 0xCE30,  89421, 17 },  // 츰
    { 0xCE31,  89462, 17 },  // 츱
    { 0xCE33,  89503, 17 },  // 츳
    { 0xCE35,  89544, 17 },  // 층
    { 0xCE58,  89585, 17 },  // 치
    { 0xCE59,  89626, 17 },  // 칙
    { 0xCE5C,  89667, 17 },  // 친
    { 0xCE5F,  89708, 17 },  // 칟
    { 0xCE60,  89749, 17 },  // 칠
    { 0xCE61,  89790, 17 },  // 칡
    { 0xCE68,  89831, 17 },  // 침
    { 0xCE69,  89872, 17 },  // 칩
    { 0xCE6B,  89913, 17 },  // 칫
    { 0xCE6D,  89954, 17 },  // 칭
    { 0xCE74,  89995, 17 },  // 카
    { 0xCE75,  90036, 17 },  // 칵
    { 0xCE78,  90077, 17 },  // 칸
    { 0xCE7C,  90118, 17 },  // 칼
    { 0xCE84,  90159, 17 },  // 캄
    { 0xCE85,  90200, 17 },  // 캅
    { 0xCE87,  90241, 17 },  // 캇
    { 0xCE89,  90282, 17 },  // 캉
    { 0xCE90,  90323, 17 },  // 캐
    { 0xCE91,  90364, 17 },  // 캑
    { 0xCE94,  90405, 17 },  // 캔
    { 0xCE98,  90446, 17 },  // 캘
    { 0xCEA0,  90487, 17 },  // 캠
    { 0xCEA1,  90528, 17 },  // 캡
    { 0xCEA3,  90569, 17 },  // 캣
    { 0xCEA4,  90610, 17 },  // 캤
    { 0xCEA5,  90651, 17 },  // 캥
    { 0xCEAC,  90692, 17 },  // 캬
    { 0xCEAD,  90733, 17 },  // 캭
    { 0xCEC1,  90774, 17 },  // 컁
    { 0xCEE4,  90815, 17 },  // 커
    { 0xCEE5,  90856, 17 },  // 컥
    { 0xCEE8,  90897, 17 },  // 컨
    { 0xCEEB,  90938, 17 },  // 컫
    { 0xCEEC,  90979, 17 },  // 컬
    { 0xCEF4,  91020, 17 },  // 컴
    { 0xCEF5,  91061, 17 },  // 컵
    { 0xCEF7,  91102, 17 },  // 컷
    { 0xCEF8,  91143, 17 },  // 컸
    { 0xCEF9,  91184, 17 },  // 컹
    { 0xCF00,  91225, 17 },  // 케
    { 0xCF01,  91266, 17 },  // 켁
    { 0xCF04,  91307, 17 },  // 켄
    { 0xCF08,  91348, 17 },  // 켈
    { 0xCF10,  91389, 17 },  // 켐
    { 0xCF11,  91430, 17 },  // 켑
    { 0xCF13,  91471, 17 },  // 켓
    { 0xCF15,  91512, 17 },  // 켕
    { 0xCF20,  91553, 17 },  // 켠
    { 0xCF24,  91594, 17 },  // 켤
    { 0xCF2C,  91635, 17 },  // 켬
    { 0xCF2D,  91676, 17 },  // 켭
    { 0xCF2F,  91717, 17 },  // 켯
    { 0xCF30,  91758, 17 },  // 켰
    { 0xCF31,  91799, 17 },  // 켱
    { 0xCF38,  91840, 17 },  // 켸
    { 0xCF54,  91881, 17 },  // 코
    { 0xCF55,  91922, 17 },  // 콕
    { 0xCF58,  91963, 17 },  // 콘
    { 0xCF5C,  92004, 17 },  // 콜
    { 0xCF64,  92045, 17 },  // 콤
    { 0xCF65,  92086, 17 },  // 콥
    { 0xCF67,  92127, 17 },  // 콧
    { 0xCF69,  92168, 17 },  // 콩
    { 0xCF70,  92209, 17 },  // 콰
    { 0xCF71,  92250, 17 },  // 콱
    { 0xCF74,  92291, 17 },  // 콴
    { 0xCF78,  92332, 17 },  // 콸
    { 0xCF80,  92373, 17 },  // 쾀
    { 0xCF85,  92414, 17 },  // 쾅
    { 0xCF8C,  92455, 17 },  // 쾌
    { 0xCFA1,  92496, 17 },  // 쾡
    { 0xCFA8,  92537, 17 },  // 쾨
    { 0xCFB0,  92578, 17 },  // 쾰
    { 0xCFC4,  92619, 17 },  // 쿄
    { 0xCFE0,  92660, 17 },  // 쿠
    { 0xCFE1,  92701, 17 },  // 쿡
    { 0xCFE4,  92742, 17 },  // 쿤
    { 0xCFE8,  92783, 17 },  // 쿨
    { 0xCFF0,  92824, 17 },  // 쿰
    { 0xCFF1,  92865, 17 },  // 쿱
    { 0xCFF3,  92906, 17 },  // 쿳
    { 0xCFF5,  92947, 17 },  // 쿵
    { 0xCFFC,  92988, 17 },  // 쿼
    { 0xD000,  93029, 17 },  // 퀀
    { 0xD004,  93070, 17 },  // 퀄
    { 0xD011,  93111, 17 },  // 퀑
    { 0xD018,  93152, 17 },  // 퀘
    { 0xD02D,  93193, 17 },  // 퀭
    { 0xD034,  93234, 17 },  // 퀴
    { 0xD035,  93275, 17 },  // 퀵
    { 0xD038,  93316, 17 },  // 퀸
    { 0xD03C,  93357, 17 },  // 퀼
    { 0xD044,  93398, 17 },  // 큄
    { 0xD045,  93439, 17 },  // 큅
    { 0xD047,  93480, 17 },  // 큇
    { 0xD049,  93521, 17 },  // 큉
    { 0xD050,  93562, 17 },  // 큐
    { 0xD054,  93603, 17 },  // 큔
    { 0xD058,  93644, 17 },  // 큘
    { 0xD060,  93685, 17 },  // 큠
    { 0xD06C,  93726, 17 },  // 크
    { 0xD06D,  93767, 17 },  // 큭
    { 0xD070,  93808, 17 },  // 큰
    { 0xD074,  93849, 17 },  // 클
    { 0xD07C,  93890, 17 },  // 큼
    { 0xD07D,  93931, 17 },  // 큽
    { 0xD081,  93972, 17 },  // 킁
    { 0xD0A4,  94013, 17 },  // 키
    { 0xD0A5,  94054, 17 },  // 킥
    { 0xD0A8,  94095, 17 },  // 킨
    { 0xD0AC,  94136, 17 },  // 킬
    { 0xD0B4,  94177, 17 },  // 킴
    { 0xD0B5,  94218, 17 },  // 킵
    { 0xD0B7,  94259, 17 },  // 킷
    { 0xD0B9,  94300, 17 },  // 킹
    { 0xD0C0,  94341, 17 },  // 타
    { 0xD0C1,  94382, 17 },  // 탁
    { 0xD0C4,  94423, 17 },  // 탄
    { 0xD0C8,  94464, 17 },  // 탈
    { 0xD0C9,  94505, 17 },  // 탉
    { 0xD0D0,  94546, 17 },  // 탐
    { 0xD0D1,  94587, 17 },  // 탑
    { 0xD0D3,  94628, 17 },  // 탓
    { 0xD0D4,  94669, 17 },  // 탔
    { 0xD0D5,  94710, 17 },  // 탕
    { 0xD0DC,  94751, 17 },  // 태
    { 0xD0DD,  94792, 17 },  // 택
    { 0xD0E0,  94833, 17 },  // 탠
    { 0xD0E4,  94874, 17 },  // 탤
    { 0xD0EC,  94915, 17 },  // 탬
    { 0xD0ED,  94956, 17 },  // 탭
    { 0xD0EF,  94997, 17 },  // 탯
    { 0xD0F0,  95038, 17 },  // 탰
    { 0xD0F1,  95079, 17 },  // 탱
    { 0xD0F8,  95120, 17 },  // 탸
    { 0xD10D,  95161, 17 },  // 턍
    { 0xD130,  95202, 17 },  // 터
    { 0xD131,  95243, 17 },  // 턱
    { 0xD134,  95284, 17 },  // 턴
    { 0xD138,  95325, 17 },  // 털
    { 0xD13A,  95366, 17 },  // 턺
    { 0xD140,  95407, 17 },  // 텀
    { 0xD141,  95448, 17 },  // 텁
    { 0xD143,  95489, 17 },  // 텃
    { 0xD144,  95530, 17 },  // 텄
    { 0xD145,  95571, 17 },  // 텅
    { 0xD14C,  95612, 17 },  // 테
    { 0xD14D,  95653, 17 },  // 텍
    { 0xD150,  95694, 17 },  // 텐
    { 0xD154,  95735, 17 },  // 텔
    { 0xD15C,  95776, 17 },  // 템
    { 0xD15D,  95817, 17 },  // 텝
    { 0xD15F,  95858, 17 },  // 텟
    { 0xD161,  95899, 17 },  // 텡
    { 0xD168,  95940, 17 },  // 텨
    { 0xD16C,  95981, 17 },  // 텬
    { 0xD17C,  96022, 17 },  // 텼
    { 0xD184,  96063, 17 },  // 톄
    { 0xD188,  96104, 17 },  // 톈
    { 0xD1A0,  96145, 17 },  // 토
    { 0xD1A1,  96186, 17 },  // 톡
    { 0xD1A4,  96227, 17 },  // 톤
    { 0xD1A8,  96268, 17 },  // 톨
    { 0xD1B0,  96309, 17 },  // 톰
    { 0xD1B1,  96350, 17 },  // 톱
    { 0xD1B3,  96391, 17 },  // 톳
    { 0xD1B5,  96432, 17 },  // 통
    { 0xD1BA,  96473, 17 },  // 톺
    { 0xD1BC,  96514, 17 },  // 톼
    { 0xD1C0,  96555, 17 },  // 퇀
    { 0xD1D8,  96596, 17 },  // 퇘
    { 0xD1F4,  96637, 17 },  // 퇴
    { 0xD1F8,  96678, 17 },  // 퇸
    { 0xD207,  96719, 17 },  // 툇
    { 0xD209,  96760, 17 },  // 툉
    { 0xD210,  96801, 17 },  // 툐
    { 0xD22C,  96842, 17 },  // 투
    { 0xD22D,  96883, 17 },  // 툭
    { 0xD230,  96924, 17 },  // 툰
    { 0xD234,  96965, 17 },  // 툴
    { 0xD23C,  97006, 17 },  // 툼
    { 0xD23D,  97047, 17 },  // 툽
    { 0xD23F,  97088, 17 },  // 툿
    { 0xD241,  97129, 17 },  // 퉁
    { 0xD248,  97170, 17 },  // 퉈
    { 0xD25C,  97211, 17 },  // 퉜
    { 0xD264,  97252, 17 },  // 퉤
    { 0xD280,  97293, 17 },  // 튀
    { 0xD281,  97334, 17 },  // 튁
    { 0xD284,  97375, 17 },  // 튄
    { 0xD288,  97416, 17 },  // 튈
    { 0xD290,  97457, 17 },  // 튐
    { 0xD291,  97498, 17 },  // 튑
    { 0xD295,  97539, 17 },  // 튕
    { 0xD29C,  97580, 17 },  // 튜
    { 0xD2A0,  97621, 17 },  // 튠
    { 0xD2A4,  97662, 17 },  // 튤
    { 0xD2AC,  97703, 17 },  // 튬
    { 0xD2B1,  97744, 17 },  // 튱
    { 0xD2B8,  97785, 17 },  // 트
    { 0xD2B9,  97826, 17 },  // 특
    { 0xD2BC,  97867, 17 },  // 튼
    { 0xD2BF,  97908, 17 },  // 튿
    { 0xD2C0,  97949, 17 },  // 틀
    { 0xD2C2,  97990, 17 },  // 틂
    { 0xD2C8,  98031, 17 },  // 틈
    { 0xD2C9,  98072, 17 },  // 틉
    { 0xD2CB,  98113, 17 },  // 틋
    { 0xD2D4,  98154, 17 },  // 틔
    { 0xD2D8,  98195, 17 },  // 틘
    { 0xD2DC,  98236, 17 },  // 틜
    { 0xD2E4,  98277, 17 },  // 틤
    { 0xD2E5,  98318, 17 },  // 틥
    { 0xD2F0,  98359, 17 },  // 티
    { 0xD2F1,  98400, 17 },  // 틱
    { 0xD2F4,  98441, 17 },  // 틴
    { 0xD2F8,  98482, 17 },  // 틸
    { 0xD300,  98523, 17 },  // 팀
    { 0xD301,  98564, 17 },  // 팁
    { 0xD303,  98605, 17 },  // 팃
    { 0xD305,  98646, 17 },  // 팅
    { 0xD30C,  98687, 17 },  // 파
    { 0xD30D,  98728, 17 },  // 팍
    { 0xD30E,  98769, 17 },  // 팎
    { 0xD310,  98810, 17 },  // 판
    { 0xD314,  98851, 17 },  // 팔
    { 0xD316,  98892, 17 },  // 팖
    { 0xD31C,  98933, 17 },  // 팜
    { 0xD31D,  98974, 17 },  // 팝
    { 0xD31F,  99015, 17 },  // 팟
    { 0xD320,  99056, 17 },  // 팠
    { 0xD321,  99097, 17 },  // 팡
    { 0xD325,  99138, 17 },  // 팥
    { 0xD328,  99179, 17 },  // 패
    { 0xD329,  99220, 17 },  // 팩
    { 0xD32C,  99261, 17 },  // 팬
    { 0xD330,  99302, 17 },  // 팰
    { 0xD338,  99343, 17 },  // 팸
    { 0xD339,  99384, 17 },  // 팹
    { 0xD33B,  99425, 17 },  // 팻
    { 0xD33C,  99466, 17 },  // 팼
    { 0xD33D,  99507, 17 },  // 팽
    { 0xD344,  99548, 17 },  // 퍄
    { 0xD345,  99589, 17 },  // 퍅
    { 0xD37C,  99630, 17 },  // 퍼
    { 0xD37D,  99671, 17 },  // 퍽
    { 0xD380,  99712, 17 },  // 펀
    { 0xD384,  99753, 17 },  // 펄
    { 0xD38C,  99794, 17 },  // 펌
    { 0xD38D,  99835, 17 },  // 펍
    { 0xD38F,  99876, 17 },  // 펏
    { 0xD390,  99917, 17 },  // 펐
    { 0xD391,  99958, 17 },  // 펑
    { 0xD398,  99999, 17 },  // 페
    { 0xD399, 100040, 17 },  // 펙
    { 0xD39C, 100081, 17 },  // 펜
    { 0xD3A0, 100122, 17 },  // 펠
    { 0xD3A8, 100163, 17 },  // 펨
    { 0xD3A9, 100204, 17 },  // 펩
    { 0xD3AB, 100245, 17 },  // 펫
    { 0xD3AD, 100286, 17 },  // 펭
    { 0xD3B4, 100327, 17 },  // 펴
    { 0xD3B8, 100368, 17 },  // 편
    { 0xD3BC, 100409, 17 },  // 펼
    { 0xD3C4, 100450, 17 },  // 폄
    { 0xD3C5, 100491, 17 },  // 폅
    { 0xD3C8, 100532, 17 },  // 폈
    { 0xD3C9, 100573, 17 },  // 평
    { 0xD3D0, 100614, 17 },  // 폐
    { 0xD3D8, 100655, 17 },  // 폘
    { 0xD3E1, 100696, 17 },  // 폡
    { 0xD3E3, 100737, 17 },  // 폣
    { 0xD3EC, 100778, 17 },  // 포
    { 0xD3ED, 100819, 17 },  // 폭
    { 0xD3F0, 100860, 17 },  // 폰
    { 0xD3F4, 100901, 17 },  // 폴
    { 0xD3FC, 100942, 17 },  // 폼
    { 0xD3FD, 100983, 17 },  // 폽
    { 0xD3FF, 101024, 17 },  // 폿
    { 0xD401, 101065, 17 },  // 퐁
    { 0xD408, 101106, 17 },  // 퐈
    { 0xD41D, 101147, 17 },  // 퐝
    { 0xD440, 101188, 17 },  // 푀
    { 0xD444, 101229, 17 },  // 푄
    { 0xD45C, 101270, 17 },  // 표
    { 0xD460, 101311, 17 },  // 푠
    { 0xD464, 101352, 17 },  // 푤
    { 0xD46D, 101393, 17 },  // 푭
    { 0xD46F, 101434, 17 },  // 푯
    { 0xD478, 101475, 17 },  // 푸
    { 0xD479, 101516, 17 },  // 푹
    { 0xD47C, 101557, 17 },  // 푼
    { 0xD47F, 101598, 17 },  // 푿
    { 0xD480, 101639, 17 },  // 풀
    { 0xD482, 101680, 17 },  // 풂
    { 0xD488, 101721, 17 },  // 품
    { 0xD489, 101762, 17 },  // 풉
    { 0xD48B, 101803, 17 },  // 풋
    { 0xD48D, 101844, 17 },  // 풍
    { 0xD494, 101885, 17 },  // 풔
    { 0xD4A9, 101926, 17 },  // 풩
    { 0xD4CC, 101967, 17 },  // 퓌
    { 0xD4D0, 102008, 17 },  // 퓐
    { 0xD4D4, 102049, 17 },  // 퓔
    { 0xD4DC, 102090, 17 },  // 퓜
    { 0xD4DF, 102131, 17 },  // 퓟
    { 0xD4E8, 102172, 17 },  // 퓨
    { 0xD4EC, 102213, 17 },  // 퓬
    { 0xD4F0, 102254, 17 },  // 퓰
    { 0xD4F8, 102295, 17 },  // 퓸
    { 0xD4FB, 102336, 17 },  // 퓻
    { 0xD4FD, 102377, 17 },  // 퓽
    { 0xD504, 102418, 17 },  // 프
    { 0xD508, 102459, 17 },  // 픈
    { 0xD50C, 102500, 17 },  // 플
    { 0xD514, 102541, 17 },  // 픔
    { 0xD515, 102582, 17 },  // 픕
    { 0xD517, 102623, 17 },  // 픗
    { 0xD53C, 102664, 17 },  // 피
    { 0xD53D, 102705, 17 },  // 픽
    { 0xD540, 102746, 17 },  // 핀
    { 0xD544, 102787, 17 },  // 필
    { 0xD54C, 102828, 17 },  // 핌
    { 0xD54D, 102869, 17 },  // 핍
    { 0xD54F, 102910, 17 },  // 핏
    { 0xD551, 102951, 17 },  // 핑
    { 0xD558, 102992, 17 },  // 하
    { 0xD559, 103033, 17 },  // 학
    { 0xD55C, 103074, 17 },  // 한
    { 0xD560, 103115, 17 },  // 할
    { 0xD565, 103156, 17 },  // 핥
    { 0xD568, 103197, 17 },  // 함
    { 0xD569, 103238, 17 },  // 합
    { 0xD56B, 103279, 17 },  // 핫
    { 0xD56D, 103320, 17 },  // 항
    { 0xD574, 103361, 17 },  // 해
    { 0xD575, 103402, 17 },  // 핵
    { 0xD578, 103443, 17 },  // 핸
    { 0xD57C, 103484, 17 },  // 핼
    { 0xD584, 103525, 17 },  // 햄
    { 0xD585, 103566, 17 },  // 햅
    { 0xD587, 103607, 17 },  // 햇
    { 0xD588, 103648, 17 },  // 했
    { 0xD589, 103689, 17 },  // 행
    { 0xD590, 103730, 17 },  // 햐
    { 0xD5A5, 103771, 17 },  // 향
    { 0xD5C8, 103812, 17 },  // 허
    { 0xD5C9, 103853, 17 },  // 헉
    { 0xD5CC, 103894, 17 },  // 헌
    { 0xD5D0, 103935, 17 },  // 헐
    { 0xD5D2, 103976, 17 },  // 헒
    { 0xD5D8, 104017, 17 },  // 험
    { 0xD5D9, 104058, 17 },  // 헙
    { 0xD5DB, 104099, 17 },  // 헛
    { 0xD5DD, 104140, 17 },  // 헝
    { 0xD5E4, 104181, 17 },  // 헤
    { 0xD5E5, 104222, 17 },  // 헥
    { 0xD5E8, 104263, 17 },  // 헨
    { 0xD5EC, 104304, 17 },  // 헬
    { 0xD5F4, 104345, 17 },  // 헴
    { 0xD5F5, 104386, 17 },  // 헵
    { 0xD5F7, 104427, 17 },  // 헷
    { 0xD5F9, 104468, 17 },  // 헹
    { 0xD600, 104509, 17 },  // 혀
    { 0xD601, 104550, 17 },  // 혁
    { 0xD604, 104591, 17 },  // 현
    { 0xD608, 104632, 17 },  // 혈
    { 0xD610, 104673, 17 },  // 혐
    { 0xD611, 104714, 17 },  // 협
    { 0xD613, 104755, 17 },  // 혓
    { 0xD614, 104796, 17 },  // 혔
    { 0xD615, 104837, 17 },  // 형
    { 0xD61C, 104878, 17 },  // 혜
    { 0xD620, 104919, 17 },  // 혠
    { 0xD624, 104960, 17 },  // 혤
    { 0xD62D, 105001, 17 },  // 혭
    { 0xD638, 105042, 17 },  // 호
    { 0xD639, 105083, 17 },  // 혹
    { 0xD63C, 105124, 17 },  // 혼
    { 0xD640, 105165, 17 },  // 홀
    { 0xD645, 105206, 17 },  // 홅
    { 0xD648, 105247, 17 },  // 홈
    { 0xD649, 105288, 17 },  // 홉
    { 0xD64B, 105329, 17 },  // 홋
    { 0xD64D, 105370, 17 },  // 홍
    { 0xD651, 105411, 17 },  // 홑
    { 0xD654, 105452, 17 },  // 화
    { 0xD655, 105493, 17 },  // 확
    { 0xD658, 105534, 17 },  // 환
    { 0xD65C, 105575, 17 },  // 활
    { 0xD667, 105616, 17 },  // 홧
    { 0xD669, 105657, 17 },  // 황
    { 0xD670, 105698, 17 },  // 홰
    { 0xD671, 105739, 17 },  // 홱
    { 0xD674, 105780, 17 },  // 홴
    { 0xD683, 105821, 17 },  // 횃
    { 0xD685, 105862, 17 },  // 횅
    { 0xD68C, 105903, 17 },  // 회
    { 0xD68D, 105944, 17 },  // 획
    { 0xD690, 105985, 17 },  // 횐
    { 0xD694, 106026, 17 },  // 횔
    { 0xD69D, 106067, 17 },  // 횝
    { 0xD69F, 106108, 17 },  // 횟
    { 0xD6A1, 106149, 17 },  // 횡
    { 0xD6A8, 106190, 17 },  // 효
    { 0xD6AC, 106231, 17 },  // 횬
    { 0xD6B0, 106272, 17 },  // 횰
    { 0xD6B9, 106313, 17 },  // 횹
    { 0xD6BB, 106354, 17 },  // 횻
    { 0xD6C4, 106395, 17 },  // 후
    { 0xD6C5, 106436, 17 },  // 훅
    { 0xD6C8, 106477, 17 },  // 훈
    { 0xD6CC, 106518, 17 },  // 훌
    { 0xD6D1, 106559, 17 },  // 훑
    { 0xD6D4, 106600, 17 },  // 훔
    { 0xD6D7, 106641, 17 },  // 훗
    { 0xD6D9, 106682, 17 },  // 훙
    { 0xD6E0, 106723, 17 },  // 훠
    { 0xD6E4, 106764, 17 },  // 훤
    { 0xD6E8, 106805, 17 },  // 훨
    { 0xD6F0, 106846, 17 },  // 훰
    { 0xD6F5, 106887, 17 },  // 훵
    { 0xD6FC, 106928, 17 },  // 훼
    { 0xD6FD, 106969, 17 },  // 훽
    { 0xD700, 107010, 17 },  // 휀
    { 0xD704, 107051, 17 },  // 휄
    { 0xD711, 107092, 17 },  // 휑
    { 0xD718, 107133, 17 },  // 휘
    { 0xD719, 107174, 17 },  // 휙
    { 0xD71C, 107215, 17 },  // 휜
    { 0xD720, 107256, 17 },  // 휠
    { 0xD728, 107297, 17 },  // 휨
    { 0xD729, 107338, 17 },  // 휩
    { 0xD72B, 107379, 17 },  // 휫
    { 0xD72D, 107420, 17 },  // 휭
    { 0xD734, 107461, 17 },  // 휴
    { 0xD735, 107502, 17 },  // 휵
    { 0xD738, 107543, 17 },  // 휸
    { 0xD73C, 107584, 17 },  // 휼
    { 0xD744, 107625, 17 },  // 흄
    { 0xD747, 107666, 17 },  // 흇
    { 0xD749, 107707, 17 },  // 흉
    { 0xD750, 107748, 17 },  // 흐
    { 0xD751, 107789, 17 },  // 흑
    { 0xD754, 107830, 17 },  // 흔
    { 0xD756, 107871, 17 },  // 흖
    { 0xD757, 107912, 17 },  // 흗
    { 0xD758, 107953, 17 },  // 흘
    { 0xD759, 107994, 17 },  // 흙
    { 0xD760, 108035, 17 },  // 흠
    { 0xD761, 108076, 17 },  // 흡
    { 0xD763, 108117, 17 },  // 흣
    { 0xD765, 108158, 17 },  // 흥
    { 0xD769, 108199, 17 },  // 흩
    { 0xD76C, 108240, 17 },  // 희
    { 0xD770, 108281, 17 },  // 흰
    { 0xD774, 108322, 17 },  // 흴
    { 0xD77C, 108363, 17 },  // 흼
    { 0xD77D, 108404, 17 },  // 흽
    { 0xD781, 108445, 17 },  // 힁
    { 0xD788, 108486, 17 },  // 히
    { 0xD789, 108527, 17 },  // 힉
    { 0xD78C, 108568, 17 },  // 힌
    { 0xD790, 108609, 17 },  // 힐
    { 0xD798, 108650, 17 },  // 힘
    { 0xD799, 108691, 17 },  // 힙
    { 0xD79B, 108732, 17 },  // 힛
    { 0xD79D, 108773, 17 },  // 힝
    { 0xFF01, 108814, 18 },  // ！
    { 0xFF02, 108855, 18 },  // ＂
    { 0xFF03, 108896, 18 },  // ＃
    { 0xFF04, 108937, 18 },  // ＄
    { 0xFF05, 108978, 18 },  // ％
    { 0xFF06, 109019, 18 },  // ＆
    { 0xFF07, 109060, 18 },  // ＇
    { 0xFF08, 109101, 18 },  // （
    { 0xFF09, 109142, 18 },  // ）
    { 0xFF0A, 109183, 18 },  // ＊
    { 0xFF0B, 109224, 18 },  // ＋
    { 0xFF0C, 109265, 18 },  // ，
    { 0xFF0D, 109306, 18 },  // －
    { 0xFF0E, 109347, 18 },  // ．
    { 0xFF0F, 109388, 18 },  // ／
    { 0xFF10, 109429, 18 },  // ０
    { 0xFF11, 109470, 18 },  // １
    { 0xFF12, 109511, 18 },  // ２
    { 0xFF13, 109552, 18 },  // ３
    { 0xFF14, 109593, 18 },  // ４
    { 0xFF15, 109634, 18 },  // ５
    { 0xFF16, 109675, 18 },  // ６
    { 0xFF17, 109716, 18 },  // ７
    { 0xFF18, 109757, 18 },  // ８
    { 0xFF19, 109798, 18 },  // ９
    { 0xFF1A, 109839, 18 },  // ：
    { 0xFF1B, 109880, 18 },  // ；
    { 0xFF1C, 109921, 18 },  // ＜
    { 0xFF1D, 109962, 18 },  // ＝
    { 0xFF1E, 110003, 18 },  // ＞
    { 0xFF1F, 110044, 18 },  // ？
    { 0xFF20, 110085, 18 },  // ＠
    { 0xFF21, 110126, 18 },  // Ａ
    { 0xFF22, 110167, 18 },  // Ｂ
    { 0xFF23, 110208, 18 },  // Ｃ
    { 0xFF24, 110249, 18 },  // Ｄ
    { 0xFF25, 110290, 18 },  // Ｅ
    { 0xFF26, 110331, 18 },  // Ｆ
    { 0xFF27, 110372, 18 },  // Ｇ
    { 0xFF28, 110413, 18 },  // Ｈ
    { 0xFF29, 110454, 18 },  // Ｉ
    { 0xFF2A, 110495, 18 },  // Ｊ
    { 0xFF2B, 110536, 18 },  // Ｋ
    { 0xFF2C, 110577, 18 },  // Ｌ
    { 0xFF2D, 110618, 18 },  // Ｍ
    { 0xFF2E, 110659, 18 },  // Ｎ
    { 0xFF2F, 110700, 18 },  // Ｏ
    { 0xFF30, 110741, 18 },  // Ｐ
    { 0xFF31, 110782, 18 },  // Ｑ
    { 0xFF32, 110823, 18 },  // Ｒ
    { 0xFF33, 110864, 18 },  // Ｓ
    { 0xFF34, 110905, 18 },  // Ｔ
    { 0xFF35, 110946, 18 },  // Ｕ
    { 0xFF36, 110987, 18 },  // Ｖ
    { 0xFF37, 111028, 18 },  // Ｗ
    { 0xFF38, 111069, 18 },  // Ｘ
    { 0xFF39, 111110, 18 },  // Ｙ
    { 0xFF3A, 111151, 18 },  // Ｚ
    { 0xFF3B, 111192, 18 },  // ［
    { 0xFF3C, 111233, 18 },  // ＼
    { 0xFF3D, 111274, 18 },  // ］
    { 0xFF3E, 111315, 18 },  // ＾
    { 0xFF3F, 111356, 18 },  // ＿
    { 0xFF40, 111397, 18 },  // ｀
    { 0xFF41, 111438, 18 },  // ａ
    { 0xFF42, 111479, 18 },  // ｂ
    { 0xFF43, 111520, 18 },  // ｃ
    { 0xFF44, 111561, 18 },  // ｄ
    { 0xFF45, 111602, 18 },  // ｅ
    { 0xFF46, 111643, 18 },  // ｆ
    { 0xFF47, 111684, 18 },  // ｇ
    { 0xFF48, 111725, 18 },  // ｈ
    { 0xFF49, 111766, 18 },  // ｉ
    { 0xFF4A, 111807, 18 },  // ｊ
    { 0xFF4B, 111848, 18 },  // ｋ
    { 0xFF4C, 111889, 18 },  // ｌ
    { 0xFF4D, 111930, 18 },  // ｍ
    { 0xFF4E, 111971, 18 },  // ｎ
    { 0xFF4F, 112012, 18 },  // ｏ
    { 0xFF50, 112053, 18 },  // ｐ
    { 0xFF51, 112094, 18 },  // ｑ
    { 0xFF52, 112135, 18 },  // ｒ
    { 0xFF53, 112176, 18 },  // ｓ
    { 0xFF54, 112217, 18 },  // ｔ
    { 0xFF55, 112258, 18 },  // ｕ
    { 0xFF56, 112299, 18 },  // ｖ
    { 0xFF57, 112340, 18 },  // ｗ
    { 0xFF58, 112381, 18 },  // ｘ
    { 0xFF59, 112422, 18 },  // ｙ
    { 0xFF5A, 112463, 18 },  // ｚ
    { 0xFF5B, 112504, 18 },  // ｛
    { 0xFF5C, 112545, 18 },  // ｜
    { 0xFF5D, 112586, 18 },  // ｝
    { 0xFF5E, 112627, 18 },  // ～
    { 0xFFFD, 112668, 18 },  // �
};

const CJKFont KoreanFont18px PROGMEM = {
    KoreanFont18px_Bitmap,
    KoreanFont18px_Glyphs,
    2749,   // glyphCount
    18,     // width
    18,     // height
    19, // xAdvance
    -18,    // yOffset
};

} // namespace NicheGraphics
