// Korean bitmap font (CJK-only, no redundant Latin/ASCII): Noto Sans KR
// 2619 glyphs, 12x12 cell, native-rendered (not scaled from a larger source)
// Generated from kuroanji/InkHUD2's font_generator, adapted for 12px + CJK-only

#pragma once

#include <stdint.h>
#ifdef __AVR__
#include <avr/pgmspace.h>
#else
#define PROGMEM
#endif

#include "graphics/niche/Fonts/CJK/CJKFont.h"

namespace NicheGraphics {

const uint8_t KoreanFont12px_Bitmap[] PROGMEM = {
    0x1C, 0x2A, 0x5E, 0x71, 0x71, 0x7E, 0x36, 0x08, 0x00, 0x00, 0x00, 0x00, 0x00, 0x00, 0x00, 0x1C,
    0x38, 0x38, 0x00, 0x00, 0x00, 0x00, 0x00, 0x00, 0x1C, 0x3C, 0x3C, 0x1C, 0x00, 0x00, 0x00, 0x00,
    0x00, 0x00, 0x00, 0x00, 0x18, 0x1C, 0x18, 0x00, 0x00, 0x00, 0x00, 0x00, 0x00, 0x00, 0x00, 0x00,
    0x18, 0x18, 0x7E, 0x18, 0x18, 0x00, 0x7E, 0x7E, 0x00, 0x00, 0x00, 0x00, 0x00, 0x00, 0x00, 0x18,
    0x18, 0x00, 0x00, 0x00, 0x00, 0x00, 0x00, 0x00, 0x00, 0x00, 0x00, 0x18, 0x1C, 0x1C, 0x00, 0x00,
    0x00, 0x00, 0x00, 0x00, 0x00, 0x66, 0x34, 0x18, 0x1C, 0x26, 0x62, 0x00, 0x00, 0x00, 0x00, 0x00,
    0x00, 0x18, 0x00, 0x7E, 0x7E, 0x00, 0x18, 0x00, 0x00, 0x00, 0x00, 0x00, 0x00, 0x00, 0x00, 0x00,
    0x3C, 0x00, 0x00, 0x00, 0x00, 0x00, 0x00, 0x00, 0x00, 0x00, 0x00, 0x00, 0x7E, 0x00, 0x00, 0x00,
    0x00, 0x00, 0x00, 0x00, 0x08, 0x10, 0x18, 0x00, 0x00, 0x00, 0x00, 0x00, 0x00, 0x00, 0x00, 0x00,
    0x08, 0x08, 0x00, 0x00, 0x00, 0x00, 0x00, 0x00, 0x00, 0x00, 0x00, 0x00, 0x14, 0x38, 0x3C, 0x00,
    0x00, 0x00, 0x00, 0x00, 0x00, 0x00, 0x00, 0x00, 0x1C, 0x14, 0x00, 0x00, 0x00, 0x00, 0x00, 0x00,
    0x00, 0x00, 0x00, 0x00, 0x00, 0x00, 0x00, 0x18, 0x18, 0x18, 0x00, 0x00, 0x00, 0x00, 0x00, 0x00,
    0x00, 0x00, 0x00, 0x00, 0x00, 0x00, 0x00, 0x00, 0x00, 0x00, 0x00, 0x00, 0x00, 0x00, 0x00, 0x00,
    0x02, 0x66, 0x46, 0xEF, 0xF8, 0x18, 0x18, 0x18, 0x0F, 0x06, 0x00, 0x00, 0x00, 0x00, 0x67, 0xEF,
    0x68, 0x0E, 0x0E, 0x08, 0x08, 0x00, 0x00, 0x00, 0x00, 0x00, 0x00, 0x00, 0x20, 0xFF, 0x7F, 0x20,
    0x00, 0x00, 0x00, 0x00, 0x00, 0x00, 0x18, 0x3C, 0x3C, 0x08, 0x18, 0x18, 0x18, 0x08, 0x00, 0x00,
    0x00, 0x00, 0x00, 0x00, 0x06, 0xFF, 0x7F, 0x06, 0x00, 0x00, 0x00, 0x00, 0x00, 0x00, 0x18, 0x18,
    0x18, 0x18, 0x08, 0x3C, 0x3C, 0x18, 0x00, 0x00, 0x00, 0x00, 0x00, 0x06, 0x0C, 0x08, 0x58, 0x70,
    0x30, 0x20, 0x00, 0x00, 0x00, 0x00, 0xC3, 0xE7, 0xB5, 0x99, 0x99, 0xA5, 0xE7, 0xC3, 0x7E, 0x00,
    0x00, 0x00, 0x00, 0x00, 0x00, 0x00, 0x00, 0x00, 0x00, 0x00, 0x00, 0x00, 0x00, 0x00, 0x00, 0x00,
    0x40, 0x06, 0x00, 0x30, 0x00, 0x00, 0x00, 0x00, 0x00, 0x00, 0x00, 0x00, 0x00, 0x00, 0x00, 0x00,
    0x02, 0x00, 0x70, 0x0D, 0x00, 0xD0, 0x00, 0x00, 0x00, 0x00, 0x00, 0x00, 0x04, 0xC0, 0xC8, 0x0D,
    0x80, 0x90, 0x1B, 0x00, 0x00, 0x00, 0x00, 0x00, 0x00, 0x00, 0xC0, 0x18, 0xC2, 0x0E, 0x62, 0xB4,
    0x39, 0x46, 0x14, 0xE1, 0x68, 0x22, 0x46, 0x1D, 0xC0, 0x30, 0x00, 0x00, 0x00, 0x06, 0x00, 0x40,
    0x0F, 0xC0, 0x8C, 0x18, 0xC3, 0x58, 0x27, 0x00, 0x18, 0x00, 0x80, 0x00, 0x00, 0x00, 0x00, 0x00,
    0x60, 0x8C, 0x0F, 0x80, 0x30, 0x03, 0xC1, 0x6C, 0x3C, 0x01, 0x80, 0x10, 0x00, 0x00, 0x00, 0x00,
    0xF0, 0x1F, 0xC3, 0x06, 0x20, 0x26, 0x03, 0x60, 0x36, 0x03, 0x20, 0x23, 0x06, 0x1F, 0xC0, 0x70,
    0x00, 0x00, 0x10, 0x03, 0x00, 0x20, 0x06, 0x00, 0xC0, 0x0C, 0x00, 0x40, 0x06, 0x00, 0x20, 0x03,
    0x00, 0x10, 0x00, 0x00, 0x80, 0x0C, 0x00, 0x60, 0x02, 0x00, 0x30, 0x01, 0x00, 0x30, 0x02, 0x00,
    0x60, 0x0C, 0x00, 0x80, 0x00, 0x00, 0x28, 0x07, 0x80, 0x70, 0x07, 0x00, 0xE0, 0x0E, 0x00, 0xE0,
    0x07, 0x00, 0x70, 0x03, 0x80, 0x28, 0x00, 0x00, 0xA0, 0x0E, 0x00, 0x70, 0x07, 0x00, 0x38, 0x02,
    0x80, 0x38, 0x07, 0x00, 0x70, 0x0E, 0x00, 0xA0, 0x00, 0x00, 0x00, 0x07, 0x00, 0xF0, 0x0C, 0x00,
    0xC0, 0x0C, 0x00, 0xC0, 0x0C, 0x00, 0xC0, 0x00, 0x00, 0x00, 0x00, 0x00, 0x00, 0x00, 0x00, 0x18,
    0x01, 0x80, 0x18, 0x01, 0x80, 0x18, 0x01, 0x80, 0x78, 0x00, 0x00, 0x00, 0x00, 0x00, 0x00, 0x04,
    0x00, 0xB8, 0x0B, 0x00, 0xC0, 0x0C, 0x00, 0xC0, 0x0C, 0x00, 0xC0, 0x00, 0x00, 0x00, 0x00, 0x00,
    0x00, 0x01, 0x00, 0x38, 0x02, 0x80, 0x38, 0x03, 0x80, 0x38, 0x0E, 0x80, 0xF8, 0x00, 0x00, 0x00,
    0x00, 0x00, 0xF0, 0x0E, 0x00, 0xE0, 0x0C, 0x00, 0xC0, 0x0C, 0x00, 0xC0, 0x0C, 0x00, 0xE0, 0x0E,
    0x00, 0x70, 0x00, 0x00, 0x70, 0x07, 0x00, 0x30, 0x03, 0x00, 0x30, 0x03, 0x00, 0x30, 0x03, 0x00,
    0x30, 0x07, 0x00, 0x70, 0x00, 0x00, 0x00, 0x1F, 0xC0, 0x00, 0x1F, 0xC1, 0xFC, 0x02, 0x00, 0x20,
    0x02, 0x00, 0x20, 0x00, 0x00, 0x00, 0x00, 0x00, 0x00, 0x3F, 0xE3, 0xFE, 0x3F, 0xE0, 0x00, 0x00,
    0x03, 0xFE, 0x3F, 0xE3, 0xFE, 0x3F, 0xE0, 0x00, 0x00, 0x00, 0x20, 0x06, 0x00, 0xC0, 0x0C, 0x00,
    0xC0, 0x0C, 0x00, 0xC0, 0x0C, 0x00, 0xC0, 0x06, 0x00, 0x20, 0x00, 0x00, 0x60, 0x03, 0x00, 0x10,
    0x01, 0x00, 0x10, 0x01, 0x00, 0x10, 0x01, 0x00, 0x10, 0x07, 0x00, 0x40, 0x00, 0x00, 0xF0, 0x08,
    0x00, 0xC0, 0x08, 0x00, 0x80, 0x08, 0x00, 0x80, 0x0C, 0x00, 0x80, 0x0A, 0x00, 0xF0, 0x00, 0x00,
    0x70, 0x00, 0x00, 0x10, 0x01, 0x00, 0x10, 0x01, 0x00, 0x10, 0x01, 0x00, 0x20, 0x04, 0x00, 0x70,
    0x00, 0x00, 0x30, 0x05, 0x00, 0xA0, 0x0E, 0x00, 0xE0, 0x0E, 0x00, 0xE0, 0x0E, 0x00, 0xA0, 0x05,
    0x00, 0x30, 0x00, 0x00, 0x60, 0x05, 0x00, 0x28, 0x03, 0x80, 0x38, 0x03, 0x80, 0x38, 0x03, 0x80,
    0x38, 0x05, 0x00, 0x60, 0x00, 0x00, 0x70, 0x06, 0x00, 0x60, 0x06, 0x00, 0x60, 0x06, 0x00, 0x60,
    0x06, 0x00, 0x60, 0x07, 0x00, 0x70, 0x00, 0x00, 0x70, 0x03, 0x00, 0x30, 0x03, 0x00, 0x30, 0x03,
    0x00, 0x30, 0x03, 0x00, 0x30, 0x07, 0x00, 0x70, 0x00, 0x00, 0x00, 0x00, 0x00, 0x00, 0x00, 0x03,
    0xC0, 0x67, 0x70, 0x1E, 0x00, 0x00, 0x00, 0x00, 0x00, 0x00, 0x00, 0x00, 0x00, 0x00, 0x00, 0x00,
    0x04, 0x00, 0x70, 0x04, 0x00, 0x70, 0x00, 0x00, 0x00, 0x00, 0x00, 0x00, 0x00, 0x00, 0x00, 0x00,
    0x00, 0x00, 0x03, 0x00, 0x60, 0x03, 0x00, 0x60, 0x00, 0x00, 0x00, 0x00, 0x00, 0x00, 0x00, 0x00,
    0x00, 0x00, 0x00, 0x00, 0x06, 0x00, 0x30, 0x06, 0x00, 0x30, 0x00, 0x00, 0x00, 0x00, 0x00, 0x00,
    0x00, 0x00, 0x00, 0x1F, 0xC1, 0xFE, 0x1F, 0xE3, 0xFE, 0x5A, 0xD7, 0xAE, 0x20, 0x21, 0xFC, 0x07,
    0x00, 0x00, 0x00, 0x00, 0x20, 0x02, 0x00, 0x20, 0x02, 0x00, 0x20, 0x02, 0x00, 0x20, 0x02, 0x00,
    0x20, 0x02, 0x00, 0x00, 0x00, 0x00, 0x10, 0x01, 0x80, 0xD8, 0x0D, 0x80, 0xD8, 0x0D, 0x80, 0xD8,
    0x0D, 0x80, 0xD8, 0x01, 0x80, 0x00, 0x00, 0x00, 0x04, 0x30, 0xC3, 0x6C, 0x36, 0xC3, 0x6C, 0x36,
    0xC3, 0x6C, 0x36, 0xC1, 0x0C, 0x00, 0xC0, 0x00, 0x00, 0x00, 0x00, 0x00, 0x41, 0x8C, 0x0C, 0xC0,
    0x78, 0x03, 0x80, 0x38, 0x06, 0xC1, 0xC6, 0x30, 0x00, 0x00, 0x00, 0x00, 0x00, 0x0D, 0x00, 0xD8,
    0x09, 0x80, 0xF0, 0x07, 0x00, 0x88, 0x18, 0xC0, 0xD8, 0x0F, 0x80, 0x00, 0x00, 0x00, 0x00, 0x00,
    0x00, 0x00, 0x00, 0x00, 0x20, 0x02, 0x07, 0xFE, 0x3F, 0xE0, 0x00, 0x00, 0x00, 0x00, 0x00, 0x00,
    0x00, 0x00, 0x00, 0x20, 0x02, 0x03, 0xFE, 0x3F, 0xE0, 0x00, 0x0F, 0x81, 0xFC, 0x00, 0x00, 0x00,
    0x00, 0x00, 0x00, 0x02, 0x00, 0x20, 0x3F, 0xE3, 0xFE, 0x00, 0x01, 0xFC, 0x0F, 0x80, 0x00, 0x3F,
    0xE0, 0x00, 0x00, 0x00, 0x20, 0x02, 0x01, 0xFC, 0x10, 0xC1, 0x88, 0x0D, 0x80, 0x70, 0x07, 0x83,
    0xDE, 0x30, 0x60, 0x00, 0x00, 0x00, 0x00, 0x00, 0x00, 0x00, 0x00, 0x00, 0x00, 0x06, 0x00, 0x00,
    0x00, 0x00, 0x00, 0x00, 0x00, 0x00, 0x00, 0x00, 0x00, 0x00, 0x00, 0x00, 0x00, 0x00, 0x20, 0x07,
    0x00, 0x20, 0x00, 0x00, 0x00, 0x00, 0x00, 0x00, 0x00, 0x00, 0x00, 0x00, 0x00, 0x00, 0x00, 0x00,
    0x20, 0x06, 0x00, 0x00, 0x00, 0x00, 0x00, 0x00, 0x00, 0x00, 0x00, 0x00, 0x00, 0x00, 0x00, 0x00,
    0x02, 0x00, 0x60, 0x00, 0x00, 0x60, 0x02, 0x00, 0x00, 0x00, 0x00, 0x00, 0x00, 0x00, 0x00, 0x00,
    0x00, 0x00, 0x00, 0x04, 0x73, 0x2D, 0xA3, 0x8E, 0x00, 0x00, 0x00, 0x00, 0x00, 0x00, 0x0C, 0x00,
    0x80, 0x18, 0x01, 0x00, 0x18, 0x00, 0x80, 0x0C, 0x00, 0x40, 0x06, 0x00, 0x30, 0x03, 0x00, 0x18,
    0x18, 0x01, 0x00, 0x30, 0x03, 0x00, 0x30, 0x01, 0x00, 0x18, 0x00, 0xC0, 0x0C, 0x00, 0x60, 0x06,
    0x00, 0x30, 0x00, 0x00, 0x18, 0x01, 0x80, 0x30, 0x03, 0x00, 0x60, 0x04, 0x00, 0xC0, 0x08, 0x01,
    0x80, 0x18, 0x01, 0x00, 0x00, 0x00, 0x30, 0x03, 0x00, 0x60, 0x06, 0x00, 0xC8, 0x09, 0xC1, 0x90,
    0x10, 0x03, 0x00, 0x30, 0x02, 0x00, 0x00, 0x01, 0x80, 0x08, 0x00, 0xC0, 0x06, 0x00, 0x60, 0x03,
    0x00, 0x30, 0x01, 0x80, 0x18, 0x00, 0xC0, 0x0C, 0x00, 0x00, 0x70, 0x18, 0xC2, 0x02, 0x1F, 0xC5,
    0xFD, 0x5F, 0xD4, 0x21, 0x22, 0x22, 0x22, 0x18, 0xC0, 0x70, 0x00, 0x00, 0x42, 0x6D, 0x22, 0xDA,
    0x38, 0xE1, 0x8C, 0x18, 0xC1, 0x8C, 0x3C, 0xE2, 0xDA, 0x67, 0x30, 0x00, 0x00, 0x00, 0x20, 0x02,
    0x00, 0x20, 0x3F, 0xE3, 0xFE, 0x02, 0x00, 0x20, 0x02, 0x00, 0x20, 0x02, 0x00, 0x20, 0x00, 0x00,
    0xC8, 0x0D, 0x80, 0xC8, 0x3F, 0xF0, 0xD8, 0x0C, 0x80, 0xD8, 0x0D, 0x80, 0xD8, 0x0C, 0x80, 0x00,
    0x00, 0x01, 0xA4, 0x1B, 0x41, 0xB4, 0x3F, 0xE1, 0xBC, 0x1B, 0x41, 0xB4, 0x13, 0x43, 0x34, 0x30,
    0xC0, 0x00, 0x00, 0x00, 0x80, 0x0C, 0x00, 0x60, 0x03, 0x80, 0xF8, 0x0C, 0x00, 0xC0, 0x07, 0x00,
    0x38, 0x06, 0x00, 0x40, 0x00, 0x00, 0x00, 0x3F, 0xE2, 0x06, 0x20, 0xA2, 0x32, 0x26, 0x22, 0xC2,
    0x38, 0x23, 0x02, 0x3F, 0xE0, 0x00, 0x00, 0x00, 0x00, 0x16, 0x06, 0xA0, 0x01, 0x00, 0x10, 0x00,
    0x80, 0x0C, 0x00, 0x40, 0x02, 0x00, 0x00, 0x00, 0x00, 0x05, 0x55, 0x00, 0x04, 0x01, 0x0F, 0x84,
    0x11, 0x0F, 0x80, 0xF8, 0x06, 0x00, 0x01, 0x00, 0x05, 0x55, 0x00, 0x00, 0x00, 0x1F, 0xC1, 0x88,
    0x1D, 0xC1, 0x24, 0x12, 0xC1, 0x24, 0x1D, 0xC1, 0x88, 0x1F, 0x80, 0x00, 0x08, 0x83, 0xFE, 0x30,
    0x67, 0x8A, 0x2D, 0x22, 0x72, 0x26, 0x22, 0x72, 0x29, 0xA3, 0x8A, 0x30, 0x63, 0xFE, 0x00, 0x00,
    0x00, 0x00, 0x00, 0xF8, 0x1F, 0xC0, 0x0C, 0x00, 0xC0, 0x0C, 0x00, 0xC0, 0x00, 0x00, 0x00, 0x00,
    0x00, 0x00, 0x00, 0x00, 0x01, 0x98, 0x3D, 0xC0, 0x44, 0x04, 0x40, 0x44, 0x04, 0x40, 0x00, 0x00,
    0x00, 0x00, 0x00, 0x00, 0x00, 0x00, 0x01, 0x00, 0x3D, 0x80, 0xD8, 0x0D, 0x80, 0xD8, 0x0F, 0x40,
    0x00, 0x00, 0x00, 0x00, 0x00, 0x00, 0x00, 0x00, 0x00, 0x00, 0x10, 0x01, 0x00, 0x10, 0x01, 0x00,
    0x1F, 0xC0, 0x08, 0x00, 0x00, 0x00, 0x00, 0x00, 0x00, 0x00, 0x01, 0x3C, 0x33, 0x83, 0x10, 0x31,
    0x83, 0x78, 0x1E, 0xC0, 0x00, 0x00, 0x00, 0x00, 0x00, 0x00, 0x00, 0x00, 0x00, 0x00, 0x33, 0x83,
    0x3C, 0x33, 0xC3, 0x2C, 0x3F, 0xC0, 0x10, 0x00, 0x00, 0x00, 0x00, 0x00, 0x00, 0x00, 0x00, 0xF8,
    0x1F, 0x81, 0x00, 0x18, 0x01, 0x00, 0x1F, 0xC0, 0x08, 0x00, 0x00, 0x00, 0x00, 0x00, 0x00, 0x00,
    0x00, 0x98, 0x3F, 0xC3, 0x30, 0x33, 0x03, 0x30, 0x3F, 0xC0, 0x00, 0x00, 0x00, 0x00, 0x00, 0x00,
    0x00, 0x00, 0x01, 0xF8, 0x1F, 0xC0, 0x0C, 0x1F, 0x83, 0x00, 0x1F, 0x80, 0x00, 0x00, 0x00, 0x00,
    0x00, 0x00, 0x00, 0x00, 0x00, 0x98, 0x1F, 0xC0, 0x64, 0x1E, 0x41, 0x04, 0x1E, 0x40, 0x00, 0x00,
    0x00, 0x00, 0x00, 0x00, 0x00, 0x00, 0x01, 0x88, 0x1F, 0xC0, 0x74, 0x3F, 0x43, 0x34, 0x3F, 0xC0,
    0x00, 0x00, 0x00, 0x00, 0x00, 0x00, 0x00, 0x00, 0x01, 0x80, 0x1F, 0x40, 0x7C, 0x3F, 0xC3, 0x34,
    0x3F, 0xC0, 0x88, 0x00, 0x00, 0x00, 0x00, 0x00, 0x00, 0x00, 0x01, 0x80, 0x1D, 0x80, 0x58, 0x3D,
    0x83, 0x1C, 0x3F, 0x40, 0x00, 0x00, 0x00, 0x00, 0x00, 0x00, 0x00, 0x00, 0x01, 0x88, 0x1F, 0xC0,
    0x70, 0x3F, 0xC3, 0x30, 0x1F, 0xC0, 0x00, 0x00, 0x00, 0x00, 0x00, 0x00, 0x00, 0x00, 0x01, 0xFC,
    0x1F, 0xC0, 0x54, 0x3D, 0xC3, 0x1C, 0x1F, 0xC0, 0x00, 0x00, 0x00, 0x00, 0x00, 0x00, 0x00, 0x00,
    0x01, 0x80, 0x1F, 0xC0, 0xFC, 0x3D, 0xC3, 0x34, 0x3F, 0xC0, 0x00, 0x00, 0x00, 0x00, 0x00, 0x00,
    0x00, 0x00, 0x00, 0xF8, 0x1F, 0xC1, 0x0C, 0x18, 0xC1, 0x0C, 0x1F, 0xC0, 0x00, 0x00, 0x00, 0x00,
    0x00, 0x00, 0x00, 0x00, 0x00, 0x00, 0x10, 0xC1, 0xFC, 0x1F, 0xC1, 0x0C, 0x1F, 0xC0, 0xF0, 0x00,
    0x00, 0x00, 0x00, 0x00, 0x00, 0x00, 0x00, 0x00, 0x36, 0x43, 0xFC, 0x3F, 0xC3, 0x64, 0x3F, 0xC0,
    0x98, 0x00, 0x00, 0x00, 0x00, 0x00, 0x00, 0x00, 0x00, 0x00, 0x2D, 0x03, 0xD0, 0x3D, 0x82, 0xF8,
    0x3E, 0xC1, 0x00, 0x00, 0x00, 0x00, 0x00, 0x00, 0x00, 0x00, 0x00, 0x20, 0x02, 0x00, 0x20, 0x03,
    0x00, 0x78, 0x1C, 0xC0, 0x00, 0x00, 0x00, 0x00, 0x00, 0x00, 0x00, 0x00, 0x00, 0x00, 0x09, 0x80,
    0x98, 0x19, 0x81, 0xFC, 0x36, 0x40, 0x00, 0x00, 0x00, 0x00, 0x00, 0x00, 0x00, 0x00, 0x00, 0x70,
    0x0F, 0x81, 0x8C, 0x10, 0xC1, 0x8C, 0x0F, 0x80, 0x20, 0x00, 0x00, 0x00, 0x00, 0x00, 0x00, 0x00,
    0x01, 0xF8, 0x06, 0x00, 0x60, 0x06, 0x00, 0xD8, 0x18, 0xC0, 0x00, 0x00, 0x00, 0x00, 0x00, 0x00,
    0x00, 0x00, 0x03, 0xFC, 0x19, 0x80, 0x98, 0x19, 0x83, 0xFC, 0x26, 0x40, 0x00, 0x00, 0x00, 0x00,
    0x00, 0x00, 0x00, 0x00, 0x00, 0x20, 0x1F, 0xC1, 0xFC, 0x02, 0x00, 0x70, 0x1D, 0xC1, 0x8C, 0x00,
    0x00, 0x00, 0x00, 0x00, 0x00, 0x00, 0x01, 0xF8, 0x1F, 0xC0, 0x0C, 0x1F, 0xC0, 0x0C, 0x00, 0xC0,
    0x00, 0x00, 0x00, 0x00, 0x00, 0x00, 0x00, 0x00, 0x00, 0xF8, 0x1F, 0x81, 0x00, 0x1F, 0x81, 0x00,
    0x1F, 0x80, 0x00, 0x00, 0x00, 0x00, 0x00, 0x00, 0x00, 0x00, 0x01, 0xFC, 0x1F, 0xC0, 0xD8, 0x0D,
    0x80, 0xD8, 0x1F, 0xC0, 0xA8, 0x00, 0x00, 0x00, 0x00, 0x00, 0x00, 0x00, 0x00, 0x20, 0x1F, 0xC1,
    0xFC, 0x07, 0x80, 0xCC, 0x0F, 0x80, 0x70, 0x00, 0x00, 0x00, 0x00, 0x00, 0x40, 0x04, 0x00, 0x40,
    0x04, 0x00, 0x70, 0x07, 0x00, 0x40, 0x04, 0x00, 0x40, 0x04, 0x00, 0x40, 0x00, 0x00, 0x10, 0x0D,
    0x00, 0xD0, 0x0D, 0x00, 0xF0, 0x0F, 0x00, 0xD0, 0x0D, 0x00, 0xD0, 0x0D, 0x00, 0x10, 0x00, 0x00,
    0x00, 0x04, 0x00, 0x40, 0x07, 0x00, 0x70, 0x04, 0x00, 0x70, 0x04, 0x00, 0x40, 0x04, 0x00, 0x40,
    0x00, 0x00, 0x10, 0x0D, 0x00, 0xD0, 0x0F, 0x00, 0xD0, 0x0D, 0x00, 0xF0, 0x0D, 0x00, 0xD0, 0x0D,
    0x00, 0x10, 0x00, 0x00, 0x10, 0x01, 0x00, 0x10, 0x01, 0x00, 0x70, 0x07, 0x00, 0x10, 0x01, 0x00,
    0x10, 0x01, 0x00, 0x10, 0x00, 0x00, 0x00, 0x03, 0x80, 0x28, 0x03, 0x80, 0xE8, 0x0E, 0x80, 0x38,
    0x02, 0x80, 0x28, 0x03, 0x80, 0x08, 0x00, 0x00, 0x10, 0x01, 0x00, 0x10, 0x0F, 0x00, 0x10, 0x01,
    0x00, 0xF0, 0x01, 0x00, 0x10, 0x01, 0x00, 0x10, 0x00, 0x00, 0x08, 0x03, 0x80, 0x38, 0x0F, 0x80,
    0x38, 0x03, 0x80, 0xF8, 0x03, 0x80, 0x38, 0x03, 0x80, 0x08, 0x00, 0x00, 0x00, 0x00, 0x00, 0x00,
    0x02, 0x00, 0x20, 0x02, 0x00, 0x20, 0x3F, 0xE0, 0x00, 0x00, 0x00, 0x00, 0x00, 0x00, 0x08, 0x00,
    0xC0, 0x0C, 0x08, 0x80, 0x8E, 0x08, 0xE0, 0xC8, 0x7F, 0xC0, 0x08, 0x00, 0xC0, 0x08, 0x00, 0x00,
    0x02, 0x01, 0xE0, 0x1E, 0x09, 0x20, 0x9E, 0x09, 0xE0, 0xD2, 0x3F, 0xE0, 0x1E, 0x01, 0xE0, 0x02,
    0x00, 0x00, 0x04, 0x00, 0x40, 0x04, 0x00, 0x40, 0x44, 0x04, 0x40, 0x64, 0x3F, 0xC0, 0x04, 0x00,
    0x40, 0x04, 0x00, 0x00, 0x00, 0x00, 0x00, 0x00, 0x08, 0x80, 0x88, 0x08, 0x80, 0x88, 0x3F, 0xE3,
    0x76, 0x00, 0x00, 0x00, 0x00, 0x00, 0x00, 0x00, 0x03, 0xFE, 0x3F, 0xE0, 0x20, 0x02, 0x00, 0x20,
    0x02, 0x00, 0x00, 0x00, 0x00, 0x00, 0x00, 0x00, 0x04, 0x00, 0x60, 0x06, 0x00, 0x60, 0x36, 0x3F,
    0x60, 0xC6, 0x0D, 0xE0, 0xC6, 0x0C, 0x60, 0x04, 0x00, 0x00, 0x00, 0x00, 0xE0, 0x1E, 0x00, 0xE0,
    0x1E, 0x3F, 0xE0, 0x9E, 0x0B, 0xE0, 0x8E, 0x09, 0xE0, 0x02, 0x00, 0x00, 0x00, 0x00, 0x60, 0x06,
    0x00, 0x60, 0x1E, 0x1F, 0xE0, 0x66, 0x06, 0x60, 0x66, 0x06, 0x60, 0x02, 0x00, 0x00, 0x00, 0x00,
    0x03, 0xFC, 0x3F, 0xE0, 0x98, 0x09, 0x80, 0x98, 0x09, 0x80, 0x00, 0x00, 0x00, 0x00, 0x00, 0x00,
    0x00, 0x00, 0x00, 0x00, 0x00, 0x00, 0x00, 0x3F, 0xE0, 0x00, 0x00, 0x00, 0x00, 0x00, 0x00, 0x00,
    0x00, 0x00, 0x00, 0x00, 0x60, 0x06, 0x00, 0x60, 0x06, 0x00, 0x61, 0xFE, 0x1E, 0x60, 0x06, 0x00,
    0x60, 0x02, 0x00, 0x00, 0x20, 0x02, 0x00, 0x20, 0x02, 0x00, 0x20, 0x02, 0x00, 0x20, 0x02, 0x00,
    0x20, 0x02, 0x00, 0x20, 0x00, 0x00, 0x00, 0x00, 0x00, 0x00, 0x33, 0x03, 0x30, 0x33, 0x03, 0x30,
    0x3F, 0xC0, 0x00, 0x00, 0x00, 0x00, 0x00, 0x00, 0x00, 0x00, 0x00, 0x18, 0x33, 0xC3, 0x30, 0x33,
    0x03, 0x30, 0x3F, 0xC0, 0x00, 0x00, 0x00, 0x00, 0x00, 0x00, 0x00, 0x00, 0x00, 0x00, 0x31, 0x03,
    0x10, 0x31, 0x03, 0x38, 0x3E, 0xC1, 0x00, 0x00, 0x00, 0x00, 0x00, 0x00, 0x00, 0x00, 0x00, 0x00,
    0x31, 0x83, 0x18, 0x31, 0x83, 0x2C, 0x1F, 0xC0, 0x00, 0x00, 0x00, 0x00, 0x00, 0x00, 0x00, 0x00,
    0x03, 0x60, 0x3F, 0x81, 0xB8, 0x3B, 0x82, 0x3C, 0x3B, 0x40, 0x00, 0x00, 0x00, 0x00, 0x00, 0x00,
    0x00, 0x00, 0x01, 0x88, 0x1F, 0xC0, 0x70, 0x3F, 0x03, 0x30, 0x3F, 0xC0, 0x00, 0x00, 0x00, 0x00,
    0x00, 0x00, 0x00, 0x00, 0x03, 0x00, 0x3F, 0xC1, 0xFC, 0x3F, 0xC2, 0xFC, 0x3F, 0xE0, 0x20, 0x00,
    0x00, 0x00, 0x00, 0x00, 0x00, 0x00, 0x01, 0x80, 0x1D, 0x80, 0x58, 0x3D, 0xC3, 0x34, 0x3F, 0xC0,
    0x00, 0x00, 0x00, 0x00, 0x00, 0x00, 0x00, 0x00, 0x01, 0x98, 0x1F, 0xC0, 0x48, 0x1F, 0xC3, 0x34,
    0x3F, 0xC0, 0x08, 0x00, 0x00, 0x00, 0x00, 0x00, 0x00, 0x00, 0x00, 0x80, 0x3F, 0x43, 0x7C, 0x37,
    0xC3, 0x74, 0x3F, 0xC0, 0x00, 0x00, 0x00, 0x00, 0x00, 0x00, 0x00, 0x00, 0x01, 0x80, 0x3D, 0x02,
    0xD0, 0x2D, 0x82, 0xF8, 0x3E, 0xC0, 0x00, 0x00, 0x00, 0x00, 0x00, 0x00, 0x00, 0x00, 0x01, 0x80,
    0x3D, 0x82, 0x58, 0x37, 0x83, 0x6C, 0x3F, 0xC0, 0x00, 0x00, 0x00, 0x00, 0x00, 0x00, 0x00, 0x0F,
    0x81, 0xF8, 0x18, 0x81, 0xF8, 0x0F, 0x80, 0x60, 0x0F, 0x00, 0x70, 0x00, 0x00, 0x00, 0x00, 0x00,
    0x00, 0x00, 0x00, 0x18, 0x37, 0xC3, 0xCC, 0x3C, 0xC3, 0x4C, 0x3C, 0xC0, 0x80, 0x00, 0x00, 0x00,
    0x00, 0x00, 0x00, 0x00, 0x00, 0x18, 0x37, 0xC3, 0xF0, 0x3F, 0x03, 0x70, 0x3F, 0xC0, 0x98, 0x00,
    0x00, 0x00, 0x00, 0x00, 0x00, 0x00, 0x00, 0x0C, 0x2B, 0xE3, 0xB6, 0x3B, 0x62, 0xF6, 0x3D, 0xE1,
    0x00, 0x00, 0x00, 0x00, 0x00, 0x00, 0x00, 0x00, 0x00, 0x0C, 0x3A, 0xC3, 0xA8, 0x3E, 0x82, 0xF8,
    0x3D, 0xC1, 0x04, 0x00, 0x00, 0x00, 0x00, 0x00, 0x00, 0x00, 0x00, 0x00, 0x2F, 0xC3, 0xD0, 0x3D,
    0x82, 0xF8, 0x3E, 0xC1, 0x80, 0x00, 0x00, 0x00, 0x00, 0x00, 0x00, 0x00, 0x00, 0x08, 0x37, 0xC3,
    0xF0, 0x3F, 0xC3, 0x70, 0x3F, 0xC0, 0x00, 0x00, 0x00, 0x00, 0x00, 0x00, 0x00, 0x08, 0x81, 0xF8,
    0x1F, 0x81, 0xF8, 0x0F, 0x80, 0x60, 0x0F, 0x00, 0xF0, 0x00, 0x00, 0x00, 0x00, 0x00, 0x00, 0x16,
    0x81, 0xFC, 0x1F, 0x81, 0xFC, 0x1F, 0x80, 0x60, 0x0F, 0x00, 0xF0, 0x00, 0x00, 0x00, 0x00, 0x00,
    0x00, 0x00, 0x00, 0x1C, 0x05, 0xC0, 0x44, 0x0C, 0x40, 0xE4, 0x1B, 0x40, 0x00, 0x00, 0x00, 0x00,
    0x00, 0x00, 0x00, 0x00, 0x00, 0x00, 0x0D, 0x00, 0xD0, 0x0D, 0x01, 0xD0, 0x17, 0xC0, 0x0C, 0x00,
    0x00, 0x00, 0x00, 0x00, 0x00, 0x00, 0x00, 0x0C, 0x0D, 0xC0, 0xD0, 0x0D, 0x01, 0xF0, 0x17, 0xC0,
    0x0C, 0x00, 0x00, 0x00, 0x00, 0x00, 0x00, 0x00, 0x00, 0x00, 0x0D, 0x40, 0xDC, 0x0D, 0xC1, 0xF4,
    0x17, 0xC0, 0x08, 0x00, 0x00, 0x00, 0x00, 0x00, 0x00, 0x00, 0x00, 0xDC, 0x0D, 0xC0, 0xC8, 0x0C,
    0x81, 0xFC, 0x13, 0x60, 0x00, 0x00, 0x00, 0x00, 0x00, 0x00, 0x00, 0x00, 0x00, 0x00, 0x02, 0x00,
    0x70, 0x07, 0x00, 0x58, 0x0F, 0x80, 0xF8, 0x00, 0x00, 0x00, 0x00, 0x00, 0x00, 0x00, 0x00, 0x88,
    0x1D, 0xC3, 0x74, 0x36, 0x43, 0x74, 0x1D, 0xC0, 0x00, 0x00, 0x00, 0x00, 0x00, 0x00, 0x00, 0x00,
    0x00, 0x60, 0x06, 0x01, 0xF8, 0x19, 0x81, 0x08, 0x1F, 0x80, 0xF0, 0x00, 0x00, 0x00, 0x00, 0x00,
    0x00, 0x00, 0x00, 0x00, 0x19, 0x81, 0xD8, 0x35, 0x83, 0x78, 0x1E, 0x40, 0x00, 0x00, 0x00, 0x00,
    0x00, 0x00, 0x00, 0x00, 0x00, 0x00, 0x19, 0x81, 0xD8, 0x37, 0x83, 0x6C, 0x1F, 0xC0, 0x00, 0x00,
    0x00, 0x00, 0x00, 0x00, 0x00, 0x0F, 0x80, 0xF8, 0x0D, 0x80, 0xF8, 0x0F, 0x80, 0x70, 0x05, 0x80,
    0x70, 0x00, 0x00, 0x00, 0x00, 0x00, 0x00, 0x00, 0x00, 0x88, 0x1F, 0xC1, 0xFC, 0x1D, 0xC3, 0x74,
    0x1F, 0xC0, 0x88, 0x00, 0x00, 0x00, 0x00, 0x00, 0x00, 0x00, 0x00, 0xF8, 0x02, 0x00, 0x70, 0x0D,
    0x80, 0x88, 0x0F, 0x80, 0x70, 0x00, 0x00, 0x00, 0x00, 0x00, 0x08, 0x00, 0xC0, 0x0C, 0x12, 0xE1,
    0x6C, 0x16, 0xC1, 0x6E, 0x7F, 0x80, 0x0C, 0x00, 0xC0, 0x08, 0x00, 0x00, 0x12, 0x01, 0xE0, 0x1E,
    0x15, 0xE1, 0xDE, 0x15, 0xE1, 0xFE, 0x3F, 0xE0, 0x1E, 0x01, 0xE0, 0x02, 0x00, 0x00, 0x04, 0x00,
    0x40, 0x04, 0x08, 0x40, 0xB4, 0x0B, 0x40, 0xB4, 0x3F, 0xC0, 0x04, 0x00, 0x40, 0x04, 0x00, 0x00,
    0x04, 0x00, 0x60, 0x06, 0x00, 0x63, 0xF6, 0x3F, 0x61, 0x7E, 0x17, 0xE1, 0x7E, 0x16, 0x60, 0x04,
    0x00, 0x00, 0x00, 0x01, 0xE0, 0x0E, 0x01, 0xE3, 0xFE, 0x1F, 0xE1, 0x7E, 0x17, 0xE1, 0xDE, 0x14,
    0xE0, 0x02, 0x00, 0x00, 0x00, 0x00, 0x60, 0x06, 0x00, 0x60, 0x1E, 0x3F, 0xE0, 0xB6, 0x0B, 0x60,
    0xB6, 0x0B, 0x60, 0x02, 0x00, 0x00, 0x00, 0x00, 0x00, 0x00, 0x00, 0x00, 0x00, 0x03, 0x00, 0x20,
    0x00, 0x00, 0x00, 0x00, 0x00, 0x00, 0x00, 0x00, 0x10, 0x01, 0x80, 0x18, 0x01, 0x80, 0x58, 0x07,
    0x80, 0x18, 0x01, 0x80, 0x18, 0x01, 0x80, 0x10, 0x08, 0x83, 0xFE, 0x30, 0x67, 0x8A, 0x2D, 0x22,
    0x72, 0x26, 0x22, 0x72, 0x29, 0xA3, 0x8A, 0x30, 0x63, 0xFE, 0x00, 0x00, 0x08, 0x3E, 0x83, 0xE8,
    0x04, 0x80, 0x4E, 0x0C, 0xE1, 0x88, 0x30, 0x86, 0x08, 0x00, 0x80, 0x08, 0x00, 0x00, 0x08, 0x3E,
    0xC0, 0x6C, 0x0C, 0xE1, 0x88, 0x70, 0xC0, 0x08, 0x1F, 0xC0, 0x0C, 0x00, 0xC0, 0x08, 0x00, 0x00,
    0x04, 0x3E, 0xC1, 0xEC, 0x06, 0xE0, 0xCE, 0x38, 0xC3, 0x0C, 0x10, 0xC1, 0x00, 0x1F, 0xC1, 0xFC,
    0x00, 0x00, 0x0C, 0x3E, 0xC0, 0x6E, 0x06, 0xE1, 0xCC, 0x30, 0xC1, 0xFC, 0x1F, 0x81, 0x00, 0x1F,
    0xC1, 0xFC, 0x00, 0x00, 0x04, 0x3E, 0xC0, 0x6E, 0x04, 0xE1, 0xCC, 0x30, 0xC1, 0xFC, 0x0F, 0xC1,
    0xFC, 0x1F, 0xC1, 0xFC, 0x00, 0x03, 0xEC, 0x3E, 0xC0, 0x6E, 0x0C, 0xC3, 0x8C, 0x30, 0xC1, 0xFC,
    0x1C, 0xC3, 0xCC, 0x1E, 0xC0, 0x00, 0x00, 0x00, 0x08, 0x3E, 0xC0, 0x6E, 0x0C, 0xE3, 0x8C, 0x70,
    0x83, 0xF8, 0x3E, 0xC3, 0xEC, 0x3F, 0xC3, 0xF8, 0x00, 0x00, 0x04, 0x3E, 0xC0, 0x6E, 0x06, 0xE1,
    0xCC, 0x30, 0x41, 0xFC, 0x1F, 0xC1, 0x04, 0x1F, 0xC1, 0xFC, 0x00, 0x00, 0x04, 0x3E, 0xC0, 0x6E,
    0x06, 0xE1, 0xCC, 0x30, 0xC1, 0x04, 0x1F, 0xC1, 0xAC, 0x1F, 0xC1, 0xFC, 0x00, 0x03, 0xEC, 0x3E,
    0xC0, 0x6E, 0x0C, 0xC3, 0x8C, 0x20, 0xC1, 0x68, 0x3E, 0x83, 0x7C, 0x1F, 0x60, 0x00, 0x00, 0x00,
    0x04, 0x3E, 0xC0, 0x6C, 0x06, 0x60, 0xCC, 0x38, 0xC3, 0x24, 0x03, 0x00, 0x70, 0x1D, 0xC1, 0x04,
    0x00, 0x00, 0x08, 0x3E, 0xC0, 0x6C, 0x0C, 0xE1, 0x88, 0x30, 0xC0, 0x98, 0x09, 0x81, 0xD8, 0x37,
    0x40, 0x20, 0x00, 0x00, 0x04, 0x3E, 0xC0, 0x6C, 0x06, 0xE0, 0xCC, 0x38, 0xC2, 0x7C, 0x1F, 0xC1,
    0x8C, 0x1F, 0xC0, 0xF8, 0x00, 0x00, 0x08, 0x3E, 0xC0, 0x6C, 0x04, 0xE1, 0xCC, 0x30, 0xC3, 0xFC,
    0x1F, 0x80, 0x70, 0x19, 0xC1, 0x0C, 0x00, 0x03, 0xCC, 0x3E, 0xC0, 0x4E, 0x0C, 0xC3, 0x8C, 0x26,
    0x81, 0xFC, 0x16, 0x80, 0xF0, 0x39, 0xC0, 0x00, 0x00, 0x00, 0x0C, 0x3E, 0xC0, 0x6E, 0x0C, 0xE1,
    0x8C, 0x30, 0xC1, 0xFC, 0x18, 0x01, 0xF8, 0x1F, 0xC1, 0xFC, 0x00, 0x00, 0x08, 0x3E, 0xC0, 0x6C,
    0x0C, 0xE1, 0x88, 0x70, 0xC1, 0xF8, 0x1F, 0x80, 0x90, 0x1F, 0x81, 0xF8, 0x00, 0x00, 0x08, 0x3E,
    0x80, 0x6E, 0x0C, 0xE1, 0x88, 0x76, 0x81, 0xFC, 0x1F, 0x81, 0xF8, 0x19, 0x80, 0xF0, 0x00, 0x00,
    0x02, 0x1D, 0xE1, 0xFA, 0x07, 0xA0, 0x5E, 0x0D, 0xE1, 0x9A, 0x31, 0xE0, 0x1A, 0x01, 0xE0, 0x02,
    0x00, 0x00, 0x0A, 0x1F, 0xE0, 0x7E, 0x05, 0xE0, 0xDA, 0x39, 0xE0, 0x1E, 0x0F, 0xE0, 0x06, 0x00,
    0x60, 0x02, 0x00, 0x00, 0x02, 0x1D, 0xE1, 0xFA, 0x05, 0xE0, 0xDE, 0x19, 0xA3, 0x1A, 0x09, 0xA0,
    0x80, 0x0F, 0xE0, 0xFE, 0x00, 0x00, 0x14, 0x3D, 0x60, 0x5C, 0x0D, 0xC1, 0x96, 0x31, 0x40, 0xFC,
    0x0F, 0xC1, 0xFC, 0x1F, 0xE0, 0xFE, 0x00, 0x00, 0x0A, 0x1F, 0xE0, 0x7E, 0x05, 0xE0, 0xDE, 0x39,
    0xE0, 0x1C, 0x0F, 0xE0, 0x86, 0x0F, 0xE0, 0xFE, 0x00, 0x00, 0x02, 0x1F, 0xE0, 0x7E, 0x05, 0xE0,
    0xDE, 0x39, 0xE0, 0x82, 0x0F, 0xE0, 0xD6, 0x0F, 0x60, 0xFE, 0x00, 0x00, 0x14, 0x3F, 0x40, 0x5C,
    0x0D, 0xC1, 0x94, 0x31, 0x42, 0x24, 0x03, 0x00, 0x78, 0x1C, 0xE0, 0x00, 0x00, 0x00, 0x14, 0x3D,
    0x61, 0xDE, 0x0D, 0xE1, 0x96, 0x31, 0x60, 0x88, 0x0C, 0x80, 0xDC, 0x17, 0x60, 0x20, 0x00, 0x00,
    0x04, 0x3F, 0xE0, 0x7E, 0x05, 0xE0, 0xDE, 0x19, 0x63, 0x7C, 0x0F, 0xC1, 0x86, 0x0F, 0xC0, 0x78,
    0x00, 0x00, 0x08, 0x3E, 0x83, 0xE8, 0x04, 0xE0, 0x4C, 0x0C, 0xC1, 0x8E, 0x30, 0x82, 0x08, 0x00,
    0x80, 0x08, 0x00, 0x00, 0x08, 0x3E, 0xC0, 0x6E, 0x0C, 0xC1, 0x8E, 0x70, 0xC0, 0x08, 0x1F, 0xC0,
    0x0C, 0x00, 0xC0, 0x08, 0x00, 0x00, 0x04, 0x3E, 0xC0, 0x6E, 0x06, 0xC0, 0xCE, 0x38, 0xE2, 0x0C,
    0x10, 0xC1, 0x00, 0x1F, 0xC1, 0xFC, 0x00, 0x00, 0x08, 0x3E, 0xC0, 0x6E, 0x0C, 0xC3, 0x8E, 0x70,
    0x81, 0xFC, 0x0F, 0xC3, 0xF8, 0x3F, 0x81, 0xFC, 0x00, 0x00, 0x08, 0x3E, 0xC0, 0x6E, 0x04, 0xC0,
    0xCE, 0x38, 0xE6, 0x28, 0x06, 0x00, 0xF0, 0x19, 0xC3, 0x0C, 0x00, 0x00, 0x08, 0x3E, 0xC0, 0x6E,
    0x0C, 0x81, 0xCE, 0x30, 0xC2, 0xF8, 0x1F, 0x83, 0x0C, 0x1F, 0x80, 0xF0, 0x00, 0x00, 0x02, 0x1D,
    0xA1, 0xFA, 0x06, 0xE0, 0x5E, 0x0D, 0xE1, 0x9E, 0x31, 0xA0, 0x1A, 0x01, 0xE0, 0x02, 0x00, 0x00,
    0x02, 0x1F, 0xA1, 0xEE, 0x05, 0xE0, 0xDE, 0x19, 0xE3, 0x1A, 0x08, 0xA0, 0x80, 0x0F, 0xE0, 0xFE,
    0x00, 0x00, 0x14, 0x3D, 0xC0, 0x5C, 0x0D, 0xC1, 0x9C, 0x31, 0x40, 0xFC, 0x0F, 0xC1, 0xFC, 0x1F,
    0xE0, 0xFE, 0x00, 0x00, 0x02, 0x1E, 0x61, 0xF6, 0x02, 0x60, 0x3E, 0x07, 0xE0, 0xC6, 0x18, 0x63,
    0x06, 0x00, 0x60, 0x02, 0x00, 0x00, 0x02, 0x1F, 0x60, 0x36, 0x07, 0xE0, 0xC6, 0x18, 0x61, 0x06,
    0x0F, 0xE0, 0x06, 0x00, 0x60, 0x02, 0x00, 0x00, 0x04, 0x3E, 0x41, 0xE4, 0x07, 0xC0, 0xDC, 0x18,
    0x43, 0x04, 0x08, 0x41, 0x80, 0x1F, 0xC0, 0xFC, 0x00, 0x00, 0x04, 0x3E, 0x60, 0x26, 0x07, 0xE0,
    0xC6, 0x38, 0x62, 0xFE, 0x1F, 0xC1, 0x80, 0x1F, 0xC0, 0xFC, 0x00, 0x00, 0x04, 0x3E, 0x60, 0x6E,
    0x07, 0xC1, 0xC6, 0x30, 0x40, 0xFC, 0x0F, 0xE1, 0xFC, 0x1F, 0xC0, 0xFE, 0x00, 0x00, 0x04, 0x3E,
    0x60, 0x2E, 0x07, 0xE1, 0xC6, 0x30, 0x61, 0xFE, 0x0F, 0x61, 0xF6, 0x1F, 0xE1, 0xFC, 0x00, 0x00,
    0x04, 0x3E, 0x60, 0x26, 0x07, 0xE0, 0xC6, 0x38, 0x63, 0xFE, 0x1F, 0xE1, 0x86, 0x1F, 0xE0, 0xFC,
    0x00, 0x00, 0x06, 0x3E, 0x60, 0x2E, 0x07, 0xE1, 0xC6, 0x38, 0x60, 0x84, 0x1F, 0xE1, 0xA6, 0x1B,
    0xE0, 0xFC, 0x00, 0x00, 0x04, 0x3E, 0x60, 0x66, 0x07, 0xE0, 0xC6, 0x38, 0x63, 0x36, 0x03, 0x40,
    0x78, 0x1C, 0xE1, 0x86, 0x00, 0x03, 0xEC, 0x3E, 0xC0, 0x7C, 0x0D, 0xC1, 0x84, 0x30, 0xC0, 0x98,
    0x19, 0x81, 0xDC, 0x37, 0x60, 0x00, 0x00, 0x00, 0x04, 0x1E, 0x60, 0x26, 0x07, 0xE0, 0xC6, 0x38,
    0x63, 0x7C, 0x0F, 0xC1, 0x86, 0x0F, 0xC0, 0x78, 0x00, 0x00, 0x04, 0x3F, 0x60, 0x36, 0x07, 0xE0,
    0xC6, 0x38, 0x63, 0xFE, 0x0F, 0xC0, 0x78, 0x1C, 0xE0, 0x82, 0x00, 0x00, 0x06, 0x3E, 0x60, 0x6E,
    0x07, 0xE1, 0xC6, 0x30, 0x60, 0xFC, 0x1F, 0xC1, 0xFC, 0x1F, 0xC0, 0xFC, 0x00, 0x00, 0x04, 0x1E,
    0x60, 0x26, 0x07, 0xE0, 0xC6, 0x38, 0x61, 0xFC, 0x0F, 0xC0, 0x48, 0x0F, 0xC1, 0xFC, 0x00, 0x00,
    0x04, 0x3E, 0x60, 0x2C, 0x07, 0xC1, 0xC6, 0x33, 0x41, 0xFC, 0x0F, 0xC0, 0xFC, 0x0C, 0xC0, 0x78,
    0x00, 0x00, 0x02, 0x1C, 0xE1, 0xEE, 0x06, 0xE0, 0x7E, 0x0F, 0xE1, 0x8E, 0x30, 0xE0, 0x0E, 0x00,
    0xE0, 0x02, 0x00, 0x00, 0x02, 0x1E, 0xE1, 0xEE, 0x07, 0xE0, 0xFE, 0x18, 0xE3, 0x1E, 0x08, 0xE0,
    0x80, 0x0F, 0xE0, 0xFE, 0x00, 0x00, 0x04, 0x3D, 0xE0, 0x5C, 0x0F, 0xC1, 0x9E, 0x31, 0xC0, 0xFC,
    0x0F, 0xC1, 0xFC, 0x1F, 0xE0, 0xFE, 0x00, 0x00, 0x0A, 0x1E, 0xE1, 0x6E, 0x07, 0xE0, 0xDE, 0x38,
    0xA0, 0xFE, 0x0F, 0xE0, 0x86, 0x0F, 0xE0, 0xFE, 0x00, 0x00, 0x02, 0x1E, 0xE0, 0x6E, 0x07, 0xE0,
    0xDE, 0x38, 0xE0, 0x82, 0x0F, 0xE0, 0xD6, 0x0F, 0x60, 0xFE, 0x00, 0x00, 0x02, 0x3F, 0xE1, 0x7E,
    0x07, 0xE0, 0xDE, 0x19, 0xE3, 0x16, 0x03, 0x00, 0x78, 0x1C, 0xE0, 0x82, 0x00, 0x00, 0x04, 0x3D,
    0xE0, 0x5C, 0x0F, 0xC0, 0xDC, 0x31, 0xC2, 0x88, 0x0C, 0x80, 0xDC, 0x1F, 0x60, 0x22, 0x00, 0x00,
    0x02, 0x3F, 0xE0, 0x7E, 0x07, 0xE0, 0xDE, 0x39, 0xE2, 0x7E, 0x0F, 0xE1, 0x86, 0x0F, 0xE0, 0x78,
    0x00, 0x00, 0x06, 0x1E, 0x61, 0xF6, 0x03, 0xE0, 0x26, 0x06, 0x60, 0xFE, 0x18, 0x63, 0x06, 0x00,
    0x60, 0x06, 0x00, 0x00, 0x04, 0x3E, 0x60, 0x3E, 0x06, 0x60, 0xFE, 0x38, 0x60, 0x04, 0x1F, 0xE0,
    0x66, 0x06, 0x60, 0x66, 0x00, 0x00, 0x04, 0x3E, 0x40, 0x3C, 0x06, 0xC0, 0xFC, 0x3B, 0xC3, 0x04,
    0x18, 0x41, 0x80, 0x1F, 0xC0, 0xFC, 0x00, 0x00, 0x04, 0x3E, 0x60, 0x7E, 0x06, 0x60, 0xFE, 0x38,
    0x60, 0xFE, 0x1F, 0xC1, 0x80, 0x1F, 0xC0, 0xFC, 0x00, 0x00, 0x04, 0x3F, 0x60, 0x3C, 0x07, 0xE1,
    0xDE, 0x30, 0x40, 0xFC, 0x0F, 0xE1, 0xFC, 0x1F, 0xC0, 0xFE, 0x00, 0x00, 0x04, 0x3E, 0x60, 0x7E,
    0x06, 0x60, 0xDE, 0x38, 0x60, 0xFE, 0x1F, 0xE1, 0x86, 0x1F, 0xE0, 0xFE, 0x00, 0x00, 0x06, 0x3F,
    0x60, 0x3E, 0x06, 0x60, 0xFE, 0x38, 0x60, 0x04, 0x1F, 0xE1, 0xA6, 0x1B, 0xE0, 0xFC, 0x00, 0x00,
    0x04, 0x3E, 0x40, 0x7C, 0x06, 0xC0, 0xFC, 0x39, 0xC3, 0x24, 0x03, 0x40, 0x78, 0x1C, 0xC1, 0x84,
    0x00, 0x00, 0x04, 0x3E, 0xC0, 0x7C, 0x04, 0xC1, 0xFC, 0x30, 0xC0, 0x88, 0x09, 0x81, 0x98, 0x3F,
    0xE2, 0x22, 0x00, 0x00, 0x06, 0x3E, 0x60, 0x3E, 0x06, 0x60, 0xFE, 0x38, 0x62, 0x7C, 0x0F, 0xC1,
    0x86, 0x0F, 0xC0, 0x78, 0x00, 0x00, 0x04, 0x3E, 0xC0, 0x3C, 0x06, 0x40, 0xFC, 0x38, 0x40, 0xFC,
    0x1F, 0xC1, 0xFC, 0x1F, 0xC0, 0xFC, 0x00, 0x00, 0x02, 0x1C, 0xE1, 0xEE, 0x07, 0xE0, 0x4E, 0x0F,
    0xE1, 0xBE, 0x30, 0xE0, 0x1E, 0x00, 0xE0, 0x02, 0x00, 0x00, 0x02, 0x1C, 0xE1, 0xFE, 0x07, 0xE0,
    0xDE, 0x1B, 0xE3, 0x1E, 0x08, 0xE0, 0x80, 0x0F, 0xE0, 0xFE, 0x00, 0x00, 0x04, 0x3D, 0xE0, 0x7C,
    0x0F, 0xC1, 0xBE, 0x31, 0x40, 0xFC, 0x0F, 0xC1, 0xFC, 0x1F, 0xE0, 0xFE, 0x00, 0x00, 0x02, 0x1F,
    0xE0, 0x7E, 0x07, 0xE0, 0xFE, 0x39, 0xE0, 0x82, 0x0F, 0xE0, 0xD6, 0x0F, 0xE0, 0xFE, 0x00, 0x00,
    0x02, 0x3D, 0xE1, 0x7E, 0x05, 0xE0, 0xFE, 0x19, 0xE3, 0x16, 0x03, 0x00, 0x78, 0x1C, 0xE0, 0x82,
    0x00, 0x00, 0x00, 0x1F, 0xC1, 0xFC, 0x00, 0x40, 0x0C, 0x06, 0xC0, 0x6C, 0x06, 0x03, 0xFE, 0x00,
    0x00, 0x00, 0x00, 0x01, 0xFC, 0x1F, 0xC0, 0x0C, 0x06, 0xC3, 0xFE, 0x3F, 0xE1, 0xFC, 0x1F, 0xC0,
    0x0C, 0x00, 0xC0, 0x00, 0x00, 0x01, 0xFC, 0x1F, 0xC0, 0x0C, 0x06, 0xC0, 0x68, 0x3F, 0xE0, 0x00,
    0x30, 0x03, 0x00, 0x1F, 0xC0, 0x00, 0x00, 0x01, 0xFC, 0x19, 0xC0, 0x0C, 0x06, 0xC3, 0xFE, 0x3F,
    0xE1, 0xFC, 0x3F, 0x83, 0x00, 0x3F, 0xC0, 0x00, 0x00, 0x01, 0xFC, 0x18, 0xC0, 0x6C, 0x06, 0xC3,
    0xFE, 0x1F, 0xC1, 0xFC, 0x1F, 0xC3, 0x00, 0x1F, 0xC0, 0x00, 0x00, 0x01, 0xFC, 0x18, 0xC0, 0x6C,
    0x06, 0xC3, 0xFE, 0x19, 0xC1, 0xFC, 0x1F, 0x43, 0xB4, 0x1F, 0xC0, 0x00, 0x00, 0x01, 0xFC, 0x08,
    0xC0, 0x64, 0x06, 0x43, 0xFE, 0x18, 0x81, 0xC8, 0x1C, 0x83, 0xDC, 0x1F, 0x60, 0x00, 0x00, 0x01,
    0xFC, 0x0B, 0xC0, 0x6C, 0x06, 0xC3, 0xFE, 0x18, 0x81, 0xFE, 0x1F, 0xC3, 0x34, 0x1F, 0xC0, 0x00,
    0x00, 0x01, 0xFC, 0x18, 0xC0, 0x0C, 0x06, 0xC3, 0xFE, 0x3F, 0xE1, 0xFC, 0x3F, 0xC3, 0x04, 0x3F,
    0xC0, 0x00, 0x00, 0x01, 0xFC, 0x18, 0xC0, 0x6C, 0x06, 0xC3, 0xFE, 0x00, 0x01, 0x0C, 0x3F, 0xC3,
    0x0C, 0x3F, 0xC0, 0x00, 0x00, 0x01, 0xFC, 0x1F, 0xC0, 0x0C, 0x06, 0xC3, 0xFE, 0x3F, 0xE0, 0x20,
    0x06, 0x00, 0xF8, 0x39, 0xC0, 0x00, 0x00, 0x01, 0xFC, 0x1F, 0xC0, 0x0C, 0x06, 0xC3, 0xFE, 0x3F,
    0xE0, 0xF0, 0x1F, 0xC1, 0x0C, 0x1F, 0x80, 0x00, 0x00, 0x01, 0xFC, 0x09, 0xC0, 0x0C, 0x06, 0xC3,
    0xFE, 0x3F, 0xE1, 0xFC, 0x07, 0x00, 0xF8, 0x18, 0xC0, 0x00, 0x00, 0x00, 0x08, 0x3E, 0xC3, 0xEC,
    0x02, 0x81, 0xAE, 0x1A, 0xE1, 0x88, 0x7F, 0xC3, 0x0C, 0x00, 0xC0, 0x08, 0x00, 0x00, 0x08, 0x3E,
    0xC0, 0x2C, 0x1A, 0xE1, 0xAC, 0x7F, 0xC3, 0xE8, 0x1F, 0x80, 0x0C, 0x00, 0xC0, 0x08, 0x00, 0x00,
    0x04, 0x3E, 0xC1, 0x7C, 0x0B, 0x60, 0xAE, 0x3F, 0xC3, 0xEC, 0x10, 0xC1, 0x00, 0x1F, 0xC1, 0xFC,
    0x00, 0x00, 0x08, 0x3E, 0xC0, 0x2C, 0x1A, 0xE3, 0xFC, 0x7E, 0xC1, 0xF8, 0x1F, 0xC1, 0xF8, 0x3F,
    0xC1, 0xFC, 0x00, 0x00, 0x04, 0x3F, 0xC0, 0x36, 0x0A, 0xE3, 0xFC, 0x3E, 0xC1, 0xFC, 0x1F, 0xC1,
    0xF4, 0x3F, 0xC1, 0xFC, 0x00, 0x00, 0x04, 0x3F, 0xC0, 0x34, 0x0B, 0x61, 0xBC, 0x3F, 0xC0, 0x0C,
    0x1F, 0xC1, 0x04, 0x1F, 0xC1, 0xFC, 0x00, 0x00, 0x04, 0x3F, 0xC0, 0x36, 0x0A, 0x61, 0xBC, 0x3F,
    0xC1, 0x04, 0x1F, 0xC1, 0xAC, 0x1F, 0xC1, 0xFC, 0x00, 0x03, 0xEC, 0x3E, 0xC0, 0x2C, 0x1A, 0xE1,
    0xAC, 0x7F, 0xC0, 0x2C, 0x06, 0x00, 0xF0, 0x19, 0xC0, 0x00, 0x00, 0x00, 0x04, 0x3F, 0xC0, 0x3C,
    0x0B, 0x60, 0xBC, 0x3F, 0xC0, 0x0C, 0x0F, 0x81, 0x8C, 0x1F, 0xC0, 0xF8, 0x00, 0x00, 0x02, 0x1F,
    0xE1, 0xFE, 0x03, 0xA0, 0xBE, 0x1B, 0xE1, 0x9A, 0x3F, 0xE0, 0x1A, 0x01, 0xE0, 0x02, 0x00, 0x00,
    0x02, 0x1F, 0xE0, 0x7E, 0x03, 0xE1, 0xBE, 0x3F, 0xE3, 0xDE, 0x09, 0xE1, 0x80, 0x1F, 0xE0, 0xFE,
    0x00, 0x00, 0x0A, 0x1F, 0xE0, 0x3E, 0x1B, 0xE1, 0xBE, 0x3F, 0xA0, 0xFE, 0x0F, 0xE1, 0xFE, 0x1F,
    0xE0, 0xFE, 0x00, 0x00, 0x02, 0x1F, 0xE0, 0x3E, 0x1B, 0xE1, 0xBE, 0x3F, 0xE0, 0x02, 0x1F, 0xE1,
    0xFE, 0x1B, 0x60, 0xFE, 0x00, 0x00, 0x14, 0x3F, 0xE0, 0x74, 0x17, 0xC1, 0xDC, 0x3F, 0x60, 0x14,
    0x09, 0x81, 0xD8, 0x37, 0x62, 0x22, 0x00, 0x00, 0x02, 0x1F, 0xE0, 0x7E, 0x03, 0xE1, 0xBE, 0x3F,
    0xE3, 0x7A, 0x0F, 0xC1, 0x86, 0x0F, 0xE0, 0x78, 0x00, 0x00, 0x02, 0x1F, 0x60, 0xFE, 0x01, 0xE0,
    0x56, 0x0D, 0x60, 0xC6, 0x1F, 0xE1, 0x86, 0x00, 0x60, 0x02, 0x00, 0x00, 0x06, 0x1F, 0x60, 0x16,
    0x0D, 0x60, 0xD6, 0x3F, 0xE1, 0xF6, 0x0F, 0xE0, 0x06, 0x00, 0x60, 0x02, 0x00, 0x00, 0x02, 0x1F,
    0x60, 0x16, 0x01, 0x60, 0xD6, 0x3F, 0xE3, 0xF6, 0x08, 0x60, 0x80, 0x0F, 0xE0, 0xFE, 0x00, 0x00,
    0x04, 0x1F, 0x40, 0x14, 0x0D, 0x41, 0xFC, 0x3F, 0x40, 0xFC, 0x0F, 0xC1, 0xFC, 0x1F, 0xE0, 0xFE,
    0x00, 0x00, 0x02, 0x1F, 0x60, 0x16, 0x05, 0x60, 0xD6, 0x3F, 0xE0, 0x06, 0x0F, 0xE0, 0x86, 0x0F,
    0xE0, 0xFE, 0x00, 0x00, 0x02, 0x1F, 0x60, 0x1E, 0x05, 0x60, 0xD6, 0x3F, 0xE0, 0x02, 0x0F, 0xE0,
    0xFE, 0x0F, 0x60, 0xFE, 0x00, 0x00, 0x04, 0x1F, 0x40, 0x34, 0x0B, 0x40, 0x84, 0x3F, 0xC0, 0x24,
    0x03, 0x40, 0x78, 0x1C, 0xE1, 0x04, 0x00, 0x00, 0x04, 0x1F, 0x40, 0x14, 0x09, 0x40, 0xD4, 0x3F,
    0xC1, 0x74, 0x0F, 0xC1, 0x84, 0x0F, 0xC0, 0x78, 0x00, 0x00, 0x00, 0x1F, 0xC1, 0xFC, 0x00, 0x40,
    0x04, 0x0B, 0x40, 0xBC, 0x0B, 0x03, 0xFE, 0x00, 0x00, 0x00, 0x00, 0x01, 0xFC, 0x1F, 0xC0, 0x04,
    0x0B, 0xC1, 0xB0, 0x7F, 0xE0, 0x00, 0x30, 0x03, 0x00, 0x1F, 0xC0, 0x00, 0x00, 0x01, 0xFC, 0x14,
    0xC0, 0xA4, 0x0B, 0x43, 0xFE, 0x1F, 0xC1, 0xFC, 0x1F, 0xC3, 0x00, 0x1F, 0xC0, 0x00, 0x00, 0x03,
    0xFC, 0x14, 0xC0, 0xAC, 0x0B, 0x47, 0xFE, 0x00, 0x01, 0x0C, 0x3F, 0xC3, 0x0C, 0x3F, 0xC0, 0x00,
    0x00, 0x01, 0xFC, 0x14, 0xC0, 0x84, 0x0B, 0x43, 0xFE, 0x3F, 0xE0, 0x20, 0x06, 0x00, 0xF8, 0x38,
    0xC0, 0x00, 0x00, 0x01, 0xFC, 0x1F, 0xC0, 0x04, 0x00, 0xC0, 0x0C, 0x3F, 0xE0, 0x20, 0x02, 0x00,
    0x20, 0x02, 0x00, 0x00, 0x00, 0x01, 0xFC, 0x1F, 0xC0, 0x04, 0x00, 0xC3, 0xFE, 0x02, 0x01, 0xFC,
    0x1F, 0xC0, 0x04, 0x00, 0x40, 0x00, 0x00, 0x01, 0xFC, 0x1F, 0xC0, 0x04, 0x00, 0x43, 0xFE, 0x3F,
    0xE1, 0x20, 0x12, 0x01, 0x84, 0x1F, 0xC0, 0x00, 0x00, 0x01, 0xFC, 0x1F, 0xC0, 0x04, 0x00, 0xC3,
    0xFE, 0x02, 0x01, 0xFC, 0x1D, 0x81, 0x00, 0x1F, 0xC0, 0x00, 0x00, 0x01, 0xFC, 0x0F, 0xC0, 0x04,
    0x3F, 0xE3, 0xFE, 0x1F, 0xC1, 0xFC, 0x1F, 0xC1, 0x80, 0x1F, 0xC0, 0x00, 0x00, 0x01, 0xFC, 0x1F,
    0xC0, 0x04, 0x3F, 0xE3, 0xFE, 0x06, 0x01, 0xFC, 0x1C, 0x43, 0xC4, 0x1E, 0x40, 0x00, 0x00, 0x01,
    0xFC, 0x1F, 0xC0, 0x04, 0x3F, 0xE3, 0xFE, 0x1F, 0xC1, 0xFC, 0x1F, 0x43, 0xB4, 0x1F, 0xC0, 0x00,
    0x00, 0x01, 0xFC, 0x0F, 0xC0, 0x04, 0x3F, 0xE3, 0xFE, 0x02, 0x81, 0xFE, 0x1D, 0xC3, 0xB4, 0x1F,
    0xC0, 0x00, 0x00, 0x01, 0xFC, 0x0F, 0xC0, 0x04, 0x00, 0xC3, 0xFE, 0x02, 0x01, 0xFC, 0x1D, 0xC1,
    0x04, 0x1F, 0xC0, 0x00, 0x00, 0x01, 0xFC, 0x0F, 0xC0, 0x04, 0x3F, 0xE3, 0xFE, 0x02, 0x01, 0xA4,
    0x1F, 0xC1, 0x04, 0x1F, 0xC0, 0x00, 0x00, 0x01, 0xFC, 0x1F, 0xC0, 0x04, 0x3F, 0xE3, 0xFE, 0x02,
    0x00, 0x20, 0x06, 0x00, 0xF8, 0x18, 0xC0, 0x00, 0x00, 0x01, 0xFC, 0x1F, 0xC0, 0x0C, 0x00, 0xC3,
    0xFE, 0x02, 0x00, 0xF8, 0x1D, 0xC3, 0x0C, 0x1F, 0x80, 0x00, 0x00, 0x01, 0xFC, 0x1F, 0xC0, 0x04,
    0x3F, 0xE3, 0xFE, 0x02, 0x01, 0xFC, 0x07, 0x00, 0xF8, 0x18, 0xC0, 0x00, 0x00, 0x00, 0x04, 0x1F,
    0x60, 0x36, 0x03, 0x60, 0x36, 0x3F, 0x60, 0xC6, 0x0D, 0xE0, 0xC6, 0x0C, 0x60, 0x04, 0x00, 0x00,
    0x02, 0x1F, 0x60, 0x16, 0x03, 0x63, 0xFE, 0x05, 0xE0, 0x46, 0x0F, 0xE0, 0x06, 0x00, 0x60, 0x02,
    0x00, 0x00, 0x02, 0x1F, 0x60, 0x16, 0x03, 0x63, 0xFE, 0x3E, 0x60, 0x5E, 0x1C, 0x61, 0x80, 0x1F,
    0xE0, 0xFE, 0x00, 0x00, 0x04, 0x1F, 0x60, 0x36, 0x3F, 0x63, 0xFE, 0x05, 0xE0, 0xFC, 0x0F, 0xE1,
    0xFC, 0x1F, 0xE0, 0xFE, 0x00, 0x00, 0x04, 0x1F, 0x60, 0x36, 0x3F, 0x63, 0xF6, 0x0D, 0xE0, 0xC4,
    0x0C, 0x80, 0xDC, 0x1F, 0x60, 0x00, 0x00, 0x00, 0x06, 0x1F, 0x60, 0x16, 0x03, 0x63, 0xFE, 0x0D,
    0xE0, 0xDE, 0x0F, 0xC1, 0x86, 0x0F, 0xE0, 0x78, 0x00, 0x00, 0x02, 0x1E, 0xE1, 0xEE, 0x02, 0xE0,
    0x2E, 0x3E, 0xE0, 0xCE, 0x0F, 0xA0, 0xCE, 0x0C, 0xA0, 0x02, 0x00, 0x00, 0x02, 0x3F, 0xE0, 0x6E,
    0x07, 0xE3, 0xFE, 0x0F, 0xE0, 0x9E, 0x0B, 0x60, 0x30, 0x1E, 0xE1, 0x86, 0x00, 0x00, 0x02, 0x1F,
    0x60, 0x36, 0x01, 0x60, 0x36, 0x3F, 0xE0, 0x46, 0x04, 0x60, 0x46, 0x04, 0x60, 0x02, 0x00, 0x00,
    0x02, 0x1F, 0x60, 0x16, 0x03, 0x63, 0xFE, 0x14, 0x60, 0x66, 0x0F, 0xE0, 0x06, 0x00, 0x60, 0x02,
    0x00, 0x00, 0x02, 0x1F, 0x60, 0x16, 0x01, 0x63, 0xFE, 0x3F, 0x60, 0x46, 0x1C, 0x61, 0x80, 0x1F,
    0xE0, 0xFE, 0x00, 0x00, 0x04, 0x1F, 0x40, 0x14, 0x03, 0x43, 0xFC, 0x0C, 0x40, 0xFC, 0x0F, 0xC1,
    0xFC, 0x1F, 0xE0, 0xFE, 0x00, 0x00, 0x02, 0x1F, 0x60, 0x16, 0x01, 0x63, 0xFE, 0x1E, 0x60, 0x66,
    0x0F, 0xE0, 0x86, 0x0F, 0xE0, 0xFE, 0x00, 0x00, 0xF2, 0x0F, 0x60, 0x16, 0x01, 0xE1, 0xFE, 0x06,
    0x60, 0x42, 0x0F, 0xE0, 0xFE, 0x0D, 0x60, 0xFE, 0x00, 0x00, 0x04, 0x1F, 0x40, 0x34, 0x03, 0x43,
    0xFC, 0x3C, 0x40, 0xC4, 0x03, 0x40, 0x78, 0x1C, 0xE1, 0x82, 0x00, 0x01, 0xFC, 0x1F, 0xC0, 0x0C,
    0x00, 0xC0, 0x0C, 0x3F, 0xE0, 0x98, 0x09, 0x80, 0x98, 0x09, 0x80, 0x00, 0x00, 0x01, 0xF8, 0x1F,
    0xC0, 0x0C, 0x00, 0xC7, 0xFE, 0x0D, 0x81, 0xD8, 0x31, 0x03, 0x00, 0x3F, 0xC0, 0x00, 0x00, 0x01,
    0xFC, 0x1F, 0xC0, 0x0C, 0x3F, 0xE7, 0xFE, 0x1F, 0x81, 0xFC, 0x1F, 0xC3, 0x00, 0x3F, 0xC0, 0x00,
    0x00, 0x00, 0x00, 0x1F, 0xC1, 0xFC, 0x00, 0x40, 0x0C, 0x00, 0xC0, 0x0C, 0x00, 0x03, 0xFE, 0x00,
    0x00, 0x00, 0x00, 0x01, 0xFC, 0x1F, 0xC0, 0x04, 0x00, 0xC3, 0xFE, 0x00, 0x01, 0xFC, 0x1F, 0xC0,
    0x04, 0x00, 0x40, 0x00, 0x00, 0x01, 0xFC, 0x1F, 0xC0, 0x04, 0x00, 0x43, 0xFE, 0x3F, 0xE1, 0x00,
    0x10, 0x01, 0x80, 0x1F, 0xC0, 0x00, 0x00, 0x01, 0xFC, 0x1F, 0xC0, 0x04, 0x00, 0xC3, 0xFE, 0x00,
    0x01, 0xFC, 0x1F, 0x81, 0x00, 0x1F, 0xC0, 0x00, 0x00, 0x01, 0xFC, 0x0F, 0xC0, 0x04, 0x3F, 0xE3,
    0xFE, 0x1F, 0xC0, 0xFC, 0x1F, 0xC1, 0x80, 0x1F, 0xC0, 0x00, 0x00, 0x01, 0xFC, 0x0F, 0xC0, 0x04,
    0x3F, 0xE3, 0xFE, 0x1D, 0xC1, 0xFC, 0x1E, 0x41, 0xC4, 0x1E, 0x40, 0x00, 0x00, 0x01, 0xFC, 0x1F,
    0xC0, 0x04, 0x00, 0xC3, 0xFE, 0x00, 0x01, 0xFC, 0x1F, 0xC1, 0x04, 0x1F, 0xC0, 0x00, 0x00, 0x01,
    0xFC, 0x0F, 0xC0, 0x04, 0x00, 0xC3, 0xFE, 0x00, 0x01, 0x84, 0x1F, 0xC1, 0x04, 0x1F, 0xC0, 0x00,
    0x00, 0x01, 0xFC, 0x1F, 0xC0, 0x04, 0x00, 0x43, 0xFE, 0x3F, 0xE0, 0x20, 0x06, 0x00, 0xF0, 0x1D,
    0xC0, 0x00, 0x00, 0x01, 0xFC, 0x1F, 0xC0, 0x04, 0x00, 0xC3, 0xFE, 0x00, 0x00, 0xF8, 0x18, 0xC1,
    0x0C, 0x1F, 0xC0, 0x00, 0x00, 0x00, 0x04, 0x1E, 0x61, 0xF4, 0x01, 0x40, 0x14, 0x03, 0x40, 0x04,
    0x3F, 0xC1, 0x84, 0x00, 0x60, 0x04, 0x00, 0x00, 0x02, 0x1F, 0x61, 0xF6, 0x03, 0x60, 0x36, 0x06,
    0x60, 0xC6, 0x18, 0x61, 0x06, 0x00, 0x60, 0x02, 0x00, 0x00, 0x02, 0x1F, 0x60, 0x36, 0x03, 0x60,
    0xE6, 0x18, 0x61, 0x06, 0x0F, 0xE0, 0x06, 0x00, 0x60, 0x02, 0x00, 0x00, 0x04, 0x1F, 0x40, 0x34,
    0x02, 0x40, 0xE4, 0x1C, 0x43, 0x04, 0x08, 0x41, 0x80, 0x1F, 0xC0, 0xFE, 0x00, 0x00, 0x04, 0x3E,
    0x40, 0x64, 0x06, 0x41, 0xC4, 0x30, 0x40, 0xFC, 0x1F, 0xC1, 0x80, 0x1F, 0xC0, 0xFC, 0x00, 0x00,
    0x04, 0x3F, 0x40, 0x24, 0x06, 0x41, 0xC4, 0x38, 0x40, 0xFC, 0x0F, 0xC1, 0xFC, 0x1F, 0xC0, 0xFE,
    0x00, 0x00, 0x02, 0x1F, 0x60, 0x36, 0x06, 0x61, 0xC6, 0x18, 0x60, 0xFE, 0x07, 0xE1, 0xFA, 0x1F,
    0xE0, 0xFE, 0x00, 0x00, 0x02, 0x1F, 0x60, 0x36, 0x02, 0x60, 0xE6, 0x18, 0x60, 0xFE, 0x0F, 0xE0,
    0x86, 0x0F, 0xE0, 0xFE, 0x00, 0x00, 0x02, 0x1F, 0x60, 0x36, 0x02, 0x60, 0xE6, 0x18, 0x60, 0x82,
    0x0F, 0xE0, 0xD6, 0x0F, 0xE0, 0xFE, 0x00, 0x00, 0x04, 0x1E, 0x40, 0x24, 0x06, 0x40, 0xC4, 0x38,
    0x43, 0x34, 0x03, 0x00, 0x78, 0x1C, 0xE1, 0x04, 0x00, 0x00, 0x04, 0x1F, 0x40, 0x34, 0x02, 0x40,
    0xC4, 0x38, 0x43, 0x7C, 0x0F, 0xC1, 0x86, 0x0F, 0xC0, 0x78, 0x00, 0x00, 0x04, 0x3F, 0x40, 0x24,
    0x06, 0x40, 0xC4, 0x38, 0x40, 0xFC, 0x0F, 0xC0, 0x70, 0x1C, 0xE0, 0x84, 0x00, 0x00, 0x06, 0x1F,
    0x60, 0x26, 0x06, 0x60, 0xC6, 0x38, 0x60, 0xFE, 0x0F, 0xC0, 0x48, 0x0F, 0xE1, 0xFE, 0x00, 0x00,
    0x0C, 0x3E, 0xC3, 0xFC, 0x1B, 0xC1, 0xAE, 0x12, 0xE3, 0x6C, 0x64, 0xC0, 0xCC, 0x00, 0xC0, 0x0C,
    0x00, 0x00, 0x08, 0x3E, 0xC1, 0xBC, 0x12, 0xE3, 0x6C, 0x24, 0xC0, 0xC8, 0x1F, 0xC0, 0x0C, 0x00,
    0xC0, 0x08, 0x00, 0x00, 0x08, 0x3F, 0xC1, 0xBC, 0x12, 0xE3, 0x6C, 0x2C, 0xC0, 0x08, 0x3F, 0xC0,
    0xCC, 0x0C, 0xC0, 0xC8, 0x00, 0x00, 0x0C, 0x3E, 0xC1, 0xFC, 0x1A, 0xE1, 0x2E, 0x36, 0xC0, 0x4C,
    0x10, 0xC1, 0x00, 0x1F, 0xC1, 0xFC, 0x00, 0x00, 0x08, 0x3E, 0xC1, 0xAC, 0x36, 0xE2, 0x4C, 0x0C,
    0x81, 0xF8, 0x1F, 0xC3, 0xF8, 0x3F, 0x81, 0xFC, 0x00, 0x00, 0x08, 0x3E, 0xC1, 0xAE, 0x32, 0xE2,
    0x6C, 0x0C, 0x83, 0xF8, 0x1E, 0xC3, 0xEC, 0x3F, 0xC3, 0xF8, 0x00, 0x00, 0x08, 0x3E, 0xC1, 0xAC,
    0x16, 0xE3, 0x4C, 0x2C, 0xC0, 0x88, 0x3F, 0xC3, 0x0C, 0x3F, 0xC1, 0xF8, 0x00, 0x00, 0x08, 0x3E,
    0xC1, 0xAE, 0x16, 0xE3, 0x4C, 0x2C, 0xC1, 0x08, 0x3F, 0xC3, 0x6C, 0x36, 0xC1, 0xF8, 0x00, 0x00,
    0x0C, 0x3E, 0xC1, 0xAC, 0x1A, 0xE3, 0x6C, 0x24, 0xC0, 0x0C, 0x06, 0x00, 0x70, 0x1D, 0xC1, 0x04,
    0x00, 0x00, 0x08, 0x3F, 0xC1, 0xBC, 0x12, 0xE3, 0x68, 0x2C, 0xC0, 0x88, 0x19, 0x81, 0x98, 0x37,
    0xC2, 0x20, 0x00, 0x00, 0x0C, 0x3F, 0xC0, 0xBE, 0x1B, 0xE3, 0x6C, 0x24, 0xC0, 0x78, 0x1F, 0xC1,
    0x0C, 0x1F, 0xC0, 0xF8, 0x00, 0x00, 0x0C, 0x3F, 0xC1, 0xBE, 0x12, 0xE3, 0x6C, 0x04, 0xC1, 0xFC,
    0x1F, 0x81, 0xF8, 0x1F, 0x81, 0xFC, 0x00, 0x00, 0x02, 0x15, 0xE3, 0xFE, 0x1B, 0xA1, 0xBE, 0x16,
    0xE3, 0x7E, 0x25, 0xE0, 0xDE, 0x01, 0xE0, 0x02, 0x00, 0x00, 0x12, 0x3F, 0xE1, 0xBE, 0x17, 0xE3,
    0x5E, 0x2D, 0xE0, 0xDE, 0x1F, 0xE0, 0x06, 0x00, 0x60, 0x06, 0x00, 0x00, 0x02, 0x3F, 0xE1, 0xF2,
    0x13, 0xE1, 0x7E, 0x35, 0x20, 0xDE, 0x19, 0xE1, 0x80, 0x1F, 0xE0, 0xFE, 0x00, 0x00, 0x12, 0x3F,
    0xE1, 0xBE, 0x17, 0xE3, 0x5A, 0x0D, 0xE0, 0xFE, 0x0F, 0xE0, 0xFC, 0x1F, 0xE0, 0xFE, 0x00, 0x00,
    0x12, 0x3F, 0xE1, 0xBE, 0x17, 0xE3, 0x5E, 0x2D, 0x20, 0xFE, 0x1F, 0xE1, 0x86, 0x1F, 0xE0, 0xFE,
    0x00, 0x00, 0x12, 0x3F, 0xE1, 0xBE, 0x17, 0xE3, 0x5E, 0x2D, 0xE0, 0x82, 0x0F, 0xE0, 0x96, 0x0F,
    0x60, 0xFE, 0x00, 0x00, 0x14, 0x3F, 0x41, 0x7C, 0x37, 0xC2, 0xD4, 0x29, 0x40, 0x24, 0x03, 0x00,
    0x78, 0x1C, 0xE0, 0x00, 0x00, 0x00, 0x14, 0x3F, 0x41, 0x7C, 0x35, 0xC2, 0xD4, 0x29, 0x40, 0x88,
    0x09, 0x81, 0xDC, 0x37, 0x60, 0x20, 0x00, 0x00, 0x02, 0x3F, 0xE1, 0xFE, 0x17, 0xE3, 0x7E, 0x2D,
    0xE0, 0x1A, 0x0F, 0xC1, 0x86, 0x0F, 0xE0, 0x7C, 0x00, 0x00, 0x04, 0x3E, 0xC3, 0xFC, 0x1B, 0xE1,
    0xAC, 0x12, 0xC3, 0x6E, 0x64, 0xC0, 0xCC, 0x00, 0xC0, 0x04, 0x00, 0x00, 0x08, 0x3F, 0xC1, 0xBE,
    0x12, 0xC3, 0x6E, 0x24, 0xC0, 0xC8, 0x1F, 0xC0, 0x0C, 0x00, 0xC0, 0x08, 0x00, 0x00, 0x08, 0x3E,
    0xC1, 0xAE, 0x36, 0xC2, 0x4E, 0x0C, 0x81, 0xF8, 0x1F, 0xC3, 0xF8, 0x3F, 0x81, 0xFC, 0x00, 0x00,
    0x04, 0x3F, 0x61, 0xF6, 0x09, 0x61, 0xBE, 0x1B, 0x63, 0x26, 0x36, 0x60, 0x46, 0x00, 0x60, 0x04,
    0x00, 0x00, 0x04, 0x3F, 0x60, 0x94, 0x1B, 0xC3, 0x24, 0x26, 0x40, 0x44, 0x1F, 0xC0, 0x04, 0x00,
    0x40, 0x04, 0x00, 0x00, 0x04, 0x3F, 0x60, 0xB6, 0x1B, 0xE3, 0x26, 0x26, 0x60, 0xC4, 0x1F, 0xE0,
    0x66, 0x06, 0x60, 0x64, 0x00, 0x00, 0x04, 0x3F, 0x61, 0xB6, 0x1B, 0xE1, 0xBE, 0x36, 0x60, 0x46,
    0x18, 0x61, 0x80, 0x1F, 0xC0, 0xFE, 0x00, 0x00, 0x04, 0x3F, 0x60, 0xBE, 0x1B, 0xE3, 0x66, 0x04,
    0x40, 0xFC, 0x0F, 0xE1, 0xFC, 0x1F, 0xC0, 0xFE, 0x00, 0x00, 0x04, 0x3F, 0x60, 0x96, 0x1B, 0xE3,
    0x36, 0x36, 0x60, 0xFE, 0x1F, 0xE1, 0x86, 0x1F, 0xE0, 0xFC, 0x00, 0x00, 0x06, 0x3F, 0x60, 0x9E,
    0x1B, 0xE3, 0x66, 0x26, 0x60, 0x84, 0x1F, 0xE1, 0xA6, 0x1F, 0xE0, 0xFC, 0x00, 0x00, 0x04, 0x3F,
    0x61, 0xB6, 0x1B, 0xE1, 0x36, 0x36, 0x60, 0x36, 0x03, 0x40, 0x78, 0x1C, 0xE1, 0x86, 0x00, 0x03,
    0xF4, 0x1F, 0x40, 0xBC, 0x1B, 0xC3, 0x64, 0x04, 0x40, 0xC8, 0x0C, 0x81, 0xDC, 0x13, 0x60, 0x00,
    0x00, 0x00, 0x06, 0x3F, 0x60, 0x96, 0x1B, 0xE3, 0x36, 0x26, 0x60, 0x7E, 0x0F, 0xC1, 0x86, 0x0F,
    0xC0, 0x78, 0x00, 0x00, 0x02, 0x3E, 0xE1, 0xEE, 0x17, 0xE3, 0x7E, 0x2C, 0xE0, 0x9E, 0x18, 0xE1,
    0x80, 0x1F, 0xE0, 0x00, 0x00, 0x00, 0x02, 0x3E, 0xE1, 0xAE, 0x17, 0xE3, 0x7E, 0x2C, 0xE0, 0xFE,
    0x1F, 0xE1, 0x86, 0x1F, 0xE0, 0xFE, 0x00, 0x00, 0x02, 0x3E, 0xE1, 0xEE, 0x17, 0xE3, 0x7E, 0x2C,
    0xE0, 0x16, 0x03, 0x00, 0x78, 0x1C, 0xE0, 0x02, 0x00, 0x00, 0x02, 0x3E, 0xE1, 0xEE, 0x1B, 0xE3,
    0x6E, 0x2C, 0xE0, 0x1A, 0x0F, 0xC1, 0x86, 0x0F, 0xE0, 0x7C, 0x00, 0x00, 0x04, 0x3F, 0x61, 0xF6,
    0x09, 0xE1, 0xB6, 0x1B, 0x61, 0x3E, 0x36, 0x60, 0x46, 0x00, 0x60, 0x04, 0x00, 0x00, 0x04, 0x3F,
    0x61, 0xBC, 0x1B, 0x61, 0x3C, 0x37, 0xC0, 0x46, 0x18, 0x41, 0x80, 0x1F, 0xC0, 0xFE, 0x00, 0x00,
    0x04, 0x3F, 0x40, 0xBC, 0x1B, 0xC3, 0x7C, 0x04, 0x40, 0xFC, 0x0F, 0xC1, 0xFC, 0x1F, 0xC0, 0xFE,
    0x00, 0x00, 0x04, 0x3F, 0x61, 0xBE, 0x1B, 0x61, 0x3E, 0x36, 0xE0, 0x46, 0x03, 0x40, 0x78, 0x1C,
    0xE1, 0x86, 0x00, 0x00, 0x04, 0x3F, 0x40, 0xBC, 0x1B, 0x43, 0x3C, 0x26, 0x40, 0x8C, 0x0C, 0x80,
    0xDC, 0x1F, 0x60, 0x22, 0x00, 0x00, 0x04, 0x3F, 0x60, 0xBE, 0x1B, 0x63, 0x7E, 0x24, 0x60, 0xFC,
    0x1F, 0xC1, 0xFC, 0x1F, 0xC0, 0xFC, 0x00, 0x00, 0x02, 0x14, 0xE3, 0xEE, 0x1B, 0xE1, 0xEE, 0x17,
    0xE3, 0x7E, 0x2C, 0xE0, 0x9E, 0x00, 0xE0, 0x02, 0x00, 0x00, 0x00, 0x3F, 0xC1, 0xDC, 0x0C, 0x40,
    0xCC, 0x0E, 0xC0, 0xAC, 0x02, 0x03, 0xFE, 0x00, 0x00, 0x00, 0x00, 0x03, 0xFC, 0x1D, 0xC0, 0xCC,
    0x0A, 0x43, 0xFE, 0x3F, 0xE1, 0xF8, 0x1F, 0xC0, 0x0C, 0x00, 0xC0, 0x00, 0x00, 0x03, 0xBC, 0x1D,
    0xC0, 0xCC, 0x0E, 0xC0, 0x20, 0x3F, 0xE0, 0x00, 0x30, 0x03, 0x00, 0x3F, 0xC0, 0x00, 0x00, 0x03,
    0xFC, 0x1D, 0xC0, 0xEC, 0x0A, 0xC3, 0xFE, 0x01, 0x81, 0x7C, 0x33, 0xC3, 0xEC, 0x1F, 0xC0, 0x00,
    0x00, 0x03, 0xFC, 0x1D, 0xC0, 0xE4, 0x0E, 0x43, 0xFE, 0x1F, 0xC1, 0xFC, 0x1F, 0xC3, 0x00, 0x1F,
    0xC0, 0x00, 0x00, 0x03, 0xFC, 0x1D, 0xC0, 0xCC, 0x0A, 0x43, 0xFE, 0x3F, 0xE1, 0xFC, 0x3F, 0xC3,
    0x04, 0x3F, 0xC0, 0x00, 0x00, 0x03, 0xFC, 0x1D, 0xC0, 0xCC, 0x0A, 0x83, 0xFE, 0x3F, 0xE1, 0x08,
    0x3F, 0xC3, 0x0C, 0x3F, 0xC0, 0x00, 0x00, 0x01, 0xDC, 0x1D, 0xC0, 0x44, 0x0F, 0x43, 0xFE, 0x3F,
    0xE0, 0x20, 0x03, 0x00, 0xF8, 0x18, 0xC0, 0x00, 0x00, 0x03, 0xFC, 0x1D, 0xC0, 0xCC, 0x0A, 0x43,
    0xFE, 0x3F, 0xE0, 0xF0, 0x1F, 0xC3, 0x0C, 0x1F, 0x80, 0x00, 0x00, 0x01, 0xDC, 0x0C, 0x40, 0x44,
    0x07, 0x43, 0xFE, 0x3F, 0xE1, 0xFC, 0x07, 0x00, 0xDC, 0x18, 0xC0, 0x00, 0x00, 0x03, 0xFC, 0x1D,
    0xC0, 0xEC, 0x0A, 0xC3, 0xFE, 0x02, 0x01, 0xFC, 0x17, 0x80, 0xF0, 0x39, 0xC0, 0x00, 0x00, 0x00,
    0x08, 0x3E, 0xC3, 0xFC, 0x13, 0xC1, 0xBE, 0x1A, 0xE0, 0x88, 0x7F, 0xC3, 0x0C, 0x00, 0xC0, 0x08,
    0x00, 0x00, 0x04, 0x3F, 0xC1, 0xB4, 0x1B, 0x61, 0xFC, 0x3F, 0xC3, 0xFC, 0x1F, 0xC0, 0x0C, 0x00,
    0xC0, 0x04, 0x00, 0x00, 0x08, 0x3E, 0xC1, 0x2C, 0x1A, 0xE0, 0xEC, 0x7F, 0xC1, 0xF8, 0x1F, 0xC1,
    0xF8, 0x3F, 0xC1, 0xFC, 0x00, 0x03, 0xEC, 0x3E, 0xC1, 0x2C, 0x1A, 0xE0, 0xEC, 0x7F, 0xC0, 0x88,
    0x19, 0x81, 0xDC, 0x36, 0x40, 0x00, 0x00, 0x00, 0x04, 0x3F, 0xC1, 0xBC, 0x1B, 0x61, 0xEC, 0x3F,
    0xC3, 0xFC, 0x0F, 0x81, 0x8C, 0x1F, 0xC0, 0xF8, 0x00, 0x00, 0x02, 0x3F, 0xA1, 0xFA, 0x1B, 0xA1,
    0xBE, 0x1F, 0xE0, 0xDA, 0x3F, 0xA1, 0x0A, 0x00, 0xA0, 0x02, 0x00, 0x00, 0x02, 0x3F, 0xE1, 0x3E,
    0x1B, 0xE1, 0xBE, 0x3F, 0xE3, 0xFE, 0x0F, 0xE0, 0x06, 0x00, 0x60, 0x02, 0x00, 0x00, 0x02, 0x3F,
    0xE1, 0x3E, 0x1B, 0xE0, 0xBE, 0x3F, 0xE3, 0x7A, 0x0F, 0xC1, 0x86, 0x0F, 0xE0, 0x78, 0x00, 0x00,
    0x02, 0x1F, 0x61, 0xFE, 0x09, 0xE0, 0xDE, 0x1F, 0x60, 0x66, 0x3F, 0xE1, 0x86, 0x00, 0x60, 0x02,
    0x00, 0x00, 0x04, 0x3F, 0x61, 0x9C, 0x19, 0xC1, 0xD4, 0x3F, 0xC3, 0xF4, 0x08, 0x41, 0x80, 0x1F,
    0xE0, 0xFE, 0x00, 0x00, 0x02, 0x3F, 0xE0, 0x9E, 0x1D, 0x60, 0xDE, 0x3F, 0xE0, 0xFE, 0x0F, 0xE1,
    0xFE, 0x1F, 0xE0, 0xFE, 0x00, 0x00, 0x02, 0x1F, 0xE0, 0xDE, 0x0D, 0xE0, 0xF6, 0x3F, 0xE0, 0xC6,
    0x0F, 0xE0, 0x86, 0x0F, 0xE0, 0xFE, 0x00, 0x00, 0x02, 0x1F, 0xE0, 0xDE, 0x0F, 0xE0, 0xEE, 0x3F,
    0xE0, 0x82, 0x0F, 0xE0, 0xFE, 0x0D, 0x60, 0xFE, 0x00, 0x00, 0x02, 0x3F, 0x61, 0x9E, 0x0D, 0xE0,
    0xD6, 0x3F, 0xE3, 0xFE, 0x0F, 0xC1, 0x86, 0x0F, 0xE0, 0x78, 0x00, 0x00, 0x00, 0x1F, 0xC1, 0xDE,
    0x0C, 0x60, 0xC4, 0x0D, 0xC0, 0xFC, 0x05, 0x83, 0xFE, 0x00, 0x00, 0x00, 0x00, 0x01, 0xDC, 0x1D,
    0xE0, 0x44, 0x04, 0x40, 0xCC, 0x3F, 0xE0, 0x20, 0x02, 0x00, 0x20, 0x02, 0x00, 0x00, 0x00, 0x01,
    0xDC, 0x1D, 0xC0, 0x44, 0x0C, 0xC3, 0xFE, 0x02, 0x01, 0xFC, 0x1F, 0xC0, 0x0C, 0x00, 0xC0, 0x00,
    0x00, 0x01, 0xDC, 0x1D, 0xC0, 0x44, 0x04, 0x43, 0xFE, 0x3F, 0xE1, 0x20, 0x12, 0x01, 0x80, 0x1F,
    0xC0, 0x00, 0x00, 0x01, 0xFC, 0x1F, 0xE0, 0x44, 0x3F, 0xE3, 0xFE, 0x1F, 0xC0, 0xDC, 0x1F, 0xC1,
    0x80, 0x1F, 0xE0, 0x00, 0x00, 0x01, 0xDC, 0x1D, 0xC0, 0x44, 0x3F, 0xE3, 0xFE, 0x02, 0x81, 0xFE,
    0x1F, 0xC3, 0xF4, 0x1F, 0xC0, 0x00, 0x00, 0x01, 0xDC, 0x1D, 0xE0, 0x44, 0x0C, 0x43, 0xFE, 0x02,
    0x01, 0xFC, 0x1D, 0xC1, 0x04, 0x1F, 0xC0, 0x00, 0x00, 0x01, 0xDC, 0x1D, 0xE0, 0x44, 0x3F, 0xE3,
    0xFE, 0x02, 0x01, 0xA4, 0x1F, 0xC1, 0x04, 0x1F, 0xC0, 0x00, 0x00, 0x01, 0xDC, 0x1D, 0xC0, 0x44,
    0x0C, 0x43, 0xFE, 0x02, 0x00, 0x20, 0x02, 0x00, 0xF8, 0x1D, 0xC0, 0x00, 0x00, 0x03, 0xDC, 0x1D,
    0xC0, 0xC4, 0x0C, 0xC3, 0xFE, 0x02, 0x01, 0xF8, 0x10, 0xC1, 0x0C, 0x1F, 0x80, 0x00, 0x00, 0x01,
    0xDC, 0x1D, 0xC0, 0x44, 0x0C, 0x43, 0xFE, 0x02, 0x01, 0xFC, 0x07, 0x00, 0xF8, 0x18, 0xC0, 0x00,
    0x00, 0x00, 0x04, 0x3F, 0x61, 0xF6, 0x09, 0x60, 0x9E, 0x3F, 0xE0, 0x46, 0x05, 0xE0, 0x46, 0x04,
    0x60, 0x06, 0x00, 0x00, 0x04, 0x3F, 0x40, 0xB4, 0x3F, 0x43, 0xFC, 0x09, 0xC1, 0xFC, 0x0F, 0xC1,
    0xFC, 0x1F, 0xC1, 0xFC, 0x00, 0x00, 0x04, 0x3F, 0x40, 0xB4, 0x1B, 0x43, 0xF4, 0x0D, 0xC0, 0x84,
    0x08, 0x80, 0xDC, 0x37, 0x60, 0x22, 0x00, 0x00, 0x06, 0x1F, 0x60, 0xD6, 0x0F, 0x63, 0xFE, 0x0D,
    0xE0, 0x56, 0x0F, 0xC1, 0x86, 0x0F, 0xC0, 0x78, 0x00, 0x00, 0x0A, 0x3E, 0xE1, 0xEE, 0x1A, 0xE1,
    0xFE, 0x3F, 0xE0, 0xBE, 0x0B, 0xE0, 0xCE, 0x08, 0xE0, 0x02, 0x00, 0x00, 0x02, 0x3F, 0xE1, 0xBE,
    0x1B, 0xE3, 0xFE, 0x0D, 0xE0, 0xDA, 0x1F, 0xE0, 0x06, 0x00, 0x60, 0x02, 0x00, 0x00, 0x04, 0x3F,
    0xE1, 0xFC, 0x13, 0xC3, 0xFC, 0x2F, 0xC0, 0xBC, 0x19, 0xC1, 0x80, 0x1F, 0xE1, 0xFE, 0x00, 0x00,
    0x04, 0x3F, 0xE1, 0x3C, 0x3F, 0xC3, 0xFC, 0x0B, 0xC1, 0xFC, 0x0F, 0xC1, 0xFC, 0x1F, 0xE1, 0xFE,
    0x00, 0x00, 0x02, 0x3F, 0xE1, 0xBE, 0x1B, 0xE3, 0xFE, 0x0D, 0xE0, 0xDE, 0x0F, 0xE1, 0x86, 0x1F,
    0xE0, 0xFE, 0x00, 0x00, 0x02, 0x3F, 0xE1, 0xBE, 0x1B, 0xE3, 0xFE, 0x0D, 0xE0, 0x02, 0x1F, 0xE1,
    0xFE, 0x1F, 0x60, 0xFE, 0x00, 0x00, 0x04, 0x3F, 0xE1, 0x3C, 0x17, 0xC3, 0xFC, 0x0B, 0xE0, 0x9C,
    0x0C, 0x80, 0xDC, 0x3F, 0x60, 0x20, 0x00, 0x00, 0x02, 0x1F, 0xE0, 0xDE, 0x0D, 0xE0, 0xDE, 0x3F,
    0xE0, 0x66, 0x06, 0x60, 0x66, 0x06, 0x60, 0x02, 0x00, 0x00, 0x04, 0x3F, 0x40, 0x94, 0x09, 0x43,
    0xF4, 0x3F, 0x40, 0x44, 0x1C, 0x41, 0x00, 0x1F, 0xE1, 0xFE, 0x00, 0x00, 0x04, 0x3F, 0x40, 0x94,
    0x0B, 0x43, 0xFC, 0x0C, 0x40, 0xFC, 0x0F, 0xC1, 0xFC, 0x1F, 0xE0, 0xFE, 0x00, 0x00, 0x06, 0x3F,
    0x60, 0x96, 0x09, 0x63, 0xFE, 0x3E, 0x60, 0xC6, 0x1F, 0xE1, 0x86, 0x1F, 0xE0, 0xFE, 0x00, 0x00,
    0x02, 0x1F, 0xE0, 0xDE, 0x0D, 0xE3, 0xFE, 0x04, 0x60, 0x42, 0x1F, 0xE1, 0xFE, 0x1B, 0x60, 0xFE,
    0x00, 0x03, 0xB8, 0x3F, 0xC0, 0xCC, 0x0C, 0xC3, 0xEC, 0x7F, 0xE1, 0x98, 0x19, 0x81, 0x98, 0x19,
    0x80, 0x00, 0x00, 0x00, 0x00, 0x1D, 0xC1, 0xDC, 0x04, 0x40, 0xC4, 0x0C, 0x40, 0xCC, 0x00, 0x03,
    0xFE, 0x00, 0x00, 0x00, 0x00, 0x01, 0xDC, 0x1D, 0xC0, 0x44, 0x0C, 0xC3, 0xFE, 0x00, 0x01, 0xFC,
    0x1F, 0xC0, 0x04, 0x00, 0x40, 0x00, 0x00, 0x01, 0xDC, 0x1D, 0xC0, 0x44, 0x04, 0x43, 0xFE, 0x3F,
    0xE1, 0x00, 0x10, 0x01, 0xFC, 0x1F, 0xC0, 0x00, 0x00, 0x01, 0xFC, 0x1D, 0xC0, 0x44, 0x0C, 0xC3,
    0xFE, 0x01, 0x81, 0x3C, 0x13, 0xC1, 0xF4, 0x1F, 0xC0, 0x00, 0x00, 0x01, 0xFC, 0x1D, 0xC0, 0x44,
    0x3F, 0xE3, 0xFE, 0x1F, 0xC0, 0xFC, 0x1F, 0xC1, 0x80, 0x1F, 0xC0, 0x00, 0x00, 0x01, 0xDC, 0x1D,
    0xC0, 0x44, 0x0C, 0xC3, 0xFE, 0x1D, 0xC1, 0xFC, 0x1F, 0x41, 0x34, 0x1F, 0xC0, 0x00, 0x00, 0x01,
    0xFC, 0x1D, 0xC0, 0x44, 0x3F, 0xE3, 0xFE, 0x1C, 0x80, 0xFE, 0x1D, 0xC3, 0x34, 0x1F, 0xC0, 0x00,
    0x00, 0x01, 0xFC, 0x1D, 0xC0, 0x44, 0x0C, 0xC3, 0xFE, 0x00, 0x01, 0xFC, 0x1F, 0xC1, 0x04, 0x1F,
    0xC0, 0x00, 0x00, 0x01, 0xDC, 0x1D, 0xC0, 0x44, 0x3F, 0xE3, 0xFE, 0x00, 0x01, 0x8C, 0x1F, 0xC1,
    0x04, 0x1F, 0xC0, 0x00, 0x00, 0x01, 0xDC, 0x1D, 0xC0, 0x44, 0x0C, 0xC3, 0xFE, 0x00, 0x00, 0x20,
    0x07, 0x00, 0xF8, 0x18, 0xC0, 0x00, 0x00, 0x01, 0xDC, 0x1D, 0xC0, 0x44, 0x0C, 0xC3, 0xFE, 0x00,
    0x00, 0xF8, 0x18, 0xC1, 0x0C, 0x1F, 0xC0, 0x00, 0x00, 0x01, 0xDC, 0x1D, 0xC0, 0x44, 0x3F, 0xE3,
    0xFE, 0x0F, 0xC1, 0xFC, 0x1F, 0xC1, 0x80, 0x1F, 0xC0, 0x00, 0x00, 0x00, 0x02, 0x1F, 0x61, 0xFE,
    0x0D, 0x60, 0x96, 0x09, 0x61, 0xB6, 0x32, 0x60, 0x66, 0x00, 0x60, 0x02, 0x00, 0x00, 0x04, 0x3F,
    0x41, 0xB4, 0x1B, 0x43, 0x34, 0x36, 0x40, 0x44, 0x1F, 0xC0, 0x04, 0x00, 0x40, 0x04, 0x00, 0x00,
    0x04, 0x3F, 0x61, 0xB4, 0x0B, 0x41, 0xB4, 0x36, 0x40, 0x44, 0x18, 0x41, 0x80, 0x1F, 0xC0, 0xFE,
    0x00, 0x00, 0x04, 0x3F, 0x40, 0x94, 0x1B, 0x43, 0x64, 0x04, 0x40, 0xFC, 0x0F, 0xE1, 0xFC, 0x1F,
    0xE0, 0xFE, 0x00, 0x00, 0x02, 0x1F, 0x60, 0xD6, 0x09, 0x61, 0xB6, 0x16, 0x60, 0x46, 0x0F, 0xE0,
    0x86, 0x0F, 0xE0, 0xFE, 0x00, 0x00, 0x02, 0x1F, 0x60, 0xD6, 0x09, 0x61, 0xB6, 0x16, 0x60, 0x82,
    0x0F, 0xE0, 0xD6, 0x0F, 0x60, 0xFE, 0x00, 0x00, 0x04, 0x3F, 0x41, 0xB4, 0x1B, 0x41, 0x34, 0x36,
    0x40, 0x44, 0x03, 0x40, 0x78, 0x1C, 0xE1, 0x86, 0x00, 0x00, 0x04, 0x3F, 0x40, 0xB4, 0x1B, 0x43,
    0x24, 0x24, 0x40, 0x7C, 0x1F, 0xC1, 0x86, 0x1F, 0xC0, 0xF8, 0x00, 0x00, 0x08, 0x20, 0xC2, 0x0C,
    0x20, 0x82, 0x0E, 0x20, 0xE2, 0x08, 0x3E, 0xC0, 0x0C, 0x00, 0xC0, 0x08, 0x00, 0x00, 0x08, 0x20,
    0xC2, 0x0C, 0x20, 0xE3, 0xEC, 0x3C, 0xC0, 0x08, 0x1F, 0xC0, 0x0C, 0x00, 0xC0, 0x08, 0x00, 0x00,
    0x08, 0x20, 0xC2, 0x0C, 0x20, 0xE3, 0xEC, 0x38, 0xC3, 0xB8, 0x3F, 0xC0, 0xCC, 0x0C, 0xC0, 0xC8,
    0x00, 0x00, 0x08, 0x20, 0xC2, 0x0C, 0x20, 0xE2, 0x2C, 0x3E, 0x80, 0x0C, 0x10, 0x81, 0x00, 0x1F,
    0xC1, 0xFC, 0x00, 0x00, 0x08, 0x20, 0x82, 0x0C, 0x20, 0xE3, 0xE8, 0x38, 0xC1, 0xF8, 0x3F, 0x83,
    0x00, 0x3F, 0x81, 0xFC, 0x00, 0x00, 0x08, 0x20, 0xC2, 0x0E, 0x22, 0xC3, 0xEC, 0x00, 0x81, 0xF8,
    0x0F, 0xC3, 0xF8, 0x3F, 0xC1, 0xFC, 0x00, 0x02, 0x0C, 0x20, 0xC2, 0x0E, 0x26, 0xC3, 0xEC, 0x39,
    0x83, 0xFC, 0x1C, 0xC3, 0x8C, 0x3E, 0xC0, 0x00, 0x00, 0x00, 0x08, 0x20, 0x82, 0x0C, 0x20, 0xE3,
    0xE8, 0x38, 0x83, 0xF8, 0x1E, 0xC3, 0xEC, 0x3F, 0xC3, 0xF8, 0x00, 0x00, 0x08, 0x20, 0xC2, 0x0E,
    0x20, 0xE3, 0xEC, 0x38, 0xC1, 0xF8, 0x3F, 0xC3, 0x0C, 0x3F, 0xC1, 0xF8, 0x00, 0x00, 0x08, 0x20,
    0xC2, 0x0E, 0x20, 0xE3, 0xEC, 0x3C, 0x81, 0x08, 0x3F, 0xC1, 0x2C, 0x3F, 0xC1, 0xF8, 0x00, 0x00,
    0x08, 0x20, 0xC2, 0x0C, 0x20, 0xE2, 0x6C, 0x3E, 0xC0, 0x0C, 0x06, 0x00, 0xF0, 0x19, 0xC3, 0x0C,
    0x00, 0x00, 0x08, 0x20, 0x82, 0x0C, 0x20, 0xE3, 0xF8, 0x3C, 0xC0, 0x88, 0x09, 0x81, 0x98, 0x37,
    0xC2, 0x24, 0x00, 0x00, 0x08, 0x20, 0x82, 0x0C, 0x20, 0xE3, 0xE8, 0x3C, 0xC0, 0xF8, 0x1F, 0x83,
    0x0C, 0x1F, 0x80, 0xF0, 0x00, 0x00, 0x08, 0x20, 0x82, 0x0C, 0x20, 0xE3, 0xF8, 0x38, 0x81, 0xF8,
    0x1F, 0x80, 0x70, 0x1D, 0xC1, 0x0C, 0x00, 0x00, 0x0C, 0x20, 0x82, 0x0E, 0x26, 0xC3, 0xEC, 0x06,
    0x81, 0xF8, 0x16, 0x80, 0xF0, 0x39, 0xC0, 0x00, 0x00, 0x00, 0x08, 0x20, 0x82, 0x0C, 0x20, 0xE3,
    0xE8, 0x18, 0xC1, 0xF8, 0x30, 0x03, 0xF8, 0x3F, 0x81, 0xFC, 0x00, 0x00, 0x08, 0x20, 0x82, 0x0E,
    0x22, 0xC3, 0xE8, 0x06, 0x83, 0xFC, 0x1F, 0x81, 0x98, 0x19, 0x80, 0xF0, 0x00, 0x00, 0x14, 0x21,
    0x63, 0x16, 0x31, 0x63, 0x1E, 0x31, 0xE3, 0x56, 0x3F, 0x60, 0x16, 0x01, 0x60, 0x04, 0x00, 0x00,
    0x14, 0x31, 0x63, 0x1C, 0x21, 0xC3, 0xF4, 0x3D, 0x40, 0x1C, 0x1F, 0xC0, 0x04, 0x00, 0x40, 0x04,
    0x00, 0x00, 0x00, 0x01, 0x63, 0x16, 0x31, 0xE2, 0x1E, 0x3F, 0x63, 0xDE, 0x09, 0x61, 0x80, 0x1F,
    0xC0, 0xFE, 0x00, 0x00, 0x04, 0x23, 0x42, 0x3C, 0x23, 0xC3, 0xF4, 0x03, 0x41, 0xFC, 0x0F, 0xC1,
    0xF8, 0x1F, 0xC1, 0xFC, 0x00, 0x00, 0x14, 0x31, 0x63, 0x1C, 0x21, 0xC3, 0xF6, 0x3D, 0x40, 0xFC,
    0x1F, 0xC1, 0x84, 0x1F, 0xC0, 0xFC, 0x00, 0x00, 0x14, 0x21, 0x63, 0x1C, 0x21, 0xC3, 0xF6, 0x3D,
    0x40, 0x84, 0x1F, 0xC1, 0x84, 0x1F, 0xC0, 0xFC, 0x00, 0x00, 0x14, 0x23, 0x42, 0x3C, 0x23, 0xC3,
    0xF4, 0x39, 0x40, 0x24, 0x03, 0x00, 0xF8, 0x18, 0xC0, 0x00, 0x00, 0x00, 0x14, 0x23, 0x42, 0x3C,
    0x23, 0xC3, 0xF4, 0x3F, 0x40, 0x88, 0x09, 0x81, 0xDC, 0x37, 0x60, 0x20, 0x00, 0x00, 0x04, 0x31,
    0x63, 0x16, 0x21, 0xE3, 0xFE, 0x3D, 0x60, 0x3E, 0x0F, 0xC1, 0x86, 0x0F, 0xC0, 0x78, 0x00, 0x00,
    0x08, 0x20, 0x82, 0x0C, 0x20, 0xE2, 0x08, 0x20, 0xC2, 0x0E, 0x3E, 0xC0, 0x0C, 0x00, 0xC0, 0x08,
    0x00, 0x00, 0x08, 0x20, 0xC2, 0x0E, 0x20, 0xC3, 0xEE, 0x3C, 0xC0, 0x08, 0x1F, 0xC0, 0x0C, 0x00,
    0xC0, 0x08, 0x00, 0x00, 0x08, 0x20, 0x82, 0x0E, 0x20, 0xC2, 0x2E, 0x3E, 0xE0, 0x08, 0x10, 0x81,
    0x00, 0x1F, 0xC1, 0xFC, 0x00, 0x00, 0x08, 0x20, 0xC2, 0x0E, 0x22, 0xE3, 0xEC, 0x00, 0x81, 0xF8,
    0x0F, 0xC3, 0xF8, 0x3F, 0xC1, 0xFC, 0x00, 0x00, 0x08, 0x20, 0xC2, 0x0E, 0x20, 0xC3, 0xEE, 0x38,
    0xC1, 0xF8, 0x3F, 0xC3, 0x0C, 0x3F, 0xC1, 0xF8, 0x00, 0x00, 0x08, 0x20, 0xC2, 0x0E, 0x20, 0xC3,
    0xEE, 0x3C, 0xC0, 0xF8, 0x1F, 0x83, 0x0C, 0x1F, 0x80, 0xF0, 0x00, 0x00, 0x04, 0x20, 0x63, 0x06,
    0x33, 0xC3, 0x3C, 0x30, 0x63, 0x06, 0x3F, 0x60, 0x06, 0x00, 0x60, 0x04, 0x00, 0x00, 0x04, 0x20,
    0x43, 0x3C, 0x30, 0x43, 0x34, 0x3F, 0x40, 0x04, 0x1F, 0xC0, 0x04, 0x00, 0x40, 0x04, 0x00, 0x02,
    0x0C, 0x23, 0xC2, 0x3C, 0x20, 0xC3, 0xEC, 0x00, 0xC3, 0xD8, 0x0D, 0x80, 0xDC, 0x0F, 0x60, 0x00,
    0x00, 0x00, 0x04, 0x30, 0x43, 0x3C, 0x33, 0xC3, 0x04, 0x3E, 0x40, 0x04, 0x18, 0x41, 0x80, 0x1F,
    0xC0, 0xFE, 0x00, 0x00, 0x04, 0x30, 0x43, 0x3C, 0x30, 0xC3, 0xE4, 0x1E, 0x40, 0xFC, 0x0F, 0xC1,
    0xFC, 0x1F, 0xC0, 0xFE, 0x00, 0x00, 0x04, 0x30, 0x43, 0x3C, 0x20, 0xC3, 0xF4, 0x3E, 0x41, 0xDC,
    0x1F, 0xC1, 0xD4, 0x1F, 0xC1, 0xDC, 0x00, 0x00, 0x04, 0x30, 0x43, 0x3C, 0x30, 0xC3, 0xF4, 0x18,
    0x41, 0xD4, 0x1F, 0xC1, 0xDC, 0x1F, 0xC1, 0xFC, 0x00, 0x00, 0x04, 0x30, 0x43, 0x3C, 0x20, 0xC3,
    0xE4, 0x3C, 0x40, 0x0C, 0x1F, 0xC1, 0x84, 0x1F, 0xC0, 0xFC, 0x00, 0x00, 0x04, 0x30, 0x43, 0x3C,
    0x20, 0xC3, 0xE4, 0x3E, 0x40, 0x04, 0x1F, 0xC1, 0xAC, 0x1F, 0xC0, 0xFC, 0x00, 0x02, 0x04, 0x30,
    0x43, 0x3C, 0x20, 0xC3, 0xF4, 0x3E, 0x40, 0x24, 0x03, 0x00, 0xF8, 0x1C, 0xC0, 0x00, 0x00, 0x00,
    0x0C, 0x20, 0xC2, 0x7C, 0x20, 0xC2, 0x2C, 0x3E, 0xC0, 0x88, 0x09, 0x81, 0x98, 0x3F, 0xC2, 0x60,
    0x00, 0x00, 0x04, 0x20, 0x43, 0x3C, 0x30, 0xC3, 0x24, 0x3E, 0x40, 0x7C, 0x1F, 0xC1, 0x84, 0x1F,
    0xC0, 0x78, 0x00, 0x00, 0x04, 0x30, 0x63, 0x3C, 0x30, 0x63, 0xF6, 0x02, 0x41, 0xFC, 0x0F, 0x80,
    0xCC, 0x0D, 0xC0, 0x78, 0x00, 0x00, 0x04, 0x21, 0xE3, 0x1C, 0x37, 0xC3, 0x7C, 0x31, 0xC3, 0x5C,
    0x3F, 0xC0, 0x1C, 0x01, 0xE0, 0x04, 0x00, 0x00, 0x04, 0x21, 0xE3, 0x7C, 0x33, 0xC3, 0x5C, 0x3D,
    0xE0, 0x1C, 0x1F, 0xC0, 0x04, 0x00, 0x40, 0x04, 0x00, 0x00, 0x04, 0x21, 0xE3, 0x7C, 0x37, 0xC3,
    0x1C, 0x3F, 0xC0, 0x1E, 0x19, 0x41, 0x80, 0x1F, 0xC0, 0xFE, 0x00, 0x00, 0x04, 0x21, 0xC2, 0x7C,
    0x23, 0xC3, 0xDC, 0x19, 0x41, 0xFC, 0x0F, 0xC1, 0xF8, 0x1F, 0xC1, 0xFC, 0x00, 0x00, 0x04, 0x31,
    0xE3, 0x7C, 0x21, 0xC3, 0xDC, 0x3D, 0x40, 0xFC, 0x1F, 0xC1, 0x84, 0x1F, 0xC0, 0xFC, 0x00, 0x00,
    0x14, 0x31, 0xE3, 0x7C, 0x31, 0xC3, 0xDE, 0x3D, 0xC0, 0x04, 0x1F, 0xC1, 0x84, 0x1F, 0xC0, 0xFC,
    0x00, 0x00, 0x14, 0x21, 0xC2, 0x7C, 0x27, 0xC2, 0x1C, 0x3F, 0xC0, 0x3C, 0x06, 0x40, 0x70, 0x1D,
    0xC1, 0x04, 0x00, 0x00, 0x14, 0x21, 0xC2, 0x7C, 0x27, 0xC2, 0xDC, 0x3D, 0xC0, 0x1C, 0x09, 0x81,
    0x98, 0x37, 0xC2, 0x24, 0x00, 0x00, 0x04, 0x21, 0xE3, 0x7C, 0x37, 0xC3, 0x1C, 0x3D, 0xE0, 0x7C,
    0x0F, 0xC1, 0x86, 0x0F, 0xC0, 0x78, 0x00, 0x00, 0x04, 0x20, 0x43, 0x1C, 0x33, 0xC3, 0x04, 0x33,
    0xC3, 0x04, 0x3F, 0x41, 0x04, 0x00, 0x40, 0x04, 0x00, 0x00, 0x04, 0x31, 0xC3, 0x3C, 0x31, 0xC3,
    0x3C, 0x3F, 0x41, 0xC4, 0x1F, 0xC0, 0x04, 0x00, 0x40, 0x04, 0x00, 0x00, 0x04, 0x31, 0xC3, 0x3C,
    0x31, 0xC2, 0x1C, 0x3F, 0x43, 0xE6, 0x08, 0x41, 0x80, 0x1F, 0xC0, 0xFE, 0x00, 0x00, 0x04, 0x33,
    0xC3, 0x1C, 0x23, 0xC3, 0xF4, 0x3E, 0x40, 0xFC, 0x0F, 0xC1, 0xFC, 0x1F, 0xC0, 0xFE, 0x00, 0x00,
    0x04, 0x33, 0xC3, 0x1C, 0x33, 0xC3, 0x2C, 0x3E, 0x40, 0x4C, 0x1F, 0xC1, 0x84, 0x1F, 0xC0, 0xFC,
    0x00, 0x00, 0x04, 0x33, 0xC3, 0x1C, 0x33, 0xC3, 0x34, 0x3F, 0x40, 0x84, 0x1F, 0xC1, 0xA4, 0x1F,
    0xC0, 0xFC, 0x00, 0x00, 0x04, 0x33, 0xC3, 0x1C, 0x33, 0xC3, 0x3C, 0x3E, 0x40, 0x8C, 0x0C, 0x80,
    0xDC, 0x37, 0x60, 0x22, 0x00, 0x00, 0x04, 0x33, 0xC3, 0x1C, 0x33, 0xC3, 0x3C, 0x3E, 0x40, 0x7C,
    0x1F, 0xC1, 0x84, 0x1F, 0xC0, 0xF8, 0x00, 0x00, 0x04, 0x33, 0xC3, 0x1C, 0x33, 0xC3, 0x3C, 0x3E,
    0x40, 0x8C, 0x1F, 0xC1, 0xFC, 0x1C, 0xC0, 0x04, 0x00, 0x00, 0x04, 0x01, 0xE3, 0x7C, 0x37, 0xC3,
    0x1C, 0x37, 0xC3, 0x1C, 0x3F, 0xC1, 0x1C, 0x01, 0xE0, 0x04, 0x00, 0x00, 0x04, 0x21, 0xE3, 0x7C,
    0x33, 0xC3, 0x7C, 0x3D, 0xC3, 0xDE, 0x09, 0x41, 0x80, 0x1F, 0xC0, 0xFE, 0x00, 0x00, 0x00, 0x10,
    0x01, 0x00, 0x10, 0x01, 0x80, 0x1F, 0xC0, 0x20, 0x02, 0x03, 0xFE, 0x3D, 0xE0, 0x00, 0x00, 0x01,
    0x00, 0x10, 0x01, 0x00, 0x1F, 0xC0, 0x20, 0x3F, 0xE3, 0xFE, 0x1F, 0xC0, 0x04, 0x00, 0x40, 0x04,
    0x00, 0x00, 0x00, 0x18, 0x01, 0x80, 0x1F, 0xC0, 0x20, 0x3F, 0xE3, 0xFE, 0x10, 0x01, 0x00, 0x1F,
    0xC1, 0xFC, 0x00, 0x01, 0x00, 0x10, 0x01, 0xFC, 0x1F, 0xC3, 0xFE, 0x3F, 0xE1, 0xFC, 0x0F, 0xC1,
    0xFC, 0x1F, 0xC1, 0xFE, 0x00, 0x01, 0x00, 0x10, 0x01, 0xDC, 0x1F, 0xC0, 0x20, 0x3F, 0xE1, 0xFC,
    0x1F, 0x41, 0xF4, 0x3F, 0xC1, 0xFC, 0x00, 0x01, 0x00, 0x18, 0x01, 0x80, 0x1F, 0xC0, 0x60, 0x3F,
    0xE0, 0x00, 0x1F, 0xC1, 0x04, 0x1F, 0xC1, 0xFC, 0x00, 0x00, 0x00, 0x10, 0x01, 0x00, 0x1F, 0xC0,
    0x60, 0x3F, 0xE1, 0x00, 0x1F, 0xC1, 0xAC, 0x1F, 0xC1, 0xFC, 0x00, 0x01, 0x00, 0x10, 0x01, 0xFC,
    0x1F, 0xC0, 0x20, 0x3F, 0xE0, 0x20, 0x06, 0x00, 0xF8, 0x19, 0xC0, 0x00, 0x00, 0x00, 0x00, 0x18,
    0x01, 0x80, 0x1F, 0xC0, 0x20, 0x3F, 0xE3, 0xFE, 0x0F, 0xC1, 0x84, 0x1F, 0xC0, 0xF8, 0x00, 0x00,
    0x00, 0x10, 0x01, 0x80, 0x1F, 0xC0, 0x70, 0x3F, 0xE1, 0xFC, 0x1F, 0xC0, 0xC8, 0x1F, 0xC1, 0xFE,
    0x00, 0x01, 0x00, 0x10, 0x01, 0xDC, 0x1F, 0xC3, 0xFE, 0x3F, 0xE1, 0xFC, 0x0F, 0x81, 0xFC, 0x1C,
    0xC0, 0xF8, 0x00, 0x00, 0x0C, 0x20, 0xC3, 0x0C, 0x20, 0xC3, 0xFE, 0x3E, 0xE0, 0xCC, 0x3F, 0xC3,
    0xEC, 0x00, 0xC0, 0x0C, 0x00, 0x00, 0x08, 0x30, 0xC3, 0x08, 0x3E, 0xE1, 0xEE, 0x3F, 0x83, 0xEC,
    0x10, 0xC1, 0x00, 0x1F, 0xC1, 0xFC, 0x00, 0x00, 0x08, 0x30, 0xC3, 0xEC, 0x3E, 0xE3, 0xFC, 0x3E,
    0xC1, 0xF8, 0x1F, 0xC1, 0xF8, 0x1F, 0xC1, 0xFC, 0x00, 0x00, 0x08, 0x30, 0xC3, 0x0C, 0x3E, 0xE0,
    0xCC, 0x3F, 0xC3, 0x88, 0x09, 0x81, 0x98, 0x37, 0xC0, 0x20, 0x00, 0x00, 0x02, 0x10, 0x61, 0x86,
    0x10, 0x61, 0xFE, 0x1F, 0xE0, 0x66, 0x3F, 0xE1, 0xF6, 0x00, 0x60, 0x02, 0x00, 0x00, 0x04, 0x30,
    0x43, 0x04, 0x3F, 0x41, 0xE4, 0x3F, 0x43, 0xF4, 0x18, 0x41, 0x80, 0x1F, 0xE1, 0xFE, 0x00, 0x00,
    0x04, 0x30, 0x43, 0xE4, 0x1F, 0x43, 0xF4, 0x3F, 0x41, 0xFC, 0x00, 0x61, 0xFC, 0x1F, 0xC1, 0xFE,
    0x00, 0x00, 0x02, 0x10, 0x61, 0x06, 0x1F, 0x60, 0x46, 0x3F, 0xE0, 0x86, 0x0F, 0xE0, 0x86, 0x0F,
    0xE0, 0xFE, 0x00, 0x00, 0x02, 0x10, 0x61, 0x86, 0x1F, 0x60, 0x46, 0x3F, 0xE0, 0x00, 0x0F, 0xE0,
    0xFE, 0x0F, 0x60, 0xFE, 0x00, 0x00, 0x04, 0x30, 0x43, 0x04, 0x3F, 0x40, 0xC4, 0x3F, 0x43, 0xE4,
    0x03, 0x40, 0x70, 0x1D, 0xC1, 0x04, 0x00, 0x00, 0x00, 0x10, 0x03, 0x00, 0x30, 0x03, 0x00, 0x1F,
    0xC0, 0xD8, 0x09, 0x87, 0xFE, 0x00, 0x00, 0x00, 0x00, 0x01, 0x00, 0x30, 0x03, 0x00, 0x3F, 0xC0,
    0x98, 0x7F, 0xE3, 0xFE, 0x3F, 0xC0, 0x0C, 0x00, 0xC0, 0x04, 0x00, 0x01, 0x00, 0x30, 0x03, 0x00,
    0x1F, 0xC0, 0xD8, 0x7F, 0xE0, 0x00, 0x30, 0x03, 0x00, 0x3F, 0xC0, 0x00, 0x00, 0x01, 0x00, 0x30,
    0x03, 0xFC, 0x1F, 0xC7, 0xFE, 0x3F, 0xE1, 0xFC, 0x00, 0xC1, 0xFC, 0x3F, 0xC1, 0xFC, 0x00, 0x00,
    0x00, 0x30, 0x03, 0x00, 0x1F, 0xC1, 0xD8, 0x7F, 0xE0, 0x00, 0x3F, 0xC3, 0x4C, 0x3F, 0xC1, 0xFC,
    0x00, 0x01, 0x00, 0x30, 0x03, 0xFC, 0x1F, 0xC0, 0x98, 0x7F, 0xE0, 0x20, 0x06, 0x00, 0xF0, 0x39,
    0xC0, 0x00, 0x00, 0x01, 0x00, 0x10, 0x01, 0x00, 0x1F, 0xC0, 0x98, 0x7F, 0xE3, 0xFE, 0x1F, 0x83,
    0x0C, 0x1F, 0xC0, 0xF8, 0x00, 0x00, 0x00, 0x10, 0x01, 0x00, 0x1F, 0xC1, 0xFC, 0x00, 0x03, 0xFE,
    0x02, 0x00, 0x20, 0x02, 0x00, 0x20, 0x00, 0x01, 0x00, 0x10, 0x01, 0x00, 0x1F, 0xC0, 0x00, 0x3F,
    0xE0, 0x20, 0x1F, 0xC0, 0x04, 0x00, 0x40, 0x04, 0x00, 0x01, 0x00, 0x18, 0x01, 0x80, 0x1F, 0xC0,
    0x00, 0x3F, 0xE0, 0x20, 0x12, 0x01, 0x00, 0x1F, 0xC0, 0x00, 0x00, 0x00, 0x00, 0x18, 0x01, 0x80,
    0x1F, 0xC0, 0x00, 0x3F, 0xE0, 0x70, 0x1F, 0xC1, 0x00, 0x1F, 0xC1, 0xFC, 0x00, 0x01, 0x00, 0x10,
    0x01, 0xFC, 0x1F, 0xC3, 0xFE, 0x3F, 0xE1, 0xFC, 0x1F, 0xE1, 0xFC, 0x1F, 0xC1, 0xFE, 0x00, 0x01,
    0x00, 0x18, 0x01, 0x80, 0x1F, 0xC0, 0x00, 0x3F, 0xE0, 0x70, 0x1F, 0xC1, 0x04, 0x1F, 0xC1, 0xFC,
    0x00, 0x01, 0x00, 0x10, 0x01, 0x00, 0x1F, 0xC3, 0xFE, 0x3F, 0xE0, 0x20, 0x1F, 0xC1, 0xFC, 0x1E,
    0xC1, 0xFC, 0x00, 0x00, 0x00, 0x10, 0x01, 0x00, 0x1F, 0xC3, 0xFE, 0x3F, 0xE0, 0x20, 0x02, 0x00,
    0x70, 0x1D, 0xC1, 0x04, 0x00, 0x01, 0x00, 0x18, 0x01, 0x80, 0x1F, 0xC0, 0x00, 0x3F, 0xE0, 0x70,
    0x0F, 0xC1, 0x84, 0x1F, 0xC0, 0xF8, 0x00, 0x00, 0x02, 0x10, 0x61, 0x06, 0x1F, 0x61, 0xF6, 0x3F,
    0xE3, 0xF6, 0x05, 0xE0, 0x46, 0x04, 0x60, 0x02, 0x00, 0x00, 0x04, 0x30, 0x43, 0xE4, 0x1F, 0x43,
    0xF4, 0x0D, 0xC0, 0xCC, 0x0C, 0x80, 0xDC, 0x3F, 0x60, 0x22, 0x00, 0x00, 0x02, 0x30, 0xE3, 0x0E,
    0x3E, 0xE0, 0xFE, 0x3F, 0xE0, 0x9E, 0x0B, 0xE0, 0x8E, 0x08, 0xE0, 0x02, 0x00, 0x00, 0x02, 0x10,
    0x61, 0x06, 0x1F, 0x61, 0xF6, 0x3F, 0xE3, 0xF6, 0x04, 0x60, 0x46, 0x04, 0x60, 0x02, 0x00, 0x00,
    0x02, 0x10, 0x61, 0x06, 0x1F, 0x60, 0x36, 0x3F, 0xE0, 0x46, 0x0C, 0x61, 0x80, 0x1F, 0xE0, 0xFE,
    0x00, 0x00, 0x04, 0x30, 0x43, 0xE4, 0x1F, 0x43, 0xFC, 0x2C, 0x41, 0xFC, 0x1F, 0xC1, 0xFC, 0x1F,
    0xC1, 0xFE, 0x00, 0x00, 0x02, 0x10, 0x61, 0x06, 0x1F, 0x60, 0xFE, 0x3F, 0xE0, 0x46, 0x0F, 0xE1,
    0x86, 0x0F, 0xE0, 0xFE, 0x00, 0x00, 0x02, 0x10, 0x61, 0x86, 0x1F, 0x63, 0xFE, 0x3F, 0x60, 0x40,
    0x1F, 0xE1, 0xFE, 0x1B, 0x60, 0xFE, 0x00, 0x00, 0x00, 0x30, 0x03, 0x00, 0x3F, 0x81, 0xFC, 0x00,
    0x07, 0xFE, 0x09, 0x80, 0x98, 0x09, 0x80, 0x90, 0x00, 0x00, 0x00, 0x30, 0x03, 0x00, 0x1F, 0xC0,
    0x00, 0x7F, 0xE0, 0x98, 0x3F, 0xC0, 0x0C, 0x00, 0xC0, 0x0C, 0x00, 0x01, 0x00, 0x30, 0x03, 0xF8,
    0x1F, 0xC7, 0xFE, 0x09, 0x81, 0xF8, 0x1F, 0xC1, 0xF8, 0x3F, 0xC1, 0xFC, 0x00, 0x00, 0x00, 0x10,
    0x01, 0x00, 0x1F, 0xC0, 0x00, 0x7F, 0xE0, 0xD8, 0x1F, 0xC3, 0x0C, 0x3F, 0xC1, 0xFC, 0x00, 0x00,
    0x00, 0x18, 0x01, 0x80, 0x1F, 0xC3, 0xFE, 0x3F, 0xE0, 0xD0, 0x1F, 0xC1, 0xFC, 0x1F, 0xC1, 0xFC,
    0x00, 0x01, 0x00, 0x18, 0x01, 0x80, 0x1F, 0xC0, 0x00, 0x3F, 0xE0, 0xD8, 0x1F, 0xC1, 0x84, 0x1F,
    0xC0, 0xF8, 0x00, 0x00, 0x00, 0x10, 0x01, 0x00, 0x10, 0x01, 0x00, 0x1F, 0xC0, 0x00, 0x00, 0x03,
    0xFE, 0x00, 0x00, 0x00, 0x00, 0x01, 0x00, 0x10, 0x01, 0x00, 0x1F, 0xC0, 0x00, 0x3F, 0xE0, 0x00,
    0x1F, 0xC0, 0x04, 0x00, 0x40, 0x04, 0x00, 0x01, 0x00, 0x10, 0x01, 0x00, 0x1F, 0xC0, 0x00, 0x3F,
    0xE1, 0x00, 0x10, 0x01, 0xA0, 0x1F, 0xC0, 0x00, 0x00, 0x01, 0x00, 0x10, 0x01, 0xFC, 0x1F, 0xC3,
    0xFE, 0x3F, 0xE1, 0xFC, 0x0F, 0xC1, 0xFC, 0x1F, 0xC1, 0xFC, 0x00, 0x01, 0x00, 0x10, 0x01, 0xFC,
    0x00, 0x03, 0xFE, 0x19, 0x81, 0xFC, 0x1E, 0x41, 0xC4, 0x1E, 0x40, 0x00, 0x00, 0x01, 0x00, 0x10,
    0x01, 0xFC, 0x1F, 0xC3, 0xFE, 0x3F, 0xE1, 0xDC, 0x0F, 0x41, 0xF4, 0x1F, 0xC1, 0xFC, 0x00, 0x01,
    0x00, 0x10, 0x01, 0x00, 0x1F, 0xC0, 0x00, 0x3F, 0xE0, 0x00, 0x1F, 0xC1, 0x04, 0x1F, 0xC1, 0xFC,
    0x00, 0x01, 0x00, 0x10, 0x01, 0x00, 0x1F, 0xC0, 0x00, 0x3F, 0xE0, 0x00, 0x1F, 0xC1, 0xAC, 0x1F,
    0xC1, 0xFC, 0x00, 0x01, 0x00, 0x10, 0x01, 0x00, 0x1F, 0xC0, 0x00, 0x3F, 0xE0, 0x20, 0x02, 0x00,
    0x70, 0x1D, 0xC1, 0x04, 0x00, 0x01, 0x00, 0x10, 0x01, 0x00, 0x1F, 0xC0, 0x00, 0x3F, 0xE0, 0x70,
    0x1F, 0xC1, 0x0C, 0x1F, 0xC0, 0xF8, 0x00, 0x01, 0x00, 0x10, 0x01, 0xFC, 0x1F, 0xC3, 0xFE, 0x3F,
    0xE1, 0xFC, 0x1F, 0xC0, 0x70, 0x1D, 0xC0, 0x00, 0x00, 0x00, 0x00, 0x10, 0x01, 0x00, 0x1F, 0xC0,
    0x00, 0x3F, 0xE1, 0xFC, 0x1F, 0xC0, 0xD8, 0x1F, 0xC1, 0xFC, 0x00, 0x00, 0x02, 0x10, 0x61, 0x06,
    0x18, 0x61, 0xF6, 0x00, 0x60, 0x06, 0x3F, 0xE1, 0x86, 0x00, 0x60, 0x02, 0x00, 0x00, 0x04, 0x30,
    0x43, 0x04, 0x3F, 0x40, 0xE4, 0x3F, 0x43, 0x84, 0x18, 0x41, 0x80, 0x1F, 0xE1, 0xFE, 0x00, 0x00,
    0x04, 0x30, 0x43, 0xE4, 0x1F, 0x43, 0xF4, 0x3F, 0x41, 0xFC, 0x0F, 0xC1, 0xFC, 0x1F, 0xC1, 0xFE,
    0x00, 0x00, 0x04, 0x10, 0x43, 0x04, 0x30, 0x43, 0x04, 0x30, 0x43, 0x04, 0x1F, 0x40, 0x04, 0x00,
    0x40, 0x04, 0x00, 0x00, 0x04, 0x30, 0x43, 0x04, 0x30, 0x43, 0xF4, 0x1E, 0x40, 0x04, 0x1F, 0xC0,
    0x04, 0x00, 0x40, 0x04, 0x00, 0x00, 0x04, 0x20, 0xC3, 0x0C, 0x30, 0xC3, 0x3C, 0x3F, 0xC0, 0x0C,
    0x18, 0xC1, 0x80, 0x1F, 0xC1, 0xFC, 0x00, 0x00, 0x04, 0x30, 0xC3, 0x0C, 0x30, 0xC3, 0xFC, 0x08,
    0xC1, 0xFC, 0x0F, 0xC1, 0xFC, 0x1F, 0xC1, 0xFC, 0x00, 0x00, 0x04, 0x30, 0x43, 0x04, 0x30, 0x43,
    0xF4, 0x08, 0x41, 0xFC, 0x0F, 0x41, 0xF4, 0x1F, 0xC1, 0xFC, 0x00, 0x00, 0x04, 0x30, 0x43, 0x04,
    0x30, 0x43, 0xF4, 0x1C, 0x40, 0xFC, 0x0F, 0xC0, 0x84, 0x0F, 0xC0, 0xFC, 0x00, 0x00, 0x04, 0x30,
    0x43, 0x04, 0x30, 0x43, 0xF6, 0x1C, 0x40, 0x84, 0x0F, 0xC0, 0x84, 0x0F, 0xC0, 0xFC, 0x00, 0x00,
    0x04, 0x20, 0xC3, 0x0C, 0x30, 0xC3, 0x7C, 0x3F, 0xC0, 0x2C, 0x03, 0x40, 0x70, 0x1D, 0xC1, 0x04,
    0x00, 0x00, 0x04, 0x20, 0xC3, 0x0C, 0x30, 0xC3, 0x3C, 0x3F, 0xC0, 0x7C, 0x1F, 0xC1, 0x0C, 0x1F,
    0xC0, 0xF8, 0x00, 0x00, 0x04, 0x30, 0x43, 0x04, 0x20, 0x43, 0xF4, 0x1C, 0x41, 0xFC, 0x1F, 0xC0,
    0xC8, 0x1F, 0xC1, 0xFC, 0x00, 0x00, 0x08, 0x3E, 0xC3, 0xCC, 0x20, 0x82, 0x0E, 0x20, 0xE2, 0x08,
    0x3E, 0xC0, 0x0C, 0x00, 0xC0, 0x08, 0x00, 0x00, 0x08, 0x3C, 0xC2, 0x0C, 0x20, 0xE2, 0x2C, 0x3E,
    0xC0, 0x08, 0x1F, 0xC0, 0x0C, 0x00, 0xC0, 0x08, 0x00, 0x00, 0x08, 0x3C, 0xC2, 0x0C, 0x20, 0xE2,
    0x2C, 0x3E, 0xC3, 0xB8, 0x3F, 0xC0, 0xCC, 0x0C, 0xC0, 0xC8, 0x00, 0x00, 0x08, 0x3C, 0xC2, 0x0C,
    0x20, 0xE2, 0x2C, 0x3E, 0xC0, 0x0C, 0x10, 0x81, 0x00, 0x1F, 0xC1, 0xFC, 0x00, 0x00, 0x08, 0x3C,
    0xC2, 0x0C, 0x20, 0xE3, 0xE8, 0x3C, 0xC1, 0xF8, 0x1F, 0x81, 0x00, 0x1F, 0xC1, 0xFC, 0x00, 0x00,
    0x08, 0x3C, 0xC2, 0x0E, 0x20, 0xE3, 0xEC, 0x3E, 0xC1, 0xFC, 0x0F, 0xC1, 0xF8, 0x1F, 0xC1, 0xFC,
    0x00, 0x03, 0xCC, 0x3C, 0xC2, 0x0E, 0x22, 0xC3, 0xEC, 0x00, 0x83, 0xF8, 0x1C, 0xC3, 0x8C, 0x3E,
    0xC0, 0x00, 0x00, 0x00, 0x08, 0x3C, 0xC2, 0x0E, 0x20, 0xE3, 0xEC, 0x3C, 0x83, 0xF8, 0x3E, 0xC3,
    0xEC, 0x3F, 0xC3, 0xF8, 0x00, 0x00, 0x08, 0x3C, 0x82, 0x0C, 0x20, 0xE3, 0xE8, 0x3C, 0x83, 0xE8,
    0x1F, 0xC3, 0xF8, 0x3E, 0xC3, 0xF8, 0x00, 0x03, 0xCC, 0x3C, 0xC2, 0x0E, 0x22, 0xC3, 0xEC, 0x01,
    0x83, 0xFC, 0x3F, 0xC3, 0x2C, 0x3F, 0xC0, 0x00, 0x00, 0x00, 0x08, 0x3C, 0xC2, 0x0C, 0x20, 0xE2,
    0x2C, 0x3E, 0xC1, 0xF8, 0x1F, 0xC1, 0x0C, 0x1F, 0xC1, 0xF8, 0x00, 0x00, 0x08, 0x3C, 0xC2, 0x0C,
    0x20, 0xE3, 0xEC, 0x3C, 0x81, 0x08, 0x1F, 0xC1, 0x0C, 0x1F, 0xC1, 0xF8, 0x00, 0x00, 0x08, 0x3C,
    0xC2, 0x0C, 0x20, 0xE2, 0x2C, 0x3E, 0xC0, 0x0C, 0x06, 0x00, 0xF0, 0x19, 0xC3, 0x0C, 0x00, 0x00,
    0x08, 0x3C, 0x82, 0x0C, 0x20, 0xE3, 0xE8, 0x3C, 0xC0, 0x88, 0x09, 0x81, 0x98, 0x37, 0xC0, 0x20,
    0x00, 0x00, 0x08, 0x3C, 0xC2, 0x08, 0x20, 0xE2, 0x6C, 0x3E, 0x80, 0xF8, 0x1F, 0x83, 0x0C, 0x1F,
    0x80, 0xF0, 0x00, 0x00, 0x08, 0x3C, 0x82, 0x0C, 0x20, 0xE3, 0xE8, 0x3C, 0xC1, 0xF8, 0x1F, 0x80,
    0x70, 0x19, 0xC1, 0x00, 0x00, 0x00, 0x08, 0x3C, 0xC2, 0x0E, 0x20, 0xE3, 0xE8, 0x3E, 0xC0, 0x68,
    0x1F, 0x80, 0x60, 0x1D, 0xC3, 0x0C, 0x00, 0x00, 0x08, 0x3C, 0x82, 0x0E, 0x20, 0xE3, 0xE8, 0x06,
    0x83, 0xFC, 0x1F, 0x81, 0x98, 0x19, 0x80, 0xF0, 0x00, 0x00, 0x04, 0x3B, 0x63, 0xD6, 0x23, 0x62,
    0x3E, 0x23, 0xE2, 0x36, 0x3F, 0x60, 0x36, 0x03, 0x60, 0x04, 0x00, 0x00, 0x04, 0x3D, 0x63, 0x14,
    0x31, 0xC3, 0x1C, 0x3F, 0x40, 0x1C, 0x1F, 0xC0, 0x04, 0x00, 0x40, 0x04, 0x00, 0x00, 0x14, 0x3D,
    0x63, 0xD6, 0x31, 0xE3, 0x1E, 0x3F, 0x60, 0x16, 0x19, 0x61, 0x80, 0x1F, 0xE0, 0xFE, 0x00, 0x00,
    0x14, 0x3F, 0x42, 0x3C, 0x23, 0xC3, 0xF4, 0x3F, 0xC1, 0xFC, 0x0F, 0xC1, 0xF8, 0x1F, 0xC1, 0xFC,
    0x00, 0x00, 0x14, 0x3D, 0x63, 0x1C, 0x31, 0xC3, 0x54, 0x3F, 0x40, 0x1C, 0x1F, 0xC1, 0x84, 0x1F,
    0xC0, 0xFC, 0x00, 0x00, 0x14, 0x3D, 0x63, 0x1C, 0x21, 0xC3, 0x76, 0x3F, 0x40, 0x84, 0x1F, 0xC1,
    0x84, 0x1F, 0xC0, 0xFC, 0x00, 0x00, 0x14, 0x3F, 0x42, 0x3C, 0x21, 0xC3, 0xF4, 0x3F, 0x40, 0x24,
    0x03, 0x00, 0xF8, 0x1C, 0xC0, 0x00, 0x00, 0x00, 0x14, 0x3F, 0x42, 0x3C, 0x23, 0xC2, 0x74, 0x3F,
    0x40, 0x88, 0x09, 0x81, 0xD8, 0x37, 0x62, 0x20, 0x00, 0x00, 0x04, 0x3D, 0x63, 0x16, 0x31, 0xE3,
    0x1E, 0x3F, 0x60, 0x16, 0x0F, 0xC1, 0x86, 0x0F, 0xC0, 0x78, 0x00, 0x00, 0x08, 0x3E, 0x83, 0xCC,
    0x20, 0xE2, 0x08, 0x20, 0xC2, 0x0E, 0x3E, 0x80, 0x08, 0x00, 0xC0, 0x08, 0x00, 0x00, 0x04, 0x3E,
    0x43, 0xE4, 0x30, 0x43, 0x3C, 0x30, 0x43, 0x04, 0x3F, 0x41, 0x04, 0x00, 0x40, 0x04, 0x00, 0x00,
    0x04, 0x3E, 0x43, 0x04, 0x33, 0xC3, 0x04, 0x3F, 0x40, 0x04, 0x1F, 0xC0, 0x04, 0x00, 0x40, 0x04,
    0x00, 0x00, 0x04, 0x3E, 0x43, 0x1C, 0x33, 0xC3, 0x04, 0x3F, 0x40, 0x84, 0x1F, 0xC0, 0x64, 0x06,
    0x40, 0x64, 0x00, 0x00, 0x04, 0x3E, 0x43, 0x04, 0x33, 0xC2, 0x0C, 0x3F, 0x43, 0xE4, 0x08, 0x41,
    0x80, 0x1F, 0xC0, 0xFE, 0x00, 0x00, 0x04, 0x3E, 0x43, 0x3C, 0x33, 0xC3, 0x04, 0x3E, 0x40, 0x0C,
    0x1F, 0xC1, 0x80, 0x1F, 0xC1, 0xFE, 0x00, 0x00, 0x04, 0x3E, 0x43, 0x1C, 0x23, 0xC3, 0xF4, 0x1E,
    0x40, 0xFC, 0x0F, 0xC1, 0xFC, 0x1F, 0xC0, 0xFE, 0x00, 0x00, 0x04, 0x3E, 0x43, 0x0C, 0x33, 0xC3,
    0x04, 0x3F, 0x41, 0xDC, 0x1F, 0xC1, 0xD4, 0x1F, 0xC1, 0xDC, 0x00, 0x03, 0xE4, 0x3E, 0x43, 0x3C,
    0x30, 0xC3, 0xF4, 0x3E, 0x41, 0xDC, 0x1D, 0xC1, 0x14, 0x1F, 0xC0, 0x00, 0x00, 0x00, 0x04, 0x3E,
    0x43, 0x1C, 0x33, 0xC3, 0x04, 0x3E, 0x40, 0x0C, 0x1F, 0xC1, 0x84, 0x1F, 0xC1, 0xFC, 0x00, 0x00,
    0x04, 0x3E, 0x43, 0x1C, 0x33, 0xC3, 0x04, 0x3E, 0x40, 0x84, 0x1F, 0xC1, 0xAC, 0x1F, 0xC0, 0xFC,
    0x00, 0x03, 0xE4, 0x3E, 0x43, 0x1C, 0x33, 0xC3, 0xE4, 0x3E, 0x40, 0x24, 0x03, 0x00, 0x78, 0x1C,
    0xE0, 0x00, 0x00, 0x00, 0x04, 0x3E, 0x43, 0x1C, 0x33, 0xC3, 0x04, 0x3E, 0x40, 0x7C, 0x1F, 0xC1,
    0x84, 0x1F, 0xC0, 0x78, 0x00, 0x00, 0x04, 0x3C, 0xC2, 0x3C, 0x23, 0xC3, 0xE4, 0x3E, 0xC0, 0x2C,
    0x1F, 0xC0, 0x70, 0x1D, 0xC1, 0x0C, 0x00, 0x00, 0x04, 0x3E, 0x43, 0x1C, 0x33, 0xC3, 0x04, 0x3E,
    0x41, 0xFC, 0x1F, 0xC0, 0xC8, 0x1F, 0xC1, 0xFC, 0x00, 0x00, 0x12, 0x1D, 0xE3, 0xDE, 0x21, 0xE3,
    0x7E, 0x31, 0xE2, 0x1E, 0x3F, 0xE0, 0x1E, 0x01, 0xE0, 0x02, 0x00, 0x00, 0x04, 0x3D, 0xE3, 0x1C,
    0x37, 0xC3, 0x1C, 0x3F, 0xE0, 0x1C, 0x1F, 0xC0, 0x04, 0x00, 0x40, 0x04, 0x00, 0x00, 0x04, 0x3D,
    0xE3, 0x1C, 0x37, 0xC3, 0x1C, 0x3F, 0xC1, 0x9E, 0x19, 0x41, 0x80, 0x1F, 0xE0, 0xFE, 0x00, 0x00,
    0x04, 0x3D, 0xC2, 0x7C, 0x27, 0xC3, 0xDC, 0x3D, 0xC1, 0xFC, 0x0F, 0xC1, 0xF8, 0x1F, 0xC1, 0xFC,
    0x00, 0x00, 0x04, 0x3D, 0xE3, 0x3C, 0x37, 0xC3, 0x5C, 0x3D, 0xC0, 0x1C, 0x1F, 0xC1, 0x84, 0x1F,
    0xC0, 0xFC, 0x00, 0x00, 0x04, 0x3D, 0xE3, 0x7C, 0x37, 0xC3, 0xDE, 0x3F, 0xC0, 0x04, 0x1F, 0xC1,
    0xA4, 0x1B, 0xC0, 0xFC, 0x00, 0x00, 0x04, 0x3D, 0xC2, 0x1C, 0x27, 0xC2, 0x1C, 0x3D, 0xC0, 0x3C,
    0x02, 0x00, 0x70, 0x1D, 0xC1, 0x04, 0x00, 0x00, 0x04, 0x3D, 0xC2, 0x3C, 0x27, 0xC2, 0x1C, 0x3F,
    0xC0, 0x9C, 0x09, 0x81, 0x98, 0x3F, 0xC2, 0x24, 0x00, 0x00, 0x04, 0x3D, 0xE3, 0x1C, 0x37, 0xC3,
    0x1C, 0x3D, 0xE0, 0x14, 0x0F, 0xC1, 0x84, 0x0F, 0xC0, 0x78, 0x00, 0x00, 0x04, 0x3E, 0x43, 0x04,
    0x33, 0xC3, 0x04, 0x33, 0xC3, 0x3C, 0x3F, 0x41, 0xC4, 0x00, 0x40, 0x04, 0x00, 0x00, 0x04, 0x3E,
    0x43, 0x3C, 0x30, 0x43, 0x1C, 0x33, 0x43, 0xE4, 0x08, 0x41, 0x80, 0x1F, 0xC0, 0xFE, 0x00, 0x00,
    0x04, 0x3E, 0x43, 0x3C, 0x31, 0xC3, 0x3C, 0x3E, 0x40, 0xFC, 0x00, 0x41, 0xFC, 0x1F, 0xC0, 0xFE,
    0x00, 0x00, 0x04, 0x3C, 0xC2, 0x3C, 0x21, 0xC2, 0x3C, 0x3E, 0xC0, 0x8C, 0x09, 0x81, 0x98, 0x37,
    0xC2, 0x20, 0x00, 0x00, 0x04, 0x3E, 0x43, 0x3C, 0x31, 0xC3, 0x3C, 0x3E, 0x40, 0x7C, 0x1F, 0xC1,
    0x84, 0x1F, 0xC0, 0x78, 0x00, 0x00, 0x02, 0x1D, 0xE3, 0xDE, 0x27, 0x63, 0x1E, 0x37, 0x62, 0x76,
    0x3D, 0xE1, 0x9E, 0x01, 0xE0, 0x02, 0x00, 0x00, 0x04, 0x3D, 0xE3, 0x7C, 0x33, 0xC3, 0x3C, 0x3F,
    0xC3, 0xDE, 0x09, 0x41, 0x80, 0x1F, 0xE0, 0xFE, 0x00, 0x00, 0x00, 0x1F, 0xC1, 0xFC, 0x10, 0x01,
    0x80, 0x1F, 0xC0, 0x20, 0x02, 0x03, 0xFE, 0x00, 0x00, 0x00, 0x00, 0x01, 0xFC, 0x18, 0x01, 0x80,
    0x1F, 0xC0, 0x20, 0x3F, 0xE1, 0xFC, 0x1F, 0xC0, 0x04, 0x00, 0x40, 0x00, 0x00, 0x01, 0xFC, 0x1F,
    0xC1, 0x00, 0x1F, 0xC0, 0x60, 0x3F, 0xE0, 0x00, 0x10, 0x01, 0x00, 0x1F, 0xC0, 0x00, 0x00, 0x01,
    0xFC, 0x18, 0x01, 0x80, 0x1F, 0xC0, 0x20, 0x3F, 0xE1, 0xFC, 0x1F, 0xC1, 0x00, 0x1F, 0xC0, 0x00,
    0x00, 0x01, 0xFC, 0x18, 0x01, 0xDC, 0x1F, 0xC3, 0xFE, 0x3F, 0xE1, 0xFC, 0x1F, 0xC1, 0xF8, 0x1F,
    0xC0, 0x00, 0x00, 0x01, 0xFC, 0x18, 0x01, 0xFC, 0x1F, 0xC3, 0xFE, 0x3F, 0xE1, 0xFC, 0x1F, 0x43,
    0xB4, 0x1F, 0xC0, 0x00, 0x00, 0x01, 0xFC, 0x18, 0x01, 0xDC, 0x1F, 0xC3, 0xFE, 0x3F, 0xE1, 0xC8,
    0x1C, 0x83, 0xDC, 0x1F, 0x60, 0x00, 0x00, 0x01, 0xFC, 0x18, 0x01, 0x80, 0x1F, 0xC3, 0xFE, 0x3F,
    0xE1, 0xFC, 0x1F, 0xC1, 0x04, 0x1F, 0xC0, 0x00, 0x00, 0x01, 0xFC, 0x18, 0x01, 0x80, 0x1F, 0xC3,
    0xFE, 0x3F, 0xE1, 0x04, 0x1F, 0xC1, 0x04, 0x1F, 0xC0, 0x00, 0x00, 0x01, 0xFC, 0x1F, 0xC1, 0x00,
    0x1F, 0xC0, 0x70, 0x3F, 0xE0, 0x20, 0x06, 0x00, 0xF8, 0x18, 0xC0, 0x00, 0x00, 0x01, 0xFC, 0x18,
    0x01, 0x80, 0x1F, 0xC0, 0x20, 0x3F, 0xE0, 0xF8, 0x1F, 0xC1, 0x84, 0x0F, 0xC0, 0x00, 0x00, 0x01,
    0xFC, 0x18, 0x01, 0xDC, 0x1F, 0xC3, 0xFE, 0x3F, 0xE1, 0xFC, 0x1F, 0xC0, 0xF8, 0x18, 0xC0, 0x00,
    0x00, 0x01, 0xFC, 0x18, 0x01, 0xDC, 0x1F, 0xC3, 0xFE, 0x3F, 0xE1, 0xFC, 0x1F, 0xC1, 0xFC, 0x1F,
    0xC0, 0x00, 0x00, 0x00, 0x0C, 0x3E, 0xC3, 0xEC, 0x20, 0xC3, 0xEE, 0x3E, 0xE0, 0x8C, 0x3F, 0xC3,
    0xEC, 0x00, 0xC0, 0x0C, 0x00, 0x00, 0x08, 0x3E, 0xC2, 0x08, 0x3E, 0xE3, 0xEE, 0x09, 0x87, 0xFC,
    0x10, 0xC1, 0x00, 0x1F, 0xC1, 0xFC, 0x00, 0x00, 0x08, 0x3E, 0xC3, 0x0C, 0x3E, 0xE0, 0xEC, 0x7F,
    0xC1, 0xF8, 0x1F, 0xC1, 0xF8, 0x3F, 0xC1, 0xFC, 0x00, 0x00, 0x02, 0x1F, 0xE3, 0xFA, 0x30, 0xA3,
    0xFE, 0x1F, 0xE0, 0xCA, 0x3F, 0xE3, 0xFA, 0x00, 0xE0, 0x02, 0x00, 0x00, 0x14, 0x3F, 0xE2, 0x16,
    0x3F, 0xE1, 0xFE, 0x3F, 0x63, 0xD4, 0x0C, 0x80, 0xCC, 0x3F, 0xE0, 0x22, 0x00, 0x00, 0x02, 0x1F,
    0x61, 0xF6, 0x10, 0x61, 0xF6, 0x1F, 0x60, 0x46, 0x3F, 0xE1, 0xF6, 0x00, 0x60, 0x02, 0x00, 0x00,
    0x04, 0x1F, 0x43, 0x04, 0x3E, 0x41, 0xE4, 0x0D, 0x43, 0xF4, 0x00, 0x41, 0x80, 0x1F, 0xC1, 0xFE,
    0x00, 0x00, 0x04, 0x3F, 0x43, 0x04, 0x1F, 0x40, 0xF4, 0x3F, 0x41, 0xFC, 0x0F, 0xC1, 0xFC, 0x1F,
    0xC1, 0xFE, 0x00, 0x00, 0x02, 0x1F, 0x61, 0x06, 0x1F, 0x60, 0x76, 0x3F, 0xE1, 0xE6, 0x0F, 0xE0,
    0x86, 0x0F, 0xE0, 0xFE, 0x00, 0x00, 0x02, 0x1F, 0x61, 0x06, 0x1F, 0x60, 0x76, 0x3F, 0xE0, 0x00,
    0x0F, 0xE0, 0xFE, 0x0F, 0x60, 0xFE, 0x00, 0x00, 0x04, 0x1F, 0x43, 0x04, 0x3F, 0x40, 0xE4, 0x3F,
    0x43, 0xE4, 0x03, 0x40, 0x70, 0x1D, 0xC1, 0x04, 0x00, 0x00, 0x00, 0x1F, 0xC3, 0xF8, 0x30, 0x03,
    0x00, 0x1F, 0xC0, 0xD8, 0x09, 0x87, 0xFE, 0x00, 0x00, 0x00, 0x00, 0x01, 0xFC, 0x1F, 0xC1, 0x00,
    0x1F, 0xC1, 0xFC, 0x3F, 0xE3, 0xFE, 0x02, 0x00, 0x20, 0x02, 0x00, 0x00, 0x00, 0x01, 0xFC, 0x1F,
    0xC1, 0x00, 0x1F, 0xC3, 0xFE, 0x3F, 0xE0, 0x20, 0x1F, 0xC0, 0x04, 0x00, 0x40, 0x00, 0x00, 0x01,
    0xFC, 0x3F, 0x83, 0x00, 0x1F, 0xC0, 0x00, 0x3F, 0xE0, 0x20, 0x32, 0x03, 0x00, 0x1F, 0xC0, 0x00,
    0x00, 0x01, 0xFC, 0x18, 0x01, 0xFC, 0x1F, 0xC3, 0xFE, 0x0F, 0x81, 0xFC, 0x1F, 0xC1, 0xF8, 0x1F,
    0xC0, 0x00, 0x00, 0x01, 0xFC, 0x1F, 0xC1, 0x80, 0x1F, 0xC3, 0xFE, 0x3F, 0xE1, 0xFC, 0x1F, 0xC1,
    0x04, 0x1F, 0xC0, 0x00, 0x00, 0x01, 0xFC, 0x18, 0x01, 0xFC, 0x1F, 0xC3, 0xFE, 0x3F, 0xE1, 0x24,
    0x1F, 0xC1, 0x84, 0x1F, 0xC0, 0x00, 0x00, 0x01, 0xFC, 0x1F, 0x81, 0x00, 0x1F, 0xC3, 0xFE, 0x3F,
    0xE0, 0x20, 0x02, 0x00, 0x70, 0x1D, 0xC0, 0x00, 0x00, 0x01, 0xFC, 0x1B, 0xC1, 0x80, 0x1F, 0xC3,
    0xFE, 0x3F, 0xE0, 0xF8, 0x1D, 0xC1, 0x84, 0x0F, 0xC0, 0x00, 0x00, 0x00, 0x04, 0x1F, 0x63, 0x06,
    0x3F, 0x61, 0xF6, 0x3F, 0x63, 0xF6, 0x0D, 0xE0, 0xC6, 0x0C, 0x60, 0x04, 0x00, 0x00, 0x04, 0x3E,
    0x43, 0xE4, 0x1E, 0x43, 0xF4, 0x2D, 0xC0, 0xCC, 0x0C, 0x80, 0xDC, 0x37, 0x60, 0x20, 0x00, 0x00,
    0x02, 0x1E, 0xE3, 0x0E, 0x3E, 0xE1, 0xEE, 0x3F, 0xE3, 0xFE, 0x0B, 0xE0, 0x8E, 0x08, 0xE0, 0x02,
    0x00, 0x00, 0x0A, 0x1E, 0xE3, 0x0E, 0x1F, 0xE3, 0xFE, 0x3F, 0xE0, 0xBE, 0x0F, 0xC1, 0x86, 0x1F,
    0xE0, 0x7C, 0x00, 0x00, 0x02, 0x1F, 0x61, 0x06, 0x18, 0x61, 0xF6, 0x3F, 0xE3, 0xF6, 0x04, 0x60,
    0x46, 0x04, 0x60, 0x02, 0x00, 0x00, 0x02, 0x1F, 0x61, 0x06, 0x1F, 0x61, 0xF6, 0x3F, 0xE1, 0xE6,
    0x0C, 0x61, 0x80, 0x1F, 0xE0, 0xFE, 0x00, 0x00, 0xF4, 0x1F, 0x41, 0x84, 0x1F, 0x43, 0xFC, 0x1C,
    0x40, 0xFC, 0x0F, 0xE0, 0xFC, 0x1F, 0xE0, 0xFE, 0x00, 0x00, 0x02, 0x1F, 0x61, 0x86, 0x0F, 0x61,
    0xFE, 0x1F, 0xE0, 0x62, 0x0F, 0xE0, 0xFE, 0x0D, 0x60, 0xFE, 0x00, 0x00, 0x04, 0x3F, 0x43, 0x04,
    0x1F, 0x40, 0xF4, 0x3F, 0x40, 0xC4, 0x0B, 0x40, 0x70, 0x1D, 0xE1, 0x06, 0x00, 0x00, 0x04, 0x1F,
    0x41, 0x04, 0x1F, 0x40, 0x34, 0x3F, 0xC0, 0x64, 0x0F, 0xC1, 0x84, 0x0F, 0xC0, 0x78, 0x00, 0x01,
    0xF8, 0x3F, 0x83, 0x00, 0x3F, 0x81, 0xF8, 0x3F, 0xE7, 0xFE, 0x09, 0x80, 0x98, 0x09, 0x80, 0x00,
    0x00, 0x01, 0xFC, 0x3F, 0x83, 0x00, 0x1F, 0xC0, 0x00, 0x7F, 0xE0, 0xD8, 0x3D, 0x83, 0x00, 0x1F,
    0xC0, 0x00, 0x00, 0x01, 0xF8, 0x30, 0x01, 0xF8, 0x1F, 0x87, 0xFE, 0x1F, 0x81, 0xFC, 0x1F, 0xC3,
    0xF8, 0x3F, 0xC0, 0x00, 0x00, 0x01, 0xFC, 0x36, 0x83, 0x00, 0x1F, 0xC7, 0xFE, 0x3F, 0xE1, 0xFC,
    0x3F, 0xC3, 0x0C, 0x3F, 0xC0, 0x00, 0x00, 0x01, 0xFC, 0x1A, 0x81, 0x80, 0x1F, 0xC3, 0xFE, 0x3F,
    0xE0, 0xF8, 0x1F, 0xC1, 0x84, 0x0F, 0xC0, 0x00, 0x00, 0x00, 0x00, 0x1F, 0xC1, 0x80, 0x10, 0x01,
    0x00, 0x1F, 0xC0, 0x00, 0x00, 0x03, 0xFE, 0x00, 0x00, 0x00, 0x00, 0x01, 0xFC, 0x1F, 0x81, 0x00,
    0x1F, 0xC0, 0x00, 0x3F, 0xE0, 0x00, 0x1F, 0xC0, 0x04, 0x00, 0x40, 0x00, 0x00, 0x01, 0xFC, 0x1F,
    0x81, 0x00, 0x1F, 0xC0, 0x00, 0x3F, 0xE1, 0x00, 0x10, 0x01, 0x80, 0x1F, 0xC0, 0x00, 0x00, 0x01,
    0xFC, 0x1F, 0x81, 0xFC, 0x1F, 0xC3, 0xFE, 0x3F, 0xE1, 0xFC, 0x1F, 0xC1, 0x00, 0x1F, 0xC0, 0x00,
    0x00, 0x01, 0xFC, 0x18, 0x01, 0xFC, 0x1F, 0xC3, 0xFE, 0x1F, 0x81, 0xFC, 0x1F, 0xC1, 0xF8, 0x1F,
    0xC0, 0x00, 0x00, 0x01, 0xFC, 0x18, 0x01, 0xFC, 0x1F, 0xC3, 0xFE, 0x1D, 0x81, 0xFC, 0x1F, 0x41,
    0xB4, 0x1F, 0xC0, 0x00, 0x00, 0x01, 0xFC, 0x18, 0x01, 0xFC, 0x1F, 0xC3, 0xFE, 0x3F, 0xE1, 0xFC,
    0x1F, 0xC1, 0x04, 0x1F, 0xC0, 0x00, 0x00, 0x01, 0xFC, 0x1F, 0x81, 0xFC, 0x1F, 0xC3, 0xFE, 0x3F,
    0xE1, 0x04, 0x1F, 0xC1, 0x04, 0x1F, 0xC0, 0x00, 0x00, 0x01, 0xFC, 0x1F, 0x81, 0x00, 0x1F, 0xC3,
    0xFE, 0x3F, 0xE0, 0x20, 0x07, 0x00, 0xF8, 0x18, 0xC0, 0x00, 0x00, 0x01, 0xFC, 0x1F, 0x81, 0x00,
    0x1F, 0xC3, 0xFE, 0x3F, 0xE0, 0xF8, 0x1F, 0xC1, 0x8C, 0x1F, 0xC0, 0x00, 0x00, 0x00, 0x02, 0x1F,
    0x61, 0xF6, 0x10, 0x61, 0xF6, 0x1F, 0x60, 0x06, 0x3F, 0xE1, 0x86, 0x00, 0x60, 0x02, 0x00, 0x00,
    0x04, 0x1F, 0x43, 0xE4, 0x30, 0x43, 0x04, 0x30, 0x43, 0x04, 0x3F, 0x40, 0x84, 0x00, 0x40, 0x04,
    0x00, 0x00, 0x04, 0x1F, 0x43, 0x04, 0x30, 0x43, 0x14, 0x1F, 0x40, 0x04, 0x1F, 0xC0, 0x04, 0x00,
    0x40, 0x04, 0x00, 0x00, 0x04, 0x3E, 0xC3, 0x0C, 0x30, 0xC3, 0x0C, 0x3F, 0xC0, 0x0C, 0x18, 0xC1,
    0x80, 0x1F, 0xC1, 0xFE, 0x00, 0x00, 0x04, 0x3E, 0xC3, 0x0C, 0x20, 0xC3, 0xFC, 0x1C, 0x40, 0xFC,
    0x1F, 0xC1, 0x80, 0x1F, 0xC1, 0xFC, 0x00, 0x00, 0x04, 0x3E, 0xC3, 0x0C, 0x30, 0xC3, 0xFC, 0x08,
    0x41, 0xFC, 0x0F, 0xC1, 0xF8, 0x1F, 0xC1, 0xFC, 0x00, 0x00, 0x04, 0x1F, 0x43, 0x04, 0x30, 0x43,
    0xF4, 0x1F, 0x40, 0x04, 0x0F, 0xC0, 0x84, 0x0F, 0xC0, 0xFC, 0x00, 0x00, 0x04, 0x1F, 0x43, 0x04,
    0x30, 0x43, 0xF4, 0x1F, 0x40, 0x84, 0x0F, 0xC0, 0x84, 0x0F, 0xC0, 0xFC, 0x00, 0x00, 0x04, 0x3E,
    0xC3, 0x0C, 0x30, 0xC3, 0x3C, 0x3F, 0xC0, 0x2C, 0x03, 0x00, 0x70, 0x1D, 0xC1, 0x04, 0x00, 0x00,
    0x04, 0x3E, 0x43, 0x04, 0x20, 0x43, 0xF4, 0x3F, 0x40, 0x8C, 0x0C, 0x81, 0xDC, 0x37, 0x60, 0x20,
    0x00, 0x00, 0x04, 0x3E, 0xC3, 0x0C, 0x20, 0xC3, 0x3C, 0x3F, 0xC0, 0x7C, 0x1F, 0xC1, 0x8C, 0x1F,
    0xC0, 0xF8, 0x00, 0x00, 0x04, 0x3E, 0xC3, 0x0C, 0x20, 0xC3, 0xFC, 0x3E, 0x40, 0xFC, 0x0F, 0xC0,
    0x70, 0x1D, 0xC0, 0x04, 0x00, 0x00, 0x08, 0x37, 0xC3, 0x6C, 0x24, 0x82, 0x4E, 0x24, 0xE2, 0x68,
    0x3F, 0xC0, 0x0C, 0x00, 0xC0, 0x08, 0x00, 0x00, 0x08, 0x37, 0xC2, 0x6C, 0x24, 0xE2, 0x4C, 0x3F,
    0xC0, 0x08, 0x3F, 0xC0, 0x0C, 0x00, 0xC0, 0x08, 0x00, 0x00, 0x08, 0x37, 0xC3, 0x6C, 0x24, 0xE2,
    0x4C, 0x3F, 0xC0, 0x0C, 0x10, 0x81, 0x00, 0x1F, 0xC1, 0xFC, 0x00, 0x00, 0x08, 0x3F, 0xC2, 0x4E,
    0x24, 0xE3, 0xFC, 0x00, 0x81, 0xF8, 0x1F, 0xC1, 0xF8, 0x1F, 0xC1, 0xFC, 0x00, 0x00, 0x08, 0x37,
    0xC2, 0x6C, 0x24, 0xE2, 0x48, 0x3F, 0xC0, 0x08, 0x1F, 0xC1, 0x0C, 0x1F, 0xC1, 0xF8, 0x00, 0x00,
    0x08, 0x3F, 0xC2, 0x4C, 0x24, 0xE3, 0xF8, 0x37, 0xC1, 0x08, 0x1F, 0xC1, 0x0C, 0x1F, 0xC1, 0xF8,
    0x00, 0x00, 0x08, 0x37, 0xC2, 0x6C, 0x24, 0xE2, 0x4C, 0x3F, 0xC0, 0x2C, 0x06, 0x00, 0x70, 0x1D,
    0xC1, 0x0C, 0x00, 0x00, 0x08, 0x3F, 0xC2, 0xEC, 0x24, 0xE2, 0xC8, 0x3F, 0xC0, 0x88, 0x09, 0x81,
    0xD8, 0x37, 0x40, 0x00, 0x00, 0x00, 0x04, 0x37, 0xC2, 0x6C, 0x24, 0xE2, 0x4C, 0x3F, 0xC0, 0xFC,
    0x1F, 0xC1, 0x0C, 0x1F, 0xC0, 0xF0, 0x00, 0x00, 0x0C, 0x37, 0xC2, 0x4E, 0x24, 0xE3, 0xFC, 0x02,
    0xC1, 0xFC, 0x1F, 0x81, 0x98, 0x19, 0x80, 0xF0, 0x00, 0x00, 0x04, 0x35, 0xE3, 0xFE, 0x2D, 0x62,
    0xDE, 0x2D, 0xE2, 0xD6, 0x3F, 0xE0, 0x1E, 0x01, 0x60, 0x04, 0x00, 0x00, 0x02, 0x3F, 0xE3, 0x5E,
    0x24, 0xE3, 0x5E, 0x3F, 0xE0, 0x1E, 0x1F, 0xE0, 0x06, 0x00, 0x60, 0x02, 0x00, 0x00, 0x14, 0x3F,
    0xE3, 0xD4, 0x29, 0xC2, 0xDC, 0x3F, 0x40, 0x1C, 0x11, 0x41, 0x00, 0x1F, 0xC1, 0xFC, 0x00, 0x00,
    0x14, 0x3F, 0x62, 0xDC, 0x29, 0xC3, 0xF6, 0x3F, 0x41, 0xFC, 0x0F, 0xC1, 0xFC, 0x1F, 0xC1, 0xFC,
    0x00, 0x00, 0x0A, 0x3F, 0xE3, 0xDE, 0x24, 0xE3, 0xFE, 0x37, 0xE0, 0x1C, 0x1F, 0xE1, 0x86, 0x1F,
    0xE0, 0xFE, 0x00, 0x00, 0x02, 0x3F, 0xE2, 0xDE, 0x2D, 0xE3, 0xFE, 0x17, 0xE0, 0x02, 0x1F, 0xE1,
    0xB6, 0x1F, 0xE0, 0xFE, 0x00, 0x00, 0x14, 0x3F, 0xE2, 0xDC, 0x2D, 0xC2, 0xDC, 0x3F, 0xC0, 0x14,
    0x03, 0x00, 0x70, 0x1D, 0xC1, 0x04, 0x00, 0x00, 0x14, 0x3F, 0x62, 0xDC, 0x2D, 0xC2, 0xD4, 0x3F,
    0x40, 0x88, 0x0D, 0x81, 0xDC, 0x37, 0x60, 0x20, 0x00, 0x00, 0x04, 0x3F, 0xE2, 0xD4, 0x2D, 0xC2,
    0xDC, 0x3F, 0x60, 0x7C, 0x1F, 0xC1, 0x84, 0x1F, 0xC0, 0xF8, 0x00, 0x00, 0x04, 0x3B, 0x63, 0x76,
    0x36, 0x63, 0x7E, 0x36, 0x63, 0x66, 0x3F, 0xE0, 0x06, 0x00, 0x60, 0x04, 0x00, 0x00, 0x02, 0x3F,
    0x63, 0x66, 0x36, 0xE3, 0x66, 0x3F, 0xE0, 0x06, 0x0F, 0xE0, 0x06, 0x00, 0x60, 0x02, 0x00, 0x00,
    0x04, 0x3F, 0x63, 0x66, 0x36, 0xE3, 0x66, 0x3F, 0xE1, 0xB6, 0x08, 0x61, 0x80, 0x1F, 0xE0, 0xFE,
    0x00, 0x00, 0x04, 0x3F, 0x42, 0x4C, 0x25, 0xC3, 0xF4, 0x37, 0x41, 0xFC, 0x0F, 0xC1, 0xFC, 0x1F,
    0xC1, 0xFC, 0x00, 0x00, 0x06, 0x3F, 0x63, 0x6E, 0x36, 0xE3, 0xFE, 0x1B, 0x61, 0xFE, 0x0F, 0x61,
    0xF6, 0x1F, 0xE1, 0xFC, 0x00, 0x00, 0x06, 0x3F, 0x63, 0x6E, 0x36, 0xE3, 0xFE, 0x1B, 0x61, 0xF6,
    0x0F, 0xE1, 0xF6, 0x1F, 0xE1, 0xFC, 0x00, 0x00, 0x06, 0x3F, 0x63, 0x6E, 0x36, 0xE3, 0x66, 0x3F,
    0xE0, 0x04, 0x1F, 0xE1, 0x86, 0x1F, 0xE0, 0xFC, 0x00, 0x00, 0x04, 0x3F, 0x63, 0x6E, 0x36, 0xE3,
    0xF6, 0x3B, 0x60, 0x84, 0x1F, 0xE1, 0x86, 0x1F, 0xE0, 0xFC, 0x00, 0x00, 0x04, 0x3F, 0x42, 0x64,
    0x25, 0xC2, 0x4C, 0x3F, 0xC0, 0x2C, 0x02, 0x40, 0x70, 0x1D, 0xC1, 0x04, 0x00, 0x00, 0x04, 0x3F,
    0x42, 0xDC, 0x2D, 0xC2, 0xC4, 0x3F, 0x40, 0x88, 0x09, 0x81, 0xDC, 0x37, 0x60, 0x20, 0x00, 0x00,
    0x06, 0x3F, 0x63, 0x6E, 0x36, 0xE3, 0x66, 0x3F, 0xE0, 0x00, 0x0F, 0xC1, 0x86, 0x0F, 0xC0, 0x78,
    0x00, 0x00, 0x04, 0x3F, 0x63, 0x6E, 0x36, 0x63, 0xF6, 0x13, 0x41, 0xFE, 0x0F, 0x80, 0xFC, 0x0C,
    0xC0, 0x78, 0x00, 0x00, 0x02, 0x17, 0xE3, 0xFE, 0x2D, 0xE2, 0xFE, 0x2D, 0xE3, 0xDE, 0x3F, 0xE0,
    0x0E, 0x00, 0xE0, 0x02, 0x00, 0x00, 0x02, 0x3E, 0xE3, 0xDE, 0x2D, 0xE3, 0xDE, 0x3F, 0xE0, 0x0E,
    0x0F, 0xE0, 0x06, 0x00, 0x60, 0x02, 0x00, 0x00, 0x04, 0x3F, 0xE2, 0xDC, 0x2B, 0x42, 0x9C, 0x3F,
    0xC2, 0x5C, 0x11, 0x41, 0x00, 0x1F, 0xC1, 0xFC, 0x00, 0x00, 0x04, 0x3D, 0xE2, 0xBC, 0x2B, 0x43,
    0xFE, 0x3F, 0xC1, 0xFC, 0x00, 0x41, 0xFC, 0x1F, 0xC1, 0xFC, 0x00, 0x00, 0x02, 0x3F, 0xE3, 0xDE,
    0x2D, 0xE3, 0xDE, 0x3F, 0xE0, 0x1E, 0x1F, 0xE1, 0x86, 0x1F, 0xE0, 0xFE, 0x00, 0x00, 0x02, 0x3E,
    0xE2, 0xDE, 0x2D, 0xE3, 0xFE, 0x3F, 0xE0, 0x02, 0x1F, 0xE1, 0xB6, 0x1F, 0xE0, 0xFE, 0x00, 0x00,
    0x04, 0x3D, 0xE2, 0xDC, 0x2B, 0x42, 0x9C, 0x3F, 0xC0, 0x14, 0x03, 0x40, 0x70, 0x1D, 0xC1, 0x84,
    0x00, 0x00, 0x04, 0x3D, 0xE2, 0xDC, 0x2B, 0x42, 0xDC, 0x3F, 0x40, 0x88, 0x08, 0x81, 0xDC, 0x37,
    0x60, 0x20, 0x00, 0x00, 0x04, 0x3F, 0xE2, 0xDC, 0x2B, 0x42, 0xDC, 0x3F, 0xE0, 0x14, 0x0F, 0xC1,
    0x84, 0x1F, 0xC0, 0xF8, 0x00, 0x00, 0x04, 0x3B, 0x63, 0x76, 0x36, 0xE3, 0x66, 0x37, 0xE3, 0x66,
    0x3F, 0xE1, 0x36, 0x00, 0x60, 0x04, 0x00, 0x00, 0x04, 0x3F, 0x42, 0xDC, 0x2C, 0xC2, 0xDC, 0x3F,
    0x40, 0x88, 0x09, 0x81, 0xDC, 0x37, 0x60, 0x20, 0x00, 0x00, 0x00, 0x1F, 0xC3, 0xFC, 0x33, 0x03,
    0x30, 0x1F, 0xC0, 0x20, 0x02, 0x03, 0xFE, 0x00, 0x00, 0x00, 0x00, 0x01, 0xFC, 0x33, 0x03, 0x30,
    0x1F, 0xC0, 0x60, 0x3F, 0xE1, 0xD0, 0x1F, 0xC0, 0x0C, 0x00, 0xC0, 0x00, 0x00, 0x01, 0xFC, 0x33,
    0x03, 0x30, 0x1F, 0xC0, 0x60, 0x3F, 0xE1, 0x00, 0x10, 0x01, 0xA0, 0x1F, 0xC0, 0x00, 0x00, 0x01,
    0xFC, 0x33, 0x03, 0xFC, 0x1F, 0xC3, 0xFE, 0x1D, 0x81, 0xFC, 0x1F, 0xC1, 0xF8, 0x1F, 0xC0, 0x00,
    0x00, 0x01, 0xFC, 0x33, 0x03, 0x30, 0x1F, 0xC0, 0x60, 0x3F, 0xE0, 0xF8, 0x1F, 0xC1, 0x0C, 0x1F,
    0x80, 0x00, 0x00, 0x00, 0x04, 0x3F, 0xC3, 0x7C, 0x24, 0xC3, 0xFE, 0x1F, 0xE0, 0xCC, 0x3F, 0xC3,
    0xFC, 0x00, 0xC0, 0x04, 0x00, 0x00, 0x04, 0x3F, 0xC3, 0x6E, 0x3F, 0xE0, 0xDC, 0x3F, 0xC1, 0xFC,
    0x1F, 0xC1, 0xFC, 0x1F, 0xC1, 0xFC, 0x00, 0x00, 0x02, 0x3F, 0xE3, 0xFE, 0x25, 0xA3, 0xFE, 0x1F,
    0xE0, 0x9E, 0x3F, 0xE1, 0x1E, 0x01, 0xE0, 0x02, 0x00, 0x00, 0x02, 0x1F, 0xE3, 0xF6, 0x36, 0x63,
    0xFE, 0x1F, 0xE0, 0x46, 0x3F, 0xE1, 0x86, 0x00, 0x60, 0x02, 0x00, 0x00, 0x02, 0x1F, 0x63, 0x66,
    0x3F, 0x61, 0xF6, 0x07, 0xE3, 0xFE, 0x08, 0x61, 0x80, 0x0F, 0xE0, 0xFE, 0x00, 0x01, 0xDC, 0x3F,
    0xC3, 0x30, 0x3F, 0xC1, 0x9C, 0x3F, 0xE3, 0xFE, 0x02, 0x00, 0x20, 0x02, 0x00, 0x00, 0x00, 0x01,
    0xFC, 0x33, 0x03, 0xFC, 0x1F, 0xC3, 0xFE, 0x3F, 0xE0, 0x20, 0x1F, 0xC0, 0x0C, 0x00, 0xC0, 0x00,
    0x00, 0x01, 0xFC, 0x3B, 0xC3, 0x30, 0x1F, 0xC0, 0x0C, 0x3F, 0xE0, 0x20, 0x12, 0x01, 0x00, 0x1F,
    0xC0, 0x00, 0x00, 0x01, 0xFC, 0x33, 0x03, 0xFC, 0x1F, 0xC3, 0xFE, 0x1F, 0x81, 0xFC, 0x1F, 0xC1,
    0xF8, 0x1F, 0xC0, 0x00, 0x00, 0x01, 0xDC, 0x31, 0x03, 0xFC, 0x1D, 0xC7, 0xFE, 0x1E, 0x81, 0xFE,
    0x1D, 0xC3, 0xD4, 0x1F, 0xC0, 0x00, 0x00, 0x01, 0xFC, 0x33, 0x03, 0xFC, 0x1F, 0xC3, 0xFE, 0x3F,
    0xE1, 0xFC, 0x1F, 0xC1, 0x04, 0x1F, 0xC0, 0x00, 0x00, 0x01, 0xFC, 0x3B, 0xC3, 0x30, 0x1F, 0xC3,
    0xFE, 0x3F, 0xE0, 0xF0, 0x1D, 0xC1, 0x0C, 0x1F, 0x80, 0x00, 0x00, 0x00, 0x0A, 0x3E, 0xE3, 0x4E,
    0x3C, 0xE3, 0xFE, 0x3F, 0xE3, 0xFE, 0x0B, 0xE0, 0x8E, 0x08, 0xE0, 0x02, 0x00, 0x00, 0x02, 0x1F,
    0xE3, 0x66, 0x36, 0x61, 0xFE, 0x00, 0x63, 0xFE, 0x04, 0x60, 0x46, 0x04, 0x60, 0x42, 0x00, 0x00,
    0x02, 0x1F, 0x63, 0x66, 0x3F, 0x61, 0xF6, 0x3F, 0xE1, 0xE6, 0x14, 0x61, 0x80, 0x1F, 0xC1, 0xFE,
    0x00, 0x00, 0x92, 0x3F, 0x63, 0x66, 0x1F, 0x63, 0xFE, 0x1E, 0x20, 0xFE, 0x0F, 0xE1, 0xFE, 0x1F,
    0xC0, 0xFE, 0x00, 0x00, 0x02, 0x1F, 0x63, 0x66, 0x1F, 0x60, 0x16, 0x3F, 0xE0, 0x46, 0x1F, 0xE1,
    0x86, 0x1F, 0xE0, 0xFE, 0x00, 0x00, 0x02, 0x3F, 0x63, 0x66, 0x1F, 0x63, 0xFE, 0x3F, 0x60, 0x42,
    0x1F, 0xE1, 0xFE, 0x1B, 0x60, 0xFE, 0x00, 0x00, 0x02, 0x1F, 0x63, 0x66, 0x3F, 0x61, 0xFE, 0x3F,
    0xE0, 0x66, 0x0F, 0xC1, 0x86, 0x0F, 0xE0, 0x7C, 0x00, 0x00, 0x00, 0x1F, 0xC3, 0xFC, 0x33, 0x03,
    0x30, 0x3F, 0xC1, 0xDC, 0x00, 0x03, 0xFE, 0x00, 0x00, 0x00, 0x00, 0x01, 0xFC, 0x3B, 0xC3, 0x30,
    0x1F, 0xC3, 0xFE, 0x3F, 0xE1, 0xFC, 0x1F, 0xC0, 0x04, 0x00, 0x40, 0x00, 0x00, 0x01, 0xDC, 0x1F,
    0xC1, 0x30, 0x1F, 0xC1, 0x9C, 0x3F, 0xE1, 0x00, 0x10, 0x01, 0xA8, 0x1F, 0xC0, 0x00, 0x00, 0x01,
    0xFC, 0x1B, 0xC3, 0x30, 0x1F, 0xC3, 0xFE, 0x3F, 0xE1, 0xFC, 0x1F, 0xC1, 0x00, 0x1F, 0xC0, 0x00,
    0x00, 0x01, 0xFC, 0x33, 0x01, 0xFC, 0x1F, 0xC3, 0xFE, 0x1F, 0x81, 0xFC, 0x1F, 0xC1, 0xF8, 0x1F,
    0xC0, 0x00, 0x00, 0x01, 0xFC, 0x1B, 0xC3, 0x30, 0x1F, 0xC3, 0xFE, 0x3F, 0xE1, 0xFC, 0x1F, 0xC1,
    0x04, 0x1F, 0xC0, 0x00, 0x00, 0x01, 0xFC, 0x33, 0x03, 0xFC, 0x1D, 0xC3, 0xFE, 0x3F, 0xE1, 0x04,
    0x1F, 0xC1, 0x04, 0x1F, 0xC0, 0x00, 0x00, 0x01, 0xDC, 0x1F, 0xC3, 0x30, 0x1F, 0xC3, 0xFE, 0x3F,
    0xE0, 0x20, 0x07, 0x00, 0xF8, 0x18, 0xC0, 0x00, 0x00, 0x00, 0x02, 0x1F, 0xE3, 0xB6, 0x32, 0x63,
    0xFE, 0x1F, 0xE0, 0x06, 0x3F, 0xE1, 0x86, 0x00, 0x60, 0x02, 0x00, 0x00, 0x02, 0x1F, 0x63, 0x66,
    0x3F, 0x61, 0xF6, 0x3F, 0xE3, 0xE6, 0x08, 0x61, 0x80, 0x0F, 0xE0, 0xFE, 0x00, 0x00, 0x02, 0x3F,
    0xE3, 0x26, 0x1F, 0xE3, 0xFE, 0x3F, 0x60, 0xFE, 0x00, 0x61, 0xFE, 0x1F, 0xC0, 0xFE, 0x00, 0x00,
    0x02, 0x3F, 0xE3, 0x26, 0x3F, 0xE1, 0xBE, 0x3F, 0xE0, 0x06, 0x1F, 0xE1, 0x86, 0x1F, 0xE0, 0xFE,
    0x00, 0x00, 0x02, 0x3F, 0xE3, 0x26, 0x1F, 0xE1, 0xFE, 0x3F, 0xE0, 0x02, 0x1F, 0xE1, 0xFE, 0x1B,
    0x60, 0xFE, 0x00, 0x00, 0x04, 0x3F, 0x43, 0xF4, 0x36, 0x43, 0x64, 0x36, 0x43, 0x64, 0x3F, 0xC0,
    0x04, 0x00, 0x40, 0x04, 0x00, 0x00, 0x04, 0x3F, 0x63, 0x74, 0x36, 0x43, 0x64, 0x3F, 0xC0, 0x04,
    0x18, 0x41, 0x80, 0x1F, 0xE0, 0xFE, 0x00, 0x00, 0x04, 0x3F, 0xC2, 0x4C, 0x24, 0xC3, 0xFC, 0x02,
    0xC1, 0xFC, 0x0F, 0xC1, 0xF8, 0x1F, 0xC1, 0xFC, 0x00, 0x00, 0x04, 0x3F, 0x63, 0x64, 0x26, 0x43,
    0xFC, 0x3B, 0x40, 0xFC, 0x1F, 0xC1, 0x84, 0x1F, 0xC0, 0xFC, 0x00, 0x00, 0x04, 0x3F, 0x63, 0x64,
    0x36, 0x43, 0xFE, 0x1B, 0x40, 0x84, 0x1F, 0xC1, 0xA4, 0x1F, 0xC0, 0xFC, 0x00, 0x00, 0x04, 0x3F,
    0x63, 0x64, 0x36, 0x43, 0x64, 0x3F, 0xC0, 0x24, 0x03, 0x00, 0x78, 0x1C, 0xC1, 0x04, 0x00, 0x00,
    0x04, 0x3F, 0x63, 0x64, 0x26, 0x43, 0x64, 0x3F, 0xE0, 0x7C, 0x0F, 0xC1, 0x86, 0x0F, 0xC0, 0x78,
    0x00, 0x00, 0x08, 0x3E, 0xC0, 0x6C, 0x06, 0x83, 0xEE, 0x28, 0xE2, 0x08, 0x3F, 0xC0, 0x0C, 0x00,
    0xC0, 0x08, 0x00, 0x00, 0x08, 0x3E, 0xC0, 0x6C, 0x3E, 0xE2, 0x2C, 0x3E, 0xC0, 0x08, 0x1F, 0x80,
    0x0C, 0x00, 0xC0, 0x08, 0x00, 0x00, 0x08, 0x3E, 0xC0, 0x68, 0x3E, 0xE2, 0x0E, 0x3E, 0x83, 0xEC,
    0x10, 0xC1, 0x00, 0x1F, 0xC1, 0xFC, 0x00, 0x00, 0x08, 0x3E, 0xC1, 0xEE, 0x3C, 0xE3, 0xEC, 0x3E,
    0xC1, 0xF8, 0x1F, 0xC1, 0xF8, 0x1F, 0xC1, 0xFC, 0x00, 0x00, 0x08, 0x3E, 0xC0, 0x6C, 0x3E, 0xE2,
    0x2C, 0x3E, 0xC0, 0x08, 0x1F, 0xC1, 0x0C, 0x1F, 0xC1, 0xF8, 0x00, 0x00, 0x08, 0x3E, 0xC1, 0xEC,
    0x3C, 0xE2, 0x2C, 0x3E, 0xC1, 0x08, 0x1F, 0xC1, 0xFC, 0x1E, 0xC1, 0xF8, 0x00, 0x00, 0x08, 0x3E,
    0xC0, 0x6C, 0x3E, 0xE2, 0x0C, 0x3E, 0xC3, 0xEC, 0x06, 0x00, 0x70, 0x1D, 0xC3, 0x0C, 0x00, 0x00,
    0x08, 0x3E, 0xC1, 0xEC, 0x3C, 0xE2, 0x28, 0x3E, 0xC0, 0x88, 0x09, 0x81, 0xD8, 0x37, 0xC0, 0x20,
    0x00, 0x00, 0x08, 0x3E, 0x80, 0x6C, 0x3E, 0xE2, 0x2C, 0x3E, 0xC0, 0x08, 0x1F, 0x83, 0x0C, 0x1F,
    0x80, 0xF0, 0x00, 0x00, 0x08, 0x3E, 0xC1, 0xEC, 0x3C, 0xE2, 0x28, 0x3E, 0xC0, 0x08, 0x1F, 0xC0,
    0x60, 0x1D, 0xC3, 0x0C, 0x00, 0x00, 0x08, 0x3E, 0xC0, 0x6C, 0x3C, 0xE2, 0x2C, 0x3E, 0xC1, 0xFC,
    0x1F, 0x80, 0x98, 0x1F, 0xC1, 0xFC, 0x00, 0x00, 0x08, 0x3E, 0x83, 0xEE, 0x3C, 0xE3, 0xE8, 0x3E,
    0x81, 0xFC, 0x0F, 0x01, 0xF8, 0x19, 0x80, 0xF0, 0x00, 0x00, 0x02, 0x3D, 0x61, 0xD6, 0x05, 0x63,
    0xDE, 0x3D, 0xE2, 0x16, 0x3F, 0x61, 0x16, 0x01, 0x60, 0x02, 0x00, 0x00, 0x14, 0x3D, 0x60, 0x54,
    0x3D, 0xC3, 0x1C, 0x3F, 0x61, 0x94, 0x1F, 0xC0, 0x04, 0x00, 0x40, 0x04, 0x00, 0x00, 0x14, 0x3D,
    0xE0, 0x56, 0x3D, 0xE3, 0x1E, 0x3F, 0x61, 0xDE, 0x09, 0x61, 0x80, 0x1F, 0xE0, 0xFE, 0x00, 0x00,
    0x04, 0x3D, 0x43, 0xDC, 0x39, 0xC3, 0xF4, 0x3F, 0xC1, 0xFC, 0x00, 0xC1, 0xFC, 0x1F, 0xC1, 0xFC,
    0x00, 0x00, 0x14, 0x3D, 0x60, 0x5C, 0x3D, 0xC3, 0x1C, 0x3F, 0x61, 0xFC, 0x1F, 0xC1, 0x84, 0x1F,
    0xC0, 0xFC, 0x00, 0x00, 0x14, 0x3D, 0x60, 0x5C, 0x3D, 0xC3, 0x16, 0x3F, 0x40, 0x04, 0x1F, 0xC1,
    0x84, 0x1F, 0xC0, 0xFC, 0x00, 0x00, 0x04, 0x3F, 0x40, 0xD4, 0x3D, 0xC2, 0x34, 0x3F, 0x43, 0xB4,
    0x02, 0x40, 0x70, 0x1D, 0xC1, 0x04, 0x00, 0x00, 0x14, 0x3F, 0x40, 0xDC, 0x3D, 0xC2, 0x34, 0x3F,
    0x41, 0x9C, 0x09, 0x81, 0xD8, 0x37, 0x62, 0x20, 0x00, 0x00, 0x14, 0x3D, 0x60, 0x5E, 0x3D, 0xE3,
    0x1E, 0x3F, 0x60, 0x74, 0x0F, 0xC1, 0x86, 0x0F, 0xC0, 0x78, 0x00, 0x00, 0x08, 0x3E, 0xC0, 0x6C,
    0x06, 0xE3, 0xE8, 0x20, 0xC2, 0x0E, 0x3F, 0xC0, 0x0C, 0x00, 0xC0, 0x08, 0x00, 0x00, 0x08, 0x3E,
    0xC0, 0x6E, 0x3E, 0xC2, 0x2E, 0x3E, 0xC0, 0x08, 0x1F, 0x80, 0x0C, 0x00, 0xC0, 0x08, 0x00, 0x00,
    0x08, 0x3E, 0xC0, 0x6E, 0x3E, 0xC2, 0x0C, 0x3E, 0xE3, 0xEC, 0x10, 0xC1, 0x00, 0x1F, 0xC1, 0xFC,
    0x00, 0x00, 0x08, 0x3E, 0xC0, 0x6E, 0x3E, 0xC2, 0x0E, 0x3E, 0xC3, 0xEC, 0x06, 0x00, 0x70, 0x1D,
    0xC1, 0x0C, 0x00, 0x00, 0x08, 0x3E, 0xC0, 0x6E, 0x3E, 0xC2, 0x2E, 0x3E, 0xC0, 0x08, 0x1F, 0x83,
    0x0C, 0x1F, 0x80, 0xF0, 0x00, 0x00, 0x04, 0x3E, 0x60, 0x66, 0x02, 0x63, 0xFE, 0x30, 0x62, 0x06,
    0x3F, 0x61, 0x86, 0x00, 0x60, 0x04, 0x00, 0x00, 0x02, 0x1F, 0x60, 0x36, 0x1F, 0xE3, 0x06, 0x3F,
    0x61, 0xE6, 0x0F, 0xE0, 0x06, 0x00, 0x60, 0x02, 0x00, 0x00, 0x04, 0x3E, 0x60, 0x26, 0x3F, 0xE3,
    0x06, 0x3F, 0x61, 0xC6, 0x08, 0x61, 0x80, 0x1F, 0xC0, 0xFE, 0x00, 0x00, 0x04, 0x3E, 0x61, 0xFC,
    0x3E, 0x43, 0xF6, 0x3E, 0x40, 0xFC, 0x00, 0x61, 0xFC, 0x1F, 0xC0, 0xFE, 0x00, 0x00, 0x04, 0x3E,
    0x60, 0x2E, 0x3F, 0xC3, 0x06, 0x3F, 0x61, 0xF4, 0x1F, 0xC1, 0x86, 0x1F, 0xE0, 0xFC, 0x00, 0x00,
    0x04, 0x3E, 0x60, 0x7C, 0x3E, 0xE3, 0x26, 0x3F, 0x40, 0x04, 0x1F, 0xE1, 0xFC, 0x1B, 0xE0, 0xFC,
    0x00, 0x00, 0x04, 0x3E, 0x60, 0x3E, 0x3F, 0xE3, 0x06, 0x3F, 0x61, 0xE6, 0x03, 0x40, 0x78, 0x1C,
    0xE1, 0x86, 0x00, 0x00, 0x04, 0x3E, 0x60, 0x7C, 0x3E, 0xC3, 0x06, 0x3F, 0x60, 0x0C, 0x0C, 0x80,
    0xDC, 0x37, 0x60, 0x22, 0x00, 0x00, 0x04, 0x3E, 0x60, 0x2E, 0x3F, 0xC3, 0x06, 0x3F, 0x61, 0xF4,
    0x0F, 0xC1, 0x86, 0x1F, 0xC0, 0x78, 0x00, 0x00, 0x04, 0x3E, 0x41, 0xFC, 0x3E, 0x43, 0xF4, 0x1F,
    0x41, 0xFE, 0x0F, 0x80, 0xFC, 0x0C, 0xC0, 0x78, 0x00, 0x00, 0x02, 0x3D, 0xE1, 0xDE, 0x05, 0xE3,
    0xFE, 0x31, 0xE2, 0x1E, 0x3F, 0xE0, 0x1E, 0x01, 0xE0, 0x02, 0x00, 0x00, 0x04, 0x3D, 0xE0, 0x54,
    0x3F, 0x43, 0x14, 0x3F, 0xE1, 0x94, 0x1F, 0xC0, 0x04, 0x00, 0x40, 0x04, 0x00, 0x00, 0x14, 0x3D,
    0xE0, 0xDC, 0x3F, 0xC3, 0x1C, 0x3D, 0xC3, 0xDE, 0x09, 0x41, 0x80, 0x1F, 0xE0, 0xFE, 0x00, 0x00,
    0x04, 0x3D, 0xC0, 0xF4, 0x3F, 0x43, 0xDC, 0x3D, 0xC1, 0xFC, 0x00, 0xC1, 0xFC, 0x1F, 0xC1, 0xFC,
    0x00, 0x00, 0x04, 0x3D, 0xE0, 0xD4, 0x3F, 0x43, 0x1C, 0x3F, 0x60, 0x14, 0x1F, 0xC1, 0x84, 0x1F,
    0xC0, 0xFC, 0x00, 0x00, 0x04, 0x3D, 0xE0, 0xF4, 0x3F, 0x43, 0x1C, 0x3F, 0x40, 0x04, 0x1F, 0xC1,
    0xA4, 0x1F, 0xC0, 0xFC, 0x00, 0x00, 0x04, 0x3D, 0xC0, 0xDC, 0x3F, 0xC2, 0x1C, 0x3F, 0xC3, 0x9C,
    0x02, 0x40, 0x70, 0x1D, 0xC1, 0x04, 0x00, 0x00, 0x04, 0x3D, 0xE0, 0xD4, 0x3F, 0x43, 0x1C, 0x3F,
    0x61, 0x74, 0x0F, 0xC1, 0x84, 0x0F, 0xC0, 0x78, 0x00, 0x00, 0x04, 0x3E, 0x60, 0x6E, 0x07, 0xE3,
    0xE6, 0x31, 0xE2, 0x1E, 0x3F, 0x61, 0xC6, 0x00, 0x60, 0x04, 0x00, 0x00, 0x04, 0x3E, 0x60, 0x7E,
    0x3E, 0x63, 0x1E, 0x3E, 0x61, 0xE6, 0x1F, 0xE0, 0x06, 0x00, 0x60, 0x04, 0x00, 0x00, 0x04, 0x3E,
    0x60, 0x7E, 0x3E, 0x63, 0x1E, 0x32, 0x63, 0xE6, 0x08, 0x61, 0x80, 0x1F, 0xC0, 0xFE, 0x00, 0x00,
    0x04, 0x3F, 0xE1, 0xEE, 0x3D, 0xE3, 0xFE, 0x3E, 0x40, 0xFC, 0x00, 0x61, 0xFC, 0x1F, 0xC0, 0xFE,
    0x00, 0x00, 0x04, 0x3E, 0xE0, 0x7E, 0x3E, 0xE2, 0x1E, 0x3E, 0x61, 0xFC, 0x1F, 0xE1, 0x86, 0x1F,
    0xE1, 0xFC, 0x00, 0x00, 0x04, 0x3E, 0xE0, 0x7E, 0x3E, 0xE3, 0x1E, 0x3E, 0x60, 0x04, 0x1F, 0xE1,
    0xA6, 0x1F, 0xE0, 0xFC, 0x00, 0x00, 0x04, 0x3E, 0x60, 0x7E, 0x3E, 0x63, 0x1E, 0x3E, 0x61, 0xE6,
    0x03, 0x40, 0x78, 0x1C, 0xE1, 0x86, 0x00, 0x03, 0xE6, 0x17, 0xC1, 0xE4, 0x3D, 0xC3, 0x3C, 0x3E,
    0x60, 0x88, 0x0C, 0x81, 0xDC, 0x37, 0x60, 0x00, 0x00, 0x00, 0x04, 0x3E, 0x60, 0x7E, 0x3E, 0x63,
    0x1E, 0x3E, 0x61, 0xF4, 0x0F, 0xC1, 0x86, 0x1F, 0xC0, 0x78, 0x00, 0x00, 0x12, 0x3D, 0xE1, 0xDE,
    0x0F, 0x63, 0xDE, 0x33, 0xE2, 0x3E, 0x3D, 0xE1, 0x1E, 0x01, 0xE0, 0x02, 0x00, 0x00, 0x14, 0x3D,
    0xE0, 0xF4, 0x3D, 0xC3, 0x3C, 0x3F, 0xC3, 0xDE, 0x19, 0x41, 0x80, 0x1F, 0xE0, 0x00, 0x00, 0x00,
    0x04, 0x3D, 0xE0, 0xFC, 0x3D, 0xC3, 0x3E, 0x3D, 0xC0, 0x04, 0x1F, 0xC1, 0xA4, 0x1F, 0xC0, 0xFC,
    0x00, 0x00, 0x04, 0x39, 0xC0, 0xFC, 0x39, 0xC2, 0x3C, 0x3D, 0xC3, 0xDC, 0x02, 0x40, 0x70, 0x1D,
    0xC1, 0x04, 0x00, 0x00, 0x00, 0x1F, 0xC0, 0x04, 0x1F, 0xC1, 0xFC, 0x18, 0x01, 0xFC, 0x02, 0x03,
    0xFE, 0x00, 0x00, 0x00, 0x00, 0x01, 0xFC, 0x0F, 0xC1, 0xFC, 0x1F, 0x81, 0xFC, 0x07, 0x43, 0xFE,
    0x1F, 0xC0, 0xFE, 0x00, 0x60, 0x04, 0x00, 0x01, 0xFC, 0x0F, 0xC1, 0xFC, 0x1F, 0xC1, 0xFC, 0x3F,
    0xE3, 0xFE, 0x10, 0x01, 0x00, 0x1F, 0xC0, 0x00, 0x00, 0x01, 0xFC, 0x1F, 0xC1, 0xFC, 0x1F, 0xC1,
    0xFC, 0x3F, 0xE1, 0xFC, 0x1F, 0xC1, 0xFC, 0x1F, 0xC1, 0xFE, 0x00, 0x01, 0xFC, 0x1F, 0xC1, 0xFC,
    0x1F, 0x81, 0xFC, 0x1F, 0xC3, 0xFE, 0x1F, 0xC1, 0x84, 0x1F, 0xC1, 0xFC, 0x00, 0x01, 0xFC, 0x1F,
    0xC1, 0xFC, 0x1F, 0xC1, 0xFC, 0x3F, 0xE3, 0xFE, 0x1A, 0x41, 0xFC, 0x1B, 0x41, 0xFC, 0x00, 0x01,
    0xFC, 0x1F, 0xC1, 0xFC, 0x1F, 0xC1, 0xFC, 0x3F, 0xE3, 0xFE, 0x02, 0x00, 0xF8, 0x18, 0xC0, 0x00,
    0x00, 0x01, 0xFC, 0x1F, 0xC1, 0xFC, 0x1F, 0xC1, 0xFC, 0x3F, 0xE3, 0xFE, 0x1F, 0xC3, 0x0C, 0x1F,
    0xC0, 0x00, 0x00, 0x00, 0x0C, 0x3E, 0xC0, 0x3C, 0x3F, 0xC3, 0x0E, 0x3E, 0xE0, 0x8C, 0x3F, 0xC3,
    0xFC, 0x00, 0xC0, 0x0C, 0x00, 0x00, 0x08, 0x3E, 0xC1, 0xEC, 0x3E, 0xC3, 0xEE, 0x0E, 0xC7, 0xFC,
    0x10, 0xC1, 0x00, 0x1F, 0xC1, 0xFC, 0x00, 0x00, 0x04, 0x1F, 0xC1, 0xFC, 0x3E, 0xE1, 0xFC, 0x0F,
    0xC3, 0xFC, 0x0F, 0x81, 0x8C, 0x1F, 0xC0, 0xF8, 0x00, 0x00, 0x04, 0x3F, 0xE3, 0xF6, 0x3D, 0xE3,
    0xFE, 0x3F, 0x63, 0xF6, 0x0C, 0x80, 0xCC, 0x1F, 0xE1, 0x22, 0x00, 0x00, 0x02, 0x1F, 0x60, 0x1E,
    0x1F, 0x61, 0x86, 0x1F, 0xE0, 0x66, 0x1F, 0xE3, 0xFE, 0x00, 0x60, 0x02, 0x00, 0x00, 0x04, 0x1F,
    0x41, 0xF4, 0x3E, 0x43, 0xF4, 0x0F, 0x43, 0xF4, 0x00, 0x41, 0x80, 0x1F, 0xC1, 0xFE, 0x00, 0x01,
    0xE4, 0x1F, 0x41, 0xF4, 0x3E, 0x41, 0xF4, 0x3F, 0x41, 0xFC, 0x1F, 0xC1, 0xFC, 0x1F, 0xC1, 0xFE,
    0x00, 0x00, 0xC2, 0x1F, 0x61, 0xF6, 0x1F, 0x61, 0xF6, 0x1F, 0xE3, 0xF2, 0x0F, 0xE0, 0x86, 0x0F,
    0xE0, 0xFE, 0x00, 0x00, 0xE2, 0x1F, 0x61, 0xF6, 0x1F, 0x61, 0xF6, 0x3F, 0xE1, 0x82, 0x0F, 0xE0,
    0xFE, 0x0D, 0x60, 0xFE, 0x00, 0x00, 0x04, 0x1F, 0x41, 0xF4, 0x3E, 0x41, 0xF4, 0x0F, 0x43, 0xF4,
    0x02, 0x40, 0x70, 0x1D, 0xC1, 0x04, 0x00, 0x00, 0x04, 0x1F, 0x41, 0xF4, 0x3E, 0x41, 0xF4, 0x3F,
    0x43, 0xF4, 0x0F, 0xC1, 0x84, 0x1F, 0xC0, 0xF8, 0x00, 0x00, 0x00, 0x1F, 0xC0, 0x0C, 0x1F, 0xC3,
    0xF8, 0x30, 0x01, 0xFC, 0x09, 0x87, 0xFE, 0x00, 0x00, 0x00, 0x00, 0x01, 0xFC, 0x1F, 0xC1, 0xFC,
    0x3F, 0xC1, 0xFC, 0x7F, 0xE3, 0xFE, 0x10, 0x03, 0x00, 0x1F, 0xC0, 0x00, 0x00, 0x01, 0xF8, 0x1F,
    0xC1, 0xFC, 0x3F, 0xC1, 0xFC, 0x7F, 0xE3, 0xFC, 0x1F, 0xC1, 0xFC, 0x3F, 0xC1, 0xFC, 0x00, 0x01,
    0xFC, 0x1F, 0xC1, 0xFC, 0x3F, 0xC1, 0xFC, 0x7F, 0xE3, 0x0C, 0x1F, 0xC3, 0xFC, 0x36, 0xC1, 0xFC,
    0x00, 0x01, 0xFC, 0x1F, 0xC1, 0xFC, 0x3F, 0xC1, 0xFC, 0x7F, 0xE3, 0xFC, 0x06, 0x00, 0xF8, 0x39,
    0xC0, 0x00, 0x00, 0x01, 0xFC, 0x1F, 0xC1, 0xFC, 0x1F, 0xC1, 0xFC, 0x3F, 0xE3, 0xFC, 0x1F, 0x83,
    0x0C, 0x1F, 0x80, 0x00, 0x00, 0x01, 0xFC, 0x01, 0x41, 0xFC, 0x18, 0x01, 0xFC, 0x00, 0x03, 0xFE,
    0x02, 0x00, 0x20, 0x02, 0x00, 0x00, 0x00, 0x01, 0xFC, 0x0F, 0xC1, 0xFC, 0x1F, 0x81, 0xFC, 0x3F,
    0xE3, 0xFE, 0x1F, 0xC1, 0xDE, 0x00, 0x60, 0x04, 0x00, 0x01, 0xFC, 0x0F, 0xC1, 0xFC, 0x1F, 0xC1,
    0xFC, 0x3F, 0xE3, 0xFE, 0x12, 0x01, 0x00, 0x1F, 0xC0, 0x00, 0x00, 0x01, 0xFC, 0x1F, 0xC1, 0xFC,
    0x1F, 0xC1, 0xFC, 0x3F, 0xE1, 0xFC, 0x1F, 0xC1, 0xFC, 0x1F, 0xC1, 0xFE, 0x00, 0x01, 0xFC, 0x1F,
    0xC1, 0xFC, 0x1F, 0xC1, 0xFC, 0x3F, 0xE3, 0xFE, 0x1F, 0xC1, 0x84, 0x1F, 0xC1, 0xFC, 0x00, 0x01,
    0xFC, 0x1F, 0xC1, 0xFC, 0x18, 0x01, 0xFC, 0x3F, 0xE3, 0xFE, 0x1A, 0x41, 0xFC, 0x1B, 0x41, 0xFC,
    0x00, 0x01, 0xFC, 0x1F, 0xC1, 0xFC, 0x1F, 0xC1, 0xFC, 0x3F, 0xE0, 0x20, 0x02, 0x00, 0x70, 0x1D,
    0xC0, 0x00, 0x00, 0x01, 0xFC, 0x1F, 0xC1, 0xFC, 0x1F, 0xC1, 0xFC, 0x3F, 0xE0, 0x70, 0x1F, 0xC3,
    0x0C, 0x1F, 0xC0, 0x00, 0x00, 0x00, 0x04, 0x1F, 0x61, 0xF6, 0x3F, 0x61, 0xF6, 0x03, 0x63, 0xF6,
    0x0D, 0xE0, 0xDE, 0x0C, 0x60, 0x04, 0x00, 0x01, 0xE4, 0x1F, 0x61, 0xF6, 0x3E, 0x63, 0xF6, 0x3F,
    0xE0, 0xDE, 0x0C, 0x80, 0xDC, 0x3F, 0x60, 0x22, 0x00, 0x00, 0x02, 0x1E, 0xE1, 0xEE, 0x3E, 0xE1,
    0xEE, 0x3F, 0xE3, 0xFE, 0x0B, 0xE0, 0x9E, 0x08, 0xE0, 0x02, 0x00, 0x00, 0x02, 0x1F, 0x60, 0xFE,
    0x1F, 0x61, 0xF6, 0x1F, 0x63, 0xFE, 0x04, 0x60, 0x46, 0x04, 0x60, 0x02, 0x00, 0x00, 0xE2, 0x1F,
    0x61, 0xF6, 0x1F, 0x61, 0xF6, 0x3F, 0xE1, 0xE6, 0x0F, 0xE0, 0xFE, 0x00, 0x60, 0x02, 0x00, 0x00,
    0x04, 0x1F, 0x41, 0xF4, 0x3E, 0x41, 0xF4, 0x3F, 0xC3, 0xF4, 0x0C, 0x41, 0x00, 0x1F, 0xC1, 0xFE,
    0x00, 0x01, 0xE4, 0x1F, 0x41, 0xF4, 0x3E, 0x43, 0xF4, 0x3F, 0x41, 0xFC, 0x1F, 0xC1, 0xFC, 0x1F,
    0xC1, 0xFE, 0x00, 0x00, 0x02, 0x1F, 0x61, 0xF6, 0x1F, 0x61, 0xF6, 0x3F, 0xE0, 0xE6, 0x0F, 0xE0,
    0x86, 0x0F, 0xE0, 0xFE, 0x00, 0x01, 0xE4, 0x1F, 0x41, 0xF4, 0x3E, 0x41, 0xF4, 0x3F, 0xC3, 0xC4,
    0x0F, 0x40, 0x70, 0x1C, 0xE1, 0x86, 0x00, 0x00, 0x02, 0x1F, 0x61, 0xF6, 0x1F, 0x61, 0xF6, 0x3F,
    0xE3, 0xE6, 0x07, 0xC0, 0x86, 0x0F, 0xE0, 0x7C, 0x00, 0x01, 0xFC, 0x0E, 0xC1, 0xFC, 0x30, 0x01,
    0xFC, 0x00, 0x07, 0xFE, 0x09, 0x80, 0x98, 0x09, 0x80, 0x00, 0x00, 0x01, 0xF8, 0x1F, 0xC1, 0xFC,
    0x3F, 0x81, 0xFC, 0x7F, 0xE3, 0xFE, 0x1D, 0x83, 0xFC, 0x00, 0xC0, 0x04, 0x00, 0x01, 0xFC, 0x1F,
    0xC1, 0xFC, 0x3F, 0xC1, 0xFC, 0x7F, 0xE3, 0xFE, 0x1D, 0x83, 0x00, 0x1F, 0xC0, 0x00, 0x00, 0x01,
    0xF8, 0x1F, 0xC1, 0xFC, 0x3F, 0x81, 0xFC, 0x7F, 0xE1, 0xFC, 0x16, 0xC1, 0xFC, 0x3F, 0xC1, 0xFC,
    0x00, 0x01, 0xF8, 0x1F, 0xC1, 0xFC, 0x3F, 0x81, 0xFC, 0x7F, 0xE3, 0xFE, 0x1F, 0xC3, 0x0C, 0x3F,
    0xC1, 0xFC, 0x00, 0x01, 0xFC, 0x1F, 0xC1, 0xFC, 0x18, 0x01, 0xFC, 0x3F, 0xE3, 0xFE, 0x1D, 0xC1,
    0xFC, 0x1F, 0xC1, 0xFC, 0x00, 0x01, 0xFC, 0x1F, 0xC1, 0xFC, 0x3F, 0x81, 0xFC, 0x7F, 0xE1, 0x98,
    0x06, 0x80, 0xF0, 0x39, 0xC0, 0x00, 0x00, 0x01, 0xFC, 0x1F, 0xC1, 0xFC, 0x1F, 0xC1, 0xFC, 0x3F,
    0xE0, 0xF8, 0x1F, 0xC3, 0x0C, 0x1F, 0xC0, 0x00, 0x00, 0x00, 0x00, 0x1F, 0xC0, 0x0C, 0x1F, 0xC1,
    0xFC, 0x10, 0x01, 0xFC, 0x00, 0x03, 0xFE, 0x00, 0x00, 0x00, 0x00, 0x01, 0xFC, 0x1F, 0xC1, 0xFC,
    0x1F, 0xC1, 0xFC, 0x3F, 0xE3, 0xFE, 0x1F, 0xC0, 0x04, 0x00, 0x40, 0x00, 0x00, 0x01, 0xFC, 0x0F,
    0xC1, 0xFC, 0x1F, 0xC1, 0xFC, 0x3F, 0xE3, 0xFE, 0x10, 0x01, 0x00, 0x1F, 0xC0, 0x00, 0x00, 0x01,
    0xF8, 0x1F, 0xC1, 0xFC, 0x1F, 0xC1, 0xFC, 0x3F, 0xE1, 0xFC, 0x1F, 0xC1, 0xFC, 0x1F, 0xC1, 0xFC,
    0x00, 0x01, 0xFC, 0x1F, 0xC1, 0xFC, 0x1F, 0x81, 0xFC, 0x3F, 0xE3, 0xFE, 0x1F, 0xC1, 0x8C, 0x1F,
    0xC1, 0xFC, 0x00, 0x01, 0xFC, 0x1F, 0xC1, 0xFC, 0x18, 0x01, 0xFC, 0x3F, 0xE3, 0xFE, 0x1A, 0xC1,
    0xFC, 0x1A, 0xC1, 0xFC, 0x00, 0x01, 0xFC, 0x1F, 0xC1, 0xFC, 0x1F, 0xC1, 0xFC, 0x3F, 0xE0, 0x20,
    0x02, 0x00, 0xF8, 0x18, 0xC0, 0x00, 0x00, 0x01, 0xFC, 0x1F, 0xC1, 0xFC, 0x1F, 0xC1, 0xFC, 0x3F,
    0xE0, 0x70, 0x1F, 0xC1, 0x8C, 0x1F, 0xC0, 0x00, 0x00, 0x01, 0xFC, 0x1F, 0xC1, 0xFC, 0x1F, 0x81,
    0xFC, 0x3F, 0xE3, 0xFE, 0x1F, 0xC0, 0x70, 0x1D, 0xC1, 0x04, 0x00, 0x01, 0xF8, 0x1F, 0xC1, 0xFC,
    0x1F, 0xC1, 0xFC, 0x3F, 0xE1, 0xFC, 0x1F, 0xC1, 0xFC, 0x1F, 0xC1, 0xFC, 0x00, 0x01, 0xFC, 0x1F,
    0xC1, 0xFC, 0x1F, 0xC1, 0xFC, 0x3F, 0xE1, 0xFC, 0x1F, 0xC0, 0xD8, 0x1F, 0xC0, 0x00, 0x00, 0x00,
    0x02, 0x1F, 0x60, 0x36, 0x03, 0x61, 0xF6, 0x30, 0x63, 0x06, 0x3F, 0xE0, 0x06, 0x00, 0x60, 0x02,
    0x00, 0x00, 0x04, 0x3E, 0x40, 0x24, 0x3E, 0x43, 0x04, 0x3F, 0x40, 0x04, 0x1F, 0xC0, 0x04, 0x00,
    0x40, 0x04, 0x00, 0x00, 0x04, 0x3E, 0x40, 0x24, 0x3E, 0x43, 0x04, 0x3F, 0x43, 0xF4, 0x10, 0x41,
    0x80, 0x1F, 0xC1, 0xFE, 0x00, 0x00, 0x04, 0x3E, 0x41, 0xE4, 0x3E, 0x43, 0xF4, 0x3F, 0x40, 0xFC,
    0x0F, 0xC1, 0xFC, 0x1F, 0xC0, 0xFE, 0x00, 0x00, 0x04, 0x3E, 0x40, 0x24, 0x3E, 0x43, 0x04, 0x3F,
    0x40, 0x04, 0x1F, 0xC1, 0x84, 0x1F, 0xC1, 0xFC, 0x00, 0x00, 0x04, 0x3E, 0x40, 0x64, 0x3E, 0x43,
    0x14, 0x3F, 0x40, 0x04, 0x1F, 0xC1, 0xFC, 0x1B, 0xC1, 0xFC, 0x00, 0x00, 0x04, 0x3E, 0xC0, 0x6C,
    0x3E, 0xC2, 0x0C, 0x3F, 0xC1, 0xAC, 0x02, 0x40, 0x70, 0x1D, 0xC1, 0x04, 0x00, 0x00, 0x04, 0x3E,
    0x40, 0x24, 0x3E, 0x43, 0x14, 0x3F, 0x40, 0x04, 0x0F, 0xC1, 0x86, 0x1F, 0xC0, 0x78, 0x00, 0x00,
    0x08, 0x3C, 0xC3, 0xEC, 0x26, 0x82, 0x6E, 0x26, 0xE2, 0x68, 0x3E, 0xC0, 0x0C, 0x00, 0xC0, 0x08,
    0x00, 0x00, 0x08, 0x3E, 0xC2, 0x6C, 0x26, 0xE2, 0x6C, 0x3E, 0xC0, 0x08, 0x1F, 0xC0, 0x0C, 0x00,
    0xC0, 0x08, 0x00, 0x00, 0x08, 0x3E, 0xC2, 0x68, 0x26, 0xE2, 0x6E, 0x3E, 0x80, 0x0C, 0x10, 0xC1,
    0x00, 0x1F, 0xC1, 0xFC, 0x00, 0x00, 0x08, 0x3E, 0xC2, 0x6E, 0x26, 0xE3, 0xEC, 0x3D, 0x83, 0x7C,
    0x33, 0x83, 0x3C, 0x3E, 0xC0, 0x38, 0x00, 0x00, 0x08, 0x3E, 0xC2, 0x6C, 0x26, 0xE3, 0xE8, 0x3C,
    0xC0, 0x08, 0x1F, 0x81, 0x00, 0x1F, 0xC1, 0xFC, 0x00, 0x00, 0x08, 0x3E, 0xC2, 0x6E, 0x26, 0xE3,
    0xEC, 0x00, 0x81, 0xF8, 0x1F, 0xC1, 0xF8, 0x1F, 0xC1, 0xFC, 0x00, 0x03, 0xCC, 0x3E, 0xC2, 0x6E,
    0x26, 0xC3, 0xEC, 0x00, 0x83, 0xF8, 0x1C, 0xC3, 0x8C, 0x3E, 0xC0, 0x00, 0x00, 0x00, 0x08, 0x3E,
    0xC2, 0x6E, 0x26, 0xE3, 0xEC, 0x3C, 0xC3, 0xF8, 0x0E, 0xC3, 0xEC, 0x3F, 0xC3, 0xF8, 0x00, 0x00,
    0x08, 0x3E, 0xC2, 0x6C, 0x26, 0xE3, 0xEC, 0x3C, 0xC0, 0x08, 0x1F, 0xC1, 0x0C, 0x1F, 0xC1, 0xF8,
    0x00, 0x00, 0x08, 0x3E, 0xC2, 0x6E, 0x26, 0xE3, 0xEC, 0x3C, 0xC0, 0x08, 0x1F, 0xC1, 0x2C, 0x1E,
    0xC1, 0xF8, 0x00, 0x00, 0x08, 0x3E, 0xC2, 0x6C, 0x26, 0xE2, 0x6C, 0x3E, 0xC0, 0x0C, 0x06, 0x00,
    0x70, 0x1D, 0xC1, 0x0C, 0x00, 0x00, 0x08, 0x3E, 0x82, 0x6C, 0x26, 0xE3, 0xE8, 0x3C, 0xC0, 0x00,
    0x1F, 0x83, 0x0C, 0x1F, 0x80, 0xF0, 0x00, 0x00, 0x08, 0x3E, 0xC2, 0x6C, 0x26, 0xE3, 0xE8, 0x3C,
    0xC1, 0xFC, 0x1F, 0x80, 0xF0, 0x19, 0xC0, 0x00, 0x00, 0x00, 0x08, 0x3E, 0xC2, 0x6C, 0x26, 0xE3,
    0xE8, 0x3C, 0xC1, 0xF8, 0x1F, 0x81, 0xF8, 0x1F, 0xC1, 0xFC, 0x00, 0x00, 0x08, 0x3E, 0x82, 0x6E,
    0x26, 0xE3, 0xE8, 0x06, 0x81, 0xFC, 0x0F, 0x01, 0x98, 0x19, 0x80, 0xF0, 0x00, 0x00, 0x02, 0x3D,
    0xE3, 0xDE, 0x25, 0x63, 0x5E, 0x25, 0xE3, 0x56, 0x3D, 0xE0, 0x1E, 0x01, 0xE0, 0x02, 0x00, 0x00,
    0x02, 0x3F, 0xE3, 0x7E, 0x37, 0xE3, 0x7E, 0x3D, 0x60, 0x1E, 0x0F, 0xE0, 0x06, 0x00, 0x60, 0x02,
    0x00, 0x00, 0x16, 0x3D, 0xE3, 0xFE, 0x37, 0xE3, 0x7E, 0x3F, 0x60, 0x1E, 0x19, 0x61, 0x80, 0x1F,
    0xE0, 0xFE, 0x00, 0x00, 0x14, 0x3F, 0x42, 0x7C, 0x27, 0xC3, 0xF4, 0x01, 0x41, 0xFC, 0x0F, 0xC1,
    0xFC, 0x1F, 0xC1, 0xFC, 0x00, 0x00, 0x12, 0x3F, 0x63, 0x7E, 0x27, 0xE3, 0xF6, 0x3D, 0x60, 0x14,
    0x1F, 0xE1, 0x86, 0x1F, 0xE0, 0xFE, 0x00, 0x00, 0x12, 0x3F, 0x63, 0x7E, 0x37, 0xE3, 0xF6, 0x3D,
    0x60, 0x02, 0x1F, 0xE1, 0xA6, 0x1F, 0xE0, 0xFE, 0x00, 0x00, 0x14, 0x3F, 0x42, 0x7C, 0x27, 0xC2,
    0x74, 0x3D, 0x40, 0x24, 0x02, 0x00, 0x70, 0x1D, 0xC1, 0x04, 0x00, 0x00, 0x14, 0x3D, 0x42, 0xDC,
    0x2D, 0xC3, 0xD4, 0x3D, 0x40, 0x08, 0x09, 0x81, 0xDC, 0x37, 0x60, 0x20, 0x00, 0x00, 0x04, 0x3F,
    0xE3, 0x7E, 0x37, 0xE3, 0x7E, 0x3D, 0x60, 0x14, 0x0F, 0xC1, 0x86, 0x0F, 0xC0, 0x78, 0x00, 0x00,
    0x14, 0x3F, 0x42, 0x7C, 0x27, 0xC3, 0xF4, 0x3D, 0x40, 0x1C, 0x1F, 0xC0, 0x70, 0x1D, 0xC1, 0x8C,
    0x00, 0x00, 0x08, 0x3C, 0x83, 0xEE, 0x26, 0xE2, 0x68, 0x26, 0xC2, 0x6E, 0x3E, 0xC0, 0x0C, 0x00,
    0xC0, 0x08, 0x00, 0x00, 0x08, 0x3E, 0xC2, 0x6E, 0x26, 0xC2, 0x6E, 0x3E, 0xC0, 0x08, 0x1F, 0xC0,
    0x0C, 0x00, 0xC0, 0x08, 0x00, 0x00, 0x08, 0x3E, 0xC2, 0x6E, 0x26, 0xC3, 0xEC, 0x00, 0x81, 0xF8,
    0x1F, 0xC1, 0xF8, 0x1F, 0xC1, 0xFC, 0x00, 0x00, 0x08, 0x3E, 0xC2, 0x6E, 0x26, 0xC3, 0xEE, 0x3C,
    0xC0, 0x00, 0x1F, 0x83, 0x0C, 0x1F, 0x80, 0xF0, 0x00, 0x00, 0x04, 0x3E, 0x63, 0xE4, 0x32, 0x43,
    0x3C, 0x32, 0x63, 0x26, 0x3E, 0x60, 0x04, 0x00, 0x60, 0x04, 0x00, 0x00, 0x04, 0x3E, 0x43, 0x7C,
    0x33, 0xC3, 0x64, 0x3E, 0x40, 0x04, 0x1F, 0xC0, 0x04, 0x00, 0x40, 0x04, 0x00, 0x00, 0x04, 0x3E,
    0x63, 0x66, 0x33, 0xE3, 0x26, 0x3E, 0x60, 0x06, 0x18, 0x61, 0x80, 0x1F, 0xC0, 0xFE, 0x00, 0x00,
    0x04, 0x3E, 0x43, 0x3C, 0x33, 0xC3, 0xE4, 0x00, 0x40, 0xFC, 0x0F, 0xC1, 0xFC, 0x1F, 0xC0, 0xFE,
    0x00, 0x00, 0x04, 0x3E, 0x63, 0x3E, 0x33, 0xE3, 0xE6, 0x1E, 0x41, 0xFC, 0x1F, 0x61, 0xF6, 0x1F,
    0xE1, 0xFC, 0x00, 0x00, 0x04, 0x3E, 0x63, 0x3E, 0x33, 0xE3, 0xE6, 0x3E, 0x60, 0x04, 0x1F, 0xE1,
    0x86, 0x1F, 0xE0, 0xFC, 0x00, 0x00, 0x04, 0x3E, 0x43, 0x3C, 0x33, 0xC3, 0xE4, 0x1E, 0x40, 0x04,
    0x1F, 0xC1, 0x84, 0x1F, 0xC0, 0xFC, 0x00, 0x00, 0x04, 0x3C, 0xC2, 0x7C, 0x27, 0xC2, 0x64, 0x3C,
    0xC0, 0x2C, 0x06, 0x00, 0xF0, 0x19, 0xC1, 0x04, 0x00, 0x00, 0x04, 0x3E, 0x63, 0x7E, 0x33, 0xE3,
    0x66, 0x3E, 0x60, 0x7C, 0x0F, 0xC1, 0x86, 0x1F, 0xC0, 0x78, 0x00, 0x00, 0x04, 0x3E, 0xC2, 0x6C,
    0x27, 0xC3, 0xEC, 0x3C, 0x41, 0xFC, 0x1F, 0xC0, 0x70, 0x1D, 0xC1, 0x04, 0x00, 0x00, 0x04, 0x3E,
    0x63, 0x3C, 0x33, 0x63, 0xE6, 0x03, 0x41, 0xFE, 0x0F, 0xC0, 0xCC, 0x0C, 0xC0, 0x78, 0x00, 0x00,
    0x02, 0x3D, 0xE3, 0xDE, 0x25, 0xE3, 0x7E, 0x25, 0xE3, 0x5E, 0x3D, 0xE0, 0x1E, 0x01, 0xE0, 0x02,
    0x00, 0x00, 0x02, 0x3D, 0xE3, 0x7E, 0x37, 0xE3, 0x7E, 0x3D, 0xE0, 0x1E, 0x0F, 0xE0, 0x06, 0x00,
    0x60, 0x02, 0x00, 0x00, 0x02, 0x3D, 0xE3, 0x7E, 0x37, 0xE3, 0x7E, 0x3F, 0xE0, 0x1E, 0x19, 0xE1,
    0x80, 0x1F, 0xE0, 0xFE, 0x00, 0x00, 0x14, 0x3D, 0x42, 0x74, 0x27, 0x43, 0xD4, 0x01, 0x41, 0xFC,
    0x0F, 0xC1, 0xFC, 0x1F, 0xC1, 0xFC, 0x00, 0x00, 0x02, 0x3D, 0xE3, 0x7E, 0x37, 0xE3, 0xFE, 0x3D,
    0xE0, 0x1C, 0x1F, 0xE1, 0x86, 0x1F, 0xE0, 0xFE, 0x00, 0x00, 0x02, 0x3D, 0xE3, 0x7E, 0x27, 0xE3,
    0xFE, 0x3D, 0xE0, 0x02, 0x1F, 0xE1, 0xA6, 0x1F, 0xE0, 0xFE, 0x00, 0x00, 0x14, 0x3D, 0x42, 0xD4,
    0x27, 0x42, 0xD4, 0x3D, 0x40, 0x34, 0x02, 0x00, 0x70, 0x1D, 0xC1, 0x04, 0x00, 0x00, 0x14, 0x3D,
    0x42, 0xF4, 0x27, 0x42, 0xD4, 0x3D, 0x40, 0x98, 0x09, 0x81, 0xDC, 0x37, 0x60, 0x20, 0x00, 0x00,
    0x02, 0x3D, 0xE3, 0x7E, 0x37, 0xE3, 0x7E, 0x3D, 0xE0, 0x1A, 0x0F, 0xC1, 0x86, 0x0F, 0xE0, 0x78,
    0x00, 0x00, 0x04, 0x3E, 0x63, 0xFC, 0x33, 0xC3, 0x26, 0x33, 0xC3, 0x3C, 0x3E, 0x60, 0x04, 0x00,
    0x60, 0x04, 0x00, 0x00, 0x04, 0x3E, 0x43, 0x3C, 0x32, 0x43, 0x7C, 0x3E, 0x40, 0x04, 0x1F, 0xC0,
    0x04, 0x00, 0x40, 0x04, 0x00, 0x00, 0x04, 0x3E, 0x63, 0x7E, 0x32, 0x63, 0x3E, 0x3E, 0x60, 0x06,
    0x18, 0x41, 0x80, 0x1F, 0xC0, 0xFE, 0x00, 0x00, 0x04, 0x3F, 0xC3, 0x3C, 0x33, 0xC3, 0xFC, 0x00,
    0x40, 0xFC, 0x0F, 0xC1, 0xFC, 0x1F, 0xC0, 0xFE, 0x00, 0x00, 0x04, 0x3F, 0xC2, 0x7C, 0x26, 0xC2,
    0x7C, 0x3C, 0xC0, 0x2C, 0x06, 0x40, 0x70, 0x1D, 0xC1, 0x04, 0x00, 0x00, 0x04, 0x3E, 0xC2, 0x7C,
    0x26, 0xC2, 0x7C, 0x3E, 0xC0, 0x88, 0x09, 0x81, 0xD8, 0x37, 0x62, 0x20, 0x00, 0x00, 0x04, 0x3E,
    0x63, 0x3C, 0x32, 0x43, 0x7C, 0x3E, 0x60, 0x7C, 0x0F, 0xC1, 0x86, 0x1F, 0xC0, 0x78, 0x00, 0x00,
    0x04, 0x3E, 0xC2, 0x7C, 0x27, 0xC3, 0xFC, 0x3C, 0x40, 0x3C, 0x1F, 0xC0, 0x70, 0x1D, 0xC1, 0x0C,
    0x00, 0x00, 0x12, 0x3D, 0xE3, 0xFE, 0x27, 0xE3, 0x5E, 0x27, 0xE3, 0x7E, 0x3D, 0xE0, 0x1E, 0x01,
    0xE0, 0x02, 0x00, 0x00, 0x00, 0x1F, 0xC3, 0x0C, 0x30, 0x43, 0x0C, 0x1F, 0xC0, 0x20, 0x02, 0x03,
    0xFE, 0x3F, 0xE0, 0x00, 0x00, 0x01, 0xFC, 0x1A, 0x41, 0x04, 0x1F, 0xC0, 0x60, 0x3F, 0xE0, 0xD8,
    0x1F, 0xC0, 0x06, 0x00, 0x40, 0x00, 0x00, 0x01, 0xFC, 0x18, 0xC1, 0xDC, 0x1F, 0xC3, 0xFE, 0x3F,
    0xE1, 0xC8, 0x1C, 0x80, 0x5C, 0x07, 0x60, 0x00, 0x00, 0x01, 0xFC, 0x1F, 0xC1, 0x04, 0x1F, 0xC0,
    0x20, 0x3F, 0xE3, 0xFE, 0x10, 0x01, 0x00, 0x1F, 0xC0, 0x00, 0x00, 0x01, 0xFC, 0x18, 0x41, 0xFC,
    0x1F, 0xC3, 0xFE, 0x1F, 0xC1, 0xFC, 0x1F, 0xC1, 0xF8, 0x1F, 0xC0, 0x00, 0x00, 0x01, 0xFC, 0x18,
    0xC1, 0xDC, 0x1F, 0xC3, 0xFE, 0x1D, 0xC1, 0xFC, 0x1F, 0x43, 0xB4, 0x1F, 0xC0, 0x00, 0x00, 0x01,
    0xFC, 0x1A, 0xC1, 0x84, 0x1F, 0xC0, 0x60, 0x3F, 0xE1, 0xFC, 0x1F, 0xC1, 0x04, 0x1F, 0xC0, 0x00,
    0x00, 0x01, 0xFC, 0x18, 0x41, 0xFC, 0x1F, 0xC3, 0xFE, 0x3F, 0xE1, 0x04, 0x1F, 0xC1, 0x84, 0x1F,
    0xC0, 0x00, 0x00, 0x01, 0xFC, 0x1B, 0x41, 0x04, 0x1F, 0xC0, 0x60, 0x3F, 0xE0, 0x20, 0x06, 0x00,
    0xF8, 0x18, 0xC0, 0x00, 0x00, 0x01, 0xFC, 0x1A, 0x41, 0x84, 0x1F, 0xC0, 0x60, 0x3F, 0xE0, 0xF8,
    0x1F, 0xC1, 0x84, 0x0F, 0xC0, 0x00, 0x00, 0x00, 0x0C, 0x3E, 0xC3, 0xFC, 0x23, 0xC3, 0xFE, 0x3E,
    0xE0, 0x8C, 0x3F, 0xC3, 0xEC, 0x00, 0xC0, 0x0C, 0x00, 0x00, 0x08, 0x3E, 0xC2, 0x2C, 0x3E, 0xC3,
    0xEE, 0x0C, 0xC3, 0xFC, 0x10, 0xC1, 0x00, 0x1F, 0xC1, 0xFC, 0x00, 0x00, 0x08, 0x3E, 0xC2, 0x2C,
    0x3E, 0xE1, 0xEC, 0x3F, 0xC3, 0xE8, 0x09, 0x81, 0x98, 0x37, 0xC2, 0x20, 0x00, 0x00, 0x08, 0x3E,
    0xC2, 0x28, 0x3E, 0xE1, 0xEC, 0x3F, 0x83, 0xE8, 0x1F, 0x81, 0x0C, 0x1F, 0x80, 0xF0, 0x00, 0x00,
    0x02, 0x1F, 0x61, 0xFE, 0x11, 0xE1, 0xFE, 0x1F, 0x60, 0x46, 0x3F, 0xE1, 0xF6, 0x00, 0x60, 0x02,
    0x00, 0x00, 0x04, 0x1F, 0x43, 0x34, 0x3B, 0x41, 0xE4, 0x0D, 0x43, 0xF4, 0x00, 0x41, 0x80, 0x1F,
    0xC1, 0xFE, 0x00, 0x00, 0x04, 0x3F, 0x43, 0x34, 0x1F, 0x43, 0xF4, 0x3F, 0x41, 0xFC, 0x0F, 0xC1,
    0xFC, 0x1F, 0xC1, 0xFE, 0x00, 0x00, 0x02, 0x1F, 0x61, 0x16, 0x1F, 0x60, 0x66, 0x3F, 0xE0, 0x00,
    0x0F, 0xE0, 0xFE, 0x0F, 0x60, 0xFE, 0x00, 0x00, 0x04, 0x1F, 0x43, 0x34, 0x3F, 0x41, 0xE4, 0x3F,
    0x43, 0xF4, 0x03, 0x40, 0x70, 0x1D, 0xC1, 0x04, 0x00, 0x00, 0x04, 0x1F, 0x43, 0x34, 0x3F, 0x41,
    0xE4, 0x3F, 0x43, 0xF4, 0x0F, 0xC1, 0x84, 0x1F, 0xC0, 0x78, 0x00, 0x00, 0x00, 0x1F, 0xC3, 0x0C,
    0x30, 0xC3, 0x0C, 0x1F, 0xC0, 0x98, 0x09, 0x83, 0xFE, 0x36, 0xC0, 0x00, 0x00, 0x01, 0xFC, 0x3F,
    0xC3, 0x0C, 0x3F, 0xC0, 0x98, 0x7F, 0xE3, 0xFE, 0x10, 0x03, 0x00, 0x3F, 0xC0, 0x00, 0x00, 0x01,
    0xFC, 0x30, 0xC3, 0xFC, 0x0D, 0x87, 0xFE, 0x3F, 0xE1, 0xFC, 0x1F, 0xC3, 0xF8, 0x3F, 0xC0, 0x00,
    0x00, 0x01, 0xFC, 0x30, 0xC3, 0x0C, 0x1F, 0xC3, 0xFE, 0x7F, 0xE1, 0x04, 0x3F, 0xC3, 0x0C, 0x3F,
    0xC0, 0x00, 0x00, 0x01, 0xFC, 0x30, 0xC3, 0x0C, 0x1F, 0xC0, 0x98, 0x7F, 0xE0, 0x60, 0x06, 0x00,
    0xF8, 0x39, 0xC0, 0x00, 0x00, 0x01, 0xFC, 0x1F, 0xC1, 0x04, 0x1F, 0xC1, 0xFC, 0x00, 0x03, 0xFE,
    0x02, 0x00, 0x20, 0x02, 0x00, 0x00, 0x00, 0x01, 0xFC, 0x1B, 0x41, 0x04, 0x1F, 0xC3, 0xFE, 0x3F,
    0xE0, 0x20, 0x1F, 0xC0, 0x06, 0x00, 0x40, 0x00, 0x00, 0x01, 0xFC, 0x18, 0x41, 0x84, 0x1F, 0xC3,
    0xFE, 0x3F, 0xE1, 0xFC, 0x1F, 0xE0, 0x66, 0x06, 0x60, 0x00, 0x00, 0x01, 0xFC, 0x1F, 0xC1, 0x04,
    0x1F, 0xC0, 0x00, 0x3F, 0xE0, 0x20, 0x12, 0x01, 0x00, 0x1F, 0xC0, 0x00, 0x00, 0x01, 0xFC, 0x18,
    0x41, 0x84, 0x1F, 0xC3, 0xFE, 0x3F, 0xE1, 0xFC, 0x1F, 0xC1, 0x00, 0x1F, 0xC0, 0x00, 0x00, 0x01,
    0xFC, 0x18, 0x41, 0xFC, 0x1F, 0xC3, 0xFE, 0x1F, 0x81, 0xFC, 0x1F, 0xC1, 0xF8, 0x1F, 0xC0, 0x00,
    0x00, 0x01, 0xFC, 0x10, 0xC1, 0xFC, 0x1F, 0xC3, 0xFE, 0x1E, 0x01, 0xFC, 0x1C, 0xC3, 0xC4, 0x1E,
    0x40, 0x00, 0x00, 0x01, 0xFC, 0x10, 0xC1, 0xFC, 0x1F, 0xC3, 0xFE, 0x1E, 0x81, 0xFC, 0x1F, 0x43,
    0xB4, 0x1F, 0xC0, 0x00, 0x00, 0x01, 0xFC, 0x18, 0x41, 0x84, 0x1F, 0xC3, 0xFE, 0x3F, 0xE1, 0xFC,
    0x1F, 0xC1, 0x04, 0x1F, 0xC0, 0x00, 0x00, 0x01, 0xFC, 0x18, 0x41, 0x84, 0x1F, 0xC3, 0xFE, 0x3F,
    0xE1, 0x24, 0x1F, 0xC1, 0x84, 0x1F, 0xC0, 0x00, 0x00, 0x01, 0xFC, 0x18, 0x41, 0x84, 0x1F, 0xC3,
    0xFE, 0x3F, 0xE0, 0x20, 0x02, 0x00, 0x78, 0x1D, 0xE0, 0x00, 0x00, 0x01, 0xFC, 0x1B, 0x41, 0x84,
    0x1F, 0xC3, 0xFE, 0x3F, 0xE0, 0xF8, 0x1F, 0xC1, 0x84, 0x0F, 0xC0, 0x00, 0x00, 0x01, 0xFC, 0x18,
    0x41, 0xFC, 0x1F, 0xC3, 0xFE, 0x07, 0x81, 0xFC, 0x1F, 0xC1, 0xFC, 0x1F, 0xC0, 0x00, 0x00, 0x01,
    0xFC, 0x18, 0xC1, 0xFC, 0x3F, 0xE3, 0xFE, 0x02, 0x01, 0xFC, 0x0F, 0x81, 0xCC, 0x0F, 0xC0, 0x00,
    0x00, 0x00, 0x04, 0x1F, 0x63, 0x16, 0x3F, 0x61, 0xF6, 0x3F, 0xE3, 0xF6, 0x0D, 0xE0, 0xC6, 0x0C,
    0x60, 0x04, 0x00, 0x00, 0x02, 0x1F, 0x61, 0x16, 0x1F, 0x60, 0xF6, 0x3F, 0xE0, 0x4E, 0x1C, 0x61,
    0x80, 0x1F, 0xE0, 0xFE, 0x00, 0x01, 0xE4, 0x3F, 0x43, 0xF4, 0x1F, 0x43, 0xF4, 0x0D, 0xC0, 0xFC,
    0x1F, 0xC1, 0xFC, 0x1F, 0xC1, 0xFE, 0x00, 0x00, 0x02, 0x1F, 0x61, 0xB6, 0x1F, 0x63, 0xFE, 0x05,
    0xE0, 0x46, 0x08, 0x60, 0xFE, 0x1F, 0x60, 0xFE, 0x00, 0x00, 0x04, 0x3F, 0x63, 0x36, 0x1F, 0x63,
    0xF6, 0x3F, 0xE0, 0xDE, 0x0B, 0x40, 0x70, 0x1D, 0xE1, 0x86, 0x00, 0x00, 0x02, 0x1E, 0xE3, 0x2E,
    0x3E, 0xE1, 0xEE, 0x3F, 0xE3, 0xFE, 0x0B, 0xE0, 0x8E, 0x08, 0xE0, 0x02, 0x00, 0x00, 0x02, 0x1F,
    0x61, 0x1E, 0x1F, 0xE1, 0xF6, 0x1F, 0xE3, 0xFE, 0x04, 0x60, 0x46, 0x04, 0x60, 0x02, 0x00, 0x00,
    0x02, 0x1F, 0x61, 0x16, 0x1F, 0x60, 0xF6, 0x3F, 0xE1, 0x46, 0x0C, 0x61, 0x80, 0x1F, 0xE0, 0xFE,
    0x00, 0x00, 0x02, 0x1F, 0x61, 0x96, 0x1F, 0x63, 0xFE, 0x3E, 0x60, 0xFE, 0x0F, 0xE0, 0xFE, 0x1F,
    0xE0, 0xFE, 0x00, 0x01, 0xFC, 0x1F, 0xC1, 0x04, 0x1F, 0xC0, 0xFC, 0x3F, 0xE3, 0xFE, 0x0C, 0x80,
    0xD8, 0x0C, 0x80, 0x00, 0x00, 0x01, 0xFC, 0x1A, 0xC1, 0x04, 0x1F, 0xC0, 0x00, 0x3F, 0xE0, 0x58,
    0x14, 0x81, 0x00, 0x1F, 0xC0, 0x00, 0x00, 0x01, 0xFC, 0x30, 0xC3, 0xFC, 0x1F, 0x87, 0xFE, 0x1F,
    0x81, 0xFC, 0x1F, 0xC3, 0xF8, 0x3F, 0xC0, 0x00, 0x00, 0x01, 0xFC, 0x30, 0xC3, 0x0C, 0x1F, 0xC3,
    0xFE, 0x7F, 0xE1, 0xF8, 0x3F, 0xC3, 0x0C, 0x3F, 0xC0, 0x00, 0x00, 0x01, 0xFC, 0x30, 0xC3, 0x0C,
    0x1F, 0xC3, 0xFE, 0x7F, 0xE1, 0xA8, 0x06, 0x00, 0xF8, 0x39, 0xC0, 0x00, 0x00, 0x00, 0x00, 0x1F,
    0xC1, 0x8C, 0x10, 0x41, 0x04, 0x1F, 0xC0, 0xF8, 0x00, 0x03, 0xFE, 0x00, 0x00, 0x00, 0x00, 0x01,
    0xFC, 0x1F, 0xC1, 0x04, 0x1F, 0xC0, 0x00, 0x3F, 0xE1, 0x00, 0x10, 0x01, 0xA8, 0x1F, 0xC0, 0x00,
    0x00, 0x01, 0xFC, 0x18, 0xC1, 0xFC, 0x1F, 0xC3, 0xFE, 0x1F, 0x81, 0xFC, 0x1F, 0xC1, 0xF8, 0x1F,
    0xC0, 0x00, 0x00, 0x01, 0xFC, 0x18, 0xC1, 0x8C, 0x1F, 0xC3, 0xFE, 0x3F, 0xE1, 0xFC, 0x1F, 0xC1,
    0x04, 0x1F, 0xC0, 0x00, 0x00, 0x01, 0xFC, 0x1A, 0xC1, 0x04, 0x1F, 0xC3, 0xFE, 0x3F, 0xE0, 0x20,
    0x07, 0x00, 0xF8, 0x18, 0xC0, 0x00, 0x00, 0x00, 0x04, 0x3E, 0x43, 0xE4, 0x32, 0x43, 0x24, 0x32,
    0x43, 0x24, 0x3E, 0x40, 0x04, 0x00, 0x40, 0x04, 0x00, 0x00, 0x04, 0x3E, 0x43, 0x24, 0x32, 0x43,
    0xE4, 0x3E, 0x40, 0x04, 0x1F, 0xC0, 0x04, 0x00, 0x40, 0x04, 0x00, 0x00, 0x04, 0x3E, 0x43, 0x24,
    0x32, 0x43, 0x24, 0x3E, 0x40, 0x04, 0x18, 0x41, 0x80, 0x1F, 0xE0, 0x00, 0x00, 0x00, 0x04, 0x3E,
    0x43, 0x24, 0x22, 0x43, 0xE4, 0x3E, 0x40, 0x04, 0x1F, 0xC1, 0x80, 0x1F, 0xC1, 0xFE, 0x00, 0x00,
    0x04, 0x3E, 0x43, 0x24, 0x32, 0x43, 0xE4, 0x00, 0x41, 0xFC, 0x0F, 0xC1, 0xFC, 0x1F, 0xC1, 0xFE,
    0x00, 0x00, 0x04, 0x3E, 0x43, 0x24, 0x32, 0x43, 0xE4, 0x1E, 0x41, 0xFC, 0x1F, 0x41, 0xF4, 0x1F,
    0xC1, 0xFC, 0x00, 0x00, 0x04, 0x3E, 0x43, 0x24, 0x22, 0x43, 0xE4, 0x3E, 0x40, 0x04, 0x1F, 0xC1,
    0x84, 0x1F, 0xC1, 0xFC, 0x00, 0x00, 0x04, 0x3E, 0x43, 0x24, 0x32, 0x43, 0xE4, 0x1E, 0x40, 0x04,
    0x1F, 0xC1, 0x84, 0x1F, 0xC0, 0xFC, 0x00, 0x00, 0x04, 0x3E, 0xC2, 0x6C, 0x26, 0xC2, 0x6C, 0x3E,
    0xC0, 0x2C, 0x06, 0x00, 0x70, 0x19, 0xC1, 0x04, 0x00, 0x00, 0x04, 0x3E, 0xC2, 0x6C, 0x26, 0xC3,
    0xEC, 0x3C, 0xC0, 0x98, 0x19, 0x81, 0x98, 0x37, 0x40, 0x20, 0x00, 0x00, 0x04, 0x3E, 0x43, 0x64,
    0x22, 0x43, 0xE4, 0x3E, 0x40, 0x7C, 0x1F, 0xC1, 0x86, 0x1F, 0xC0, 0x78, 0x00, 0x00, 0x04, 0x3E,
    0xC2, 0x6C, 0x26, 0xC3, 0xEC, 0x14, 0xC0, 0x7C, 0x1F, 0xC0, 0x70, 0x1D, 0xC1, 0x0C, 0x00, 0x00,
    0x04, 0x3E, 0x43, 0x24, 0x32, 0x43, 0xE4, 0x00, 0x40, 0xFC, 0x1F, 0xC1, 0xFC, 0x1F, 0xC1, 0xFC,
    0x00, 0x00, 0x08, 0x26, 0xC2, 0x6C, 0x26, 0x83, 0xEE, 0x26, 0xE2, 0x68, 0x3E, 0xC0, 0x0C, 0x00,
    0xC0, 0x08, 0x00, 0x00, 0x08, 0x26, 0xC3, 0xEC, 0x3E, 0xE2, 0x6C, 0x3E, 0xC0, 0x08, 0x1F, 0x80,
    0x0C, 0x00, 0xC0, 0x08, 0x00, 0x00, 0x08, 0x26, 0xC3, 0xEC, 0x26, 0xE2, 0x68, 0x3E, 0xC0, 0x08,
    0x3F, 0xC0, 0xCC, 0x0C, 0xC0, 0xC8, 0x00, 0x00, 0x08, 0x26, 0xC3, 0xEC, 0x26, 0xE2, 0x68, 0x3E,
    0xC0, 0x08, 0x3D, 0x80, 0xD8, 0x0F, 0xC0, 0x64, 0x00, 0x00, 0x08, 0x26, 0xC2, 0x68, 0x3E, 0xE2,
    0x6E, 0x3E, 0x83, 0xCC, 0x10, 0xC1, 0x00, 0x1F, 0xC1, 0xFC, 0x00, 0x00, 0x08, 0x26, 0xC3, 0xEE,
    0x26, 0xE3, 0xEC, 0x3C, 0x81, 0xF8, 0x1F, 0xC1, 0xF8, 0x1F, 0xC1, 0xFC, 0x00, 0x02, 0x6C, 0x26,
    0xC3, 0xEE, 0x26, 0xC3, 0xEC, 0x00, 0x83, 0xF8, 0x1C, 0xC3, 0x8C, 0x3E, 0xC0, 0x00, 0x00, 0x00,
    0x08, 0x26, 0xC3, 0xEC, 0x26, 0xE3, 0xE8, 0x3C, 0xC0, 0x08, 0x1F, 0xC1, 0x0C, 0x1F, 0xC1, 0xF8,
    0x00, 0x00, 0x08, 0x26, 0xC3, 0xEE, 0x26, 0xE3, 0xEC, 0x3C, 0xC0, 0x08, 0x1F, 0xC1, 0x0C, 0x1F,
    0xC1, 0xF8, 0x00, 0x00, 0x08, 0x26, 0xC3, 0xEC, 0x3E, 0xE2, 0x6C, 0x3E, 0xC0, 0x0C, 0x06, 0x00,
    0x70, 0x1D, 0xC1, 0x0C, 0x00, 0x00, 0x08, 0x26, 0x83, 0xEC, 0x26, 0xE2, 0x68, 0x3E, 0xC0, 0x00,
    0x1F, 0x83, 0x0C, 0x1F, 0x80, 0xF0, 0x00, 0x00, 0x08, 0x26, 0xC3, 0xEE, 0x26, 0xE3, 0xEC, 0x3C,
    0xC1, 0xFC, 0x1F, 0x81, 0xF8, 0x1F, 0xC1, 0xFC, 0x00, 0x00, 0x02, 0x25, 0xE3, 0x5E, 0x35, 0x63,
    0xDE, 0x35, 0xE2, 0x56, 0x3D, 0xE0, 0x1E, 0x01, 0xE0, 0x02, 0x00, 0x00, 0x04, 0x27, 0xE3, 0xFC,
    0x3F, 0xC3, 0x7C, 0x3D, 0x60, 0x1C, 0x1F, 0xC0, 0x04, 0x00, 0x40, 0x04, 0x00, 0x00, 0x16, 0x27,
    0xE3, 0xFE, 0x3F, 0xE2, 0x7E, 0x3F, 0x61, 0xDE, 0x19, 0x61, 0x80, 0x1F, 0xE0, 0xFE, 0x00, 0x00,
    0x04, 0x27, 0x43, 0xFC, 0x27, 0xC3, 0xF4, 0x3D, 0xC1, 0xFC, 0x0F, 0xC1, 0xF8, 0x1F, 0xC1, 0xFC,
    0x00, 0x00, 0x14, 0x27, 0x63, 0xFC, 0x37, 0xC3, 0x74, 0x3D, 0x40, 0x1C, 0x1F, 0xC1, 0x84, 0x1F,
    0xC0, 0xFC, 0x00, 0x00, 0x14, 0x37, 0x63, 0xFC, 0x37, 0xC3, 0xF6, 0x3D, 0xC0, 0x04, 0x1F, 0xC1,
    0x84, 0x1F, 0xC0, 0xFC, 0x00, 0x00, 0x04, 0x27, 0x43, 0xF4, 0x3F, 0xC2, 0x7C, 0x3F, 0x40, 0x14,
    0x02, 0x40, 0x70, 0x1D, 0xC1, 0x04, 0x00, 0x00, 0x14, 0x25, 0x43, 0xDC, 0x3D, 0xC2, 0xD4, 0x3D,
    0x40, 0x88, 0x09, 0x81, 0xDC, 0x37, 0x60, 0x20, 0x00, 0x00, 0x04, 0x27, 0xE3, 0xFE, 0x3F, 0xE3,
    0x7E, 0x3D, 0x60, 0x14, 0x0F, 0xC1, 0x86, 0x0F, 0xC0, 0x78, 0x00, 0x00, 0x14, 0x27, 0x43, 0xDC,
    0x25, 0xC3, 0xF4, 0x39, 0x41, 0xFC, 0x1F, 0xC1, 0xFC, 0x1F, 0xC1, 0xFC, 0x00, 0x00, 0x08, 0x26,
    0xC2, 0x6C, 0x26, 0xE3, 0xEC, 0x26, 0xC2, 0x6E, 0x3E, 0xC0, 0x0C, 0x00, 0xC0, 0x08, 0x00, 0x00,
    0x08, 0x26, 0xC3, 0xEE, 0x3E, 0xC2, 0x6E, 0x3E, 0xC0, 0x08, 0x1F, 0x80, 0x0C, 0x00, 0xC0, 0x08,
    0x00, 0x00, 0x08, 0x26, 0xC2, 0x6E, 0x3E, 0xC2, 0x6C, 0x3E, 0xE3, 0xCC, 0x10, 0xC1, 0x00, 0x1F,
    0xC1, 0xFC, 0x00, 0x00, 0x08, 0x26, 0xC3, 0xEE, 0x26, 0xC3, 0xEE, 0x3C, 0x80, 0x08, 0x1F, 0xC1,
    0x0C, 0x1F, 0xC1, 0xF8, 0x00, 0x00, 0x04, 0x22, 0x63, 0x26, 0x36, 0x63, 0xFE, 0x32, 0x63, 0x26,
    0x3E, 0x60, 0x06, 0x00, 0x60, 0x04, 0x00, 0x00, 0x04, 0x22, 0x43, 0xE4, 0x3F, 0xC3, 0x24, 0x3E,
    0x40, 0x04, 0x1F, 0xC0, 0x04, 0x00, 0x40, 0x04, 0x00, 0x00, 0x04, 0x22, 0x63, 0x66, 0x3F, 0xE2,
    0x26, 0x3E, 0x61, 0xC6, 0x08, 0x61, 0x80, 0x1F, 0xC0, 0xFE, 0x00, 0x00, 0x04, 0x22, 0x63, 0xE6,
    0x3F, 0xE3, 0x26, 0x3E, 0x60, 0x04, 0x1F, 0xC1, 0x80, 0x1F, 0xC1, 0xFE, 0x00, 0x00, 0x04, 0x32,
    0x43, 0xFC, 0x37, 0xC3, 0xE4, 0x1E, 0x40, 0xFC, 0x0F, 0xC1, 0xFC, 0x1F, 0xC0, 0xFE, 0x00, 0x00,
    0x04, 0x32, 0x63, 0xFC, 0x33, 0xC3, 0xE6, 0x1E, 0x41, 0xFC, 0x1F, 0x61, 0xF6, 0x1F, 0xE1, 0xFC,
    0x00, 0x00, 0x04, 0x32, 0x63, 0xFE, 0x37, 0xE3, 0x66, 0x3E, 0x60, 0x04, 0x1F, 0xE1, 0x86, 0x1F,
    0xE1, 0xFC, 0x00, 0x00, 0x04, 0x32, 0x43, 0xFC, 0x37, 0xC3, 0xE4, 0x3E, 0x40, 0x04, 0x1F, 0xC1,
    0x84, 0x1F, 0xC0, 0xFC, 0x00, 0x00, 0x04, 0x26, 0xC3, 0xEC, 0x3F, 0xC2, 0x6C, 0x3C, 0xC0, 0x0C,
    0x06, 0x40, 0x70, 0x1D, 0xC1, 0x04, 0x00, 0x00, 0x04, 0x22, 0x63, 0xE6, 0x3F, 0xE3, 0x26, 0x3E,
    0x60, 0x04, 0x0F, 0xC1, 0x86, 0x1F, 0xC0, 0x78, 0x00, 0x00, 0x0C, 0x26, 0xC3, 0xFC, 0x27, 0xC3,
    0xEC, 0x3C, 0x41, 0xFC, 0x1F, 0xC0, 0x70, 0x1D, 0xC0, 0x00, 0x00, 0x00, 0x12, 0x25, 0xE3, 0x7E,
    0x3F, 0xE3, 0xFE, 0x27, 0xE2, 0x7E, 0x3F, 0xE1, 0x9E, 0x01, 0xE0, 0x02, 0x00, 0x00, 0x04, 0x27,
    0xE3, 0xFC, 0x3F, 0xC3, 0x7C, 0x3D, 0xE0, 0x1C, 0x1F, 0xC0, 0x04, 0x00, 0x40, 0x04, 0x00, 0x00,
    0x04, 0x27, 0xE3, 0x7C, 0x3F, 0xC2, 0x7C, 0x3F, 0xC1, 0xDC, 0x19, 0xC1, 0x80, 0x1F, 0xE0, 0xFE,
    0x00, 0x00, 0x04, 0x27, 0xE3, 0xFC, 0x3F, 0xC3, 0x7C, 0x3D, 0xC0, 0x1C, 0x1F, 0xC1, 0x80, 0x1F,
    0xC0, 0xFE, 0x00, 0x00, 0x14, 0x25, 0xC3, 0xFC, 0x27, 0xC3, 0xDC, 0x3D, 0xC1, 0xFC, 0x00, 0xC1,
    0xFC, 0x1F, 0xC1, 0xFC, 0x00, 0x00, 0x04, 0x27, 0xE3, 0xFC, 0x3F, 0xC3, 0x7C, 0x3D, 0xC0, 0x1C,
    0x1F, 0xC1, 0x84, 0x1F, 0xC0, 0xFC, 0x00, 0x00, 0x04, 0x27, 0xE3, 0xFC, 0x3F, 0xC3, 0x7E, 0x3D,
    0xC0, 0x04, 0x1F, 0xC1, 0x84, 0x1F, 0xC0, 0xFC, 0x00, 0x00, 0x04, 0x25, 0xC3, 0xDC, 0x3F, 0xC2,
    0x5C, 0x3D, 0xC0, 0x1C, 0x02, 0x40, 0x70, 0x1D, 0xC1, 0x04, 0x00, 0x00, 0x14, 0x25, 0xC3, 0xFC,
    0x3F, 0xC2, 0x5C, 0x3D, 0xC0, 0x98, 0x09, 0x81, 0xD8, 0x37, 0x40, 0x20, 0x00, 0x00, 0x04, 0x27,
    0xE3, 0xFC, 0x3F, 0xC3, 0x7C, 0x3D, 0xE0, 0x1C, 0x0F, 0xC1, 0x84, 0x0F, 0xC0, 0x78, 0x00, 0x00,
    0x04, 0x22, 0x63, 0x24, 0x3F, 0xC3, 0xE4, 0x33, 0xC3, 0x3C, 0x3E, 0x40, 0x04, 0x00, 0x60, 0x04,
    0x00, 0x00, 0x04, 0x22, 0x43, 0xFC, 0x3E, 0x43, 0x3C, 0x3E, 0x40, 0x04, 0x1F, 0xC0, 0x04, 0x00,
    0x40, 0x04, 0x00, 0x00, 0x04, 0x22, 0x63, 0x7C, 0x3E, 0x42, 0x3C, 0x3F, 0xC1, 0xC6, 0x08, 0x41,
    0x80, 0x1F, 0xC0, 0xFE, 0x00, 0x00, 0x04, 0x32, 0x43, 0xFC, 0x37, 0xC3, 0xFC, 0x1E, 0x40, 0xFC,
    0x0F, 0xE1, 0xFC, 0x1F, 0xC0, 0xFE, 0x00, 0x00, 0x04, 0x33, 0x43, 0xFC, 0x37, 0xC3, 0xFC, 0x3E,
    0x40, 0x04, 0x1F, 0xC1, 0x84, 0x1F, 0xC0, 0xFC, 0x00, 0x00, 0x04, 0x26, 0xC3, 0xFC, 0x3E, 0xC2,
    0x7C, 0x3E, 0xC0, 0x0C, 0x06, 0x40, 0x70, 0x1D, 0xC1, 0x04, 0x00, 0x00, 0x04, 0x26, 0xC3, 0xFC,
    0x3E, 0xC2, 0x7C, 0x3E, 0xC0, 0x88, 0x09, 0x81, 0xD8, 0x37, 0x62, 0x20, 0x00, 0x00, 0x04, 0x22,
    0x63, 0xFE, 0x3E, 0x63, 0x3E, 0x3E, 0x60, 0x04, 0x0F, 0xC1, 0x86, 0x1F, 0xC0, 0x78, 0x00, 0x00,
    0x04, 0x33, 0x63, 0xFE, 0x37, 0xE3, 0xFE, 0x3E, 0x60, 0xFC, 0x1F, 0xC1, 0xFC, 0x1F, 0xC0, 0xFC,
    0x00, 0x00, 0x02, 0x25, 0xE3, 0x7E, 0x3F, 0xE3, 0xFE, 0x27, 0xE3, 0x7E, 0x3F, 0xE1, 0xDE, 0x01,
    0xE0, 0x02, 0x00, 0x00, 0x04, 0x25, 0xE3, 0x7C, 0x3F, 0xC2, 0x7C, 0x3F, 0xC1, 0xDC, 0x19, 0xC1,
    0x80, 0x1F, 0xE0, 0xFE, 0x00, 0x00, 0x00, 0x10, 0x41, 0xFC, 0x1F, 0xC1, 0x04, 0x1F, 0xC1, 0xFC,
    0x02, 0x03, 0xFE, 0x3F, 0xE0, 0x00, 0x00, 0x01, 0x04, 0x1F, 0xC1, 0xFC, 0x1F, 0xC1, 0xFC, 0x3F,
    0xE3, 0xFE, 0x1F, 0xC0, 0x0C, 0x00, 0x40, 0x04, 0x00, 0x00, 0x00, 0x1F, 0xC1, 0xFC, 0x1F, 0xC1,
    0xFC, 0x3F, 0xE3, 0xFE, 0x1F, 0xC0, 0x64, 0x06, 0x40, 0x64, 0x00, 0x01, 0x04, 0x1F, 0xC1, 0xFC,
    0x1D, 0xC1, 0xFC, 0x3F, 0xE3, 0xFE, 0x10, 0x01, 0x00, 0x1F, 0xC0, 0x00, 0x00, 0x01, 0x04, 0x1F,
    0xC1, 0xFC, 0x1F, 0xC3, 0xFE, 0x3F, 0xE1, 0xFC, 0x1F, 0xE1, 0xFC, 0x1F, 0xC1, 0xFC, 0x00, 0x00,
    0x00, 0x1F, 0xC1, 0xFC, 0x1F, 0xC0, 0xFC, 0x3F, 0xE3, 0xFE, 0x1F, 0xC1, 0x06, 0x1F, 0xE1, 0xFC,
    0x00, 0x00, 0x00, 0x1F, 0xC1, 0xFC, 0x1F, 0xC1, 0xFC, 0x3F, 0xE0, 0x00, 0x1F, 0xC1, 0xFC, 0x1A,
    0xC1, 0xFC, 0x00, 0x00, 0x00, 0x1F, 0xC1, 0xFC, 0x1F, 0xC1, 0xF8, 0x3F, 0xE3, 0xFE, 0x02, 0x00,
    0x70, 0x1D, 0xC1, 0x0C, 0x00, 0x00, 0x00, 0x1F, 0xC1, 0xFC, 0x1F, 0xC0, 0xFC, 0x3F, 0xE3, 0xFE,
    0x0F, 0xC1, 0x84, 0x1F, 0xC0, 0xF8, 0x00, 0x00, 0x0C, 0x23, 0xC3, 0x3C, 0x3F, 0xC3, 0x3E, 0x3F,
    0xE0, 0x8C, 0x3F, 0xC3, 0xEC, 0x00, 0xC0, 0x0C, 0x00, 0x00, 0x08, 0x22, 0xC3, 0xEC, 0x36, 0xC3,
    0xEE, 0x0E, 0xC7, 0xFC, 0x10, 0xC1, 0x00, 0x1F, 0xC1, 0xFC, 0x00, 0x00, 0x08, 0x36, 0xC3, 0xEC,
    0x3E, 0xE3, 0xEC, 0x3F, 0xC3, 0xE8, 0x09, 0x81, 0x98, 0x3F, 0xC2, 0x60, 0x00, 0x00, 0x02, 0x13,
    0xE3, 0x7A, 0x1F, 0xA3, 0x3E, 0x1E, 0xE0, 0xDA, 0x3F, 0xE3, 0xFA, 0x00, 0xE0, 0x02, 0x00, 0x00,
    0x14, 0x37, 0xE3, 0xFE, 0x37, 0xE3, 0xDE, 0x3F, 0x63, 0xF6, 0x0C, 0x80, 0xDC, 0x3F, 0x60, 0x22,
    0x00, 0x00, 0x02, 0x11, 0x61, 0xFE, 0x1F, 0xE1, 0x9E, 0x1F, 0x60, 0x46, 0x3F, 0xE1, 0xF6, 0x00,
    0x60, 0x02, 0x00, 0x00, 0x02, 0x19, 0xE1, 0xFE, 0x1B, 0xE1, 0xF6, 0x3F, 0xE1, 0xF6, 0x0F, 0xE0,
    0x06, 0x00, 0x60, 0x02, 0x00, 0x00, 0x04, 0x31, 0x43, 0xF4, 0x33, 0x41, 0xF4, 0x0D, 0x43, 0xF4,
    0x00, 0x41, 0x80, 0x1F, 0xC1, 0xFE, 0x00, 0x00, 0x14, 0x3F, 0x43, 0xF4, 0x1F, 0x40, 0xF4, 0x3F,
    0x41, 0xFC, 0x0F, 0xC1, 0xFC, 0x1F, 0xC1, 0xFE, 0x00, 0x00, 0x02, 0x19, 0xE1, 0xFE, 0x1F, 0xE1,
    0xF6, 0x3F, 0xE1, 0xF6, 0x0F, 0xE0, 0x86, 0x0F, 0xE0, 0xFE, 0x00, 0x00, 0x02, 0x1F, 0xE1, 0xFE,
    0x1F, 0xE0, 0xF6, 0x3F, 0xE1, 0x82, 0x0F, 0xE0, 0xFE, 0x0F, 0x60, 0xFE, 0x00, 0x00, 0x00, 0x10,
    0x43, 0x0C, 0x3F, 0xC3, 0x0C, 0x30, 0xC1, 0xFC, 0x09, 0x83, 0xFC, 0x7F, 0xE0, 0x00, 0x00, 0x01,
    0x04, 0x3F, 0xC3, 0x0C, 0x3F, 0xC1, 0xF8, 0x7F, 0xE3, 0xFE, 0x10, 0x03, 0x00, 0x3F, 0xC0, 0x00,
    0x00, 0x01, 0x04, 0x1F, 0xC1, 0xFC, 0x10, 0x41, 0xFC, 0x00, 0x03, 0xFE, 0x02, 0x00, 0x20, 0x02,
    0x00, 0x00, 0x00, 0x01, 0x04, 0x1F, 0xC1, 0xFC, 0x1F, 0xC0, 0xF8, 0x3F, 0xE3, 0xFE, 0x1F, 0xC0,
    0x0C, 0x00, 0x40, 0x04, 0x00, 0x00, 0x00, 0x18, 0x41, 0xFC, 0x18, 0x41, 0xFC, 0x3F, 0xE3, 0xFE,
    0x02, 0x01, 0x00, 0x1F, 0xC1, 0xFC, 0x00, 0x01, 0x04, 0x1F, 0xC1, 0xFC, 0x1F, 0xC1, 0xFC, 0x3F,
    0xE0, 0x20, 0x1F, 0xC1, 0x80, 0x1F, 0xC1, 0xFC, 0x00, 0x01, 0x04, 0x1F, 0xC1, 0xFC, 0x1F, 0xC3,
    0xFE, 0x3F, 0xE1, 0xFC, 0x1F, 0xE1, 0xFC, 0x1F, 0xC1, 0xFC, 0x00, 0x01, 0x0C, 0x1F, 0xC1, 0x8C,
    0x1F, 0xC3, 0xFE, 0x1E, 0x01, 0xFC, 0x1C, 0xC3, 0xC4, 0x1E, 0x40, 0x00, 0x00, 0x00, 0x04, 0x1F,
    0xC1, 0xFC, 0x1F, 0xC3, 0xFE, 0x3F, 0xE1, 0xFC, 0x1F, 0xC1, 0xF4, 0x3F, 0xC1, 0xFC, 0x00, 0x01,
    0x04, 0x1F, 0xC1, 0xFC, 0x1F, 0xC1, 0xFC, 0x3F, 0xE0, 0x70, 0x1F, 0xC1, 0x06, 0x1F, 0xE1, 0xFC,
    0x00, 0x00, 0x00, 0x1F, 0xC1, 0xFC, 0x1F, 0xC1, 0xFC, 0x3F, 0xE0, 0x20, 0x1F, 0xC1, 0xFC, 0x1A,
    0xC1, 0xFC, 0x00, 0x00, 0x00, 0x1F, 0xC1, 0xFC, 0x1F, 0xC1, 0xFC, 0x3F, 0xE0, 0x20, 0x02, 0x00,
    0x70, 0x1D, 0xC1, 0x04, 0x00, 0x01, 0x04, 0x1F, 0xC1, 0xFC, 0x1F, 0xC1, 0xFC, 0x3F, 0xE0, 0x70,
    0x0F, 0xC1, 0x84, 0x1F, 0xC0, 0xF8, 0x00, 0x01, 0x00, 0x1F, 0xC1, 0xFC, 0x1F, 0xC3, 0xFE, 0x3F,
    0xE1, 0xFC, 0x1F, 0xC1, 0xF8, 0x1F, 0xC1, 0xFC, 0x00, 0x01, 0x04, 0x1F, 0xC1, 0xFC, 0x1F, 0xC1,
    0xFC, 0x3F, 0xE0, 0x20, 0x1F, 0xC0, 0xC8, 0x0D, 0x81, 0xFC, 0x00, 0x00, 0x04, 0x33, 0x63, 0xF6,
    0x31, 0x61, 0xF6, 0x3F, 0xE3, 0xF6, 0x0D, 0xE0, 0xC6, 0x0C, 0x60, 0x04, 0x00, 0x01, 0x12, 0x1F,
    0x61, 0xF6, 0x1F, 0x63, 0xFE, 0x04, 0xE0, 0xFE, 0x0F, 0xE0, 0xFE, 0x1F, 0xE0, 0xFE, 0x00, 0x01,
    0x34, 0x3F, 0x43, 0xF4, 0x3F, 0x43, 0xF4, 0x0D, 0xC0, 0xC4, 0x0C, 0x81, 0xDC, 0x37, 0x60, 0x00,
    0x00, 0x00, 0x0A, 0x12, 0xA1, 0xEA, 0x36, 0xA1, 0xEA, 0x3F, 0xA3, 0xFA, 0x0B, 0xA0, 0x8A, 0x08,
    0xA0, 0x02, 0x00, 0x00, 0x02, 0x19, 0xE1, 0xFE, 0x11, 0xE1, 0xF6, 0x00, 0x63, 0xFE, 0x04, 0x60,
    0x46, 0x04, 0x60, 0x42, 0x00, 0x00, 0x02, 0x1B, 0x61, 0xF6, 0x1F, 0x61, 0xF6, 0x3F, 0xE0, 0x46,
    0x0F, 0xE0, 0xBE, 0x00, 0x60, 0x02, 0x00, 0x00, 0x04, 0x33, 0x43, 0xF4, 0x3F, 0x41, 0xE4, 0x3F,
    0x43, 0xE4, 0x14, 0x41, 0x80, 0x1F, 0xC1, 0xFE, 0x00, 0x00, 0x04, 0x3F, 0x43, 0xF4, 0x1F, 0x43,
    0xF4, 0x3F, 0x41, 0xFC, 0x0F, 0xC1, 0xFC, 0x1F, 0xC1, 0xFE, 0x00, 0x00, 0x04, 0x3F, 0x43, 0xF4,
    0x3F, 0x41, 0xF4, 0x3F, 0x40, 0xC4, 0x0F, 0xC1, 0x84, 0x1F, 0xC0, 0x78, 0x00, 0x00, 0x00, 0x10,
    0x41, 0xFC, 0x18, 0xC1, 0xFC, 0x00, 0x03, 0xFE, 0x0D, 0x80, 0xC8, 0x0D, 0x80, 0x88, 0x00, 0x00,
    0x00, 0x10, 0xC1, 0xFC, 0x30, 0xC1, 0xFC, 0x3F, 0xC7, 0xFE, 0x1D, 0x83, 0x10, 0x3F, 0xC1, 0xFC,
    0x00, 0x01, 0x04, 0x1F, 0xC3, 0xFC, 0x1F, 0xC3, 0xFE, 0x7F, 0xE1, 0xF8, 0x1F, 0xC1, 0xFC, 0x3F,
    0xC1, 0xFC, 0x00, 0x01, 0x00, 0x1F, 0xC1, 0xFC, 0x1F, 0xC1, 0xF8, 0x7F, 0xE0, 0xD8, 0x1F, 0xC3,
    0x0C, 0x3F, 0xC1, 0xFC, 0x00, 0x00, 0x00, 0x3F, 0xC3, 0xFC, 0x3F, 0xC1, 0xFC, 0x7F, 0xE1, 0x98,
    0x1E, 0x80, 0xF0, 0x39, 0xC0, 0x04, 0x00, 0x01, 0x04, 0x1F, 0xC1, 0xFC, 0x1F, 0xC1, 0xFC, 0x3F,
    0xE0, 0xF8, 0x0F, 0xC1, 0x84, 0x1F, 0xC0, 0xF8, 0x00, 0x00, 0x00, 0x10, 0x41, 0x04, 0x1F, 0xC1,
    0xFC, 0x10, 0x41, 0xFC, 0x00, 0x03, 0xFE, 0x3F, 0xE0, 0x00, 0x00, 0x00, 0x00, 0x1F, 0xC1, 0xFC,
    0x1F, 0xC1, 0xFC, 0x3F, 0xE3, 0xFE, 0x1F, 0xC0, 0x0C, 0x00, 0x40, 0x04, 0x00, 0x00, 0x00, 0x10,
    0x41, 0xFC, 0x18, 0xC1, 0xFC, 0x00, 0x03, 0xFE, 0x10, 0x01, 0x00, 0x1F, 0xC1, 0xFC, 0x00, 0x01,
    0x04, 0x1F, 0xC1, 0xFC, 0x1F, 0xC3, 0xFE, 0x3F, 0xE1, 0xFC, 0x1F, 0xC1, 0xFC, 0x1F, 0xC1, 0xFC,
    0x00, 0x01, 0x04, 0x1F, 0xC1, 0xFC, 0x1F, 0xC0, 0xFC, 0x3F, 0xE3, 0xFE, 0x1F, 0xC1, 0x04, 0x1F,
    0xC1, 0xFC, 0x00, 0x00, 0x00, 0x1F, 0xC1, 0xFC, 0x1F, 0xC1, 0xFC, 0x3F, 0xE0, 0x00, 0x1F, 0xC1,
    0xFC, 0x1B, 0xC1, 0xFC, 0x00, 0x01, 0x04, 0x1F, 0xC1, 0x8C, 0x1F, 0xC0, 0xF8, 0x3F, 0xE0, 0x20,
    0x06, 0x00, 0xF8, 0x18, 0xC0, 0x00, 0x00, 0x00, 0x04, 0x22, 0x43, 0x24, 0x32, 0x43, 0xE4, 0x32,
    0x43, 0x24, 0x3E, 0x40, 0x04, 0x00, 0x40, 0x04, 0x00, 0x00, 0x04, 0x22, 0x43, 0xE4, 0x3E, 0x43,
    0x24, 0x3E, 0x40, 0x04, 0x1F, 0xC0, 0x04, 0x00, 0x40, 0x04, 0x00, 0x00, 0x04, 0x22, 0x43, 0xE4,
    0x3E, 0x42, 0x24, 0x3E, 0x41, 0xC4, 0x18, 0x41, 0x80, 0x1F, 0xC1, 0xFE, 0x00, 0x00, 0x04, 0x32,
    0x43, 0xE4, 0x32, 0x43, 0xE4, 0x1E, 0x40, 0xFC, 0x00, 0x61, 0xFC, 0x1F, 0xC0, 0xFE, 0x00, 0x00,
    0x04, 0x32, 0x43, 0xE4, 0x32, 0x43, 0xE4, 0x1E, 0x41, 0xFC, 0x1F, 0x41, 0xF4, 0x1F, 0xC1, 0xFC,
    0x00, 0x00, 0x04, 0x32, 0x43, 0xE4, 0x36, 0x43, 0x64, 0x3E, 0x40, 0x04, 0x1F, 0xC1, 0x84, 0x1F,
    0xC1, 0xFC, 0x00, 0x00, 0x04, 0x32, 0x43, 0xE4, 0x32, 0x43, 0xE4, 0x3E, 0x40, 0x04, 0x1F, 0xC1,
    0xA4, 0x1F, 0xC0, 0xFC, 0x00, 0x00, 0x04, 0x26, 0xC3, 0xEC, 0x3E, 0xC2, 0x6C, 0x3E, 0xC0, 0x0C,
    0x02, 0x40, 0x70, 0x1D, 0xC1, 0x04, 0x00, 0x00, 0x04, 0x22, 0x43, 0xE4, 0x3E, 0x43, 0x24, 0x3E,
    0x40, 0x04, 0x0F, 0xC1, 0x84, 0x1F, 0xC0, 0xF8, 0x00, 0x00, 0x04, 0x26, 0xC3, 0xEC, 0x26, 0xC2,
    0x6C, 0x3C, 0x41, 0xFC, 0x1F, 0xC0, 0x70, 0x1D, 0xC0, 0x00, 0x00, 0x00, 0x04, 0x26, 0xC3, 0xEC,
    0x26, 0xC3, 0xEC, 0x3C, 0xC0, 0x6C, 0x1F, 0xC0, 0x70, 0x1D, 0xC1, 0x0C, 0x00, 0x00, 0x04, 0x2D,
    0xC3, 0xDC, 0x3F, 0xC3, 0xF6, 0x2D, 0xC3, 0xDC, 0x3F, 0x41, 0x2C, 0x00, 0xC0, 0x04, 0x00, 0x00,
    0x04, 0x2D, 0xC3, 0xFC, 0x3F, 0x67, 0xDC, 0x3F, 0xC1, 0x6C, 0x1F, 0xC0, 0x0C, 0x00, 0xC0, 0x04,
    0x00, 0x00, 0x04, 0x2D, 0xC3, 0xFC, 0x3F, 0x66, 0xDC, 0x3F, 0xC3, 0x2C, 0x10, 0x41, 0x00, 0x1F,
    0xC1, 0xFC, 0x00, 0x00, 0x04, 0x2D, 0xC3, 0xFE, 0x3F, 0xE3, 0xFC, 0x3F, 0xC1, 0xFC, 0x0F, 0xC1,
    0xF8, 0x1F, 0xC1, 0xFC, 0x00, 0x00, 0x04, 0x2D, 0xC3, 0xFE, 0x3F, 0xE3, 0xFC, 0x32, 0x41, 0xFC,
    0x1F, 0xC3, 0xF4, 0x3F, 0xC1, 0xFC, 0x00, 0x00, 0x04, 0x2D, 0xC3, 0xFE, 0x3F, 0xE7, 0xFC, 0x3F,
    0x40, 0x0C, 0x1F, 0xC1, 0x04, 0x1F, 0xC1, 0xFC, 0x00, 0x00, 0x04, 0x6D, 0xC3, 0xFE, 0x3F, 0xE3,
    0xFC, 0x3F, 0xC0, 0x04, 0x1F, 0xC1, 0xAC, 0x1E, 0xC1, 0xFC, 0x00, 0x00, 0x04, 0x2D, 0xC3, 0xFC,
    0x3F, 0xE7, 0xDC, 0x3F, 0xC0, 0x2C, 0x02, 0x40, 0x70, 0x1D, 0xC1, 0x04, 0x00, 0x00, 0x04, 0x2D,
    0xC3, 0xFE, 0x3F, 0x67, 0xDC, 0x3F, 0xC0, 0x88, 0x09, 0x81, 0xDC, 0x37, 0x60, 0x20, 0x00, 0x00,
    0x04, 0x2D, 0xC3, 0xFC, 0x3F, 0xE7, 0xFC, 0x3F, 0xC0, 0x0C, 0x1F, 0x81, 0x0C, 0x1F, 0xC0, 0xF8,
    0x00, 0x00, 0x0C, 0x2D, 0xC3, 0xFE, 0x3F, 0xE3, 0xFC, 0x32, 0xC1, 0xFC, 0x0F, 0x80, 0xF8, 0x1D,
    0x80, 0xF0, 0x00, 0x00, 0x02, 0x01, 0xE3, 0xFE, 0x3F, 0xE3, 0xFE, 0x3F, 0xE3, 0xFE, 0x3F, 0xE0,
    0x1E, 0x00, 0xE0, 0x02, 0x00, 0x00, 0x02, 0x2D, 0xE3, 0xFE, 0x3F, 0xE3, 0xFE, 0x3F, 0xA0, 0x1E,
    0x1F, 0xE0, 0x06, 0x00, 0x60, 0x02, 0x00, 0x00, 0x0A, 0x29, 0xE3, 0xFE, 0x3F, 0xE2, 0xDE, 0x3F,
    0xE3, 0x7E, 0x18, 0xE1, 0x80, 0x1F, 0xE0, 0xFE, 0x00, 0x00, 0x0A, 0x2D, 0xE3, 0xFE, 0x3F, 0xE3,
    0xFA, 0x3F, 0xE0, 0xFE, 0x00, 0x61, 0xFE, 0x1F, 0xE0, 0xFE, 0x00, 0x00, 0x02, 0x2F, 0xE3, 0xFE,
    0x3F, 0xE3, 0xFE, 0x3F, 0xA0, 0x1E, 0x1F, 0xE1, 0x86, 0x1F, 0xE0, 0xFE, 0x00, 0x00, 0x02, 0x2F,
    0xE3, 0xFE, 0x3F, 0xE3, 0xFA, 0x37, 0xE0, 0x02, 0x1F, 0xE1, 0xB6, 0x1F, 0xE0, 0xFE, 0x00, 0x00,
    0x02, 0x2D, 0xE3, 0xFE, 0x3F, 0xE3, 0xFE, 0x3F, 0xE0, 0x0E, 0x03, 0x00, 0x78, 0x1C, 0xE1, 0x86,
    0x00, 0x00, 0x94, 0x7B, 0x47, 0xFC, 0x7F, 0xC7, 0xF4, 0x37, 0x40, 0x98, 0x09, 0x81, 0xDC, 0x37,
    0x60, 0x00, 0x00, 0x00, 0x02, 0x2F, 0xE3, 0xFE, 0x3F, 0xE2, 0xFE, 0x3F, 0xE0, 0x3A, 0x0F, 0xC1,
    0x86, 0x0F, 0xE0, 0x78, 0x00, 0x00, 0x04, 0x2D, 0xC3, 0xFC, 0x3F, 0x63, 0xF4, 0x3F, 0xC2, 0xD6,
    0x3F, 0x41, 0x2C, 0x00, 0xC0, 0x04, 0x00, 0x00, 0x04, 0x2D, 0xC3, 0xFE, 0x3F, 0xC7, 0xDE, 0x3F,
    0xC1, 0x6C, 0x1F, 0xC0, 0x0C, 0x00, 0xC0, 0x04, 0x00, 0x00, 0x04, 0x2D, 0xC3, 0xF6, 0x3F, 0xC7,
    0xFE, 0x3F, 0xC0, 0x0C, 0x1F, 0xC1, 0x04, 0x1F, 0xC1, 0xFC, 0x00, 0x00, 0x04, 0x2D, 0x67, 0xD4,
    0x3F, 0x43, 0xFC, 0x3D, 0x46, 0xD4, 0x3F, 0x40, 0x04, 0x00, 0x60, 0x04, 0x00, 0x00, 0x02, 0x2F,
    0x63, 0xFE, 0x3F, 0xE2, 0xFE, 0x3F, 0x60, 0x06, 0x1F, 0xE0, 0x06, 0x00, 0x60, 0x02, 0x00, 0x00,
    0x04, 0x2D, 0x63, 0xF6, 0x3F, 0xC6, 0xD4, 0x3F, 0x63, 0x26, 0x10, 0x41, 0x00, 0x1F, 0xC1, 0xFC,
    0x00, 0x00, 0x04, 0x6D, 0x63, 0xFC, 0x3F, 0xC7, 0xF6, 0x3F, 0x40, 0x04, 0x1F, 0xC1, 0x00, 0x1F,
    0xC1, 0xFC, 0x00, 0x00, 0x04, 0x2D, 0x43, 0xFC, 0x3F, 0xC3, 0xF4, 0x3F, 0x41, 0xFC, 0x00, 0x41,
    0xFC, 0x1F, 0xC1, 0xFC, 0x00, 0x00, 0x06, 0x2F, 0xE3, 0xFE, 0x3F, 0xE3, 0xFE, 0x3F, 0x60, 0x06,
    0x1F, 0xE1, 0x86, 0x1F, 0xE0, 0xFE, 0x00, 0x00, 0x04, 0x6D, 0x63, 0xFC, 0x3F, 0xC3, 0xF6, 0x3F,
    0x40, 0x24, 0x03, 0x00, 0xF8, 0x1C, 0xE0, 0x00, 0x00, 0x00, 0x04, 0x6D, 0x63, 0xFC, 0x3F, 0xC7,
    0xF6, 0x3F, 0x60, 0x88, 0x09, 0x81, 0xDC, 0x37, 0x60, 0x20, 0x00, 0x00, 0x04, 0x2D, 0x63, 0xF4,
    0x3F, 0xC7, 0xD4, 0x3F, 0x60, 0x24, 0x1F, 0xC1, 0x84, 0x1F, 0xC0, 0xF8, 0x00, 0x00, 0x0E, 0x2E,
    0xE3, 0xFE, 0x3F, 0xE3, 0xFE, 0x3F, 0xE3, 0xFE, 0x3F, 0xE0, 0x0E, 0x00, 0xE0, 0x02, 0x00, 0x00,
    0x06, 0x2F, 0xE3, 0xFE, 0x3F, 0xE2, 0xFE, 0x3E, 0xE0, 0x2E, 0x0F, 0xC1, 0x86, 0x0F, 0xE0, 0x7C,
    0x00, 0x00, 0x04, 0x2D, 0x67, 0xD4, 0x3D, 0xC3, 0xF4, 0x3D, 0xC6, 0xDC, 0x3F, 0x40, 0x04, 0x00,
    0x60, 0x04, 0x00, 0x00, 0x02, 0x2F, 0xE3, 0xFE, 0x3F, 0xE2, 0xFE, 0x3F, 0x60, 0x06, 0x1F, 0xE0,
    0x06, 0x00, 0x60, 0x02, 0x00, 0x00, 0x02, 0x2F, 0xE3, 0xFE, 0x3F, 0xE3, 0xFE, 0x3F, 0x60, 0x06,
    0x1F, 0xE1, 0x86, 0x1F, 0xE0, 0xFE, 0x00, 0x00, 0x02, 0x2F, 0xE3, 0xFE, 0x3F, 0xE3, 0xFE, 0x3F,
    0x60, 0x02, 0x1F, 0xE1, 0xFE, 0x1B, 0x60, 0xFE, 0x00, 0x00, 0x04, 0x2D, 0x63, 0xFC, 0x3F, 0x67,
    0xDC, 0x3F, 0x60, 0x06, 0x02, 0x40, 0x70, 0x1D, 0xE1, 0x06, 0x00, 0x00, 0x04, 0x2D, 0x63, 0xFC,
    0x3F, 0x67, 0xDC, 0x3F, 0x60, 0x04, 0x09, 0x81, 0xDC, 0x37, 0x60, 0x22, 0x00, 0x00, 0x04, 0x2D,
    0x63, 0xFC, 0x3F, 0x47, 0xDC, 0x3F, 0x60, 0x24, 0x1F, 0xC1, 0x86, 0x1F, 0xC0, 0xF8, 0x00, 0x00,
    0x00, 0x15, 0x23, 0xDE, 0x3D, 0xE3, 0x56, 0x3D, 0xE1, 0xFC, 0x02, 0x03, 0xFE, 0x00, 0x00, 0x00,
    0x00, 0x01, 0x74, 0x3F, 0xC3, 0xFC, 0x3F, 0xC1, 0xFC, 0x3F, 0xE3, 0xFE, 0x1F, 0xC0, 0x0C, 0x00,
    0xC0, 0x04, 0x00, 0x00, 0x20, 0x37, 0x43, 0xFC, 0x37, 0x41, 0xFC, 0x06, 0x07, 0xFE, 0x10, 0x01,
    0x00, 0x1F, 0xC1, 0xFC, 0x00, 0x01, 0x74, 0x3F, 0xC3, 0xFC, 0x1F, 0xC0, 0xF8, 0x3F, 0xE1, 0xFC,
    0x1F, 0xC1, 0xFC, 0x1F, 0xC1, 0xFC, 0x00, 0x01, 0x74, 0x3F, 0xC3, 0xFC, 0x3F, 0xC1, 0xFC, 0x3F,
    0xE3, 0xFE, 0x1F, 0xC1, 0x0C, 0x1F, 0xC1, 0xFC, 0x00, 0x01, 0x74, 0x3F, 0xC3, 0xFC, 0x3F, 0xC1,
    0xFC, 0x3F, 0xE3, 0xDE, 0x1A, 0xC1, 0xFC, 0x1E, 0xC1, 0xFC, 0x00, 0x01, 0x74, 0x3F, 0xC3, 0xFC,
    0x3F, 0xC1, 0xFC, 0x3F, 0xE3, 0xFE, 0x0F, 0x81, 0x8C, 0x1F, 0xC0, 0xF8, 0x00, 0x00, 0x04, 0x2D,
    0x63, 0xFC, 0x3F, 0xC3, 0xFC, 0x3F, 0x40, 0x44, 0x3F, 0xC3, 0xF4, 0x00, 0x40, 0x04, 0x00, 0x00,
    0x00, 0x37, 0x63, 0x7E, 0x3F, 0xE3, 0x76, 0x3F, 0xE1, 0xDC, 0x0C, 0x83, 0xFE, 0x3F, 0xE0, 0x00,
    0x00, 0x01, 0x54, 0x3F, 0xC3, 0xFC, 0x3F, 0xC1, 0xDC, 0x3F, 0xE3, 0xFE, 0x0F, 0x81, 0x8C, 0x1F,
    0xC0, 0xF8, 0x00, 0x01, 0x54, 0x3D, 0xC3, 0xDC, 0x37, 0x41, 0xDC, 0x00, 0x03, 0xFE, 0x02, 0x00,
    0x20, 0x02, 0x00, 0x00, 0x00, 0x00, 0x00, 0x3D, 0xC3, 0xDC, 0x3F, 0xC1, 0xDC, 0x3F, 0xE3, 0xFE,
    0x1F, 0xC1, 0xDC, 0x00, 0xC0, 0x04, 0x00, 0x00, 0x00, 0x35, 0x43, 0xDC, 0x37, 0x61, 0xDC, 0x3F,
    0xE3, 0xFE, 0x02, 0x01, 0x00, 0x1F, 0xC1, 0xFC, 0x00, 0x00, 0x54, 0x3D, 0xC3, 0xDC, 0x1D, 0xC3,
    0xFE, 0x3F, 0xE1, 0xFC, 0x1F, 0xC1, 0xFC, 0x1F, 0xC1, 0xFC, 0x00, 0x00, 0x00, 0x3D, 0xC3, 0xDC,
    0x3F, 0xC1, 0xDC, 0x3F, 0xE0, 0x20, 0x1F, 0xC1, 0x0C, 0x1F, 0xC1, 0xFC, 0x00, 0x01, 0x54, 0x3D,
    0xC3, 0xDC, 0x3D, 0xC1, 0xDC, 0x3F, 0xE0, 0x20, 0x02, 0x00, 0x70, 0x1D, 0xC1, 0x04, 0x00, 0x00,
    0x00, 0x3D, 0xC3, 0xDC, 0x3F, 0xC1, 0xDC, 0x3F, 0xE3, 0xFE, 0x0F, 0x81, 0x0C, 0x1F, 0xC0, 0xF8,
    0x00, 0x01, 0x54, 0x3F, 0xC3, 0xFC, 0x37, 0x41, 0xDC, 0x3F, 0xE3, 0xFE, 0x08, 0x80, 0x88, 0x08,
    0x80, 0x00, 0x00, 0x00, 0x00, 0x3F, 0xC3, 0xFC, 0x3F, 0xC1, 0xDC, 0x3F, 0xE0, 0xF8, 0x1F, 0x81,
    0x0C, 0x1F, 0xC0, 0xF8, 0x00, 0x00, 0x00, 0x35, 0x63, 0x76, 0x3F, 0xE3, 0x76, 0x3F, 0xE1, 0xDC,
    0x00, 0x03, 0xFE, 0x00, 0x00, 0x00, 0x00, 0x00, 0x00, 0x37, 0x41, 0xFC, 0x37, 0x61, 0xDC, 0x3F,
    0xE3, 0xFE, 0x10, 0x01, 0x00, 0x1F, 0xC1, 0xFC, 0x00, 0x01, 0x10, 0x1F, 0xE1, 0xFE, 0x1F, 0xC1,
    0xCC, 0x3F, 0xE1, 0xFC, 0x1F, 0xC1, 0xFC, 0x1F, 0xC1, 0xFC, 0x00, 0x00, 0x00, 0x1F, 0xE1, 0xFE,
    0x3F, 0xE1, 0xDC, 0x3F, 0xE3, 0xFE, 0x1F, 0xC1, 0x84, 0x1F, 0xC1, 0xFC, 0x00, 0x01, 0x14, 0x1F,
    0xE1, 0xFE, 0x3F, 0xE1, 0xDC, 0x3F, 0xE3, 0xFE, 0x1A, 0xC1, 0xFC, 0x1B, 0xC1, 0xFC, 0x00, 0x00,
    0x02, 0x2A, 0xE2, 0xFE, 0x3F, 0xE3, 0xBE, 0x3F, 0xE2, 0xEE, 0x3B, 0xE0, 0x06, 0x00, 0x60, 0x02,
    0x00, 0x00, 0x04, 0x2F, 0xE3, 0xFC, 0x3F, 0xC3, 0xFC, 0x3F, 0x60, 0x04, 0x1F, 0xC0, 0x04, 0x00,
    0x40, 0x04, 0x00, 0x00, 0x04, 0x2F, 0xE3, 0xFC, 0x3F, 0xC2, 0xFC, 0x3F, 0xC0, 0x04, 0x18, 0x41,
    0x80, 0x1F, 0xE0, 0xFE, 0x00, 0x00, 0x04, 0x2D, 0xC3, 0xFC, 0x3F, 0xC3, 0xFC, 0x3F, 0xC1, 0xFC,
    0x0F, 0xC1, 0xF8, 0x1F, 0xC1, 0xFC, 0x00, 0x00, 0x04, 0x2F, 0xE3, 0xFC, 0x3F, 0xC3, 0xFC, 0x3F,
    0x40, 0x04, 0x1F, 0xC1, 0x84, 0x1F, 0xC0, 0xFC, 0x00, 0x00, 0x04, 0x2F, 0xE3, 0xFC, 0x3F, 0xC3,
    0xFE, 0x3F, 0x40, 0x04, 0x1F, 0xC1, 0xA4, 0x1B, 0xC0, 0xFC, 0x00, 0x00, 0x04, 0x2D, 0xC3, 0xFC,
    0x3F, 0xC7, 0xFC, 0x3F, 0xC0, 0x2C, 0x02, 0x40, 0x70, 0x1D, 0xC1, 0x04, 0x00, 0x00, 0x04, 0x2F,
    0xE3, 0xFC, 0x3F, 0xC2, 0xFC, 0x3F, 0x60, 0x34, 0x0F, 0xC1, 0x84, 0x1F, 0xC0, 0x78, 0x00, 0x00,
    0x04, 0x08, 0xC0, 0xCC, 0x0C, 0xC0, 0xCE, 0x0C, 0xE1, 0x6C, 0x33, 0xC2, 0x0C, 0x00, 0xC0, 0x0C,
    0x00, 0x00, 0x08, 0x08, 0xC0, 0x8C, 0x18, 0xE3, 0xEC, 0x66, 0xC0, 0x08, 0x1F, 0x80, 0x0C, 0x00,
    0xC0, 0x08, 0x00, 0x00, 0x08, 0x08, 0xC0, 0x8C, 0x1C, 0xE3, 0x68, 0x62, 0xC0, 0x08, 0x3D, 0x80,
    0xD8, 0x0F, 0xC0, 0x64, 0x00, 0x00, 0x04, 0x08, 0xC0, 0x8C, 0x08, 0xE1, 0xCE, 0x36, 0xC2, 0x0C,
    0x10, 0xC1, 0x00, 0x1F, 0xC1, 0xFC, 0x00, 0x00, 0x0C, 0x0C, 0xC0, 0xCE, 0x0C, 0xE3, 0xEC, 0x22,
    0xC0, 0x0C, 0x1F, 0xC1, 0x00, 0x1F, 0xC1, 0xFC, 0x00, 0x00, 0x04, 0x0C, 0xC0, 0xCE, 0x1C, 0xE3,
    0x7C, 0x23, 0xC1, 0xFC, 0x0F, 0xC1, 0xF8, 0x1F, 0xC1, 0xFC, 0x00, 0x00, 0x8C, 0x0C, 0xC0, 0xCE,
    0x1E, 0xC3, 0x34, 0x00, 0xC1, 0xFC, 0x1C, 0xC3, 0xCC, 0x1E, 0xC0, 0x00, 0x00, 0x00, 0x08, 0x08,
    0xC0, 0x8E, 0x1C, 0xE3, 0x6C, 0x62, 0x83, 0xF8, 0x1E, 0xC3, 0xEC, 0x3F, 0xC3, 0xF8, 0x00, 0x00,
    0x04, 0x0C, 0xC0, 0xCE, 0x0C, 0xE1, 0xEC, 0x33, 0x40, 0x0C, 0x1F, 0xC1, 0x04, 0x1F, 0xC1, 0xFC,
    0x00, 0x00, 0x04, 0x0C, 0xC0, 0xCE, 0x0C, 0xE1, 0xEC, 0x33, 0x41, 0x04, 0x1F, 0xC1, 0xAC, 0x1F,
    0xC1, 0xFC, 0x00, 0x00, 0x08, 0x08, 0xC0, 0x8C, 0x18, 0xE1, 0xCC, 0x36, 0xC0, 0x0C, 0x06, 0x00,
    0x70, 0x1D, 0xC1, 0x0C, 0x00, 0x00, 0x08, 0x08, 0xC0, 0x8C, 0x1C, 0xE3, 0x68, 0x62, 0xC0, 0x88,
    0x09, 0x81, 0x98, 0x37, 0x40, 0x20, 0x00, 0x00, 0x04, 0x0C, 0xC0, 0xCC, 0x0C, 0xE1, 0xEC, 0x33,
    0xC2, 0x0C, 0x0F, 0x81, 0x8C, 0x1F, 0xC0, 0xF8, 0x00, 0x00, 0x0C, 0x08, 0xC0, 0x8E, 0x1C, 0xE3,
    0x6C, 0x22, 0xC1, 0xFC, 0x1F, 0x81, 0xF8, 0x1F, 0xC1, 0xFC, 0x00, 0x00, 0x02, 0x0D, 0xE0, 0xDE,
    0x0D, 0xA0, 0xDE, 0x0D, 0xE1, 0xFA, 0x33, 0xE0, 0x1A, 0x01, 0xE0, 0x02, 0x00, 0x00, 0x02, 0x0D,
    0xE0, 0xDE, 0x0D, 0xE1, 0xFE, 0x33, 0xE0, 0x1E, 0x0F, 0xE0, 0x06, 0x00, 0x60, 0x02, 0x00, 0x00,
    0x0A, 0x0D, 0xE0, 0xDA, 0x0D, 0xE1, 0xFE, 0x33, 0xA0, 0x1E, 0x08, 0xA0, 0x80, 0x0F, 0xE0, 0xFE,
    0x00, 0x00, 0x14, 0x09, 0x60, 0x9C, 0x1D, 0xC3, 0x76, 0x23, 0x40, 0xFC, 0x00, 0x61, 0xFC, 0x1F,
    0xE0, 0xFE, 0x00, 0x00, 0x0A, 0x0D, 0xE0, 0xDE, 0x0D, 0xE1, 0xFE, 0x33, 0xE0, 0x1E, 0x0F, 0xE0,
    0x86, 0x0F, 0xE0, 0xFE, 0x00, 0x00, 0x02, 0x0D, 0xE0, 0xDE, 0x0D, 0xE1, 0xFA, 0x33, 0xE0, 0x82,
    0x0F, 0xE0, 0xD6, 0x0F, 0xE0, 0xFE, 0x00, 0x00, 0x96, 0x09, 0x60, 0x9E, 0x1D, 0xE3, 0xF6, 0x23,
    0x60, 0x16, 0x03, 0x00, 0x78, 0x1C, 0xE0, 0x00, 0x00, 0x00, 0x14, 0x09, 0x60, 0x9E, 0x1D, 0xE3,
    0xF6, 0x33, 0x60, 0x0C, 0x0C, 0xC0, 0xDC, 0x17, 0x60, 0x00, 0x00, 0x00, 0x14, 0x09, 0xE0, 0x96,
    0x09, 0xE1, 0xDE, 0x37, 0x60, 0x14, 0x0F, 0xC1, 0x86, 0x0F, 0xC0, 0x78, 0x00, 0x00, 0x08, 0x08,
    0x80, 0x8E, 0x08, 0xE1, 0x88, 0x1C, 0xC3, 0x6E, 0x66, 0xC0, 0x0C, 0x00, 0xC0, 0x08, 0x00, 0x00,
    0x08, 0x08, 0xC0, 0x8E, 0x18, 0xC3, 0xEE, 0x62, 0xC0, 0x08, 0x1F, 0x80, 0x0C, 0x00, 0xC0, 0x08,
    0x00, 0x00, 0x0C, 0x08, 0xC0, 0x8E, 0x18, 0xC1, 0xCE, 0x36, 0xE2, 0x0C, 0x10, 0xC1, 0x00, 0x1F,
    0xC1, 0xFC, 0x00, 0x00, 0x04, 0x0C, 0xE0, 0xCE, 0x1E, 0xE3, 0x36, 0x20, 0xC1, 0xFC, 0x0F, 0xC1,
    0xF8, 0x1F, 0xC1, 0xFC, 0x00, 0x00, 0x04, 0x0C, 0xE0, 0xCE, 0x0C, 0xC1, 0xEE, 0x33, 0x40, 0x0C,
    0x1F, 0xC1, 0x04, 0x1F, 0xC1, 0xFC, 0x00, 0x00, 0x04, 0x0C, 0xE0, 0xCE, 0x0C, 0xE3, 0x6E, 0x23,
    0x41, 0x04, 0x1F, 0xC1, 0xAC, 0x1F, 0xC1, 0xFC, 0x00, 0x00, 0x88, 0x08, 0xC0, 0x8E, 0x1C, 0xC3,
    0x6E, 0x62, 0xC0, 0x2C, 0x06, 0x00, 0xF0, 0x39, 0xC0, 0x00, 0x00, 0x00, 0x08, 0x08, 0xC0, 0x8E,
    0x1C, 0x83, 0xEE, 0x62, 0xC0, 0x08, 0x1F, 0x83, 0x0C, 0x1F, 0x80, 0xF0, 0x00, 0x00, 0x02, 0x0D,
    0xA0, 0xDA, 0x0D, 0xE0, 0xDE, 0x0D, 0xE1, 0xFE, 0x33, 0xA0, 0x1A, 0x01, 0xA0, 0x02, 0x00, 0x00,
    0x02, 0x0D, 0xA0, 0xDE, 0x0D, 0xE1, 0xDE, 0x33, 0xE0, 0x1A, 0x08, 0xE0, 0x80, 0x0F, 0xE0, 0xFE,
    0x00, 0x00, 0x14, 0x09, 0xC0, 0x9C, 0x1D, 0xC3, 0x7C, 0x23, 0x40, 0xFC, 0x00, 0x61, 0xFC, 0x1F,
    0xE0, 0xFE, 0x00, 0x00, 0x02, 0x0D, 0xE0, 0xDE, 0x0D, 0xE1, 0xFE, 0x33, 0xE0, 0x1E, 0x0F, 0xE0,
    0x86, 0x0F, 0xE0, 0xFE, 0x00, 0x00, 0x14, 0x09, 0xE0, 0x9E, 0x09, 0x61, 0xDE, 0x37, 0xE0, 0x14,
    0x0F, 0xC1, 0x86, 0x0F, 0xC0, 0x78, 0x00, 0x00, 0x02, 0x04, 0x60, 0x46, 0x04, 0xE0, 0xDE, 0x0E,
    0x61, 0xB6, 0x31, 0x60, 0x06, 0x00, 0x60, 0x02, 0x00, 0x00, 0x02, 0x04, 0x60, 0x4E, 0x0D, 0xE0,
    0xE6, 0x3B, 0x60, 0x56, 0x0F, 0xE0, 0x06, 0x00, 0x60, 0x02, 0x00, 0x00, 0x06, 0x0C, 0x60, 0xDE,
    0x0C, 0x61, 0xE6, 0x33, 0x60, 0x04, 0x1F, 0xE0, 0x66, 0x06, 0x60, 0x64, 0x00, 0x00, 0xC4, 0x0C,
    0x60, 0xDC, 0x1E, 0x63, 0x36, 0x20, 0x41, 0xEC, 0x06, 0xC0, 0x7C, 0x07, 0x60, 0x00, 0x00, 0x00,
    0x04, 0x0C, 0x60, 0xDC, 0x0D, 0xC1, 0xE6, 0x33, 0x62, 0x06, 0x18, 0x41, 0x80, 0x1F, 0xC0, 0xFE,
    0x00, 0x00, 0x04, 0x0C, 0x60, 0xDE, 0x0C, 0x61, 0xE6, 0x33, 0x60, 0x04, 0x1F, 0xC1, 0x80, 0x1F,
    0xC0, 0xFE, 0x00, 0x00, 0x04, 0x0C, 0x40, 0xDC, 0x1C, 0x43, 0x34, 0x21, 0x40, 0xFC, 0x0F, 0xC1,
    0xFC, 0x1F, 0xC0, 0xFE, 0x00, 0x00, 0x04, 0x0C, 0x60, 0xDE, 0x0C, 0x63, 0x36, 0x31, 0x41, 0xFC,
    0x0F, 0x61, 0xF6, 0x1F, 0xE1, 0xFC, 0x00, 0x00, 0x04, 0x0C, 0x60, 0xDE, 0x1C, 0x63, 0x36, 0x31,
    0x41, 0xF4, 0x0F, 0xE1, 0xD6, 0x1F, 0xE1, 0xFC, 0x00, 0x00, 0x04, 0x0C, 0x60, 0xDE, 0x0C, 0x61,
    0xE6, 0x33, 0x60, 0x04, 0x1F, 0xE1, 0x86, 0x1F, 0xE0, 0xFC, 0x00, 0x00, 0x04, 0x0C, 0x60, 0xDE,
    0x0C, 0x61, 0xE6, 0x33, 0x60, 0x84, 0x1F, 0xE1, 0xA6, 0x1F, 0xE0, 0xFC, 0x00, 0x00, 0x06, 0x0C,
    0x60, 0xDE, 0x0C, 0x61, 0xE6, 0x33, 0x60, 0x06, 0x03, 0x40, 0x78, 0x1C, 0xE1, 0x02, 0x00, 0x00,
    0x04, 0x08, 0xC0, 0xBC, 0x1C, 0xC3, 0x6C, 0x62, 0xC0, 0x88, 0x09, 0x81, 0xD8, 0x37, 0xE2, 0x20,
    0x00, 0x00, 0x04, 0x0C, 0x60, 0xDE, 0x0D, 0xE1, 0xE6, 0x33, 0x62, 0x7E, 0x0F, 0xC1, 0x86, 0x0F,
    0xC0, 0x78, 0x00, 0x00, 0x04, 0x0C, 0x60, 0xDE, 0x0C, 0x61, 0xE6, 0x33, 0x60, 0xFC, 0x0F, 0xC0,
    0x48, 0x1F, 0xC1, 0xFC, 0x00, 0x00, 0x0A, 0x08, 0xA0, 0xCA, 0x0C, 0xA0, 0xFA, 0x0D, 0xA1, 0xEA,
    0x33, 0xA0, 0x0A, 0x00, 0xA0, 0x02, 0x00, 0x00, 0x02, 0x0C, 0xE0, 0xDE, 0x0D, 0xE1, 0xEE, 0x33,
    0xE0, 0x0E, 0x0F, 0xE0, 0x06, 0x00, 0x60, 0x02, 0x00, 0x00, 0x02, 0x0C, 0xE0, 0xDE, 0x0F, 0xE1,
    0xCE, 0x37, 0xE2, 0x1E, 0x08, 0xE0, 0x80, 0x0F, 0xE0, 0xFE, 0x00, 0x00, 0x04, 0x09, 0xE0, 0xBC,
    0x1D, 0xC3, 0x5E, 0x27, 0xC0, 0xFC, 0x00, 0x61, 0xFC, 0x1F, 0xE0, 0xFE, 0x00, 0x00, 0x02, 0x0C,
    0xE0, 0xDE, 0x0D, 0xE1, 0xEE, 0x33, 0xE0, 0x1E, 0x0F, 0xE0, 0x86, 0x0F, 0xE0, 0xFE, 0x00, 0x00,
    0x02, 0x0C, 0xE0, 0xFE, 0x0D, 0xE1, 0xEE, 0x33, 0xE0, 0x82, 0x0F, 0xE0, 0xD6, 0x0F, 0xE0, 0xFE,
    0x00, 0x00, 0x04, 0x09, 0xE0, 0xBC, 0x1B, 0xC1, 0xDC, 0x37, 0xC0, 0x14, 0x03, 0x40, 0x78, 0x1C,
    0xE1, 0x86, 0x00, 0x00, 0x04, 0x09, 0xE0, 0xBC, 0x1B, 0xC1, 0xDC, 0x37, 0xE0, 0x0C, 0x0C, 0x80,
    0xDC, 0x1F, 0x60, 0x22, 0x00, 0x00, 0x12, 0x09, 0xE0, 0xBE, 0x1B, 0xE1, 0xDE, 0x37, 0xE0, 0x1A,
    0x0F, 0xC1, 0x86, 0x0F, 0xE0, 0x78, 0x00, 0x00, 0x02, 0x04, 0x60, 0x4E, 0x05, 0xE0, 0xC6, 0x0F,
    0xE1, 0xB6, 0x33, 0x60, 0x06, 0x00, 0x60, 0x02, 0x00, 0x00, 0x02, 0x04, 0xE0, 0x4E, 0x0C, 0xE1,
    0xFE, 0x33, 0x60, 0x06, 0x0F, 0xE0, 0x06, 0x00, 0x60, 0x02, 0x00, 0x00, 0x04, 0x0C, 0x60, 0xDE,
    0x0C, 0x61, 0xDE, 0x37, 0x62, 0x16, 0x18, 0x61, 0x80, 0x1F, 0xC0, 0xFE, 0x00, 0x00, 0x04, 0x0D,
    0xC0, 0xCC, 0x0D, 0xC3, 0x74, 0x33, 0x40, 0xFC, 0x0F, 0xC1, 0xFC, 0x1F, 0xC0, 0xFE, 0x00, 0x00,
    0x04, 0x0C, 0xE0, 0xDE, 0x0C, 0xE1, 0xFE, 0x33, 0x60, 0x0C, 0x1F, 0xE1, 0x86, 0x1F, 0xE0, 0xFC,
    0x00, 0x00, 0x02, 0x04, 0xE0, 0x4E, 0x0C, 0xE1, 0xFE, 0x33, 0x60, 0x02, 0x0F, 0xE0, 0xFE, 0x0F,
    0x60, 0xFE, 0x00, 0x00, 0x04, 0x0C, 0xE0, 0xDC, 0x0C, 0xE1, 0xFC, 0x33, 0x60, 0x06, 0x03, 0x40,
    0x78, 0x1C, 0xE1, 0x86, 0x00, 0x00, 0x04, 0x09, 0xC0, 0x9C, 0x1D, 0xC3, 0xFC, 0x22, 0xC0, 0x8C,
    0x09, 0x81, 0xD8, 0x37, 0x60, 0x20, 0x00, 0x00, 0x06, 0x0C, 0xE0, 0xDE, 0x0C, 0xE1, 0xFE, 0x33,
    0x60, 0x14, 0x0F, 0xC1, 0x86, 0x0F, 0xC0, 0x78, 0x00, 0x00, 0x02, 0x0C, 0xA0, 0xDA, 0x0F, 0xA0,
    0xCA, 0x0F, 0xA1, 0xEA, 0x33, 0xA0, 0x0A, 0x00, 0xA0, 0x02, 0x00, 0x00, 0x02, 0x09, 0xE0, 0xFE,
    0x0D, 0xE1, 0xFE, 0x37, 0xE3, 0x3E, 0x08, 0xE0, 0x80, 0x0F, 0xE0, 0xFE, 0x00, 0x00, 0x04, 0x0B,
    0xE0, 0xBC, 0x1F, 0xC3, 0xFE, 0x21, 0x40, 0xFC, 0x0F, 0xE1, 0xFC, 0x1F, 0xE0, 0xFE, 0x00, 0x00,
    0x02, 0x09, 0xE0, 0xBE, 0x0B, 0xE1, 0xFE, 0x37, 0xE0, 0x3A, 0x0F, 0xC1, 0x86, 0x0F, 0xE0, 0x78,
    0x00, 0x00, 0x00, 0x02, 0x00, 0x20, 0x07, 0x00, 0xD8, 0x38, 0xE0, 0x20, 0x02, 0x03, 0xFE, 0x3D,
    0xE0, 0x00, 0x00, 0x00, 0x20, 0x02, 0x00, 0x70, 0x1D, 0xC1, 0x24, 0x3F, 0xE3, 0xDE, 0x1F, 0xC0,
    0x0C, 0x00, 0xC0, 0x04, 0x00, 0x00, 0x00, 0x06, 0x00, 0x70, 0x1D, 0xC1, 0x24, 0x3F, 0xE3, 0xFE,
    0x1F, 0xC0, 0x4C, 0x04, 0xC0, 0x44, 0x00, 0x00, 0x00, 0x02, 0x00, 0x70, 0x0D, 0x81, 0xAC, 0x02,
    0x03, 0xFE, 0x10, 0x01, 0x00, 0x1F, 0xC1, 0xFC, 0x00, 0x00, 0x20, 0x07, 0x00, 0xF8, 0x1A, 0xC3,
    0xFE, 0x3F, 0xE1, 0xFC, 0x1F, 0xC1, 0xFC, 0x1F, 0xC1, 0xFC, 0x00, 0x00, 0x20, 0x06, 0x00, 0xF8,
    0x1A, 0xC3, 0xFE, 0x3F, 0xE1, 0xFC, 0x1F, 0x41, 0xF4, 0x3F, 0xC1, 0xFC, 0x00, 0x00, 0x20, 0x02,
    0x00, 0x70, 0x1D, 0xC1, 0x24, 0x3F, 0xE3, 0xFE, 0x1F, 0xC1, 0x04, 0x1F, 0xC1, 0xFC, 0x00, 0x00,
    0x20, 0x02, 0x00, 0xF8, 0x1C, 0xE0, 0x20, 0x3F, 0xE1, 0x04, 0x1F, 0xC1, 0xFC, 0x1B, 0x41, 0xFC,
    0x00, 0x00, 0x20, 0x02, 0x00, 0x70, 0x1D, 0xC1, 0x24, 0x3F, 0xE3, 0xFE, 0x02, 0x00, 0x70, 0x1D,
    0xC1, 0x04, 0x00, 0x00, 0x20, 0x02, 0x00, 0x70, 0x1D, 0xC1, 0x24, 0x3F, 0xE3, 0xFE, 0x0F, 0xC1,
    0x84, 0x1F, 0xC0, 0xF8, 0x00, 0x00, 0x20, 0x02, 0x00, 0xF0, 0x1D, 0xC1, 0x24, 0x3F, 0xE1, 0xFC,
    0x1F, 0xC1, 0xFC, 0x1F, 0xC1, 0xFC, 0x00, 0x00, 0x08, 0x08, 0xC0, 0x8C, 0x1C, 0x83, 0x6E, 0x2A,
    0xE0, 0x88, 0x7F, 0xC3, 0xEC, 0x00, 0xC0, 0x08, 0x00, 0x00, 0x08, 0x08, 0xC1, 0xCC, 0x36, 0xE2,
    0x8C, 0x3F, 0xC3, 0xCC, 0x1F, 0x80, 0x0C, 0x00, 0xC0, 0x08, 0x00, 0x00, 0x04, 0x0C, 0xC0, 0xCC,
    0x1F, 0xE3, 0x2E, 0x0D, 0xC3, 0xFC, 0x10, 0xC1, 0x00, 0x1F, 0xC1, 0xFC, 0x00, 0x00, 0x08, 0x08,
    0xC1, 0xCC, 0x36, 0xE2, 0xAC, 0x7E, 0xC1, 0xF8, 0x1F, 0xC1, 0xF8, 0x3F, 0xC1, 0xFC, 0x00, 0x00,
    0x08, 0x08, 0xC1, 0xC8, 0x36, 0xE2, 0x8C, 0x3F, 0xC3, 0xE8, 0x1F, 0x83, 0x0C, 0x1F, 0x80, 0xF0,
    0x00, 0x00, 0x12, 0x09, 0xE0, 0x9E, 0x1D, 0x23, 0x7E, 0x2B, 0xE0, 0x92, 0x3F, 0xE3, 0x5E, 0x01,
    0xE0, 0x02, 0x00, 0x00, 0x04, 0x09, 0xE1, 0xDE, 0x3F, 0xE2, 0x9E, 0x3F, 0xE3, 0x5E, 0x09, 0xE1,
    0x80, 0x1F, 0xE0, 0xFE, 0x00, 0x00, 0x12, 0x09, 0xE1, 0xDE, 0x37, 0xE2, 0xDE, 0x3F, 0x20, 0xFE,
    0x0F, 0xE1, 0xFE, 0x1F, 0xE0, 0xFE, 0x00, 0x00, 0x12, 0x09, 0xE0, 0xDE, 0x3F, 0xE2, 0x9E, 0x3F,
    0xE3, 0xDE, 0x0F, 0xE1, 0x86, 0x1F, 0xE0, 0xFE, 0x00, 0x00, 0x14, 0x09, 0xE1, 0xDE, 0x37, 0xE2,
    0x9E, 0x3F, 0xE3, 0xD6, 0x03, 0x40, 0x78, 0x1C, 0xC1, 0x86, 0x00, 0x00, 0x14, 0x09, 0xE1, 0xDE,
    0x3F, 0xE2, 0x9E, 0x3F, 0xE3, 0xD4, 0x0C, 0x80, 0xDC, 0x1F, 0x60, 0x20, 0x00, 0x00, 0x02, 0x04,
    0x60, 0x46, 0x0E, 0x61, 0xB6, 0x15, 0x60, 0x46, 0x3F, 0xE1, 0x86, 0x00, 0x60, 0x02, 0x00, 0x00,
    0x04, 0x0C, 0x40, 0xC4, 0x1F, 0x41, 0x54, 0x0F, 0x43, 0xF4, 0x08, 0x41, 0x80, 0x1F, 0xC0, 0xFE,
    0x00, 0x00, 0x44, 0x0C, 0x40, 0xE4, 0x1F, 0x41, 0xF4, 0x3F, 0x40, 0xFC, 0x0F, 0xC1, 0xFC, 0x1F,
    0xE0, 0xFE, 0x00, 0x00, 0x02, 0x06, 0x60, 0x66, 0x1B, 0x61, 0x46, 0x1F, 0xE1, 0xF6, 0x0F, 0xE0,
    0x86, 0x0F, 0xE0, 0xFE, 0x00, 0x00, 0x02, 0x06, 0x60, 0xE6, 0x1B, 0x60, 0x66, 0x3F, 0xE0, 0x02,
    0x0F, 0xE0, 0xFE, 0x0D, 0x60, 0xFE, 0x00, 0x00, 0x04, 0x0C, 0x40, 0xE4, 0x3B, 0x42, 0xC4, 0x3F,
    0x43, 0xE4, 0x02, 0x40, 0x70, 0x1D, 0xC1, 0x04, 0x00, 0x00, 0x00, 0x02, 0x00, 0x60, 0x06, 0x00,
    0xD8, 0x38, 0xC0, 0x90, 0x09, 0x83, 0xFE, 0x3F, 0xE0, 0x00, 0x00, 0x00, 0x20, 0x06, 0x00, 0xF0,
    0x39, 0xC0, 0x98, 0x3F, 0xE3, 0x66, 0x3F, 0xC0, 0x0C, 0x00, 0xC0, 0x04, 0x00, 0x00, 0x00, 0x06,
    0x00, 0x70, 0x1D, 0xC3, 0x9C, 0x0D, 0x87, 0xFE, 0x10, 0x03, 0x00, 0x3F, 0xC1, 0xFC, 0x00, 0x00,
    0x20, 0x06, 0x00, 0xF8, 0x39, 0xC2, 0xFC, 0x7F, 0xE1, 0xFC, 0x1F, 0xC1, 0xFC, 0x3F, 0xC1, 0xFC,
    0x00, 0x00, 0x20, 0x06, 0x00, 0xF0, 0x39, 0xC0, 0x98, 0x7F, 0xE3, 0xFC, 0x1F, 0xC3, 0x04, 0x3F,
    0xC1, 0xFC, 0x00, 0x00, 0x00, 0x06, 0x00, 0xF0, 0x39, 0xC0, 0x98, 0x7F, 0xE3, 0x04, 0x1F, 0xC3,
    0xFC, 0x36, 0xC1, 0xFC, 0x00, 0x00, 0x20, 0x06, 0x00, 0xF0, 0x39, 0xC0, 0x98, 0x3F, 0xE3, 0xFE,
    0x06, 0x00, 0x70, 0x1D, 0xC1, 0x04, 0x00, 0x00, 0x20, 0x06, 0x00, 0xF0, 0x39, 0xC0, 0x98, 0x7F,
    0xE3, 0xF6, 0x1F, 0x83, 0x0C, 0x1F, 0xC0, 0xF8, 0x00, 0x00, 0x20, 0x02, 0x00, 0x70, 0x1D, 0xC3,
    0x8C, 0x00, 0x03, 0xFE, 0x02, 0x00, 0x20, 0x02, 0x00, 0x20, 0x00, 0x00, 0x20, 0x06, 0x00, 0xF8,
    0x19, 0xC1, 0x04, 0x3F, 0xE0, 0x20, 0x1F, 0xC0, 0x0C, 0x00, 0xC0, 0x04, 0x00, 0x00, 0x20, 0x02,
    0x00, 0x70, 0x1D, 0xC1, 0x04, 0x3F, 0xE3, 0xFE, 0x12, 0x01, 0x00, 0x1F, 0xC1, 0xFC, 0x00, 0x00,
    0x20, 0x02, 0x00, 0xF8, 0x1D, 0xC1, 0x04, 0x3F, 0xE0, 0x60, 0x1F, 0xC1, 0x00, 0x1F, 0xC1, 0xFC,
    0x00, 0x00, 0x20, 0x07, 0x00, 0xF8, 0x18, 0xC3, 0xFE, 0x3F, 0xE1, 0xFC, 0x1F, 0xC1, 0xFC, 0x1F,
    0xC1, 0xFC, 0x00, 0x00, 0x20, 0x02, 0x00, 0x70, 0x1D, 0xC1, 0x04, 0x3F, 0xE0, 0x60, 0x1F, 0xC1,
    0x04, 0x1F, 0xC1, 0xFC, 0x00, 0x00, 0x20, 0x02, 0x00, 0x70, 0x1D, 0xC1, 0x06, 0x3F, 0xE1, 0x24,
    0x1F, 0xC1, 0xFC, 0x1B, 0x41, 0xFC, 0x00, 0x00, 0x20, 0x02, 0x00, 0x70, 0x1D, 0xC1, 0x04, 0x3F,
    0xE0, 0x20, 0x02, 0x00, 0x70, 0x1D, 0xC1, 0x8C, 0x00, 0x00, 0x20, 0x02, 0x00, 0x70, 0x1D, 0xC1,
    0x06, 0x3F, 0xE0, 0x70, 0x0F, 0xC1, 0x84, 0x1F, 0xC0, 0xF8, 0x00, 0x00, 0x20, 0x07, 0x01, 0xDC,
    0x30, 0xC3, 0xFE, 0x02, 0x00, 0x20, 0x1F, 0xC0, 0x70, 0x1D, 0xC0, 0x00, 0x00, 0x00, 0x20, 0x06,
    0x00, 0xF8, 0x18, 0xC3, 0xFE, 0x3F, 0xE1, 0xFC, 0x1F, 0xC1, 0xFC, 0x1F, 0xC1, 0xFC, 0x00, 0x00,
    0x20, 0x02, 0x00, 0x70, 0x1D, 0xE1, 0x06, 0x3F, 0xE0, 0x20, 0x1F, 0xC0, 0xC8, 0x1F, 0xC1, 0xFC,
    0x00, 0x00, 0x04, 0x0C, 0x60, 0xC6, 0x1F, 0x63, 0x16, 0x3F, 0xE3, 0xF6, 0x0D, 0xE0, 0xC6, 0x0C,
    0x60, 0x04, 0x00, 0x00, 0x44, 0x0C, 0x41, 0xE4, 0x33, 0x43, 0xF4, 0x0D, 0xC0, 0xCC, 0x0C, 0x80,
    0xDC, 0x1F, 0x60, 0x20, 0x00, 0x00, 0x0A, 0x09, 0xE0, 0xDE, 0x1E, 0xE3, 0x2E, 0x3F, 0xE3, 0xFE,
    0x0B, 0xE0, 0x8E, 0x08, 0xE0, 0x02, 0x00, 0x00, 0x02, 0x09, 0xE1, 0xCE, 0x37, 0xE3, 0xFE, 0x3F,
    0xE0, 0x9E, 0x0F, 0xE0, 0xFE, 0x00, 0x60, 0x06, 0x00, 0x00, 0x02, 0x09, 0xE1, 0xDE, 0x36, 0xE3,
    0x7E, 0x3F, 0xE0, 0xBE, 0x08, 0xE1, 0x80, 0x1F, 0xE0, 0xFE, 0x00, 0x00, 0x02, 0x0D, 0xE1, 0xEE,
    0x33, 0xE3, 0xFE, 0x0B, 0xE0, 0xFE, 0x0F, 0xE1, 0xFE, 0x1F, 0xE0, 0xFE, 0x00, 0x00, 0x02, 0x09,
    0xE1, 0xCE, 0x37, 0xE3, 0xFE, 0x3F, 0xE0, 0xBA, 0x0F, 0xE1, 0x86, 0x1F, 0xE0, 0xFE, 0x00, 0x00,
    0x02, 0x0C, 0xE1, 0xEE, 0x32, 0xE3, 0xFE, 0x3F, 0xE0, 0x9E, 0x0F, 0xC1, 0x86, 0x0F, 0xE0, 0x7C,
    0x00, 0x00, 0x02, 0x04, 0x60, 0xE6, 0x1F, 0x61, 0x16, 0x3F, 0xE3, 0xF6, 0x04, 0x60, 0x46, 0x04,
    0x60, 0x02, 0x00, 0x00, 0x02, 0x06, 0x60, 0x66, 0x1D, 0xE1, 0x9E, 0x1F, 0xE0, 0x62, 0x0F, 0xE0,
    0x16, 0x00, 0x60, 0x02, 0x00, 0x00, 0x02, 0x04, 0x60, 0xE6, 0x1B, 0x61, 0x16, 0x3F, 0xE1, 0x46,
    0x0C, 0x61, 0x80, 0x1F, 0xE0, 0xFE, 0x00, 0x00, 0x44, 0x04, 0x40, 0xF4, 0x19, 0x43, 0xFC, 0x3E,
    0x40, 0xFC, 0x0F, 0xC1, 0xFC, 0x1F, 0xE0, 0xFE, 0x00, 0x00, 0x02, 0x06, 0x60, 0x66, 0x1F, 0x61,
    0x9E, 0x3F, 0xE0, 0x66, 0x0F, 0xE0, 0x86, 0x0F, 0xE0, 0xFE, 0x00, 0x00, 0x02, 0x06, 0x60, 0xF6,
    0x19, 0xE1, 0xBE, 0x1F, 0xE0, 0x60, 0x0F, 0xE0, 0xFE, 0x0F, 0x60, 0xFE, 0x00, 0x00, 0x04, 0x0C,
    0x40, 0xE4, 0x1B, 0x41, 0x14, 0x3F, 0x40, 0xC4, 0x0B, 0x40, 0x38, 0x1E, 0xE1, 0x86, 0x00, 0x00,
    0x04, 0x04, 0x40, 0xE4, 0x1B, 0x41, 0x14, 0x3F, 0xC0, 0x64, 0x0F, 0xC1, 0x84, 0x0F, 0xC0, 0x78,
    0x00, 0x00, 0x00, 0x06, 0x00, 0x70, 0x0D, 0x83, 0x8E, 0x00, 0x03, 0xFE, 0x09, 0x80, 0x88, 0x09,
    0x80, 0x88, 0x00, 0x00, 0x20, 0x06, 0x00, 0xF0, 0x1D, 0xC3, 0x04, 0x3F, 0xE0, 0x98, 0x1F, 0xC0,
    0x0C, 0x00, 0xC0, 0x04, 0x00, 0x00, 0x20, 0x06, 0x00, 0xF8, 0x38, 0xC3, 0xFE, 0x3F, 0xE1, 0xFC,
    0x1F, 0xC1, 0xFC, 0x3F, 0xC1, 0xFC, 0x00, 0x00, 0x20, 0x06, 0x00, 0xF0, 0x39, 0xC3, 0x04, 0x7F,
    0xE1, 0xF8, 0x3F, 0xC3, 0x0C, 0x3F, 0xC1, 0xFC, 0x00, 0x00, 0x20, 0x06, 0x00, 0xF0, 0x39, 0xC3,
    0x04, 0x7F, 0xE1, 0x98, 0x1E, 0x80, 0x70, 0x1D, 0xC3, 0x0C, 0x00, 0x00, 0x20, 0x03, 0x00, 0x78,
    0x1C, 0xC1, 0x04, 0x3F, 0xE0, 0xD8, 0x1F, 0xC1, 0x84, 0x1F, 0xC0, 0xF8, 0x00, 0x00, 0x00, 0x02,
    0x00, 0x20, 0x07, 0x00, 0xF0, 0x19, 0xC3, 0x06, 0x00, 0x03, 0xFE, 0x3F, 0xE0, 0x00, 0x00, 0x00,
    0x20, 0x02, 0x00, 0x70, 0x1D, 0xC1, 0x04, 0x3F, 0xE3, 0xFE, 0x1F, 0xC0, 0x0C, 0x00, 0x40, 0x04,
    0x00, 0x00, 0x20, 0x02, 0x00, 0x70, 0x1D, 0xC1, 0x0C, 0x3F, 0xE3, 0xFE, 0x10, 0x01, 0x00, 0x1F,
    0xC1, 0xFC, 0x00, 0x00, 0x20, 0x02, 0x00, 0xF8, 0x18, 0xC3, 0xFE, 0x3F, 0xE1, 0xFC, 0x1F, 0xC1,
    0xFC, 0x1F, 0xC1, 0xFC, 0x00, 0x00, 0x20, 0x07, 0x01, 0xDC, 0x10, 0x43, 0xFE, 0x19, 0x81, 0xFC,
    0x1E, 0x41, 0xC4, 0x1E, 0x40, 0x00, 0x00, 0x00, 0x20, 0x02, 0x00, 0x70, 0x1D, 0xC1, 0x04, 0x3F,
    0xE0, 0x00, 0x1F, 0xC1, 0x04, 0x1F, 0xC1, 0xFC, 0x00, 0x00, 0x20, 0x02, 0x00, 0x70, 0x1D, 0xC1,
    0x04, 0x3F, 0xE1, 0x04, 0x1F, 0xC1, 0x8C, 0x1F, 0xC1, 0xFC, 0x00, 0x00, 0x20, 0x02, 0x00, 0x70,
    0x1D, 0xC1, 0x04, 0x3F, 0xE0, 0x20, 0x02, 0x00, 0x70, 0x1D, 0xC1, 0x04, 0x00, 0x00, 0x20, 0x02,
    0x00, 0x70, 0x1D, 0xC1, 0x04, 0x3F, 0xE0, 0x70, 0x1F, 0xC1, 0x04, 0x1F, 0xC0, 0xF8, 0x00, 0x00,
    0x02, 0x04, 0x60, 0x46, 0x04, 0x60, 0xC6, 0x0E, 0x61, 0xB6, 0x31, 0x60, 0x06, 0x00, 0x60, 0x02,
    0x00, 0x00, 0x02, 0x04, 0x60, 0x46, 0x0E, 0x61, 0xB6, 0x31, 0x60, 0x06, 0x0F, 0xE0, 0x06, 0x00,
    0x60, 0x02, 0x00, 0x00, 0x04, 0x0C, 0x40, 0xC4, 0x0C, 0x41, 0xE4, 0x33, 0x42, 0x04, 0x18, 0x41,
    0x80, 0x1F, 0xC0, 0xFE, 0x00, 0x00, 0x04, 0x0C, 0x40, 0xC4, 0x0C, 0x41, 0xF4, 0x31, 0x40, 0x04,
    0x1F, 0xC1, 0x80, 0x1F, 0xC0, 0xFE, 0x00, 0x00, 0x04, 0x0C, 0x40, 0xC4, 0x1E, 0x43, 0x34, 0x21,
    0x40, 0xFC, 0x0F, 0xC1, 0xFC, 0x1F, 0xC0, 0xFE, 0x00, 0x00, 0xC4, 0x0C, 0x40, 0xC4, 0x1F, 0x43,
    0x34, 0x1C, 0xC0, 0xFE, 0x1D, 0xC1, 0x96, 0x1F, 0xC0, 0x00, 0x00, 0x00, 0x02, 0x04, 0x60, 0x46,
    0x0E, 0x61, 0xB6, 0x31, 0x60, 0x04, 0x0F, 0xE0, 0x86, 0x0F, 0xE0, 0xFE, 0x00, 0x00, 0x02, 0x04,
    0x60, 0x46, 0x0E, 0x61, 0xB6, 0x11, 0x60, 0x82, 0x0F, 0xE0, 0xD6, 0x0F, 0xE0, 0xFE, 0x00, 0x00,
    0x04, 0x0C, 0x40, 0xC4, 0x0C, 0x41, 0xE4, 0x33, 0x40, 0x04, 0x03, 0x00, 0x78, 0x1C, 0xE1, 0x04,
    0x00, 0x00, 0x04, 0x0C, 0x40, 0xC4, 0x0C, 0x41, 0xF4, 0x31, 0x40, 0x7C, 0x0F, 0xC1, 0x86, 0x0F,
    0xC0, 0x78, 0x00, 0x00, 0x04, 0x0C, 0x40, 0xC4, 0x0C, 0x43, 0x74, 0x21, 0x40, 0xFC, 0x0F, 0xC0,
    0x48, 0x1F, 0xC1, 0xFC, 0x00, 0x00, 0x04, 0x12, 0xC1, 0x6C, 0x16, 0xC1, 0x6E, 0x36, 0xE3, 0xFC,
    0x6D, 0xC0, 0x0C, 0x00, 0xC0, 0x04, 0x00, 0x00, 0x04, 0x16, 0xC1, 0x6C, 0x16, 0x63, 0xFC, 0x2D,
    0xC0, 0x8C, 0x1F, 0xC0, 0x0C, 0x00, 0xC0, 0x04, 0x00, 0x01, 0xA4, 0x1A, 0x41, 0xA7, 0x3F, 0x62,
    0xDC, 0x00, 0x41, 0xC8, 0x04, 0x80, 0x5C, 0x07, 0x60, 0x00, 0x00, 0x00, 0x04, 0x12, 0xC1, 0x6C,
    0x16, 0xE3, 0xF6, 0x2D, 0xC0, 0x0C, 0x10, 0xC1, 0x00, 0x1F, 0xC1, 0xFC, 0x00, 0x00, 0x04, 0x12,
    0xC1, 0xA6, 0x3B, 0x62, 0xFC, 0x04, 0xC1, 0xFC, 0x0F, 0xC1, 0xF8, 0x1F, 0xC1, 0xFC, 0x00, 0x00,
    0x04, 0x12, 0xC1, 0x6E, 0x1E, 0x63, 0xFC, 0x2D, 0xC0, 0x0C, 0x1F, 0xC1, 0x04, 0x1F, 0xC1, 0xFC,
    0x00, 0x00, 0x04, 0x16, 0xC1, 0x6E, 0x1E, 0x63, 0xFC, 0x2D, 0xC1, 0x04, 0x1F, 0xC1, 0xAC, 0x1F,
    0xC1, 0xFC, 0x00, 0x00, 0x04, 0x16, 0xC1, 0x6E, 0x36, 0x63, 0xFC, 0x6D, 0xC0, 0x08, 0x09, 0x81,
    0xDC, 0x37, 0x60, 0x20, 0x00, 0x00, 0x04, 0x12, 0xC1, 0xAC, 0x1B, 0x63, 0xFC, 0x2D, 0xC0, 0x7C,
    0x1F, 0xC1, 0x8C, 0x1F, 0xC0, 0xF8, 0x00, 0x00, 0x0C, 0x16, 0xC1, 0x6E, 0x3E, 0xE6, 0xDC, 0x02,
    0xC1, 0xFC, 0x0F, 0x81, 0xD8, 0x1D, 0x80, 0xF0, 0x00, 0x00, 0x0A, 0x12, 0xA1, 0xAA, 0x1A, 0xA1,
    0xAE, 0x1E, 0xE3, 0xFA, 0x2D, 0xA0, 0x0A, 0x00, 0xA0, 0x02, 0x00, 0x00, 0x0A, 0x1A, 0xA1, 0xAE,
    0x1E, 0xE3, 0xFA, 0x2D, 0xA0, 0x0E, 0x0F, 0xE0, 0x02, 0x00, 0x20, 0x02, 0x00, 0x00, 0x02, 0x14,
    0xE1, 0x6E, 0x16, 0xE3, 0xEE, 0x3F, 0xE0, 0x1E, 0x18, 0xE1, 0x80, 0x1F, 0xE0, 0x00, 0x00, 0x00,
    0x02, 0x15, 0xE1, 0x7E, 0x37, 0xE3, 0xFE, 0x2B, 0xE0, 0xFE, 0x0F, 0xE1, 0xFC, 0x1F, 0xE0, 0xFE,
    0x00, 0x00, 0x0A, 0x1A, 0xA1, 0xAE, 0x1E, 0xE3, 0xFA, 0x2D, 0xA0, 0x0E, 0x0F, 0xE0, 0x82, 0x0F,
    0xE0, 0xFE, 0x00, 0x00, 0x0A, 0x1A, 0xA1, 0xAE, 0x1E, 0xE3, 0xFA, 0x2D, 0xA0, 0x82, 0x0F, 0xE0,
    0xC6, 0x0F, 0xE0, 0xFE, 0x00, 0x00, 0x0E, 0x16, 0xE1, 0x6E, 0x36, 0xE3, 0xFE, 0x29, 0xE0, 0x08,
    0x0C, 0xC0, 0xDC, 0x17, 0x60, 0x20, 0x00, 0x00, 0x0A, 0x1A, 0xA1, 0xAE, 0x1E, 0xE3, 0xFA, 0x2D,
    0xA0, 0x0A, 0x0F, 0xE0, 0x82, 0x0F, 0xE0, 0x7C, 0x00, 0x00, 0x04, 0x12, 0xC1, 0xAE, 0x1B, 0xC3,
    0xFE, 0x2D, 0xC0, 0x7C, 0x1F, 0xC1, 0x8C, 0x1F, 0xC0, 0xF8, 0x00, 0x00, 0x02, 0x1A, 0x61, 0xB6,
    0x1B, 0x61, 0xBE, 0x1B, 0x63, 0xF6, 0x2D, 0xE0, 0x06, 0x00, 0x60, 0x02, 0x00, 0x00, 0x02, 0x1A,
    0x61, 0xBE, 0x1B, 0xE3, 0xF6, 0x25, 0xE0, 0x06, 0x1F, 0xE0, 0x06, 0x00, 0x60, 0x02, 0x00, 0x00,
    0x02, 0x1A, 0x61, 0xB6, 0x1B, 0xE1, 0xF6, 0x3D, 0xE0, 0x46, 0x18, 0x61, 0x80, 0x1F, 0xE0, 0xFE,
    0x00, 0x00, 0x02, 0x1A, 0x61, 0xBE, 0x1F, 0x63, 0xDE, 0x00, 0x60, 0xFE, 0x0F, 0xE1, 0xFC, 0x1F,
    0xE0, 0xFE, 0x00, 0x00, 0x06, 0x1A, 0x61, 0xAE, 0x1B, 0x63, 0xDE, 0x00, 0x61, 0xFE, 0x1F, 0x61,
    0xF6, 0x1F, 0xE1, 0xFE, 0x00, 0x00, 0x02, 0x1A, 0x61, 0xBE, 0x1B, 0xE3, 0xF6, 0x25, 0xE0, 0x06,
    0x1F, 0xE1, 0x86, 0x1F, 0xE0, 0xFE, 0x00, 0x00, 0x06, 0x1B, 0x61, 0xBE, 0x1B, 0x63, 0xFE, 0x24,
    0xE0, 0x82, 0x1F, 0xE1, 0x96, 0x1F, 0xE0, 0xFE, 0x00, 0x00, 0x04, 0x16, 0x41, 0x6C, 0x36, 0xC3,
    0xF4, 0x6D, 0x40, 0x04, 0x09, 0x81, 0xD8, 0x3F, 0xE2, 0x22, 0x00, 0x00, 0x06, 0x1A, 0x61, 0xBE,
    0x1B, 0xE3, 0xF6, 0x24, 0xE0, 0x7E, 0x0F, 0xC1, 0x86, 0x0F, 0xE0, 0x78, 0x00, 0x00, 0x0A, 0x1A,
    0xE1, 0xAE, 0x1B, 0xA1, 0xBA, 0x1E, 0xE3, 0xFE, 0x25, 0xA0, 0x0E, 0x00, 0xA0, 0x02, 0x00, 0x00,
    0x02, 0x14, 0xE1, 0x7E, 0x17, 0xE3, 0xEE, 0x3F, 0xE0, 0x1E, 0x18, 0xE1, 0x80, 0x1F, 0xE0, 0xFE,
    0x00, 0x00, 0x02, 0x14, 0xE1, 0x7E, 0x37, 0xE3, 0xFE, 0x09, 0xE0, 0xFE, 0x0F, 0xE1, 0xFC, 0x1F,
    0xE0, 0xFE, 0x00, 0x00, 0x02, 0x15, 0xE1, 0x7E, 0x17, 0xE3, 0x7E, 0x3F, 0xE0, 0x9E, 0x18, 0xE1,
    0x80, 0x1F, 0xE0, 0xFE, 0x00, 0x00, 0x00, 0x08, 0x80, 0x88, 0x08, 0x81, 0xDC, 0x37, 0x60, 0x20,
    0x02, 0x03, 0xFE, 0x3F, 0xE0, 0x00, 0x00, 0x00, 0x80, 0x09, 0x81, 0xD8, 0x37, 0xE0, 0x20, 0x3F,
    0xE3, 0xDE, 0x1F, 0xC0, 0x0C, 0x00, 0xC0, 0x04, 0x00, 0x00, 0x88, 0x08, 0x81, 0xDC, 0x37, 0x60,
    0x20, 0x3F, 0xE3, 0xDE, 0x10, 0x01, 0x00, 0x1F, 0xC0, 0x00, 0x00, 0x00, 0x88, 0x08, 0x81, 0xDC,
    0x37, 0x60, 0x20, 0x3F, 0xE3, 0xFE, 0x1F, 0xC1, 0x00, 0x1F, 0xC1, 0xFC, 0x00, 0x00, 0x88, 0x08,
    0x81, 0xDC, 0x37, 0x60, 0x20, 0x3F, 0xE1, 0xFC, 0x1F, 0xC1, 0xFC, 0x1F, 0xC1, 0xFC, 0x00, 0x00,
    0x80, 0x09, 0x81, 0xDC, 0x36, 0x60, 0x60, 0x3F, 0xE1, 0xFC, 0x1F, 0x41, 0xF4, 0x3F, 0xC1, 0xFC,
    0x00, 0x00, 0x00, 0x08, 0x81, 0xDC, 0x37, 0x60, 0x20, 0x3F, 0xE1, 0xFC, 0x1F, 0xC1, 0x04, 0x1F,
    0xC1, 0xFC, 0x00, 0x00, 0x88, 0x08, 0x81, 0xFC, 0x37, 0x60, 0x20, 0x3F, 0xE1, 0x04, 0x1F, 0xC1,
    0x84, 0x1F, 0xC0, 0x00, 0x00, 0x00, 0x80, 0x08, 0x81, 0xDC, 0x37, 0x60, 0x20, 0x3F, 0xE2, 0xFA,
    0x0F, 0xC1, 0x84, 0x1F, 0xC0, 0xF8, 0x00, 0x00, 0x04, 0x16, 0xC1, 0x6C, 0x36, 0xC3, 0xFE, 0x69,
    0xE0, 0x8C, 0x7F, 0xC3, 0x0C, 0x00, 0xC0, 0x04, 0x00, 0x00, 0x04, 0x1A, 0xC1, 0xB4, 0x3F, 0xE0,
    0xCC, 0x3F, 0xC3, 0x04, 0x1F, 0xC0, 0x0C, 0x00, 0xC0, 0x04, 0x00, 0x00, 0x04, 0x12, 0xC1, 0xEC,
    0x3F, 0x62, 0xDE, 0x0D, 0xC3, 0xFC, 0x10, 0x41, 0x00, 0x1F, 0xC1, 0xFC, 0x00, 0x01, 0xA4, 0x1A,
    0x41, 0xF6, 0x2D, 0xE0, 0xDC, 0x3F, 0xC0, 0x88, 0x0C, 0x81, 0xDC, 0x37, 0x60, 0x00, 0x00, 0x00,
    0x0A, 0x1A, 0xA1, 0xAA, 0x1E, 0xA3, 0xFE, 0x2D, 0xE0, 0xCA, 0x3F, 0xA1, 0x0A, 0x00, 0xA0, 0x02,
    0x00, 0x00, 0x14, 0x35, 0xC3, 0xDC, 0x7F, 0xC0, 0x9C, 0x7F, 0xC3, 0xD4, 0x08, 0x81, 0xD8, 0x37,
    0x60, 0x20, 0x00, 0x00, 0x02, 0x0B, 0x60, 0xB6, 0x1B, 0x61, 0xFE, 0x34, 0xE0, 0x46, 0x1F, 0xE3,
    0xFE, 0x00, 0x60, 0x02, 0x00, 0x00, 0x04, 0x1B, 0x41, 0xB4, 0x1F, 0x43, 0x54, 0x0F, 0x43, 0xF4,
    0x08, 0x41, 0x80, 0x1F, 0xE0, 0xFE, 0x00, 0x00, 0x04, 0x1B, 0x41, 0xF4, 0x25, 0x43, 0xFC, 0x3F,
    0x40, 0xFC, 0x0F, 0xC1, 0xFC, 0x1F, 0xE0, 0xFE, 0x00, 0x00, 0x02, 0x0B, 0x60, 0xF6, 0x1F, 0xE1,
    0x6E, 0x1F, 0xE1, 0xF6, 0x0F, 0xE0, 0x86, 0x0F, 0xE0, 0xFE, 0x00, 0x00, 0x02, 0x0B, 0x60, 0xF6,
    0x1F, 0xE0, 0x66, 0x3F, 0xE0, 0x02, 0x0F, 0xE0, 0xFE, 0x0F, 0xE0, 0xFE, 0x00, 0x00, 0x00, 0x08,
    0x80, 0x88, 0x08, 0x81, 0xDC, 0x37, 0x60, 0xB0, 0x09, 0x83, 0xFC, 0x3F, 0xE0, 0x00, 0x00, 0x00,
    0x80, 0x09, 0x81, 0x98, 0x1F, 0xC3, 0x66, 0x00, 0x03, 0xFE, 0x02, 0x00, 0x20, 0x02, 0x00, 0x20,
    0x00, 0x00, 0x88, 0x09, 0x81, 0xD8, 0x37, 0x62, 0x20, 0x3F, 0xE0, 0x20, 0x1F, 0xC1, 0xDC, 0x00,
    0xC0, 0x04, 0x00, 0x00, 0x00, 0x08, 0x80, 0x88, 0x1F, 0xC3, 0x76, 0x3F, 0xE3, 0xFE, 0x12, 0x01,
    0x00, 0x1F, 0xC1, 0xFC, 0x00, 0x00, 0x88, 0x08, 0x81, 0xDC, 0x37, 0x63, 0xFE, 0x3F, 0xE1, 0xFC,
    0x1F, 0xC1, 0xFC, 0x1F, 0xC1, 0xFC, 0x00, 0x00, 0x88, 0x08, 0x81, 0xDC, 0x37, 0x62, 0x22, 0x3F,
    0xE0, 0x60, 0x1F, 0xC1, 0x04, 0x1F, 0xC1, 0xFC, 0x00, 0x00, 0x00, 0x08, 0x81, 0xDC, 0x3F, 0xE2,
    0x22, 0x3F, 0xE1, 0x20, 0x1F, 0xC1, 0xFC, 0x1B, 0xC1, 0xFC, 0x00, 0x00, 0x88, 0x08, 0x81, 0xDC,
    0x37, 0x62, 0x22, 0x3F, 0xE0, 0x60, 0x0F, 0xC1, 0x84, 0x1F, 0xC0, 0xF8, 0x00, 0x00, 0x04, 0x1B,
    0x61, 0xB6, 0x3F, 0x62, 0xD6, 0x3F, 0xE3, 0xF6, 0x0D, 0xE0, 0xC6, 0x0C, 0x60, 0x04, 0x00, 0x01,
    0x24, 0x1B, 0x43, 0xF4, 0x25, 0xC3, 0xFC, 0x0D, 0xC0, 0xC4, 0x0C, 0x81, 0xDC, 0x37, 0x60, 0x00,
    0x00, 0x00, 0x02, 0x1A, 0xE1, 0xAE, 0x1E, 0xE2, 0xDE, 0x3F, 0xE3, 0xFE, 0x0D, 0xA0, 0xCE, 0x0C,
    0xA0, 0x02, 0x00, 0x00, 0x02, 0x0B, 0x60, 0xB6, 0x1F, 0x63, 0x6E, 0x00, 0x63, 0xFE, 0x04, 0x60,
    0x46, 0x04, 0x60, 0x42, 0x00, 0x00, 0x02, 0x0B, 0x60, 0xB6, 0x1F, 0xE1, 0x4E, 0x3F, 0xE0, 0x66,
    0x1E, 0x61, 0x80, 0x1F, 0xE0, 0xFE, 0x00, 0x00, 0x88, 0x0C, 0x81, 0xDC, 0x37, 0x62, 0x22, 0x3F,
    0xE0, 0xF8, 0x0F, 0xC1, 0x84, 0x1F, 0xC0, 0xF8, 0x00, 0x00, 0x00, 0x08, 0x80, 0x88, 0x08, 0x81,
    0xDC, 0x37, 0x62, 0x22, 0x00, 0x03, 0xFE, 0x3F, 0xE0, 0x00, 0x00, 0x00, 0x88, 0x08, 0x81, 0xDC,
    0x37, 0x60, 0x20, 0x3F, 0xE0, 0x00, 0x1F, 0xC0, 0x04, 0x00, 0x40, 0x04, 0x00, 0x00, 0x00, 0x08,
    0x80, 0x98, 0x1F, 0xC3, 0x66, 0x3F, 0xE3, 0xFE, 0x10, 0x01, 0x00, 0x1F, 0xC1, 0xFC, 0x00, 0x00,
    0x88, 0x08, 0x81, 0xDC, 0x37, 0x63, 0xFE, 0x3F, 0xE1, 0xFC, 0x1F, 0xC1, 0xFC, 0x1F, 0xC1, 0xFC,
    0x00, 0x00, 0x88, 0x08, 0x81, 0xDC, 0x37, 0x63, 0xFE, 0x3F, 0xE1, 0xDC, 0x1F, 0x41, 0xF4, 0x1F,
    0xC1, 0xFC, 0x00, 0x00, 0x88, 0x0D, 0x83, 0xFC, 0x36, 0x63, 0xFE, 0x1C, 0x81, 0xFE, 0x1D, 0xC1,
    0x34, 0x1F, 0xC0, 0x00, 0x00, 0x00, 0x88, 0x08, 0x81, 0xDC, 0x37, 0x60, 0x20, 0x3F, 0xE0, 0x00,
    0x1F, 0xC1, 0x04, 0x1F, 0xC1, 0xFC, 0x00, 0x00, 0x88, 0x08, 0x81, 0xDC, 0x37, 0x62, 0x22, 0x3F,
    0xE0, 0x00, 0x1F, 0xC1, 0xFC, 0x1A, 0xC1, 0xFC, 0x00, 0x00, 0x02, 0x0B, 0x60, 0xB6, 0x1B, 0x61,
    0xFE, 0x36, 0xE0, 0x06, 0x3F, 0xE1, 0xE6, 0x00, 0x60, 0x02, 0x00, 0x00, 0x04, 0x1A, 0x41, 0xB4,
    0x1F, 0x43, 0x54, 0x3F, 0xC3, 0xF4, 0x08, 0x41, 0x80, 0x1F, 0xE0, 0xFE, 0x00, 0x00, 0x04, 0x1B,
    0x41, 0xF4, 0x35, 0x43, 0xFC, 0x3F, 0x40, 0xFC, 0x0F, 0xC1, 0xFC, 0x1F, 0xE0, 0xFE, 0x00, 0x00,
    0xA4, 0x1B, 0x41, 0xB4, 0x3F, 0x40, 0x44, 0x3F, 0xC0, 0x04, 0x1F, 0xC1, 0x84, 0x1F, 0xC0, 0xFC,
    0x00, 0x00, 0x02, 0x09, 0x60, 0xB6, 0x0B, 0x60, 0xB6, 0x1B, 0x61, 0xF6, 0x36, 0xE0, 0x06, 0x00,
    0x60, 0x02, 0x00, 0x00, 0x02, 0x0B, 0x60, 0xB6, 0x1B, 0x61, 0xFE, 0x36, 0xE0, 0x06, 0x0F, 0xE0,
    0x06, 0x00, 0x60, 0x02, 0x00, 0x00, 0x04, 0x1A, 0x41, 0xB4, 0x1B, 0x41, 0xF4, 0x3D, 0xC0, 0x04,
    0x18, 0x41, 0x80, 0x1F, 0xE0, 0xFE, 0x00, 0x00, 0x04, 0x1B, 0x41, 0xB4, 0x1F, 0x43, 0xDC, 0x04,
    0x40, 0xFC, 0x0F, 0xC1, 0xFC, 0x1F, 0xE0, 0xFE, 0x00, 0x00, 0x02, 0x0B, 0x60, 0xB6, 0x1B, 0x61,
    0xFE, 0x34, 0xE0, 0x06, 0x0F, 0xE0, 0x86, 0x0F, 0xE0, 0xFE, 0x00, 0x00, 0x02, 0x0B, 0x60, 0xB6,
    0x1B, 0x63, 0xFE, 0x04, 0xE0, 0x82, 0x0F, 0xE0, 0xD6, 0x0F, 0xE0, 0xFE, 0x00, 0x00, 0x04, 0x1A,
    0x41, 0xB4, 0x1B, 0x43, 0xF4, 0x2D, 0xC0, 0x04, 0x03, 0x40, 0x78, 0x1C, 0xE1, 0x86, 0x00, 0x00,
    0x06, 0x1A, 0x61, 0xB6, 0x1B, 0x63, 0xFE, 0x24, 0xE0, 0x7E, 0x0F, 0xC1, 0x86, 0x0F, 0xE0, 0x78,
    0x00, 0x00, 0x08, 0x18, 0x83, 0xC8, 0x66, 0x86, 0x6E, 0x66, 0xE6, 0x48, 0x3C, 0x81, 0x08, 0x00,
    0x80, 0x08, 0x00, 0x00, 0x08, 0x3C, 0xC2, 0x6C, 0x22, 0xE3, 0x6C, 0x1C, 0xC0, 0x08, 0x1F, 0xC0,
    0x0C, 0x00, 0xC0, 0x08, 0x00, 0x00, 0x04, 0x1C, 0xC3, 0xEC, 0x22, 0xE2, 0x6E, 0x3E, 0xC0, 0x8C,
    0x10, 0xC1, 0x00, 0x1F, 0xC1, 0xFC, 0x00, 0x00, 0x08, 0x3C, 0x86, 0x6C, 0x66, 0xE6, 0x68, 0x3C,
    0x80, 0x7C, 0x27, 0x82, 0x30, 0x3F, 0xC0, 0x44, 0x00, 0x00, 0x0C, 0x3E, 0xC3, 0x6E, 0x22, 0xE3,
    0x6C, 0x1C, 0x81, 0x7C, 0x33, 0x83, 0x3C, 0x3F, 0xC0, 0x18, 0x00, 0x00, 0x08, 0x3E, 0xC2, 0x2E,
    0x22, 0xE3, 0xEC, 0x1C, 0x81, 0xF8, 0x0F, 0xC1, 0xF8, 0x1F, 0xC1, 0xFC, 0x00, 0x01, 0xCC, 0x3E,
    0xC2, 0x2E, 0x36, 0xC3, 0xCC, 0x08, 0x81, 0xF8, 0x1C, 0xC3, 0xCC, 0x3E, 0xC0, 0x00, 0x00, 0x00,
    0x08, 0x3C, 0x86, 0x6C, 0x66, 0xE3, 0xE8, 0x18, 0x83, 0xB8, 0x3E, 0xC3, 0xAC, 0x3F, 0xC3, 0xF8,
    0x00, 0x01, 0xCC, 0x3E, 0xC2, 0x2E, 0x36, 0xC3, 0xEC, 0x00, 0x83, 0xFC, 0x3F, 0xC3, 0x34, 0x3F,
    0xC0, 0x00, 0x00, 0x00, 0x08, 0x3C, 0xC2, 0x6C, 0x22, 0xE3, 0x6C, 0x1C, 0xC0, 0x08, 0x1F, 0xC1,
    0x0C, 0x1F, 0xC1, 0xF8, 0x00, 0x00, 0x08, 0x3E, 0xC2, 0x6E, 0x22, 0xE3, 0xEC, 0x1C, 0xC1, 0x08,
    0x1F, 0xC1, 0xAC, 0x1F, 0xC1, 0xF8, 0x00, 0x00, 0x0C, 0x3E, 0xC3, 0x6C, 0x22, 0xE3, 0x6C, 0x1C,
    0xC0, 0x2C, 0x06, 0x00, 0x70, 0x1D, 0xC1, 0x04, 0x00, 0x00, 0x0C, 0x3C, 0xC2, 0x6C, 0x22, 0xE3,
    0x6C, 0x1C, 0xC0, 0x88, 0x09, 0x81, 0xD8, 0x37, 0x62, 0x20, 0x00, 0x00, 0x0C, 0x3C, 0xC2, 0x6E,
    0x22, 0xE3, 0x6C, 0x1C, 0xC0, 0xF8, 0x1F, 0xC1, 0x0C, 0x1F, 0xC0, 0xF0, 0x00, 0x00, 0x0C, 0x3E,
    0xC2, 0x6E, 0x22, 0xE3, 0xEC, 0x1C, 0xC1, 0xFC, 0x1F, 0x81, 0xF8, 0x1F, 0xC1, 0xFC, 0x00, 0x00,
    0x0C, 0x3C, 0xC2, 0x6C, 0x22, 0xE3, 0x6C, 0x1C, 0xC1, 0xFC, 0x1F, 0x80, 0xD8, 0x1F, 0xC1, 0xFC,
    0x00, 0x00, 0x04, 0x19, 0x63, 0xD6, 0x25, 0x62, 0x5E, 0x25, 0xE2, 0x56, 0x3D, 0x60, 0x16, 0x01,
    0x60, 0x04, 0x00, 0x00, 0x02, 0x1D, 0xE3, 0x7E, 0x33, 0xE3, 0x7E, 0x1D, 0xE0, 0x1E, 0x0F, 0xE0,
    0x06, 0x00, 0x60, 0x02, 0x00, 0x00, 0x16, 0x1D, 0xE3, 0xD6, 0x27, 0xE2, 0x7E, 0x3D, 0x61, 0x9E,
    0x19, 0x61, 0x80, 0x1F, 0xE0, 0xFE, 0x00, 0x00, 0x14, 0x3D, 0x62, 0x7C, 0x27, 0xC3, 0xD6, 0x19,
    0x40, 0xFC, 0x0F, 0xC1, 0xFC, 0x1F, 0xE0, 0xFE, 0x00, 0x00, 0x0A, 0x1D, 0xE3, 0x7E, 0x33, 0xE3,
    0x7A, 0x1D, 0xE0, 0x1C, 0x0F, 0xE0, 0x86, 0x0F, 0xE0, 0xFE, 0x00, 0x00, 0x0A, 0x1D, 0xE3, 0x7E,
    0x33, 0xE3, 0xFA, 0x0D, 0xE0, 0x82, 0x0F, 0xE0, 0xD6, 0x0F, 0xE0, 0xFE, 0x00, 0x00, 0x14, 0x3D,
    0x62, 0x7E, 0x27, 0xE3, 0x76, 0x1D, 0x60, 0x16, 0x03, 0x00, 0x78, 0x1C, 0xE1, 0x00, 0x00, 0x00,
    0x14, 0x3D, 0x62, 0x7E, 0x27, 0xE3, 0x56, 0x1D, 0x60, 0x8C, 0x0C, 0xC1, 0xDC, 0x37, 0x60, 0x20,
    0x00, 0x00, 0x04, 0x1D, 0x63, 0xD6, 0x27, 0xE3, 0x7E, 0x3D, 0x60, 0x14, 0x0F, 0xC1, 0x86, 0x0F,
    0xC0, 0x78, 0x00, 0x00, 0x08, 0x18, 0x83, 0xCC, 0x66, 0xE6, 0x68, 0x66, 0xC6, 0x4E, 0x3C, 0x81,
    0x08, 0x00, 0x80, 0x08, 0x00, 0x00, 0x08, 0x3C, 0xC2, 0x6E, 0x22, 0xC3, 0x6E, 0x1C, 0xC0, 0x88,
    0x1F, 0xC0, 0x0C, 0x00, 0xC0, 0x08, 0x00, 0x00, 0x0C, 0x1C, 0xC3, 0x6E, 0x22, 0xC2, 0x6C, 0x3E,
    0xE0, 0x8C, 0x10, 0xC1, 0x00, 0x1F, 0xC1, 0xFC, 0x00, 0x00, 0x08, 0x3E, 0xC2, 0x6E, 0x22, 0xC3,
    0xEE, 0x1C, 0x81, 0xF8, 0x0F, 0xC1, 0xF8, 0x1F, 0xC1, 0xFC, 0x00, 0x00, 0x08, 0x3C, 0xC6, 0x6E,
    0x66, 0xC7, 0xCE, 0x18, 0x83, 0xE8, 0x3F, 0xC3, 0xE8, 0x3E, 0xC3, 0xF8, 0x00, 0x00, 0x08, 0x3C,
    0xC3, 0x6E, 0x22, 0xC3, 0x6E, 0x1C, 0xC0, 0x08, 0x1F, 0xC1, 0x0C, 0x1F, 0xC1, 0xF8, 0x00, 0x00,
    0x08, 0x3C, 0xC2, 0x6E, 0x22, 0xC3, 0xEE, 0x1C, 0x81, 0x08, 0x1F, 0xC1, 0xAC, 0x1F, 0xC1, 0xF8,
    0x00, 0x00, 0x0C, 0x3E, 0xC2, 0x6E, 0x22, 0xC3, 0x6E, 0x1C, 0xC0, 0x2C, 0x06, 0x00, 0x70, 0x1D,
    0xC1, 0x04, 0x00, 0x00, 0x0C, 0x3C, 0xC2, 0x6E, 0x22, 0xC3, 0x6E, 0x1C, 0xC0, 0xF8, 0x1F, 0xC1,
    0x0C, 0x1F, 0xC0, 0xF0, 0x00, 0x00, 0x0C, 0x3C, 0xE2, 0x6E, 0x22, 0xE3, 0xEE, 0x1C, 0xC1, 0xFC,
    0x1F, 0x81, 0xF8, 0x1F, 0xC1, 0xFC, 0x00, 0x00, 0x0C, 0x3E, 0xC2, 0x2E, 0x22, 0xC3, 0xEE, 0x0A,
    0xC1, 0xFC, 0x0F, 0x80, 0xD8, 0x1D, 0x80, 0x70, 0x00, 0x00, 0x16, 0x19, 0x63, 0xDE, 0x25, 0xE2,
    0x56, 0x25, 0xE2, 0x5E, 0x3D, 0x60, 0x16, 0x01, 0x60, 0x04, 0x00, 0x00, 0x04, 0x1D, 0x63, 0xDE,
    0x27, 0xE2, 0x7E, 0x3D, 0xE1, 0x96, 0x19, 0x61, 0x80, 0x1F, 0xC0, 0xFE, 0x00, 0x00, 0x14, 0x3D,
    0xC2, 0x7C, 0x27, 0xC3, 0xDC, 0x19, 0x40, 0xFC, 0x0F, 0xC1, 0xFC, 0x1F, 0xE0, 0xFE, 0x00, 0x00,
    0x02, 0x1F, 0xE3, 0x7E, 0x33, 0xE3, 0xFE, 0x0D, 0xA0, 0x82, 0x0F, 0xE0, 0xD6, 0x0F, 0xE0, 0xFE,
    0x00, 0x00, 0x04, 0x1C, 0x61, 0xE6, 0x33, 0x63, 0x3C, 0x33, 0x63, 0x26, 0x1E, 0x60, 0x86, 0x00,
    0x60, 0x04, 0x00, 0x00, 0x02, 0x1E, 0x63, 0x36, 0x33, 0xE3, 0x76, 0x1E, 0x60, 0x16, 0x0F, 0xE0,
    0x06, 0x00, 0x60, 0x02, 0x00, 0x00, 0x04, 0x3C, 0x43, 0x64, 0x23, 0xC3, 0x64, 0x1C, 0x40, 0x04,
    0x18, 0x41, 0x80, 0x1F, 0xC0, 0xFE, 0x00, 0x00, 0x04, 0x3C, 0x42, 0x7C, 0x23, 0xC3, 0x64, 0x1C,
    0x40, 0x3C, 0x33, 0xC3, 0x18, 0x1F, 0xC0, 0x00, 0x00, 0x00, 0x04, 0x3C, 0x43, 0x7C, 0x23, 0xC3,
    0x64, 0x1C, 0x40, 0x0C, 0x1F, 0xC1, 0x80, 0x1F, 0xC0, 0xFE, 0x00, 0x00, 0x04, 0x3E, 0x42, 0x3C,
    0x23, 0xC3, 0xE4, 0x1C, 0x40, 0xFC, 0x0F, 0xC1, 0xFC, 0x1F, 0xC0, 0xFE, 0x00, 0x00, 0x06, 0x1E,
    0x63, 0x3E, 0x33, 0xE3, 0xE6, 0x0C, 0x61, 0xFE, 0x06, 0x61, 0xE6, 0x1E, 0x61, 0xE2, 0x00, 0x00,
    0x02, 0x1E, 0x63, 0x3E, 0x33, 0xE3, 0xE6, 0x0C, 0x61, 0xFE, 0x0F, 0x61, 0xD2, 0x1F, 0xE1, 0xFE,
    0x00, 0x00, 0x06, 0x1E, 0x63, 0x3E, 0x33, 0xE3, 0x66, 0x1E, 0x60, 0x04, 0x0F, 0xE0, 0x86, 0x0F,
    0xE0, 0xFC, 0x00, 0x00, 0x02, 0x1E, 0x63, 0x36, 0x33, 0xE3, 0xE6, 0x0C, 0x60, 0x82, 0x0F, 0xE0,
    0xD6, 0x0F, 0xE0, 0xFE, 0x00, 0x03, 0x8C, 0x7C, 0xC6, 0x7C, 0x66, 0xC3, 0xCC, 0x00, 0xC3, 0x58,
    0x3D, 0x83, 0x5C, 0x3F, 0x60, 0x00, 0x00, 0x00, 0x04, 0x3E, 0x43, 0x64, 0x23, 0xC3, 0x6C, 0x1C,
    0x40, 0x24, 0x03, 0x40, 0x78, 0x1C, 0xC1, 0x04, 0x00, 0x00, 0x04, 0x3C, 0x42, 0x7C, 0x23, 0xC3,
    0x64, 0x1C, 0x40, 0x88, 0x0C, 0x81, 0xDC, 0x37, 0x60, 0x20, 0x00, 0x00, 0x04, 0x1E, 0x63, 0x36,
    0x33, 0xE3, 0x76, 0x1E, 0x60, 0x7C, 0x0F, 0xC1, 0x86, 0x0F, 0xC0, 0x78, 0x00, 0x00, 0x04, 0x3C,
    0x43, 0x7C, 0x23, 0xC3, 0x64, 0x1C, 0x40, 0xFC, 0x0F, 0xC0, 0x70, 0x1C, 0xE0, 0x00, 0x00, 0x00,
    0x06, 0x1E, 0x63, 0x3E, 0x33, 0xE3, 0x66, 0x1E, 0x60, 0xFC, 0x0F, 0xE0, 0xFE, 0x0E, 0x60, 0x06,
    0x00, 0x00, 0x04, 0x3C, 0x43, 0x7C, 0x23, 0xC3, 0x64, 0x1C, 0x41, 0xFC, 0x1F, 0xC0, 0xC8, 0x1F,
    0xC1, 0xFC, 0x00, 0x00, 0x0A, 0x1C, 0xE1, 0xEE, 0x36, 0xE3, 0x3E, 0x33, 0xE3, 0x6E, 0x1C, 0xE0,
    0x8E, 0x00, 0xE0, 0x02, 0x00, 0x00, 0x02, 0x1C, 0xE3, 0x6E, 0x33, 0xE3, 0x7E, 0x1C, 0xE0, 0x9E,
    0x0F, 0xE0, 0x06, 0x00, 0x60, 0x02, 0x00, 0x00, 0x04, 0x1D, 0xE3, 0x5C, 0x27, 0xC2, 0x7C, 0x3D,
    0xC0, 0x9E, 0x19, 0xC1, 0x80, 0x1F, 0xE0, 0xFE, 0x00, 0x00, 0x14, 0x3D, 0xE2, 0x7C, 0x27, 0xC3,
    0xDE, 0x19, 0xC0, 0xFC, 0x0F, 0xC1, 0xFC, 0x1F, 0xE0, 0xFE, 0x00, 0x00, 0x02, 0x1C, 0xE3, 0x7E,
    0x33, 0xE3, 0x6E, 0x1C, 0xE0, 0x1E, 0x0F, 0xE0, 0x86, 0x0F, 0xE0, 0xFE, 0x00, 0x00, 0x02, 0x1C,
    0xE3, 0x7E, 0x33, 0xE3, 0xEE, 0x1C, 0xE0, 0x82, 0x0F, 0xE0, 0xD6, 0x0F, 0xE0, 0xFE, 0x00, 0x00,
    0x04, 0x1D, 0xE3, 0x5C, 0x27, 0xC3, 0x7C, 0x3D, 0xC0, 0x14, 0x03, 0x00, 0x78, 0x1C, 0xE1, 0x04,
    0x00, 0x00, 0x04, 0x1D, 0xE3, 0xDC, 0x27, 0xC3, 0x7C, 0x3D, 0xE0, 0x1C, 0x0F, 0xC1, 0x84, 0x0F,
    0xC0, 0x78, 0x00, 0x00, 0x06, 0x1C, 0x61, 0xFE, 0x33, 0xE3, 0x36, 0x33, 0x63, 0x3E, 0x1E, 0x60,
    0x86, 0x00, 0x60, 0x06, 0x00, 0x00, 0x02, 0x1E, 0x63, 0x3E, 0x33, 0x63, 0x7E, 0x1E, 0x60, 0x06,
    0x0F, 0xE0, 0x06, 0x00, 0x60, 0x02, 0x00, 0x00, 0x02, 0x1E, 0x63, 0x3E, 0x33, 0x63, 0x3E, 0x1E,
    0x60, 0x06, 0x0F, 0xE0, 0x26, 0x02, 0x60, 0x22, 0x00, 0x00, 0x04, 0x1C, 0xC3, 0x7C, 0x22, 0x42,
    0x7C, 0x3F, 0xC0, 0x84, 0x18, 0x41, 0x80, 0x1F, 0xC0, 0xFE, 0x00, 0x00, 0x04, 0x3F, 0xC2, 0x3C,
    0x23, 0xC3, 0xFC, 0x1C, 0x40, 0xFC, 0x0F, 0xC1, 0xFC, 0x1F, 0xC0, 0xFE, 0x00, 0x00, 0x06, 0x1F,
    0xE3, 0x3E, 0x33, 0x63, 0xFE, 0x0C, 0x61, 0xFE, 0x0F, 0xE1, 0xD6, 0x1F, 0xE1, 0xFE, 0x00, 0x00,
    0x04, 0x1F, 0xE3, 0x3E, 0x33, 0xE1, 0xFE, 0x0C, 0x61, 0xF6, 0x0F, 0xE1, 0xDE, 0x1D, 0xE1, 0xFE,
    0x00, 0x00, 0x04, 0x1E, 0x63, 0x3E, 0x33, 0x63, 0x7E, 0x1E, 0x60, 0x04, 0x0F, 0xE0, 0x86, 0x0F,
    0xE0, 0xFC, 0x00, 0x00, 0x02, 0x1F, 0xE3, 0x3E, 0x33, 0x63, 0xFE, 0x0C, 0x60, 0x82, 0x0F, 0xE0,
    0xD6, 0x0F, 0xE0, 0xFE, 0x00, 0x01, 0x8C, 0x3F, 0xC6, 0x2C, 0x67, 0xC3, 0xCC, 0x00, 0xC3, 0x58,
    0x3D, 0x83, 0x5C, 0x3F, 0x60, 0x00, 0x00, 0x00, 0x04, 0x3C, 0xC3, 0x7C, 0x22, 0x43, 0x7C, 0x1C,
    0xC0, 0x24, 0x03, 0x40, 0x78, 0x1C, 0xC1, 0x04, 0x00, 0x00, 0x04, 0x3F, 0xC2, 0x7C, 0x22, 0x43,
    0x7C, 0x1C, 0x40, 0x88, 0x0C, 0x81, 0xDC, 0x37, 0x60, 0x20, 0x00, 0x00, 0x04, 0x1E, 0x63, 0x3E,
    0x33, 0x63, 0x7E, 0x1E, 0x60, 0x7C, 0x0F, 0xC1, 0x86, 0x0F, 0xC0, 0x78, 0x00, 0x00, 0x04, 0x1F,
    0xE3, 0x3E, 0x33, 0x63, 0xFE, 0x0C, 0x41, 0xFC, 0x18, 0x01, 0xFC, 0x1F, 0xC0, 0xFE, 0x00, 0x00,
    0x04, 0x3F, 0xC2, 0x7C, 0x22, 0x43, 0x7C, 0x1C, 0x41, 0xFC, 0x1F, 0xC0, 0xC8, 0x1F, 0xC1, 0xFC,
    0x00, 0x00, 0x84, 0x3F, 0xC2, 0x24, 0x23, 0xC3, 0xFC, 0x0A, 0x41, 0xFE, 0x0F, 0xC0, 0xCC, 0x0C,
    0xC0, 0x78, 0x00, 0x00, 0x0A, 0x1C, 0xE1, 0xFE, 0x33, 0xE3, 0x2E, 0x33, 0xE3, 0x7E, 0x1C, 0xE0,
    0x8E, 0x00, 0xE0, 0x02, 0x00, 0x00, 0x04, 0x1D, 0xE3, 0x7C, 0x27, 0xC2, 0x7C, 0x3F, 0xC0, 0x9E,
    0x19, 0xC1, 0x80, 0x1F, 0xE0, 0xFE, 0x00, 0x00, 0x04, 0x3F, 0xE2, 0x7C, 0x27, 0xC3, 0xFE, 0x19,
    0xC0, 0xFC, 0x0F, 0xC1, 0xFC, 0x1F, 0xE0, 0xFE, 0x00, 0x00, 0x02, 0x1F, 0xE3, 0x7E, 0x32, 0xE3,
    0x7E, 0x1C, 0xE0, 0x1E, 0x0F, 0xE0, 0x86, 0x0F, 0xE0, 0xFE, 0x00, 0x00, 0x02, 0x1F, 0xE3, 0x7E,
    0x32, 0xE3, 0xFE, 0x1C, 0xE0, 0x82, 0x0F, 0xE0, 0xD6, 0x0F, 0xE0, 0xFE, 0x00, 0x00, 0x04, 0x1D,
    0xE3, 0x7C, 0x27, 0xC3, 0x7C, 0x3D, 0xC0, 0x14, 0x03, 0x00, 0x78, 0x1C, 0xE1, 0x04, 0x00, 0x00,
    0x04, 0x3D, 0xE3, 0x7C, 0x27, 0xC3, 0x7C, 0x1D, 0xC0, 0x08, 0x0C, 0x80, 0xDC, 0x37, 0x60, 0x20,
    0x00, 0x00, 0x00, 0x0F, 0x81, 0x8C, 0x30, 0x41, 0x04, 0x1F, 0xC0, 0x70, 0x02, 0x03, 0xFE, 0x3F,
    0xE0, 0x00, 0x00, 0x00, 0xF0, 0x1F, 0xC3, 0x0C, 0x1F, 0xC0, 0xF0, 0x3F, 0xE3, 0xFE, 0x1F, 0xC0,
    0x0C, 0x00, 0xC0, 0x04, 0x00, 0x00, 0xF8, 0x1F, 0xC3, 0x0C, 0x1F, 0x80, 0x20, 0x3F, 0xE3, 0xFE,
    0x10, 0x01, 0x00, 0x1F, 0xC0, 0x00, 0x00, 0x00, 0xF0, 0x1F, 0xC3, 0x0C, 0x1F, 0x83, 0xFE, 0x3F,
    0xE1, 0xFC, 0x1F, 0xC1, 0xFC, 0x1F, 0xC1, 0xFC, 0x00, 0x01, 0xF8, 0x10, 0xC1, 0xDC, 0x0F, 0x83,
    0xFE, 0x3F, 0xE1, 0xFC, 0x1C, 0xC3, 0xCC, 0x1E, 0xC0, 0x00, 0x00, 0x00, 0xF8, 0x1F, 0xC1, 0x04,
    0x1F, 0xC0, 0x70, 0x3F, 0xE1, 0xFC, 0x1F, 0x41, 0xF4, 0x3F, 0xC1, 0xFC, 0x00, 0x01, 0xF8, 0x10,
    0xC1, 0xDC, 0x0F, 0x83, 0xFE, 0x3F, 0xE1, 0xC8, 0x1C, 0x83, 0xDC, 0x1F, 0x60, 0x00, 0x00, 0x00,
    0xF8, 0x18, 0xC1, 0xDC, 0x0F, 0x83, 0xFE, 0x18, 0x81, 0xFE, 0x1D, 0xC3, 0xB4, 0x1F, 0xC0, 0x00,
    0x00, 0x00, 0xF0, 0x1F, 0xC3, 0x0C, 0x1F, 0xC0, 0x70, 0x3F, 0xE3, 0xFE, 0x1F, 0xC3, 0x04, 0x1F,
    0xC1, 0xFC, 0x00, 0x00, 0xF0, 0x1F, 0xC3, 0x0C, 0x1F, 0xC0, 0xF0, 0x3F, 0xE0, 0x04, 0x1F, 0xC1,
    0xAC, 0x1F, 0xC1, 0xFC, 0x00, 0x00, 0xF0, 0x1F, 0xC3, 0x0C, 0x1F, 0xC0, 0xF0, 0x3F, 0xE3, 0xFE,
    0x02, 0x00, 0x70, 0x1D, 0xC1, 0x0C, 0x00, 0x00, 0xF0, 0x1F, 0xC3, 0x0C, 0x1F, 0xC0, 0x70, 0x3F,
    0xE3, 0xFE, 0x1F, 0x81, 0x0C, 0x1F, 0xC0, 0xF8, 0x00, 0x00, 0xF0, 0x1F, 0xC3, 0x0C, 0x1F, 0x80,
    0x60, 0x3F, 0xE0, 0x20, 0x1F, 0xC0, 0x70, 0x1D, 0xC1, 0x0C, 0x00, 0x00, 0x08, 0x3E, 0xC3, 0x2C,
    0x23, 0x83, 0x6E, 0x1E, 0xE0, 0x88, 0x7F, 0xC3, 0x0C, 0x00, 0xC0, 0x08, 0x00, 0x00, 0xC4, 0x3E,
    0xC3, 0x34, 0x3E, 0x60, 0xCC, 0x3F, 0xC3, 0xC4, 0x1F, 0xC0, 0x0C, 0x00, 0xC0, 0x04, 0x00, 0x00,
    0x04, 0x1E, 0xC3, 0x3C, 0x32, 0xE1, 0xEE, 0x0D, 0xC3, 0xFC, 0x10, 0xC1, 0x80, 0x1F, 0xC1, 0xFC,
    0x00, 0x00, 0xC4, 0x3E, 0xC3, 0x36, 0x1E, 0xE0, 0xDC, 0x3F, 0xC1, 0xFC, 0x0F, 0xC1, 0xFC, 0x1F,
    0xC1, 0xFC, 0x00, 0x00, 0x84, 0x1E, 0xC3, 0x34, 0x3E, 0x60, 0xCC, 0x3F, 0xC3, 0xEC, 0x1F, 0xC1,
    0x84, 0x1F, 0xC1, 0xFC, 0x00, 0x00, 0xC4, 0x3E, 0xC3, 0x34, 0x3E, 0x61, 0xCC, 0x3F, 0xC0, 0x04,
    0x1F, 0xC1, 0xFC, 0x1F, 0xC1, 0xFC, 0x00, 0x00, 0x04, 0x1E, 0xC3, 0x2C, 0x3E, 0xE1, 0xCC, 0x3F,
    0xC3, 0xEC, 0x02, 0x40, 0x70, 0x1D, 0xC1, 0x04, 0x00, 0x00, 0x04, 0x1E, 0xC3, 0x3C, 0x3E, 0xE0,
    0xCC, 0x3F, 0xC3, 0xCC, 0x0D, 0x80, 0xD8, 0x37, 0xE2, 0x20, 0x00, 0x00, 0x04, 0x1E, 0xC3, 0x3C,
    0x3E, 0xE1, 0xCC, 0x3F, 0xC3, 0xEC, 0x0F, 0x81, 0x8C, 0x1F, 0xC0, 0xF8, 0x00, 0x00, 0x02, 0x1D,
    0xE3, 0xFE, 0x33, 0xE3, 0x7E, 0x1D, 0xE0, 0x9A, 0x3F, 0xE1, 0x1E, 0x01, 0xE0, 0x02, 0x00, 0x00,
    0x12, 0x3F, 0xE3, 0x3E, 0x3F, 0xE1, 0xDE, 0x3F, 0xE3, 0xFE, 0x0F, 0xE0, 0x06, 0x00, 0x60, 0x02,
    0x00, 0x00, 0x12, 0x1D, 0xE3, 0x7E, 0x37, 0xE1, 0xDE, 0x3F, 0x63, 0xFE, 0x19, 0x61, 0x80, 0x1F,
    0xE0, 0xFE, 0x00, 0x00, 0x12, 0x3F, 0xE3, 0x3E, 0x3F, 0xE1, 0xDE, 0x3F, 0xE3, 0xFE, 0x0F, 0xE1,
    0x86, 0x1F, 0xE0, 0xFE, 0x00, 0x00, 0x12, 0x1D, 0xE3, 0x7E, 0x37, 0xE1, 0xDE, 0x3F, 0xE3, 0xF6,
    0x03, 0x20, 0x78, 0x1C, 0xE1, 0x86, 0x00, 0x00, 0x12, 0x1D, 0xE3, 0x7E, 0x37, 0xE1, 0xDE, 0x3F,
    0xE3, 0xFE, 0x0F, 0xC1, 0x86, 0x0F, 0xE0, 0x7C, 0x00, 0x00, 0x02, 0x1F, 0x61, 0x16, 0x31, 0xE1,
    0xB6, 0x0F, 0x60, 0x46, 0x3F, 0xE3, 0xF6, 0x00, 0x60, 0x02, 0x00, 0x00, 0x42, 0x1F, 0x61, 0x16,
    0x1B, 0x60, 0xE6, 0x1F, 0xE1, 0xA6, 0x0F, 0xE0, 0x06, 0x00, 0x60, 0x02, 0x00, 0x00, 0x44, 0x1F,
    0x43, 0x14, 0x13, 0x41, 0xE4, 0x0F, 0x43, 0xF4, 0x00, 0x41, 0x80, 0x1F, 0xC0, 0xFE, 0x00, 0x00,
    0xC4, 0x1F, 0x43, 0x34, 0x1E, 0x40, 0xF4, 0x3F, 0x40, 0xFC, 0x0F, 0xC1, 0xFC, 0x1F, 0xC0, 0xFE,
    0x00, 0x00, 0x62, 0x1F, 0x61, 0x1E, 0x1F, 0x60, 0xE6, 0x1F, 0xE1, 0xF6, 0x0F, 0xE0, 0x86, 0x0F,
    0xE0, 0xFE, 0x00, 0x00, 0x62, 0x1F, 0x61, 0x1E, 0x1F, 0x60, 0xE6, 0x3F, 0xE0, 0x00, 0x0F, 0xE0,
    0xFE, 0x0F, 0x60, 0xFE, 0x00, 0x00, 0xC4, 0x1F, 0x43, 0x14, 0x1F, 0x40, 0xE4, 0x3F, 0xC3, 0xF4,
    0x03, 0x40, 0x78, 0x1C, 0xC1, 0x84, 0x00, 0x00, 0x04, 0x1F, 0x43, 0x14, 0x1F, 0x40, 0xE4, 0x3F,
    0xC3, 0xF4, 0x0F, 0xC1, 0x84, 0x0F, 0xC0, 0x78, 0x00, 0x00, 0x00, 0x0F, 0x81, 0x8C, 0x30, 0x41,
    0x0C, 0x1F, 0x80, 0xF8, 0x08, 0x83, 0xFE, 0x3F, 0xE0, 0x00, 0x00, 0x00, 0xF0, 0x1F, 0xC3, 0x04,
    0x1F, 0xC0, 0xF8, 0x3F, 0xE3, 0xFE, 0x1F, 0xC0, 0x0C, 0x00, 0x40, 0x04, 0x00, 0x00, 0xF8, 0x1F,
    0xC3, 0x04, 0x1F, 0xC0, 0xF8, 0x3F, 0xE0, 0x00, 0x10, 0x01, 0x00, 0x1F, 0xC0, 0x00, 0x00, 0x00,
    0xF0, 0x1F, 0xC3, 0x04, 0x1F, 0xC0, 0xF8, 0x3F, 0xE1, 0xFC, 0x1F, 0xC1, 0xFC, 0x1F, 0xC1, 0xFC,
    0x00, 0x00, 0xF0, 0x1F, 0xC3, 0x04, 0x1F, 0xC0, 0xF8, 0x3F, 0xE3, 0xFE, 0x1F, 0xC1, 0x04, 0x1F,
    0xC1, 0xFC, 0x00, 0x00, 0xF0, 0x1F, 0xC3, 0x04, 0x1F, 0xC0, 0xF8, 0x3F, 0xE0, 0x00, 0x1F, 0xC1,
    0x0C, 0x1F, 0xC1, 0xFC, 0x00, 0x00, 0xF0, 0x1F, 0xC3, 0x04, 0x1F, 0xC0, 0xF8, 0x3F, 0xE3, 0xFE,
    0x02, 0x00, 0x70, 0x1D, 0xC1, 0x04, 0x00, 0x00, 0xF0, 0x1F, 0xC3, 0x04, 0x1F, 0xC0, 0xF8, 0x3F,
    0xE3, 0xFE, 0x1F, 0xC1, 0x0C, 0x1F, 0xC0, 0xF8, 0x00, 0x00, 0xF0, 0x1F, 0xC3, 0x0C, 0x19, 0xC0,
    0xF8, 0x3F, 0xE3, 0xFE, 0x02, 0x00, 0x20, 0x02, 0x00, 0x00, 0x00, 0x00, 0xF0, 0x1F, 0xC3, 0x0C,
    0x1F, 0xC0, 0xF8, 0x3F, 0xE0, 0x20, 0x1F, 0xC1, 0xDC, 0x00, 0xC0, 0x04, 0x00, 0x00, 0xF8, 0x1F,
    0xC3, 0x0C, 0x1F, 0xC0, 0xF0, 0x3F, 0xE1, 0x20, 0x12, 0x01, 0xA8, 0x1F, 0xC0, 0x00, 0x00, 0x00,
    0xF0, 0x1F, 0xC3, 0x0C, 0x1F, 0x83, 0xFE, 0x3F, 0xE1, 0xFC, 0x1F, 0xC1, 0xFC, 0x1F, 0xC1, 0xFC,
    0x00, 0x01, 0xF8, 0x10, 0xC1, 0x9C, 0x0F, 0x87, 0xFE, 0x1F, 0x01, 0xFC, 0x1C, 0xC3, 0xCC, 0x3E,
    0xC0, 0x00, 0x00, 0x00, 0xF0, 0x1F, 0xC1, 0x04, 0x1F, 0xC3, 0xFE, 0x3F, 0xE1, 0xFC, 0x1F, 0xC1,
    0xF4, 0x3F, 0xC1, 0xFC, 0x00, 0x00, 0xF0, 0x1F, 0xC3, 0x0C, 0x1F, 0xC0, 0xF0, 0x3F, 0xE0, 0x70,
    0x1F, 0xC1, 0x04, 0x1F, 0xC1, 0xFC, 0x00, 0x00, 0xF0, 0x1F, 0xC3, 0x0C, 0x1F, 0xC0, 0xF0, 0x3F,
    0xE1, 0x24, 0x1F, 0xC1, 0xFC, 0x1E, 0xC1, 0xFC, 0x00, 0x00, 0xF0, 0x1F, 0xC3, 0x0C, 0x1F, 0xC0,
    0xF0, 0x3F, 0xE0, 0x20, 0x02, 0x00, 0x70, 0x1F, 0xC1, 0x0C, 0x00, 0x00, 0xF0, 0x1F, 0xC3, 0x0C,
    0x1F, 0xC0, 0xF8, 0x3F, 0xE0, 0x70, 0x1F, 0x81, 0x0C, 0x1F, 0xC0, 0xF8, 0x00, 0x00, 0x04, 0x1E,
    0x61, 0x36, 0x33, 0x61, 0xE6, 0x3F, 0xE3, 0xF6, 0x0D, 0xE0, 0xC6, 0x0C, 0x60, 0x04, 0x00, 0x00,
    0xC4, 0x1F, 0x63, 0x36, 0x1F, 0x63, 0xF6, 0x3F, 0xE0, 0xDE, 0x1F, 0xC0, 0xFE, 0x00, 0x60, 0x04,
    0x00, 0x00, 0x04, 0x1F, 0x63, 0x16, 0x1F, 0x60, 0xE6, 0x3F, 0x60, 0x5E, 0x1C, 0x61, 0x80, 0x1F,
    0xE1, 0xFE, 0x00, 0x00, 0xE4, 0x1F, 0x61, 0x36, 0x1E, 0x63, 0xF6, 0x0D, 0xC0, 0xFC, 0x0F, 0xC1,
    0xFC, 0x1F, 0xC1, 0xFE, 0x00, 0x00, 0xC4, 0x1F, 0x63, 0x36, 0x1E, 0x63, 0xF6, 0x3D, 0xE0, 0x46,
    0x1F, 0xC1, 0x86, 0x1F, 0xE0, 0xFC, 0x00, 0x00, 0xE4, 0x1F, 0x63, 0x36, 0x1E, 0x63, 0xF6, 0x3D,
    0xE0, 0xC4, 0x18, 0x61, 0xFE, 0x1B, 0x60, 0xFC, 0x00, 0x00, 0xC4, 0x1F, 0x43, 0x34, 0x1E, 0x43,
    0xF4, 0x2D, 0xC0, 0xCC, 0x0C, 0x80, 0xDC, 0x1F, 0x60, 0x20, 0x00, 0x00, 0xC4, 0x1F, 0x63, 0x36,
    0x1E, 0x63, 0xF6, 0x3F, 0xE0, 0xDE, 0x0F, 0xC1, 0x86, 0x1F, 0xC0, 0x78, 0x00, 0x00, 0x02, 0x1D,
    0xE3, 0x7E, 0x37, 0xE1, 0xDE, 0x3F, 0xE3, 0xFE, 0x0B, 0xE0, 0x9E, 0x09, 0xE0, 0x02, 0x00, 0x00,
    0x06, 0x1E, 0xE1, 0x3E, 0x1E, 0xE3, 0xFE, 0x3F, 0xE0, 0xDE, 0x0F, 0xE0, 0xFE, 0x00, 0x60, 0x02,
    0x00, 0x00, 0x0C, 0x1E, 0xE3, 0x2C, 0x3E, 0xC1, 0xFC, 0x3F, 0xC0, 0xBC, 0x08, 0xE1, 0x80, 0x1F,
    0xE0, 0xFE, 0x00, 0x00, 0x84, 0x3E, 0xE3, 0x6C, 0x1D, 0xC3, 0xFC, 0x0B, 0xC0, 0xFC, 0x0F, 0xC1,
    0xFC, 0x1F, 0xE0, 0xFE, 0x00, 0x00, 0x06, 0x1E, 0xE1, 0x3E, 0x1E, 0xE3, 0xFE, 0x3F, 0xE0, 0xDE,
    0x0F, 0xE0, 0x86, 0x0F, 0xE0, 0xFE, 0x00, 0x00, 0x46, 0x1E, 0xE1, 0x3E, 0x1E, 0xE3, 0xFE, 0x0F,
    0xE0, 0x4E, 0x08, 0x60, 0xFE, 0x0F, 0xE0, 0xFE, 0x00, 0x00, 0x04, 0x3E, 0xE3, 0x6C, 0x1C, 0xC3,
    0xFC, 0x3F, 0xC0, 0xBC, 0x0F, 0xC1, 0x86, 0x1F, 0xC0, 0xF8, 0x00, 0x00, 0x02, 0x0F, 0x61, 0x96,
    0x19, 0x60, 0xF6, 0x00, 0xE3, 0xFE, 0x06, 0x60, 0x66, 0x06, 0x60, 0x02, 0x00, 0x00, 0x02, 0x1F,
    0x61, 0x9E, 0x1F, 0x60, 0x66, 0x3F, 0xE0, 0x66, 0x0F, 0xE0, 0x16, 0x00, 0x60, 0x02, 0x00, 0x00,
    0x04, 0x1F, 0x43, 0x14, 0x1F, 0x40, 0xE4, 0x3F, 0xC0, 0x44, 0x14, 0x41, 0x80, 0x1F, 0xC1, 0xFE,
    0x00, 0x00, 0xC4, 0x1F, 0x43, 0x34, 0x1E, 0x43, 0xFC, 0x3E, 0x40, 0xFC, 0x0F, 0xC1, 0xFC, 0x1F,
    0xC0, 0xFE, 0x00, 0x00, 0x66, 0x1F, 0x61, 0x1E, 0x1F, 0x60, 0x66, 0x3F, 0xE0, 0x66, 0x0F, 0xE0,
    0x86, 0x0F, 0xE0, 0xFE, 0x00, 0x00, 0x62, 0x1F, 0x61, 0x9E, 0x1F, 0x61, 0xFE, 0x3F, 0xE0, 0x62,
    0x0F, 0xE0, 0xFE, 0x0F, 0x60, 0xFE, 0x00, 0x00, 0x04, 0x1F, 0x43, 0x34, 0x1F, 0x40, 0xE4, 0x3F,
    0xC0, 0xC4, 0x0B, 0x40, 0x38, 0x0E, 0xE1, 0x86, 0x00, 0x00, 0xE4, 0x1F, 0x43, 0x14, 0x1F, 0x40,
    0xE4, 0x3F, 0xC0, 0xC4, 0x0F, 0xC1, 0x84, 0x1F, 0xC0, 0x78, 0x00, 0x00, 0xF0, 0x1F, 0xC3, 0x0C,
    0x19, 0xC0, 0xF8, 0x3F, 0xE3, 0xFE, 0x09, 0x80, 0x98, 0x09, 0x80, 0x00, 0x00, 0x00, 0xF0, 0x1F,
    0xC3, 0x0C, 0x1F, 0xC0, 0xF8, 0x3F, 0xE0, 0x98, 0x1F, 0xC0, 0x0C, 0x00, 0xC0, 0x04, 0x00, 0x00,
    0xF8, 0x1F, 0xC3, 0x0C, 0x1F, 0xC0, 0xF0, 0x3F, 0xE0, 0x58, 0x15, 0x81, 0x00, 0x1F, 0xC0, 0x00,
    0x00, 0x00, 0xF0, 0x1F, 0xC3, 0x0C, 0x1F, 0x83, 0xFE, 0x3F, 0xE1, 0xFC, 0x1F, 0xC1, 0xFC, 0x1F,
    0xC1, 0xFC, 0x00, 0x00, 0xF0, 0x1F, 0xC3, 0x0C, 0x1F, 0xC0, 0xF0, 0x3F, 0xE0, 0xF8, 0x1F, 0xC1,
    0x04, 0x1F, 0xC1, 0xFC, 0x00, 0x00, 0xF0, 0x1F, 0xC3, 0x0C, 0x1F, 0xC0, 0xF8, 0x3F, 0xE0, 0xD8,
    0x1F, 0xC1, 0xFC, 0x1E, 0xC1, 0xFC, 0x00, 0x00, 0xF0, 0x1F, 0xC3, 0x0C, 0x1F, 0xC0, 0xF8, 0x3F,
    0xE1, 0x98, 0x0E, 0x80, 0x70, 0x1D, 0xC1, 0x04, 0x00, 0x00, 0xF0, 0x1F, 0xC3, 0x04, 0x1F, 0xC0,
    0x70, 0x3F, 0xE0, 0xF8, 0x1F, 0xC1, 0x04, 0x1F, 0xC0, 0xF8, 0x00, 0x00, 0xF0, 0x1F, 0xC3, 0x0C,
    0x1F, 0x83, 0xFE, 0x3F, 0xE0, 0xA8, 0x1F, 0xC0, 0x70, 0x1D, 0xC1, 0x04, 0x00, 0x00, 0x00, 0x07,
    0x01, 0xFC, 0x10, 0x41, 0x04, 0x18, 0xC0, 0xF8, 0x00, 0x03, 0x8E, 0x3F, 0xE0, 0x00, 0x00, 0x00,
    0xF8, 0x1F, 0xC1, 0x04, 0x1F, 0xC0, 0x70, 0x3F, 0xE0, 0x00, 0x1F, 0xC0, 0x04, 0x00, 0x40, 0x00,
    0x00, 0x00, 0xF8, 0x1F, 0xC1, 0x04, 0x1F, 0xC0, 0x70, 0x3F, 0xE1, 0x00, 0x10, 0x01, 0xA0, 0x1F,
    0xC0, 0x00, 0x00, 0x00, 0x70, 0x1F, 0xC1, 0x04, 0x1F, 0xC3, 0xFE, 0x3F, 0xE1, 0xFC, 0x1F, 0xC1,
    0xFC, 0x1F, 0xC1, 0xFC, 0x00, 0x00, 0xF8, 0x18, 0xC1, 0xDC, 0x0F, 0x83, 0xFE, 0x3F, 0xE1, 0xFC,
    0x1D, 0xC1, 0xDC, 0x1F, 0xE0, 0x00, 0x00, 0x00, 0x70, 0x1F, 0xC1, 0x04, 0x1F, 0xC0, 0xF8, 0x3F,
    0xE0, 0x00, 0x1F, 0xC1, 0x04, 0x1F, 0xC1, 0xFC, 0x00, 0x00, 0x70, 0x1F, 0xC1, 0x04, 0x1F, 0xC0,
    0x70, 0x3F, 0xE1, 0x04, 0x1F, 0xC1, 0x8C, 0x1F, 0xC1, 0xFC, 0x00, 0x00, 0xF8, 0x1F, 0xC1, 0x04,
    0x1F, 0xC0, 0x70, 0x3F, 0xE0, 0x20, 0x06, 0x00, 0xF8, 0x18, 0xC0, 0x00, 0x00, 0x00, 0x70, 0x1F,
    0xC1, 0x04, 0x1F, 0xC0, 0x78, 0x3F, 0xE3, 0xFE, 0x1F, 0xC1, 0x84, 0x1F, 0xC0, 0xF8, 0x00, 0x00,
    0x70, 0x1F, 0xC1, 0x04, 0x1F, 0xC0, 0x70, 0x3F, 0xE1, 0xFC, 0x1F, 0xC0, 0x70, 0x1D, 0xC0, 0x00,
    0x00, 0x00, 0x78, 0x1F, 0xC1, 0x04, 0x1F, 0xC0, 0x70, 0x3F, 0xE0, 0x20, 0x1F, 0xC0, 0x70, 0x1D,
    0xC1, 0x04, 0x00, 0x00, 0x70, 0x1F, 0xC1, 0x04, 0x1F, 0xC0, 0x70, 0x3F, 0xE1, 0xF8, 0x1F, 0xC1,
    0xFC, 0x1F, 0xC0, 0x04, 0x00, 0x00, 0x70, 0x1F, 0xC1, 0x04, 0x1F, 0xC0, 0xF8, 0x3F, 0xE1, 0xFC,
    0x1F, 0xC1, 0xFC, 0x1F, 0xC1, 0xFC, 0x00, 0x00, 0x70, 0x1F, 0xC1, 0x04, 0x1F, 0xC0, 0xF8, 0x3F,
    0xE0, 0x00, 0x1F, 0xC0, 0xD8, 0x1F, 0xC1, 0xFC, 0x00, 0x00, 0x70, 0x1F, 0xC1, 0x04, 0x1F, 0xC3,
    0xFE, 0x3F, 0xE0, 0x20, 0x1F, 0xC1, 0xF8, 0x18, 0xC0, 0xF8, 0x00, 0x00, 0x02, 0x0E, 0x61, 0xF6,
    0x31, 0xE1, 0xB6, 0x1F, 0x60, 0x06, 0x3F, 0xE1, 0xC6, 0x00, 0x60, 0x02, 0x00, 0x00, 0x04, 0x1F,
    0x43, 0x14, 0x1B, 0x40, 0xE4, 0x3F, 0xC3, 0xE4, 0x08, 0x41, 0x80, 0x1F, 0xE0, 0xFE, 0x00, 0x00,
    0xC4, 0x1F, 0x43, 0x14, 0x1F, 0x41, 0xF4, 0x3F, 0x40, 0xFC, 0x0F, 0xC1, 0xFC, 0x1F, 0xC0, 0xFE,
    0x00, 0x00, 0x62, 0x1F, 0x61, 0x1E, 0x1F, 0x60, 0xE6, 0x3F, 0xE0, 0x06, 0x0F, 0xE0, 0x86, 0x0F,
    0xE0, 0xFE, 0x00, 0x00, 0x44, 0x1F, 0x43, 0x14, 0x1F, 0x40, 0xE4, 0x3F, 0xC1, 0xE4, 0x03, 0x40,
    0x78, 0x1C, 0xC1, 0x84, 0x00, 0x00, 0x04, 0x1C, 0x41, 0xE4, 0x33, 0x43, 0x34, 0x33, 0x43, 0x24,
    0x1E, 0x40, 0x84, 0x00, 0x40, 0x04, 0x00, 0x00, 0x04, 0x1E, 0x43, 0x34, 0x23, 0x43, 0x64, 0x1E,
    0x40, 0x04, 0x1F, 0xC0, 0x04, 0x00, 0x40, 0x04, 0x00, 0x00, 0x04, 0x1E, 0x43, 0x64, 0x33, 0x43,
    0x34, 0x1E, 0x40, 0x84, 0x18, 0x41, 0x80, 0x1F, 0xC0, 0xFE, 0x00, 0x00, 0xC4, 0x1E, 0x43, 0x34,
    0x33, 0x41, 0xE4, 0x0C, 0x40, 0xFC, 0x0F, 0xC1, 0xFC, 0x1F, 0xC0, 0xFE, 0x00, 0x01, 0xC4, 0x3E,
    0x43, 0x34, 0x33, 0x41, 0xE4, 0x1D, 0xC1, 0xFC, 0x1E, 0x41, 0x84, 0x1E, 0x40, 0x00, 0x00, 0x00,
    0x04, 0x1E, 0x43, 0x34, 0x33, 0x41, 0xE4, 0x0C, 0x41, 0xFC, 0x0F, 0x41, 0xF4, 0x1F, 0xC1, 0xFC,
    0x00, 0x01, 0xCC, 0x36, 0xC2, 0x2C, 0x36, 0xC1, 0xCC, 0x1D, 0x81, 0xFC, 0x1D, 0xC3, 0x34, 0x1F,
    0xC0, 0x00, 0x00, 0x00, 0x04, 0x1E, 0x43, 0x34, 0x33, 0x43, 0xE4, 0x1C, 0x40, 0x04, 0x1F, 0xC1,
    0x84, 0x1F, 0xC0, 0xFC, 0x00, 0x00, 0x04, 0x1E, 0x43, 0x34, 0x33, 0x43, 0xE4, 0x0C, 0x40, 0x04,
    0x1F, 0xC1, 0x84, 0x1F, 0xC0, 0xFC, 0x00, 0x00, 0x04, 0x3C, 0xC3, 0x6C, 0x22, 0xC3, 0x6C, 0x1C,
    0xC0, 0x2C, 0x02, 0x00, 0x70, 0x1D, 0xC1, 0x04, 0x00, 0x00, 0x04, 0x3C, 0xC2, 0x6C, 0x22, 0xC3,
    0xEC, 0x1C, 0xC0, 0x88, 0x09, 0x81, 0xD8, 0x37, 0x60, 0x20, 0x00, 0x00, 0x04, 0x1E, 0x43, 0x34,
    0x23, 0x43, 0x64, 0x1E, 0x40, 0x7C, 0x0F, 0xC1, 0x86, 0x0F, 0xC0, 0x78, 0x00, 0x00, 0x04, 0x3C,
    0xC2, 0x6C, 0x22, 0xC3, 0xEC, 0x1C, 0x41, 0xFC, 0x1F, 0xC0, 0x70, 0x1D, 0xC0, 0x00, 0x00, 0x00,
    0x04, 0x3C, 0x42, 0x64, 0x22, 0x43, 0xE4, 0x1C, 0x41, 0xFC, 0x1F, 0xC0, 0xC8, 0x1F, 0xC1, 0xFC,
    0x00, 0x00, 0x04, 0x3E, 0xC3, 0xEC, 0x0C, 0xC0, 0xCE, 0x0C, 0xE1, 0xEC, 0x33, 0xC2, 0x0C, 0x00,
    0xC0, 0x0C, 0x00, 0x00, 0x08, 0x3E, 0xC0, 0x8C, 0x18, 0xE1, 0xCC, 0x36, 0xC2, 0x28, 0x1F, 0x80,
    0x0C, 0x00, 0xC0, 0x08, 0x00, 0x00, 0x04, 0x3E, 0xC3, 0xEC, 0x08, 0xE1, 0xCE, 0x36, 0xC2, 0x2C,
    0x10, 0xC1, 0x00, 0x1F, 0xC1, 0xFC, 0x00, 0x03, 0xEC, 0x3E, 0xC0, 0xCE, 0x1E, 0xC3, 0x2C, 0x21,
    0x81, 0x7C, 0x33, 0xC3, 0x2C, 0x1F, 0xC0, 0x00, 0x00, 0x00, 0x0C, 0x3E, 0xC0, 0xCE, 0x0C, 0xE1,
    0xEC, 0x32, 0xC0, 0x0C, 0x1F, 0xC1, 0x00, 0x1F, 0xC1, 0xFC, 0x00, 0x00, 0x04, 0x3F, 0xC0, 0xCE,
    0x0C, 0xE3, 0x7C, 0x33, 0x41, 0xFC, 0x0F, 0xC1, 0xF8, 0x1F, 0xC1, 0xFC, 0x00, 0x00, 0x08, 0x3E,
    0xC0, 0x8E, 0x1C, 0xE3, 0x6C, 0x62, 0xC3, 0xF8, 0x1E, 0xC3, 0xEC, 0x3F, 0xC3, 0xF8, 0x00, 0x00,
    0x08, 0x3E, 0xC0, 0x8C, 0x1C, 0xE3, 0xE8, 0x62, 0xC0, 0x08, 0x3F, 0xC3, 0x0C, 0x3F, 0xC1, 0xF8,
    0x00, 0x00, 0x08, 0x3E, 0xC0, 0x8C, 0x1C, 0xE3, 0xEC, 0x66, 0xC0, 0x08, 0x3F, 0xC3, 0x6C, 0x3F,
    0xC1, 0xF8, 0x00, 0x00, 0x08, 0x3E, 0xC3, 0xEC, 0x08, 0xE1, 0xCC, 0x36, 0xC2, 0x2C, 0x06, 0x80,
    0x70, 0x1D, 0xC1, 0x0C, 0x00, 0x00, 0x08, 0x3E, 0xC0, 0x8C, 0x1C, 0xE3, 0xE8, 0x62, 0xC0, 0x88,
    0x19, 0x81, 0xD8, 0x37, 0xC0, 0x20, 0x00, 0x00, 0x0C, 0x3F, 0xC0, 0xCE, 0x0C, 0xE1, 0xEC, 0x33,
    0xC0, 0x00, 0x1F, 0x81, 0x8C, 0x1F, 0xC0, 0xF8, 0x00, 0x00, 0x08, 0x3E, 0xC0, 0x8C, 0x1C, 0xE3,
    0xE8, 0x62, 0xC0, 0x08, 0x1F, 0xC0, 0x60, 0x1D, 0x81, 0x8C, 0x00, 0x00, 0x02, 0x3F, 0xA1, 0xFA,
    0x0D, 0xA0, 0xDE, 0x0C, 0xE1, 0xEA, 0x33, 0xA2, 0x1A, 0x00, 0xA0, 0x02, 0x00, 0x00, 0x02, 0x3F,
    0xE1, 0xDE, 0x0D, 0xE1, 0xDE, 0x37, 0xE0, 0x1E, 0x0F, 0xE0, 0x06, 0x00, 0x60, 0x02, 0x00, 0x00,
    0x02, 0x3F, 0xE1, 0xFA, 0x0D, 0xE0, 0xDE, 0x1F, 0xA3, 0x3A, 0x09, 0xE0, 0x80, 0x0F, 0xE0, 0xFE,
    0x00, 0x00, 0x14, 0x3F, 0x60, 0x9C, 0x1D, 0xC3, 0x76, 0x23, 0xC0, 0xFC, 0x00, 0x61, 0xFC, 0x1F,
    0xE0, 0xFE, 0x00, 0x00, 0x0A, 0x3F, 0xE1, 0xDE, 0x0D, 0xE1, 0xFA, 0x33, 0xE0, 0x1E, 0x0F, 0xE0,
    0x86, 0x0F, 0xE0, 0xFE, 0x00, 0x00, 0x02, 0x3F, 0xE0, 0xDE, 0x0D, 0xE1, 0xFA, 0x33, 0xE0, 0x82,
    0x0F, 0xE0, 0xD6, 0x0F, 0xE0, 0xFE, 0x00, 0x00, 0x16, 0x3F, 0x60, 0x9E, 0x19, 0xE1, 0xD6, 0x37,
    0xE0, 0x16, 0x03, 0x00, 0x78, 0x1C, 0xE0, 0x00, 0x00, 0x00, 0x14, 0x3F, 0x61, 0xDE, 0x09, 0xE1,
    0xD6, 0x37, 0x60, 0x0C, 0x0C, 0xC0, 0xDC, 0x17, 0x60, 0x00, 0x00, 0x00, 0x04, 0x3F, 0xE1, 0xDE,
    0x09, 0xE1, 0xDE, 0x37, 0x60, 0x14, 0x0F, 0xC1, 0x86, 0x0F, 0xC0, 0x78, 0x00, 0x00, 0x0C, 0x3F,
    0xC3, 0xEE, 0x0C, 0xE0, 0xCC, 0x0C, 0xC1, 0xEF, 0x33, 0xC2, 0x0C, 0x00, 0xC0, 0x04, 0x00, 0x00,
    0x08, 0x3E, 0xC0, 0x8E, 0x18, 0xC1, 0xCE, 0x36, 0xC0, 0x08, 0x1F, 0x80, 0x0C, 0x00, 0xC0, 0x08,
    0x00, 0x00, 0x0C, 0x3E, 0xC1, 0x8E, 0x08, 0xC1, 0xCE, 0x36, 0xE2, 0x0C, 0x10, 0xC1, 0x00, 0x1F,
    0xC1, 0xFC, 0x00, 0x03, 0xE8, 0x3E, 0xE0, 0x8C, 0x1C, 0xE3, 0x68, 0x21, 0x03, 0x7C, 0x33, 0x83,
    0x6C, 0x3F, 0x80, 0x00, 0x00, 0x00, 0x08, 0x3E, 0xC0, 0x8E, 0x1C, 0xC3, 0x6E, 0x62, 0x81, 0xF8,
    0x1F, 0xC3, 0xF8, 0x3F, 0x81, 0xFC, 0x00, 0x00, 0x08, 0x3E, 0xC0, 0x8E, 0x18, 0xC1, 0xCE, 0x76,
    0xC0, 0x28, 0x1F, 0xC3, 0x0C, 0x3F, 0xC1, 0xF8, 0x00, 0x00, 0x08, 0x3E, 0xC0, 0x8E, 0x18, 0x81,
    0xCE, 0x76, 0xC0, 0x28, 0x1F, 0x83, 0x0C, 0x1F, 0x80, 0xF0, 0x00, 0x00, 0x12, 0x3D, 0xE3, 0xDE,
    0x09, 0xE0, 0x92, 0x1D, 0xE1, 0xDE, 0x37, 0xE0, 0x1E, 0x01, 0x60, 0x02, 0x00, 0x00, 0x0A, 0x3F,
    0xA1, 0xDE, 0x0D, 0xE1, 0xDE, 0x37, 0xE3, 0x1A, 0x08, 0xA0, 0x80, 0x0F, 0xE0, 0xFE, 0x00, 0x00,
    0x14, 0x3F, 0xC0, 0x9C, 0x1D, 0xC3, 0xFC, 0x37, 0x40, 0xFC, 0x00, 0x61, 0xFC, 0x1F, 0xE0, 0xFE,
    0x00, 0x00, 0x02, 0x1F, 0x61, 0xF6, 0x04, 0x60, 0xDE, 0x0E, 0x61, 0xA6, 0x33, 0x62, 0x06, 0x00,
    0x60, 0x02, 0x00, 0x00, 0x02, 0x1F, 0x60, 0x46, 0x0C, 0xE0, 0xE6, 0x3B, 0x61, 0x16, 0x0F, 0xE0,
    0x06, 0x00, 0x60, 0x02, 0x00, 0x00, 0x04, 0x3F, 0x41, 0xE4, 0x0D, 0xC1, 0xE4, 0x33, 0x42, 0x04,
    0x18, 0x41, 0x80, 0x1F, 0xC0, 0xFE, 0x00, 0x00, 0x04, 0x3F, 0x40, 0xDC, 0x0D, 0xC3, 0xF4, 0x33,
    0x40, 0xFC, 0x0F, 0xC1, 0xFC, 0x1F, 0xC0, 0xFE, 0x00, 0x00, 0x02, 0x1F, 0x60, 0x4E, 0x0E, 0xE1,
    0xB6, 0x31, 0x60, 0xFE, 0x0F, 0xE1, 0xDA, 0x1F, 0xE0, 0xFE, 0x00, 0x00, 0x04, 0x3F, 0x60, 0xDE,
    0x0D, 0xE1, 0xE6, 0x33, 0x60, 0x04, 0x1F, 0xE1, 0x86, 0x1F, 0xE0, 0xFC, 0x00, 0x00, 0x06, 0x1F,
    0x60, 0x4E, 0x0E, 0xE1, 0xF6, 0x31, 0x60, 0x82, 0x0F, 0xE0, 0xD6, 0x0F, 0xE0, 0xFE, 0x00, 0x00,
    0x04, 0x3F, 0x60, 0xCE, 0x0D, 0xE1, 0xE6, 0x33, 0x60, 0x26, 0x03, 0x00, 0x78, 0x1C, 0xE1, 0x02,
    0x00, 0x00, 0x04, 0x3F, 0x60, 0xC6, 0x0D, 0xE1, 0xE6, 0x33, 0x62, 0x14, 0x0F, 0xC1, 0x86, 0x0F,
    0xC0, 0x78, 0x00, 0x00, 0x04, 0x3F, 0x60, 0xCE, 0x0D, 0xE1, 0xE6, 0x33, 0x60, 0xFE, 0x0F, 0xC0,
    0x78, 0x0C, 0xE0, 0x00, 0x00, 0x00, 0x02, 0x3E, 0xA1, 0xEA, 0x0C, 0xA0, 0xFA, 0x0C, 0xA1, 0xEA,
    0x33, 0xA2, 0x0A, 0x00, 0xA0, 0x02, 0x00, 0x00, 0x02, 0x3E, 0xE0, 0xCE, 0x0D, 0xE1, 0xCE, 0x36,
    0xE0, 0x1E, 0x0F, 0xE0, 0x06, 0x00, 0x60, 0x02, 0x00, 0x00, 0x02, 0x3F, 0xE1, 0xCE, 0x0F, 0xE1,
    0xDE, 0x36, 0xE2, 0x1E, 0x08, 0xE0, 0x80, 0x0F, 0xE0, 0xFE, 0x00, 0x00, 0x14, 0x3D, 0xE0, 0xBC,
    0x1F, 0xC3, 0x5E, 0x27, 0xC0, 0xFC, 0x00, 0x61, 0xFC, 0x1F, 0xE0, 0xFE, 0x00, 0x00, 0x0A, 0x3E,
    0xE0, 0xFE, 0x0D, 0xE1, 0xEE, 0x32, 0xE0, 0x1E, 0x0F, 0xE0, 0x86, 0x0F, 0xE0, 0xFE, 0x00, 0x00,
    0x0A, 0x3E, 0xE0, 0xDE, 0x0D, 0xE1, 0xEE, 0x33, 0xE0, 0x82, 0x0F, 0xE0, 0xD6, 0x0F, 0xE0, 0xFE,
    0x00, 0x00, 0x04, 0x3F, 0xE1, 0xDC, 0x0B, 0xC1, 0xDC, 0x37, 0xC2, 0x14, 0x03, 0x00, 0x78, 0x1C,
    0xE1, 0x84, 0x00, 0x00, 0x14, 0x3D, 0xE1, 0xFC, 0x0B, 0xC1, 0xDC, 0x37, 0xE0, 0x14, 0x0F, 0xC1,
    0x84, 0x0F, 0xC0, 0x78, 0x00, 0x00, 0x02, 0x1F, 0x61, 0xF6, 0x04, 0xE0, 0xC6, 0x0E, 0xE1, 0xBE,
    0x3B, 0x63, 0x06, 0x00, 0x60, 0x02, 0x00, 0x00, 0x04, 0x3F, 0x40, 0xDC, 0x0D, 0xC0, 0xDC, 0x1F,
    0xC3, 0x34, 0x08, 0x41, 0x80, 0x1F, 0xC0, 0xFE, 0x00, 0x00, 0x04, 0x3F, 0x40, 0xDC, 0x0D, 0xC3,
    0x7C, 0x33, 0x40, 0xFC, 0x0F, 0xC1, 0xFC, 0x1F, 0xC0, 0xFE, 0x00, 0x00, 0x04, 0x3F, 0x60, 0xDC,
    0x0C, 0x41, 0xFC, 0x33, 0x62, 0x34, 0x1F, 0xC1, 0x86, 0x1F, 0xE0, 0xFC, 0x00, 0x00, 0x02, 0x1F,
    0x60, 0x4E, 0x0E, 0xE1, 0xFE, 0x33, 0x20, 0x82, 0x0F, 0xE0, 0xD6, 0x0F, 0xE0, 0xFE, 0x00, 0x00,
    0x04, 0x3E, 0xC0, 0x9C, 0x19, 0xC1, 0xDC, 0x36, 0xC0, 0x0C, 0x09, 0x81, 0x98, 0x37, 0xE2, 0x20,
    0x00, 0x00, 0x04, 0x3F, 0x60, 0xDE, 0x0C, 0xE1, 0xFE, 0x33, 0x62, 0x14, 0x0F, 0xC1, 0x86, 0x0F,
    0xC0, 0x78, 0x00, 0x00, 0x02, 0x3F, 0xA1, 0xEA, 0x0D, 0xA0, 0xDA, 0x0F, 0xA1, 0xEA, 0x33, 0xA0,
    0x0A, 0x00, 0xA0, 0x02, 0x00, 0x00, 0x00, 0x1F, 0xC1, 0xFC, 0x07, 0x00, 0xD8, 0x38, 0xE0, 0x20,
    0x02, 0x03, 0xFE, 0x3D, 0xE0, 0x00, 0x00, 0x01, 0xFC, 0x17, 0xC0, 0xF0, 0x3B, 0xC0, 0x20, 0x3F,
    0xE0, 0x00, 0x1F, 0xC0, 0x0C, 0x00, 0xC0, 0x00, 0x00, 0x01, 0xFC, 0x1F, 0xC0, 0x70, 0x1D, 0xC1,
    0x24, 0x3F, 0xE3, 0xFE, 0x10, 0x01, 0x00, 0x1F, 0xC0, 0x00, 0x00, 0x01, 0xFC, 0x1F, 0xC0, 0x70,
    0x1D, 0xC1, 0x26, 0x3F, 0xE1, 0xFC, 0x0F, 0xC1, 0xFC, 0x1F, 0xC1, 0xFC, 0x00, 0x01, 0xFC, 0x1F,
    0xC0, 0xF8, 0x3A, 0xC3, 0xFE, 0x3F, 0xE1, 0xFC, 0x1F, 0x43, 0xB4, 0x1F, 0xC0, 0x00, 0x00, 0x01,
    0xFC, 0x1F, 0xC0, 0xF8, 0x1E, 0xE1, 0x20, 0x3F, 0xE1, 0xFC, 0x1F, 0xC1, 0x04, 0x1F, 0xC0, 0x00,
    0x00, 0x01, 0xFC, 0x1F, 0xC0, 0xF8, 0x1A, 0xE3, 0xFE, 0x3F, 0xE1, 0x04, 0x1F, 0xC1, 0x84, 0x1F,
    0xC0, 0x00, 0x00, 0x01, 0xFC, 0x1F, 0xC0, 0xF8, 0x3B, 0xC0, 0x20, 0x3F, 0xE0, 0x20, 0x06, 0x00,
    0xF8, 0x18, 0xC0, 0x00, 0x00, 0x01, 0xFC, 0x1F, 0xC0, 0xF8, 0x1E, 0xE0, 0x20, 0x3F, 0xE0, 0x78,
    0x1F, 0xC1, 0x84, 0x0F, 0xC0, 0x00, 0x00, 0x01, 0xFC, 0x1F, 0xC0, 0xF8, 0x1A, 0xC3, 0xFE, 0x3F,
    0xE1, 0xFC, 0x1F, 0xC0, 0x70, 0x1D, 0xC0, 0x00, 0x00, 0x01, 0xFC, 0x1F, 0xC0, 0xF8, 0x1A, 0xC3,
    0xFE, 0x3F, 0xE1, 0xFC, 0x1F, 0xC0, 0xF8, 0x18, 0xC0, 0x00, 0x00, 0x01, 0xFC, 0x1F, 0xC0, 0xF0,
    0x1A, 0xC3, 0xFE, 0x3F, 0xE0, 0x20, 0x1F, 0xC1, 0xF8, 0x19, 0x80, 0xF0, 0x00, 0x00, 0x08, 0x3E,
    0xC3, 0xEC, 0x0C, 0x83, 0x6E, 0x2A, 0xE0, 0x88, 0x7F, 0xC3, 0x0C, 0x00, 0xC0, 0x08, 0x00, 0x00,
    0x08, 0x3E, 0xC0, 0xCC, 0x3E, 0xE2, 0xAC, 0x3F, 0xC3, 0xCC, 0x1F, 0x80, 0x0C, 0x00, 0xC0, 0x08,
    0x00, 0x00, 0x08, 0x3E, 0xC1, 0xCC, 0x3E, 0xE2, 0xAC, 0x7E, 0xC1, 0xF8, 0x1F, 0xC1, 0xF8, 0x3F,
    0xC1, 0xFC, 0x00, 0x00, 0x08, 0x3E, 0xC1, 0xCC, 0x3E, 0xE2, 0xAC, 0x7F, 0xC0, 0x08, 0x3F, 0xC3,
    0xFC, 0x36, 0xC1, 0xF8, 0x00, 0x03, 0xEC, 0x3E, 0xC1, 0xCC, 0x3E, 0xE2, 0xAC, 0x7F, 0xC0, 0x2C,
    0x06, 0x00, 0xF0, 0x39, 0xC0, 0x00, 0x00, 0x00, 0x08, 0x3E, 0xC0, 0xC8, 0x3E, 0xE2, 0xAC, 0x3F,
    0x83, 0xE8, 0x1F, 0x83, 0x08, 0x1F, 0x80, 0xF0, 0x00, 0x00, 0x02, 0x3F, 0xE1, 0xDE, 0x0D, 0xE1,
    0xFE, 0x3F, 0xE0, 0x92, 0x3F, 0xE3, 0xDE, 0x01, 0xE0, 0x02, 0x00, 0x00, 0x14, 0x3F, 0x61, 0x94,
    0x3D, 0xC3, 0xF4, 0x3F, 0x63, 0x94, 0x09, 0x81, 0xD8, 0x3F, 0xE2, 0x22, 0x00, 0x00, 0x12, 0x3F,
    0xE0, 0xDE, 0x3F, 0xE2, 0x9E, 0x3F, 0xE3, 0xFE, 0x0F, 0xC1, 0x86, 0x0F, 0xE0, 0x7C, 0x00, 0x00,
    0x02, 0x1F, 0x61, 0xF6, 0x06, 0x61, 0xB6, 0x35, 0xE0, 0x46, 0x3F, 0xE1, 0xF6, 0x00, 0x60, 0x02,
    0x00, 0x00, 0x04, 0x1F, 0x40, 0xC4, 0x0E, 0x43, 0xF4, 0x0D, 0x43, 0xF4, 0x00, 0x41, 0x80, 0x1F,
    0xC0, 0xFE, 0x00, 0x00, 0x04, 0x1F, 0x40, 0xE4, 0x1F, 0x41, 0xD4, 0x3F, 0x40, 0xFC, 0x0F, 0xC1,
    0xFC, 0x1F, 0xE0, 0xFE, 0x00, 0x00, 0x02, 0x1F, 0x60, 0x66, 0x1F, 0x61, 0x56, 0x1F, 0xE1, 0x82,
    0x0F, 0xE0, 0xC6, 0x0F, 0xE0, 0xFE, 0x00, 0x00, 0x02, 0x1F, 0x60, 0x66, 0x1F, 0x61, 0x66, 0x1F,
    0xE0, 0x82, 0x0F, 0xE0, 0xFE, 0x0F, 0x60, 0xFE, 0x00, 0x00, 0x04, 0x3F, 0x40, 0xC4, 0x1F, 0x43,
    0xD4, 0x3F, 0x43, 0xF4, 0x02, 0x40, 0x70, 0x1D, 0xC1, 0x04, 0x00, 0x00, 0x04, 0x1F, 0x40, 0xC4,
    0x1F, 0x41, 0x54, 0x3F, 0xC3, 0x34, 0x0F, 0xC1, 0x84, 0x0F, 0xC0, 0x78, 0x00, 0x00, 0x00, 0x3F,
    0xC1, 0xFC, 0x06, 0x00, 0xD8, 0x38, 0xC0, 0x98, 0x09, 0x83, 0xFE, 0x00, 0x00, 0x00, 0x00, 0x03,
    0xFC, 0x1F, 0xC0, 0xF0, 0x39, 0xC0, 0xD8, 0x3F, 0xE0, 0x00, 0x3F, 0xC0, 0x0C, 0x00, 0xC0, 0x00,
    0x00, 0x03, 0xFC, 0x1F, 0xC0, 0xF0, 0x39, 0xC0, 0x98, 0x7F, 0xE3, 0x6C, 0x10, 0x03, 0x00, 0x1F,
    0xC0, 0x00, 0x00, 0x03, 0xFC, 0x1F, 0xC0, 0xF0, 0x39, 0xC0, 0xD8, 0x7F, 0xE0, 0xF0, 0x1F, 0xC3,
    0x0C, 0x1F, 0x80, 0x00, 0x00, 0x01, 0xFC, 0x1F, 0xC0, 0x70, 0x1D, 0xC1, 0x04, 0x3F, 0xE3, 0xFE,
    0x02, 0x00, 0x20, 0x02, 0x00, 0x00, 0x00, 0x01, 0xFC, 0x17, 0xC0, 0xF8, 0x18, 0xC3, 0xFE, 0x3F,
    0xE0, 0x20, 0x1F, 0xC0, 0x0C, 0x00, 0xC0, 0x00, 0x00, 0x01, 0xFC, 0x1F, 0xC0, 0x70, 0x1D, 0xC1,
    0x04, 0x3F, 0xE0, 0x20, 0x12, 0x01, 0x00, 0x1F, 0xC0, 0x00, 0x00, 0x01, 0xFC, 0x1F, 0xC0, 0xF8,
    0x18, 0xE3, 0xFE, 0x3F, 0xE1, 0xFC, 0x1F, 0xC1, 0xFC, 0x1F, 0xC1, 0xFC, 0x00, 0x01, 0xFC, 0x1F,
    0xC0, 0xF8, 0x38, 0xC3, 0xFE, 0x16, 0x01, 0xFC, 0x1C, 0xC3, 0xCC, 0x1E, 0xC0, 0x00, 0x00, 0x01,
    0xFC, 0x1F, 0xC0, 0xF8, 0x38, 0xE3, 0xFE, 0x1E, 0x81, 0xFC, 0x1F, 0x43, 0xB4, 0x1F, 0xC0, 0x00,
    0x00, 0x01, 0xFC, 0x1F, 0xC0, 0xF8, 0x18, 0xE3, 0xFE, 0x3F, 0xE1, 0xFC, 0x1F, 0xC1, 0x04, 0x1F,
    0xC0, 0x00, 0x00, 0x01, 0xFC, 0x1F, 0xC0, 0xF8, 0x18, 0xE3, 0xFE, 0x3F, 0xE1, 0x24, 0x1F, 0xC1,
    0x84, 0x1F, 0xC0, 0x00, 0x00, 0x01, 0xFC, 0x1F, 0xC0, 0xF8, 0x18, 0xC3, 0xFE, 0x3F, 0xE0, 0x20,
    0x02, 0x00, 0xF8, 0x1D, 0xC0, 0x00, 0x00, 0x01, 0xFC, 0x1F, 0xC0, 0xF8, 0x18, 0xE3, 0xFE, 0x3F,
    0xE0, 0x78, 0x1F, 0xC1, 0x84, 0x0F, 0xC0, 0x00, 0x00, 0x00, 0x02, 0x1F, 0x60, 0x46, 0x1F, 0x61,
    0x96, 0x3F, 0xE3, 0xF6, 0x05, 0xE0, 0x46, 0x04, 0x60, 0x02, 0x00, 0x00, 0x04, 0x3F, 0x40, 0xE4,
    0x33, 0x43, 0xF4, 0x0D, 0xC0, 0x5C, 0x0C, 0x80, 0xDC, 0x1F, 0xE0, 0x22, 0x00, 0x00, 0x02, 0x3F,
    0xE0, 0xDE, 0x1C, 0xE3, 0x7E, 0x3F, 0xE3, 0xFE, 0x0B, 0xE0, 0x8E, 0x08, 0xE0, 0x02, 0x00, 0x00,
    0x02, 0x1F, 0x60, 0x46, 0x0F, 0x61, 0x96, 0x3F, 0xE3, 0xF6, 0x04, 0x60, 0x46, 0x04, 0x60, 0x02,
    0x00, 0x00, 0x02, 0x1F, 0xE0, 0x66, 0x1F, 0x61, 0x9E, 0x1F, 0xE0, 0x62, 0x0F, 0xE0, 0x5E, 0x00,
    0x60, 0x02, 0x00, 0x00, 0x04, 0x1F, 0x40, 0xC4, 0x1F, 0x43, 0x14, 0x3F, 0xC3, 0xE4, 0x14, 0x41,
    0x00, 0x1F, 0xC1, 0xFC, 0x00, 0x00, 0x04, 0x1F, 0x40, 0xE4, 0x1B, 0x43, 0xFC, 0x3F, 0x40, 0xFC,
    0x0F, 0xC1, 0xFC, 0x1F, 0xE0, 0xFE, 0x00, 0x00, 0x02, 0x1F, 0xE0, 0x66, 0x1F, 0x61, 0x9E, 0x3F,
    0xE0, 0x66, 0x0F, 0xE0, 0x86, 0x0F, 0xE0, 0xFE, 0x00, 0x00, 0x02, 0x1F, 0x60, 0x66, 0x1B, 0xE1,
    0x9E, 0x1F, 0xE0, 0x60, 0x0F, 0xE0, 0xFE, 0x0F, 0x60, 0xFE, 0x00, 0x00, 0x04, 0x3F, 0x40, 0xC4,
    0x1F, 0x43, 0x14, 0x3F, 0xC0, 0xC4, 0x0F, 0x40, 0x38, 0x1C, 0xE1, 0x86, 0x00, 0x01, 0xFC, 0x1F,
    0xC0, 0x70, 0x1D, 0xC1, 0x0C, 0x3F, 0xE3, 0xFE, 0x09, 0x80, 0x98, 0x09, 0x80, 0x00, 0x00, 0x01,
    0xFC, 0x1F, 0xC0, 0x70, 0x1D, 0xC1, 0x06, 0x3F, 0xE0, 0x58, 0x14, 0x81, 0x00, 0x1F, 0xC0, 0x00,
    0x00, 0x03, 0xFC, 0x1F, 0xC0, 0xF0, 0x39, 0xC3, 0xFE, 0x7F, 0xE1, 0xFC, 0x1F, 0xC1, 0xFC, 0x3F,
    0xC1, 0xFC, 0x00, 0x03, 0xFC, 0x17, 0xC0, 0xF0, 0x39, 0xC7, 0xFE, 0x3F, 0xE0, 0xD8, 0x3F, 0xC3,
    0x04, 0x3F, 0xC0, 0x00, 0x00, 0x00, 0x00, 0x1F, 0xC1, 0xFC, 0x02, 0x00, 0x70, 0x1D, 0xC3, 0x06,
    0x00, 0x03, 0xFE, 0x00, 0x00, 0x00, 0x00, 0x01, 0xFC, 0x1F, 0xC0, 0xF8, 0x18, 0xC3, 0xFE, 0x3F,
    0xE1, 0xFC, 0x1F, 0xC0, 0x04, 0x00, 0x40, 0x00, 0x00, 0x01, 0xFC, 0x1F, 0xC0, 0x70, 0x1D, 0xC1,
    0x04, 0x3F, 0xE1, 0x00, 0x10, 0x01, 0xA8, 0x1F, 0xC0, 0x00, 0x00, 0x01, 0xFC, 0x1F, 0xC0, 0xF8,
    0x38, 0xE3, 0xFE, 0x1F, 0x81, 0xFC, 0x1F, 0xC1, 0xF8, 0x1F, 0xC0, 0x00, 0x00, 0x01, 0xFC, 0x1F,
    0xC0, 0xF8, 0x18, 0xC3, 0xFE, 0x3F, 0xE1, 0xFC, 0x1F, 0xC1, 0x04, 0x1F, 0xC0, 0x00, 0x00, 0x01,
    0xFC, 0x1F, 0xC0, 0xF8, 0x18, 0xC3, 0xFE, 0x3F, 0xE1, 0x04, 0x1F, 0xC1, 0x04, 0x1F, 0xC0, 0x00,
    0x00, 0x01, 0xFC, 0x1F, 0xC0, 0xF8, 0x18, 0xC3, 0xFE, 0x3F, 0xE0, 0x20, 0x07, 0x00, 0xF8, 0x18,
    0xC0, 0x00, 0x00, 0x01, 0xFC, 0x1F, 0xC0, 0xF0, 0x18, 0xC3, 0xFE, 0x3F, 0xE0, 0xF8, 0x1F, 0xC1,
    0x0C, 0x1F, 0xC0, 0x00, 0x00, 0x00, 0x02, 0x3F, 0x61, 0xF6, 0x04, 0x60, 0xC6, 0x0E, 0x61, 0xB6,
    0x33, 0x62, 0x06, 0x00, 0x60, 0x02, 0x00, 0x00, 0x02, 0x3F, 0x60, 0xC6, 0x0C, 0x61, 0xF6, 0x31,
    0x60, 0x06, 0x0F, 0xE0, 0x06, 0x00, 0x60, 0x02, 0x00, 0x00, 0x04, 0x3F, 0x40, 0xC4, 0x0C, 0x40,
    0xE4, 0x3B, 0x43, 0x14, 0x08, 0x41, 0x80, 0x1F, 0xC0, 0xFE, 0x00, 0x00, 0x04, 0x3F, 0x40, 0xC4,
    0x0C, 0x41, 0xF4, 0x33, 0x40, 0x04, 0x1F, 0xC1, 0x80, 0x1F, 0xC0, 0xFE, 0x00, 0x00, 0x04, 0x3F,
    0x40, 0xC4, 0x0E, 0x43, 0xB4, 0x31, 0x40, 0xFC, 0x0F, 0xC1, 0xFC, 0x1F, 0xC0, 0xFE, 0x00, 0x00,
    0x02, 0x1F, 0x60, 0x66, 0x0E, 0x61, 0xB6, 0x11, 0x60, 0xFE, 0x0F, 0xE1, 0xFA, 0x1F, 0xE0, 0xFE,
    0x00, 0x00, 0x02, 0x1F, 0x60, 0x46, 0x0E, 0x61, 0xF6, 0x11, 0x60, 0x06, 0x0F, 0xE0, 0x86, 0x0F,
    0xE0, 0xFE, 0x00, 0x00, 0x02, 0x1F, 0x60, 0x46, 0x0E, 0x61, 0xB6, 0x11, 0x60, 0x82, 0x0F, 0xE0,
    0xD6, 0x0F, 0xE0, 0xFE, 0x00, 0x00, 0x04, 0x3F, 0x40, 0xC4, 0x0C, 0x41, 0xE4, 0x33, 0x40, 0x04,
    0x03, 0x40, 0x70, 0x1D, 0xE1, 0x06, 0x00, 0x00, 0x04, 0x3F, 0x40, 0xC4, 0x0C, 0x41, 0xE4, 0x33,
    0x40, 0x14, 0x0F, 0xC1, 0x84, 0x0F, 0xC0, 0x78, 0x00, 0x03, 0xF4, 0x3F, 0x40, 0xC4, 0x1E, 0x43,
    0x34, 0x20, 0x40, 0xFC, 0x0F, 0xC0, 0x78, 0x1C, 0xE0, 0x00, 0x00, 0x00, 0x04, 0x3F, 0x40, 0xC4,
    0x0C, 0x43, 0xB4, 0x31, 0x40, 0xFC, 0x1F, 0xC1, 0xFC, 0x1F, 0xC0, 0xFE, 0x00, 0x00, 0x04, 0x3F,
    0x40, 0xC4, 0x0C, 0x41, 0xF4, 0x33, 0x40, 0xFC, 0x0F, 0xC0, 0xC8, 0x1F, 0xC1, 0xFC, 0x00, 0x00,
    0x04, 0x3F, 0xC3, 0x6C, 0x16, 0xC1, 0x6E, 0x36, 0xE3, 0xF4, 0x6D, 0xC0, 0x8C, 0x00, 0xC0, 0x04,
    0x00, 0x00, 0x04, 0x3F, 0xC3, 0x6C, 0x16, 0xE3, 0xF4, 0x6D, 0xC0, 0x8C, 0x1F, 0xC0, 0x0C, 0x00,
    0xC0, 0x04, 0x00, 0x00, 0x04, 0x3F, 0xC1, 0xEC, 0x16, 0xE3, 0xE6, 0x2D, 0xC0, 0x0C, 0x10, 0xC1,
    0x00, 0x1F, 0xC1, 0xFC, 0x00, 0x00, 0x0C, 0x3F, 0xC1, 0x6E, 0x36, 0xE3, 0xFC, 0x6D, 0xC1, 0x3C,
    0x37, 0xC3, 0x3C, 0x3F, 0xC0, 0x18, 0x00, 0x00, 0x04, 0x3F, 0xC1, 0x2E, 0x1E, 0x63, 0xFC, 0x2D,
    0xC1, 0xFC, 0x0F, 0xC1, 0xF8, 0x1F, 0xC1, 0xFC, 0x00, 0x00, 0x04, 0x3F, 0xC1, 0x6E, 0x36, 0xE3,
    0xFC, 0x6D, 0xC1, 0xE4, 0x1F, 0xC1, 0xFC, 0x3F, 0xC1, 0xFC, 0x00, 0x00, 0x04, 0x3F, 0xC1, 0x2E,
    0x1E, 0x63, 0xFC, 0x2D, 0xC0, 0x0C, 0x1F, 0xC1, 0x04, 0x1F, 0xC1, 0xFC, 0x00, 0x00, 0x04, 0x3F,
    0xC1, 0x6E, 0x1E, 0x63, 0xFC, 0x2D, 0xC1, 0x04, 0x1F, 0xC1, 0xFC, 0x1E, 0xC1, 0xFC, 0x00, 0x00,
    0x04, 0x3F, 0xC3, 0x6C, 0x16, 0x63, 0xFC, 0x6D, 0xC0, 0x0C, 0x02, 0x40, 0x70, 0x1D, 0xC1, 0x04,
    0x00, 0x00, 0x04, 0x3F, 0xC1, 0x6E, 0x36, 0x63, 0xFC, 0x6D, 0xC0, 0x88, 0x09, 0x81, 0xDC, 0x37,
    0x60, 0x20, 0x00, 0x00, 0x04, 0x3F, 0xC1, 0x2C, 0x1E, 0xE3, 0xFC, 0x2D, 0xC0, 0x0C, 0x0F, 0x81,
    0x8C, 0x1F, 0xC0, 0xF8, 0x00, 0x00, 0x0A, 0x12, 0xA3, 0xFA, 0x1A, 0xA1, 0xAE, 0x1E, 0xE3, 0xFA,
    0x2D, 0xA0, 0x0A, 0x00, 0xA0, 0x02, 0x00, 0x00, 0x02, 0x3F, 0xE1, 0xEE, 0x1A, 0xE1, 0xEE, 0x3D,
    0xA0, 0x4E, 0x0F, 0xE0, 0x02, 0x00, 0x20, 0x02, 0x00, 0x00, 0x02, 0x3F, 0xE3, 0x7E, 0x16, 0xE3,
    0x6E, 0x3F, 0xE0, 0x9E, 0x08, 0xE1, 0x80, 0x1F, 0xE0, 0xFE, 0x00, 0x00, 0x0A, 0x3F, 0xE1, 0x6E,
    0x36, 0xE3, 0xFE, 0x09, 0xE1, 0xFE, 0x00, 0x61, 0xFE, 0x1F, 0xE0, 0xFE, 0x00, 0x00, 0x0A, 0x3F,
    0xA1, 0xAE, 0x1E, 0xE3, 0xFA, 0x2D, 0xA0, 0x0E, 0x0F, 0xE0, 0x82, 0x0F, 0xE0, 0xFE, 0x00, 0x00,
    0x0A, 0x3F, 0xA1, 0xAE, 0x1E, 0xE3, 0xFA, 0x2D, 0xE0, 0x02, 0x0F, 0xE0, 0xC6, 0x0F, 0xE0, 0xFE,
    0x00, 0x00, 0x0E, 0x3F, 0xE1, 0x6E, 0x16, 0xE3, 0xFE, 0x29, 0xE0, 0x16, 0x03, 0x00, 0x78, 0x1C,
    0xE0, 0x00, 0x00, 0x03, 0xFE, 0x3F, 0xE1, 0x6E, 0x36, 0xE3, 0xFE, 0x29, 0xE0, 0x88, 0x0C, 0xC1,
    0xDC, 0x17, 0x60, 0x00, 0x00, 0x00, 0x02, 0x3F, 0xE1, 0xEE, 0x1A, 0xE1, 0xEE, 0x3F, 0xA0, 0x1A,
    0x0F, 0xE0, 0x82, 0x0F, 0xE0, 0x7C, 0x00, 0x00, 0x04, 0x3F, 0xC3, 0x6C, 0x16, 0xE1, 0x6C, 0x36,
    0xC3, 0xF6, 0x6D, 0xC0, 0x0C, 0x00, 0xC0, 0x04, 0x00, 0x00, 0x04, 0x3F, 0xC1, 0xEE, 0x16, 0xC3,
    0xE6, 0x2D, 0xE0, 0x0C, 0x10, 0x41, 0x00, 0x1F, 0xC1, 0xFC, 0x00, 0x00, 0x0C, 0x3F, 0xE1, 0xEE,
    0x1E, 0xC3, 0xFE, 0x2D, 0xC0, 0x04, 0x0F, 0x81, 0x8C, 0x1F, 0xC0, 0xF8, 0x00, 0x00, 0x06, 0x3F,
    0x61, 0xB6, 0x1A, 0x61, 0xBE, 0x1B, 0x61, 0xF6, 0x3D, 0xE0, 0x46, 0x00, 0x60, 0x06, 0x00, 0x00,
    0x02, 0x1F, 0xE0, 0xB6, 0x1B, 0x61, 0xFE, 0x36, 0xE0, 0x06, 0x0F, 0xE0, 0x06, 0x00, 0x60, 0x02,
    0x00, 0x00, 0x02, 0x3F, 0x61, 0xB6, 0x1B, 0xE1, 0xB6, 0x3F, 0xE0, 0x46, 0x18, 0x61, 0x80, 0x1F,
    0xE0, 0xFE, 0x00, 0x00, 0x02, 0x3F, 0x61, 0xAE, 0x1B, 0xE3, 0xF6, 0x24, 0xE0, 0xFE, 0x0F, 0xE1,
    0xFC, 0x1F, 0xE0, 0xFE, 0x00, 0x00, 0x06, 0x3F, 0x61, 0xA6, 0x1B, 0xE3, 0xF6, 0x2D, 0xE0, 0x06,
    0x1F, 0xE1, 0x86, 0x1F, 0xE0, 0xFE, 0x00, 0x00, 0x06, 0x3F, 0x61, 0xBE, 0x1B, 0xE3, 0xF6, 0x25,
    0xE0, 0x00, 0x1F, 0xE1, 0x86, 0x1F, 0xE0, 0xFE, 0x00, 0x00, 0x06, 0x3F, 0x61, 0xBE, 0x1B, 0xE3,
    0xF6, 0x2D, 0xE0, 0x06, 0x03, 0x00, 0x78, 0x1C, 0xE1, 0x02, 0x00, 0x00, 0x04, 0x3F, 0x41, 0x6C,
    0x36, 0xC3, 0xF4, 0x6D, 0x40, 0x04, 0x09, 0x81, 0xDC, 0x37, 0x60, 0x20, 0x00, 0x00, 0x06, 0x3F,
    0x61, 0xB6, 0x1B, 0xE3, 0xF6, 0x25, 0xE0, 0x06, 0x0F, 0xC1, 0x86, 0x0F, 0xE0, 0x78, 0x00, 0x00,
    0x02, 0x12, 0xA3, 0xFA, 0x1A, 0xA1, 0xBA, 0x1E, 0xA1, 0xEA, 0x3D, 0xA0, 0x0A, 0x00, 0xA0, 0x02,
    0x00, 0x00, 0x0A, 0x3F, 0xE3, 0x7E, 0x17, 0xE3, 0xEE, 0x2B, 0xE0, 0x1A, 0x0F, 0xC1, 0x86, 0x1F,
    0xE0, 0x78, 0x00, 0x00, 0x06, 0x3F, 0x61, 0xB6, 0x1A, 0xE1, 0xB6, 0x1B, 0xE1, 0xF6, 0x3D, 0xE0,
    0x46, 0x00, 0x60, 0x06, 0x00, 0x00, 0x04, 0x3F, 0x41, 0x6C, 0x16, 0xC3, 0xFC, 0x6D, 0x40, 0x04,
    0x09, 0x81, 0xDC, 0x37, 0x60, 0x22, 0x00, 0x00, 0x00, 0x3F, 0xE1, 0xDC, 0x08, 0x81, 0xFC, 0x37,
    0x60, 0x20, 0x02, 0x03, 0xFE, 0x00, 0x00, 0x00, 0x00, 0x03, 0xFC, 0x1D, 0xC1, 0xD8, 0x36, 0x60,
    0x20, 0x3F, 0xE0, 0x00, 0x1F, 0xC0, 0x0C, 0x00, 0xC0, 0x00, 0x00, 0x03, 0xFE, 0x1D, 0xC1, 0xDC,
    0x37, 0x60, 0x20, 0x3F, 0xE1, 0x00, 0x10, 0x01, 0xA4, 0x1F, 0xC0, 0x00, 0x00, 0x03, 0xFE, 0x1D,
    0xC1, 0xDC, 0x37, 0x60, 0x22, 0x3F, 0xE1, 0xFC, 0x0F, 0xC1, 0xFC, 0x1F, 0xC1, 0xFC, 0x00, 0x03,
    0xFE, 0x1D, 0xC1, 0xDC, 0x37, 0x60, 0x20, 0x3F, 0xE1, 0xFC, 0x1F, 0xC1, 0x04, 0x1F, 0xC0, 0x00,
    0x00, 0x03, 0xFC, 0x1D, 0xC1, 0xDC, 0x37, 0x60, 0x20, 0x3F, 0xE0, 0x00, 0x1F, 0xC1, 0xFC, 0x1F,
    0xC1, 0xFC, 0x00, 0x03, 0xFC, 0x1D, 0xC1, 0xDC, 0x36, 0x60, 0x20, 0x3F, 0xE0, 0x20, 0x06, 0x00,
    0xF8, 0x38, 0xC0, 0x00, 0x00, 0x03, 0xFE, 0x1D, 0xC1, 0xDC, 0x37, 0x60, 0x20, 0x3F, 0xE0, 0x70,
    0x1F, 0xC1, 0x84, 0x0F, 0xC0, 0x00, 0x00, 0x03, 0xFC, 0x1F, 0xC1, 0xD8, 0x37, 0x60, 0x20, 0x3F,
    0xE0, 0x20, 0x1F, 0xC0, 0x70, 0x1D, 0xC1, 0x04, 0x00, 0x00, 0x04, 0x3F, 0xC3, 0x6C, 0x16, 0xC3,
    0xFE, 0x6D, 0xE0, 0x8C, 0x3F, 0xC7, 0xFC, 0x00, 0xC0, 0x04, 0x00, 0x00, 0x04, 0x3F, 0xC1, 0xA4,
    0x3F, 0xE2, 0xCC, 0x3F, 0xC3, 0x84, 0x1F, 0xC0, 0x0C, 0x00, 0xC0, 0x04, 0x00, 0x00, 0x08, 0x3F,
    0xC3, 0x6C, 0x3F, 0xE0, 0xD8, 0x7F, 0xC1, 0xF8, 0x1F, 0xC1, 0xF8, 0x3F, 0xC1, 0xFC, 0x00, 0x00,
    0x04, 0x3F, 0xC1, 0xA4, 0x3F, 0xE2, 0xCC, 0x3F, 0xC3, 0xEC, 0x08, 0x81, 0xDC, 0x37, 0xE0, 0x20,
    0x00, 0x00, 0x0A, 0x3F, 0xA1, 0xEA, 0x1A, 0xA3, 0xFE, 0x2D, 0xE0, 0xCA, 0x3F, 0xA1, 0x0A, 0x00,
    0xA0, 0x02, 0x00, 0x00, 0x14, 0x7F, 0xC3, 0x5C, 0x7F, 0xC1, 0xBC, 0x3F, 0x43, 0x94, 0x09, 0x81,
    0xD8, 0x37, 0x60, 0x20, 0x00, 0x00, 0x02, 0x1F, 0xE1, 0xB6, 0x0B, 0x61, 0xF6, 0x36, 0xE0, 0x46,
    0x1F, 0xE3, 0xFE, 0x00, 0x60, 0x02, 0x00, 0x00, 0x04, 0x3F, 0x61, 0xB4, 0x1F, 0x43, 0x5C, 0x0F,
    0x43, 0xF4, 0x18, 0x41, 0x80, 0x1F, 0xE0, 0x00, 0x00, 0x00, 0x04, 0x3F, 0x61, 0xB4, 0x3F, 0xC0,
    0x5C, 0x3F, 0x40, 0xFC, 0x0F, 0xC1, 0xFC, 0x1F, 0xE0, 0xFE, 0x00, 0x00, 0x02, 0x1F, 0xE0, 0xD6,
    0x1F, 0xE1, 0x6E, 0x1F, 0xE1, 0xF6, 0x0F, 0xE0, 0x86, 0x0F, 0xE0, 0xFE, 0x00, 0x00, 0x06, 0x1F,
    0xE0, 0xD6, 0x1F, 0xE0, 0x66, 0x3F, 0xE0, 0x82, 0x0F, 0xE0, 0xFE, 0x0F, 0x60, 0xFE, 0x00, 0x03,
    0xFC, 0x39, 0xC1, 0x98, 0x37, 0xC1, 0x98, 0x7F, 0xE0, 0xF0, 0x1F, 0xC3, 0x0C, 0x1F, 0x80, 0x00,
    0x00, 0x03, 0xFC, 0x3F, 0xC1, 0x98, 0x3F, 0xC2, 0x64, 0x3F, 0xE3, 0xFE, 0x02, 0x00, 0x20, 0x02,
    0x00, 0x00, 0x00, 0x03, 0xFC, 0x1D, 0xC1, 0xDC, 0x36, 0x43, 0xFE, 0x3F, 0xE0, 0x20, 0x1F, 0xC0,
    0x0C, 0x00, 0xC0, 0x00, 0x00, 0x03, 0xFE, 0x1D, 0xC0, 0xCC, 0x3F, 0xE2, 0x22, 0x3F, 0xE0, 0x20,
    0x12, 0x01, 0x00, 0x1F, 0xC0, 0x00, 0x00, 0x03, 0xFE, 0x1D, 0xC1, 0xDC, 0x37, 0x63, 0xFE, 0x3F,
    0xE1, 0xFC, 0x1F, 0xC1, 0xFC, 0x1F, 0xC1, 0xFC, 0x00, 0x03, 0xFE, 0x1D, 0xC1, 0xDC, 0x37, 0x63,
    0xFE, 0x3F, 0xE1, 0xFC, 0x1F, 0xC1, 0x04, 0x1F, 0xC0, 0x00, 0x00, 0x03, 0xFC, 0x1D, 0xC1, 0xDC,
    0x37, 0x63, 0xFE, 0x3F, 0xE1, 0x24, 0x1F, 0xC1, 0x84, 0x1F, 0xC0, 0x00, 0x00, 0x03, 0xFE, 0x1D,
    0xC1, 0xDC, 0x37, 0x63, 0xFE, 0x3F, 0xE0, 0x78, 0x1D, 0xC1, 0x84, 0x0F, 0xC0, 0x00, 0x00, 0x00,
    0x04, 0x3F, 0x61, 0xB6, 0x1B, 0x63, 0xFE, 0x05, 0xE3, 0xF6, 0x0D, 0xE0, 0xDE, 0x0C, 0x60, 0x44,
    0x00, 0x00, 0x04, 0x3F, 0x41, 0xB4, 0x3F, 0xC3, 0xFC, 0x3F, 0xC0, 0xDC, 0x0C, 0x80, 0xDC, 0x3F,
    0xE0, 0x22, 0x00, 0x00, 0x04, 0x3F, 0x61, 0xB6, 0x3F, 0xE3, 0xFE, 0x3F, 0xE0, 0x4E, 0x0F, 0xC1,
    0x86, 0x0F, 0xC0, 0x78, 0x00, 0x00, 0x02, 0x1F, 0xE0, 0xB6, 0x1B, 0x63, 0xFE, 0x04, 0xE3, 0xFE,
    0x06, 0x60, 0x66, 0x06, 0x60, 0x02, 0x00, 0x03, 0xFC, 0x3F, 0xC0, 0x98, 0x3F, 0xC2, 0x64, 0x3F,
    0xE3, 0xFE, 0x09, 0x80, 0x98, 0x09, 0x80, 0x00, 0x00, 0x00, 0x00, 0x3F, 0xE1, 0xDC, 0x08, 0x81,
    0xDC, 0x37, 0x62, 0x22, 0x00, 0x03, 0xFE, 0x00, 0x00, 0x00, 0x00, 0x03, 0xFE, 0x1D, 0xC1, 0xDC,
    0x37, 0x63, 0xFE, 0x3F, 0xE1, 0xFC, 0x1F, 0xC1, 0x04, 0x1F, 0xC0, 0x00, 0x00, 0x03, 0xFE, 0x1D,
    0xC1, 0xDC, 0x37, 0x63, 0xFE, 0x3F, 0xE0, 0x20, 0x07, 0x00, 0xF8, 0x18, 0xC0, 0x00, 0x00, 0x03,
    0xFE, 0x1D, 0xC1, 0xD8, 0x37, 0x62, 0x22, 0x3F, 0xE0, 0xF0, 0x1F, 0xC1, 0x0C, 0x1F, 0xC0, 0x00,
    0x00, 0x00, 0x02, 0x1F, 0xE1, 0xB6, 0x0B, 0x60, 0xB6, 0x1B, 0x61, 0xF6, 0x36, 0xE0, 0x46, 0x00,
    0x60, 0x02, 0x00, 0x00, 0x02, 0x1F, 0xE1, 0xB6, 0x1B, 0x61, 0xFE, 0x36, 0xE0, 0x06, 0x0F, 0xE0,
    0x06, 0x00, 0x60, 0x02, 0x00, 0x00, 0x04, 0x3F, 0x61, 0xB4, 0x1B, 0x41, 0xB4, 0x3F, 0xC0, 0x44,
    0x18, 0x41, 0x80, 0x1F, 0xE0, 0xFE, 0x00, 0x00, 0x04, 0x3F, 0x61, 0xA4, 0x1B, 0x43, 0xFC, 0x04,
    0xC1, 0xFC, 0x0F, 0xC1, 0xFC, 0x1F, 0xE0, 0xFE, 0x00, 0x00, 0x02, 0x1F, 0xE1, 0xB6, 0x1B, 0x61,
    0xFE, 0x36, 0xE0, 0x06, 0x0F, 0xE0, 0x86, 0x0F, 0xE0, 0xFE, 0x00, 0x00, 0x02, 0x1F, 0xE0, 0xB6,
    0x1B, 0x63, 0xFE, 0x34, 0xE0, 0x82, 0x0F, 0xE0, 0xFE, 0x0F, 0x60, 0xFE, 0x00, 0x00, 0x00, 0x3F,
    0xE1, 0xB6, 0x1B, 0x61, 0xFE, 0x36, 0xE0, 0x06, 0x0F, 0xC1, 0x86, 0x0F, 0xE0, 0x7C, 0x00, 0x03,
    0xF4, 0x3B, 0x41, 0xB4, 0x1B, 0x43, 0xDE, 0x00, 0x40, 0xFC, 0x0F, 0xC0, 0x78, 0x1C, 0xE0, 0x00,
    0x00, 0x00, 0x04, 0x3F, 0x61, 0xB4, 0x1B, 0x43, 0xFE, 0x03, 0x41, 0xFE, 0x07, 0x80, 0xFC, 0x0C,
    0xC0, 0x78, 0x00, 0x00, 0x8C, 0x08, 0xC3, 0xEC, 0x0C, 0xC0, 0x8E, 0x1C, 0xE1, 0xEC, 0x36, 0xC2,
    0x0C, 0x00, 0xC0, 0x0C, 0x00, 0x00, 0x88, 0x3E, 0xC3, 0xEC, 0x08, 0xE1, 0xCC, 0x36, 0xC2, 0x28,
    0x1F, 0x80, 0x0C, 0x00, 0xC0, 0x08, 0x00, 0x00, 0x8C, 0x3E, 0xC3, 0xEC, 0x08, 0xE1, 0xCE, 0x36,
    0xC2, 0x2C, 0x10, 0xC1, 0x00, 0x1F, 0xC1, 0xFC, 0x00, 0x00, 0xCC, 0x3E, 0xC0, 0x8E, 0x1C, 0xC3,
    0x6C, 0x21, 0x81, 0x7C, 0x33, 0xC3, 0xEC, 0x1F, 0xC0, 0x00, 0x00, 0x00, 0x84, 0x3F, 0xC3, 0xEE,
    0x0C, 0xE3, 0xEC, 0x33, 0xC1, 0xFC, 0x00, 0xC1, 0xFC, 0x1F, 0xC1, 0xFC, 0x00, 0x00, 0x88, 0x3E,
    0xC3, 0xEC, 0x18, 0xE3, 0xE8, 0x66, 0xC0, 0x08, 0x3F, 0xC3, 0x0C, 0x3F, 0xC1, 0xF8, 0x00, 0x00,
    0x88, 0x3E, 0xC3, 0xEC, 0x18, 0xE3, 0xEC, 0x62, 0xC0, 0x08, 0x3F, 0xC3, 0xFC, 0x3E, 0xC1, 0xF8,
    0x00, 0x00, 0x8C, 0x3E, 0xC3, 0xEC, 0x08, 0xE1, 0xCC, 0x36, 0xC2, 0x0C, 0x06, 0x00, 0x70, 0x1D,
    0xC1, 0x04, 0x00, 0x00, 0x84, 0x3E, 0xC3, 0xEE, 0x0C, 0xE1, 0xEC, 0x32, 0xC0, 0x88, 0x09, 0x81,
    0xDC, 0x37, 0x60, 0x00, 0x00, 0x00, 0x84, 0x3E, 0xC3, 0xFC, 0x0C, 0xE1, 0xEC, 0x33, 0xC2, 0x3C,
    0x0F, 0x81, 0x8C, 0x1F, 0xC0, 0xF8, 0x00, 0x00, 0x8C, 0x3E, 0xC0, 0xCE, 0x1C, 0xC3, 0x6C, 0x22,
    0xC1, 0xFC, 0x1F, 0xC0, 0x70, 0x19, 0xC0, 0x00, 0x00, 0x00, 0x82, 0x09, 0xE3, 0xFE, 0x0D, 0xA0,
    0x9E, 0x1D, 0xE1, 0xDA, 0x37, 0xE2, 0x1E, 0x01, 0xE0, 0x02, 0x00, 0x00, 0x92, 0x1D, 0xE3, 0xFE,
    0x09, 0xE1, 0xDE, 0x37, 0xE0, 0x1E, 0x0F, 0xE0, 0x06, 0x00, 0x60, 0x02, 0x00, 0x00, 0x14, 0x19,
    0xE3, 0xF6, 0x09, 0xE1, 0xDE, 0x37, 0x62, 0x3E, 0x09, 0x61, 0x80, 0x1F, 0xE0, 0xFE, 0x00, 0x00,
    0x14, 0x1D, 0x63, 0xFC, 0x19, 0xC3, 0xF6, 0x23, 0x40, 0xFC, 0x00, 0x61, 0xFC, 0x1F, 0xE0, 0xFE,
    0x00, 0x00, 0x82, 0x1F, 0xE1, 0xFE, 0x0D, 0xE1, 0xDE, 0x13, 0xE0, 0x3E, 0x0F, 0xE0, 0x86, 0x0F,
    0xE0, 0xFE, 0x00, 0x00, 0x0A, 0x1F, 0xE1, 0xFE, 0x0D, 0xE1, 0xFA, 0x33, 0xE0, 0x82, 0x0F, 0xE0,
    0xD6, 0x0F, 0xE0, 0xFE, 0x00, 0x01, 0x94, 0x3F, 0x41, 0xBC, 0x19, 0xC3, 0xD4, 0x27, 0x40, 0x34,
    0x03, 0x00, 0x78, 0x1C, 0xE0, 0x00, 0x00, 0x01, 0x94, 0x3F, 0x41, 0x9C, 0x19, 0xC3, 0xD4, 0x27,
    0x40, 0x88, 0x09, 0x81, 0xDC, 0x37, 0x60, 0x00, 0x00, 0x00, 0x94, 0x1D, 0xE3, 0xFE, 0x09, 0xE1,
    0xDE, 0x37, 0x60, 0x36, 0x0F, 0xC1, 0x86, 0x0F, 0xC0, 0x78, 0x00, 0x00, 0x8C, 0x0C, 0xC3, 0xEE,
    0x08, 0xE0, 0xCC, 0x1C, 0xC1, 0xEE, 0x36, 0xC2, 0x0C, 0x00, 0xC0, 0x0C, 0x00, 0x00, 0x8C, 0x3E,
    0xC3, 0xEE, 0x08, 0xC1, 0xCC, 0x36, 0xE6, 0x2C, 0x10, 0xC1, 0x00, 0x1F, 0xC1, 0xFC, 0x00, 0x00,
    0x8C, 0x3E, 0xE0, 0xCC, 0x1C, 0xE3, 0x6C, 0x21, 0x81, 0x7C, 0x33, 0xC3, 0xEC, 0x1F, 0xC0, 0x00,
    0x00, 0x00, 0x88, 0x3E, 0xC3, 0xEE, 0x18, 0xC3, 0x6E, 0x62, 0x81, 0xF8, 0x00, 0xC1, 0xF8, 0x3F,
    0x81, 0xFC, 0x00, 0x00, 0x88, 0x3E, 0xC3, 0xEE, 0x18, 0xC1, 0xCE, 0x36, 0xC0, 0x28, 0x1F, 0xC3,
    0x0C, 0x3F, 0xC1, 0xF8, 0x00, 0x00, 0x88, 0x3E, 0xC3, 0xEE, 0x08, 0x81, 0xCE, 0x36, 0xC0, 0x28,
    0x1F, 0x83, 0x0C, 0x1F, 0x80, 0xF0, 0x00, 0x00, 0x04, 0x0C, 0x63, 0xF6, 0x0C, 0x60, 0xDE, 0x0D,
    0xE1, 0xE6, 0x33, 0x62, 0x16, 0x00, 0x60, 0x04, 0x00, 0x00, 0x42, 0x1F, 0x61, 0xF6, 0x04, 0xE0,
    0xE6, 0x1B, 0x61, 0x16, 0x0F, 0xE0, 0x06, 0x00, 0x60, 0x02, 0x00, 0x00, 0x84, 0x3E, 0x43, 0xF4,
    0x0D, 0xC0, 0xDC, 0x3E, 0x43, 0x34, 0x08, 0x41, 0x80, 0x1F, 0xC0, 0xFE, 0x00, 0x00, 0x84, 0x3F,
    0x43, 0xFC, 0x0D, 0xC3, 0xF4, 0x33, 0x40, 0xFC, 0x00, 0x41, 0xFC, 0x1F, 0xC0, 0xFE, 0x00, 0x00,
    0x84, 0x3E, 0x63, 0xF6, 0x0D, 0xE1, 0xE6, 0x33, 0x60, 0x14, 0x1F, 0xE1, 0x86, 0x1F, 0xE0, 0xFC,
    0x00, 0x00, 0x42, 0x1F, 0x61, 0xF6, 0x0C, 0xE1, 0xF6, 0x33, 0x60, 0x82, 0x0F, 0xE0, 0xFE, 0x0F,
    0x60, 0xFE, 0x00, 0x00, 0x44, 0x3F, 0x63, 0xF6, 0x0D, 0xE1, 0xE6, 0x33, 0x62, 0x16, 0x03, 0x40,
    0x78, 0x0C, 0xE1, 0x86, 0x00, 0x00, 0x84, 0x3E, 0x43, 0xE4, 0x09, 0xC1, 0xCC, 0x36, 0x40, 0x04,
    0x09, 0x81, 0xD8, 0x37, 0xE2, 0x22, 0x00, 0x00, 0xC4, 0x3E, 0x63, 0xF6, 0x0D, 0xE1, 0xE6, 0x33,
    0x62, 0x14, 0x0F, 0xC1, 0x86, 0x0F, 0xC0, 0x78, 0x00, 0x00, 0x82, 0x09, 0xE3, 0xFE, 0x0C, 0xE0,
    0xBE, 0x0F, 0xE1, 0xCE, 0x37, 0xE2, 0x1E, 0x00, 0xE0, 0x02, 0x00, 0x00, 0x8A, 0x3F, 0xE3, 0xEE,
    0x0B, 0xE1, 0xDE, 0x36, 0xE0, 0x1E, 0x0F, 0xE0, 0x06, 0x00, 0x60, 0x02, 0x00, 0x00, 0x04, 0x19,
    0xE3, 0xFC, 0x0B, 0xC1, 0xFC, 0x37, 0xC2, 0x3E, 0x19, 0xC1, 0x80, 0x1F, 0xE0, 0xFE, 0x00, 0x00,
    0x84, 0x3F, 0xE3, 0xFC, 0x1B, 0xC3, 0xFE, 0x33, 0x40, 0xFC, 0x0F, 0xC1, 0xFC, 0x1F, 0xE0, 0xFE,
    0x00, 0x00, 0x8A, 0x1F, 0xE1, 0xFE, 0x0D, 0xE1, 0xFE, 0x33, 0xE0, 0x1E, 0x0F, 0xE0, 0x86, 0x0F,
    0xE0, 0xFE, 0x00, 0x00, 0x8A, 0x1F, 0xE1, 0xFE, 0x0D, 0xE1, 0xFE, 0x33, 0xE0, 0x02, 0x0F, 0xE0,
    0xFE, 0x0F, 0x60, 0xFE, 0x00, 0x00, 0x82, 0x1D, 0xE3, 0xFE, 0x0B, 0xE1, 0xDE, 0x37, 0xE2, 0x16,
    0x03, 0x00, 0x78, 0x0C, 0xE1, 0x82, 0x00, 0x00, 0x84, 0x1D, 0xE3, 0xFC, 0x0B, 0xC1, 0xDC, 0x37,
    0xE0, 0x34, 0x0F, 0xC1, 0x84, 0x0F, 0xC0, 0x78, 0x00, 0x00, 0x42, 0x04, 0x61, 0xF6, 0x04, 0xE0,
    0x4E, 0x0E, 0xE0, 0xFE, 0x1B, 0x61, 0x06, 0x00, 0x60, 0x02, 0x00, 0x00, 0x84, 0x1E, 0x43, 0xFC,
    0x0D, 0xC0, 0xCC, 0x3F, 0xC3, 0x34, 0x08, 0x41, 0x80, 0x1F, 0xC0, 0xFC, 0x00, 0x00, 0x80, 0x3E,
    0x43, 0xFC, 0x09, 0xC1, 0xFC, 0x37, 0x40, 0x84, 0x08, 0x81, 0xDC, 0x37, 0x60, 0x20, 0x00, 0x00,
    0x82, 0x09, 0xE3, 0xFE, 0x0F, 0xE0, 0x9E, 0x1F, 0xE1, 0xFE, 0x37, 0xE2, 0x1E, 0x01, 0xE0, 0x02,
    0x00, 0x00, 0x04, 0x19, 0xE3, 0xFC, 0x1B, 0xC1, 0xFC, 0x37, 0xC2, 0x5E, 0x19, 0xC1, 0x80, 0x1F,
    0xC0, 0xFE, 0x00, 0x00, 0x94, 0x1D, 0xE3, 0xFC, 0x0B, 0xC1, 0xFC, 0x37, 0xE2, 0x14, 0x0F, 0xC1,
    0x84, 0x0F, 0xC0, 0x78, 0x00, 0x00, 0x00, 0x02, 0x01, 0xFC, 0x07, 0x00, 0x70, 0x1D, 0x83, 0xAE,
    0x02, 0x03, 0xFE, 0x3F, 0xE0, 0x00, 0x00, 0x00, 0x20, 0x1F, 0xC1, 0xFC, 0x07, 0x01, 0xDC, 0x12,
    0x43, 0xFE, 0x1F, 0xC1, 0xFC, 0x00, 0xC0, 0x04, 0x00, 0x00, 0x20, 0x1F, 0xC1, 0xFC, 0x07, 0x01,
    0xFC, 0x12, 0x43, 0xFE, 0x10, 0x01, 0x00, 0x1F, 0xC1, 0xFC, 0x00, 0x00, 0x20, 0x1F, 0xC0, 0x70,
    0x1F, 0xC3, 0xAE, 0x3F, 0xE1, 0xFC, 0x1F, 0xC1, 0xFC, 0x1F, 0xC1, 0xFC, 0x00, 0x00, 0x20, 0x1F,
    0xC0, 0x70, 0x0F, 0x81, 0xAC, 0x3F, 0xE3, 0xFE, 0x1F, 0xC1, 0x84, 0x1F, 0xC1, 0xFC, 0x00, 0x00,
    0x20, 0x1F, 0xC0, 0x70, 0x0F, 0x81, 0xAC, 0x3F, 0xE3, 0xDE, 0x1B, 0x41, 0xFC, 0x1B, 0x41, 0xFC,
    0x00, 0x00, 0x20, 0x1F, 0xC1, 0x74, 0x0F, 0x81, 0xAC, 0x3F, 0xE3, 0xFE, 0x02, 0x00, 0x70, 0x1D,
    0xC1, 0x04, 0x00, 0x00, 0x20, 0x1F, 0xC1, 0x74, 0x0F, 0x81, 0xAC, 0x3F, 0xE3, 0xFE, 0x0F, 0xC1,
    0x84, 0x1F, 0xC0, 0xF8, 0x00, 0x00, 0x88, 0x3E, 0xC3, 0xEC, 0x0C, 0x81, 0xEE, 0x3A, 0xE0, 0x88,
    0x7F, 0xC3, 0xEC, 0x00, 0xC0, 0x08, 0x00, 0x00, 0x84, 0x3F, 0xC1, 0xCC, 0x1E, 0xE3, 0xBE, 0x2D,
    0xC3, 0xFC, 0x10, 0xC1, 0x00, 0x1F, 0xC1, 0xFC, 0x00, 0x00, 0x88, 0x3E, 0xC1, 0xCC, 0x3E, 0xE2,
    0xFC, 0x7E, 0xC1, 0xF8, 0x1F, 0xC1, 0xF8, 0x3F, 0xC1, 0xFC, 0x00, 0x00, 0x88, 0x3E, 0xC1, 0xCC,
    0x1E, 0xE3, 0xAC, 0x3F, 0x83, 0xEC, 0x1F, 0x83, 0x08, 0x1F, 0x80, 0xF0, 0x00, 0x00, 0x02, 0x0F,
    0x61, 0xFE, 0x06, 0x60, 0xF6, 0x19, 0xE0, 0x66, 0x1F, 0xE1, 0xC6, 0x00, 0x60, 0x02, 0x00, 0x00,
    0x44, 0x1F, 0x41, 0xF4, 0x0E, 0x43, 0xB4, 0x0D, 0x43, 0xF4, 0x00, 0x41, 0x80, 0x1F, 0xC0, 0xFE,
    0x00, 0x00, 0x44, 0x3F, 0x40, 0xE4, 0x1F, 0x43, 0xF4, 0x3F, 0x40, 0xFC, 0x0F, 0xC1, 0xFC, 0x1F,
    0xE0, 0xFE, 0x00, 0x00, 0x42, 0x1F, 0x60, 0x66, 0x0F, 0x61, 0xD6, 0x1F, 0xE1, 0xF6, 0x0F, 0xE0,
    0xC6, 0x0F, 0xE0, 0xFE, 0x00, 0x00, 0x42, 0x1F, 0x60, 0x66, 0x1F, 0x61, 0xD6, 0x3F, 0xE1, 0x82,
    0x0F, 0xE0, 0xFE, 0x0D, 0x60, 0xFE, 0x00, 0x00, 0x44, 0x3F, 0x40, 0xC4, 0x1E, 0x43, 0xF4, 0x3F,
    0x43, 0xF4, 0x02, 0x40, 0x70, 0x1D, 0xC1, 0x84, 0x00, 0x00, 0x44, 0x3F, 0x40, 0xE4, 0x1F, 0x43,
    0xF4, 0x3F, 0xC3, 0xF4, 0x0F, 0xC1, 0x84, 0x0F, 0xC0, 0x78, 0x00, 0x00, 0x00, 0x06, 0x03, 0xFC,
    0x16, 0x80, 0x60, 0x19, 0x83, 0x0C, 0x09, 0x83, 0xFC, 0x3F, 0xE0, 0x00, 0x00, 0x00, 0x60, 0x3F,
    0xC0, 0xF0, 0x1F, 0x83, 0x9C, 0x7F, 0xE3, 0xFE, 0x1F, 0xC3, 0x0C, 0x3F, 0xC1, 0xFC, 0x00, 0x00,
    0x20, 0x1F, 0xC1, 0xFC, 0x07, 0x01, 0xDC, 0x18, 0xC3, 0xFE, 0x3F, 0xE0, 0x20, 0x02, 0x00, 0x20,
    0x00, 0x00, 0x20, 0x1F, 0xC1, 0x74, 0x0F, 0x81, 0x8C, 0x3F, 0xE3, 0xFE, 0x1F, 0xC1, 0xDC, 0x00,
    0xC0, 0x04, 0x00, 0x00, 0x20, 0x1F, 0xC1, 0x74, 0x0F, 0x01, 0x8C, 0x3F, 0xE3, 0xFE, 0x02, 0x01,
    0x00, 0x1F, 0xC1, 0xFC, 0x00, 0x00, 0x20, 0x1F, 0xC0, 0x70, 0x1F, 0xC3, 0x8E, 0x3F, 0xE1, 0xFC,
    0x0F, 0xC1, 0xFC, 0x1F, 0xC1, 0xFC, 0x00, 0x00, 0x20, 0x1F, 0xC0, 0x70, 0x0F, 0x81, 0x8C, 0x3F,
    0xE3, 0xFE, 0x1F, 0xC1, 0x84, 0x1F, 0xC1, 0xFC, 0x00, 0x00, 0x20, 0x1F, 0xC0, 0x70, 0x1F, 0xC3,
    0x8C, 0x3F, 0xE0, 0x20, 0x1F, 0xC1, 0xFC, 0x1B, 0x41, 0xFC, 0x00, 0x00, 0x20, 0x1F, 0xC0, 0x70,
    0x0F, 0x83, 0x8C, 0x3F, 0xE0, 0x20, 0x02, 0x00, 0x70, 0x1D, 0xC1, 0x04, 0x00, 0x00, 0x20, 0x1F,
    0xC1, 0x74, 0x0F, 0x81, 0x8C, 0x3F, 0xE3, 0xFE, 0x0F, 0xC1, 0x84, 0x1F, 0xC0, 0xF8, 0x00, 0x00,
    0x44, 0x3F, 0x63, 0xF6, 0x0C, 0x63, 0xB6, 0x31, 0x63, 0xF6, 0x0D, 0xE0, 0xDE, 0x0C, 0x60, 0x04,
    0x00, 0x00, 0x44, 0x3F, 0x40, 0xE4, 0x1F, 0x43, 0xF4, 0x3F, 0xC0, 0xDC, 0x0C, 0x80, 0xCC, 0x1F,
    0xE0, 0x22, 0x00, 0x00, 0x82, 0x3F, 0xE3, 0xEE, 0x1D, 0xE3, 0x6E, 0x3F, 0xE3, 0xDE, 0x0B, 0xE0,
    0x9E, 0x08, 0xE0, 0x02, 0x00, 0x00, 0x82, 0x3F, 0xE0, 0xDE, 0x1C, 0xE3, 0x7E, 0x3F, 0xE0, 0xFE,
    0x09, 0xE1, 0x80, 0x1F, 0xE0, 0xFE, 0x00, 0x00, 0x42, 0x1F, 0x61, 0xF6, 0x0E, 0x61, 0xB6, 0x11,
    0x63, 0xFE, 0x04, 0x60, 0x46, 0x04, 0x60, 0x02, 0x00, 0x00, 0x42, 0x1F, 0x61, 0xF6, 0x0E, 0x61,
    0xB6, 0x3F, 0xE3, 0xF6, 0x0C, 0x61, 0x80, 0x1F, 0xE0, 0xFE, 0x00, 0x00, 0x44, 0x3F, 0x40, 0xE4,
    0x1B, 0x43, 0xB4, 0x3F, 0x40, 0xFC, 0x0F, 0xC1, 0xFC, 0x1F, 0xE0, 0xFE, 0x00, 0x00, 0x42, 0x1F,
    0x60, 0x66, 0x0F, 0x61, 0x9E, 0x3F, 0xE0, 0x62, 0x0F, 0xE0, 0xC6, 0x0F, 0xE0, 0xFE, 0x00, 0x00,
    0x42, 0x1F, 0x60, 0x66, 0x1F, 0x61, 0x9E, 0x3F, 0xE0, 0x62, 0x0F, 0xE0, 0xFE, 0x0F, 0x60, 0xFE,
    0x00, 0x00, 0x44, 0x3F, 0x40, 0xC4, 0x1F, 0x43, 0x34, 0x3F, 0xC0, 0xC4, 0x0F, 0x40, 0x38, 0x1C,
    0xE0, 0x86, 0x00, 0x00, 0x44, 0x1F, 0x40, 0xE4, 0x1F, 0x43, 0x34, 0x3F, 0xC0, 0x44, 0x0F, 0xC1,
    0x8C, 0x0F, 0xC0, 0x78, 0x00, 0x00, 0x20, 0x1F, 0x81, 0xFC, 0x07, 0x01, 0xD8, 0x18, 0xC3, 0xFE,
    0x3F, 0xC0, 0x98, 0x09, 0x80, 0x90, 0x00, 0x00, 0x20, 0x1F, 0xC1, 0xFC, 0x07, 0x01, 0xDC, 0x3F,
    0xE3, 0xFE, 0x14, 0x81, 0x08, 0x1F, 0xC1, 0xFC, 0x00, 0x00, 0x60, 0x3F, 0xC0, 0xF0, 0x3F, 0xC3,
    0xFE, 0x7F, 0xE1, 0xF8, 0x1F, 0xC1, 0xF8, 0x3F, 0xC1, 0xFC, 0x00, 0x00, 0x60, 0x3F, 0xC1, 0x60,
    0x0F, 0x03, 0x9C, 0x7F, 0xE3, 0xFE, 0x1F, 0xC3, 0x0C, 0x3F, 0xC1, 0xFC, 0x00, 0x00, 0x20, 0x1F,
    0xC1, 0x74, 0x0F, 0x81, 0x8C, 0x3F, 0xE3, 0xFE, 0x0F, 0x81, 0x8C, 0x1F, 0xC0, 0xF8, 0x00, 0x00,
    0x00, 0x02, 0x01, 0xFC, 0x1F, 0xC0, 0x60, 0x0F, 0x81, 0x8C, 0x00, 0x03, 0xFE, 0x3F, 0xE0, 0x00,
    0x00, 0x00, 0x20, 0x1F, 0xC1, 0x74, 0x0F, 0x81, 0x8C, 0x3F, 0xE3, 0xFE, 0x1F, 0xC0, 0x0C, 0x00,
    0x40, 0x04, 0x00, 0x00, 0x20, 0x1F, 0xC1, 0xFC, 0x07, 0x01, 0xDC, 0x30, 0x63, 0xFE, 0x10, 0x01,
    0x00, 0x1F, 0xC1, 0xFC, 0x00, 0x00, 0x20, 0x1F, 0xC0, 0x70, 0x1F, 0xC3, 0x8E, 0x3F, 0xE1, 0xFC,
    0x1F, 0xC1, 0xFC, 0x1F, 0xC1, 0xFC, 0x00, 0x00, 0x20, 0x1F, 0xC1, 0x70, 0x0F, 0x81, 0x8C, 0x3F,
    0xE3, 0xFE, 0x1F, 0xC1, 0x0C, 0x1F, 0xC1, 0xFC, 0x00, 0x00, 0x20, 0x1F, 0xC0, 0x70, 0x1F, 0xC3,
    0x8C, 0x3F, 0xE0, 0x00, 0x1F, 0xC1, 0xFC, 0x1E, 0xC1, 0xFC, 0x00, 0x00, 0x20, 0x1F, 0xC1, 0x74,
    0x0F, 0x01, 0x8C, 0x3F, 0xE3, 0xFE, 0x02, 0x00, 0x70, 0x1D, 0xC1, 0x04, 0x00, 0x00, 0x20, 0x1F,
    0xC1, 0x74, 0x0F, 0x81, 0x8C, 0x3F, 0xE3, 0xFE, 0x0F, 0x81, 0x8C, 0x1F, 0xC0, 0xF8, 0x00, 0x00,
    0x42, 0x04, 0x61, 0xF6, 0x04, 0x60, 0x46, 0x0E, 0x60, 0xF6, 0x1B, 0x61, 0x06, 0x00, 0x60, 0x02,
    0x00, 0x00, 0x42, 0x1F, 0x61, 0xF6, 0x04, 0x60, 0xE6, 0x1B, 0x61, 0x06, 0x0F, 0xE0, 0x06, 0x00,
    0x60, 0x02, 0x00, 0x00, 0x44, 0x1F, 0x43, 0xF4, 0x0C, 0x40, 0xE4, 0x3B, 0x43, 0x14, 0x18, 0x41,
    0x80, 0x1F, 0xC0, 0xFE, 0x00, 0x00, 0x44, 0x1F, 0x43, 0xF4, 0x0C, 0x41, 0xE4, 0x33, 0x40, 0x14,
    0x1F, 0xC1, 0x80, 0x1F, 0xC0, 0xFE, 0x00, 0x00, 0xC4, 0x3F, 0x41, 0xF4, 0x0C, 0x43, 0xB4, 0x31,
    0x40, 0xFC, 0x00, 0x61, 0xFC, 0x1F, 0xC0, 0xFE, 0x00, 0x00, 0x46, 0x1F, 0x60, 0x66, 0x0E, 0x61,
    0xB6, 0x10, 0x60, 0xFE, 0x0E, 0x61, 0xE6, 0x1F, 0x60, 0x00, 0x00, 0x00, 0x46, 0x1F, 0x61, 0xF6,
    0x06, 0x60, 0xF6, 0x19, 0x60, 0x06, 0x0F, 0xE0, 0x86, 0x0F, 0xE0, 0xFE, 0x00, 0x00, 0x42, 0x1F,
    0x61, 0xF6, 0x06, 0x61, 0xF6, 0x11, 0x60, 0x82, 0x0F, 0xE0, 0xD6, 0x0F, 0xE0, 0xFE, 0x00, 0x00,
    0x44, 0x3F, 0x43, 0xF4, 0x0C, 0x41, 0xE4, 0x33, 0x40, 0x04, 0x03, 0x40, 0x78, 0x1C, 0xE1, 0x06,
    0x00, 0x00, 0x44, 0x1E, 0x43, 0xF4, 0x0C, 0x40, 0xE4, 0x3B, 0x42, 0x14, 0x0F, 0xC1, 0x84, 0x0F,
    0xC0, 0x78, 0x00, 0x00, 0x0C, 0x3E, 0xC1, 0xEC, 0x06, 0xC3, 0xEE, 0x04, 0xE0, 0xCC, 0x38, 0xC3,
    0x0C, 0x00, 0xC0, 0x0C, 0x00, 0x00, 0x08, 0x3E, 0xC0, 0x6C, 0x7C, 0xE0, 0xCC, 0x38, 0xC3, 0x08,
    0x1F, 0x80, 0x0C, 0x00, 0xC0, 0x08, 0x00, 0x00, 0x04, 0x3E, 0xC0, 0x6C, 0x3E, 0xE2, 0xCE, 0x18,
    0xC3, 0x0C, 0x10, 0xC1, 0x00, 0x1F, 0xC1, 0xFC, 0x00, 0x00, 0x04, 0x3E, 0xC3, 0xEE, 0x3C, 0xE1,
    0xCC, 0x38, 0xC1, 0xFC, 0x0F, 0xC1, 0xFC, 0x1F, 0xC1, 0xFC, 0x00, 0x00, 0x08, 0x3E, 0xC1, 0x6C,
    0x7C, 0xE1, 0x8C, 0x30, 0xC2, 0x08, 0x1F, 0xC3, 0x0C, 0x3F, 0xC1, 0xF8, 0x00, 0x00, 0x08, 0x3E,
    0xC3, 0xEC, 0x7C, 0xE1, 0x8C, 0x30, 0xC2, 0x08, 0x1F, 0xC3, 0xFC, 0x3E, 0xC1, 0xF8, 0x00, 0x00,
    0x08, 0x3E, 0xC0, 0x6C, 0x7C, 0xE0, 0xCC, 0x38, 0xC3, 0x2C, 0x06, 0x00, 0xF0, 0x19, 0xC3, 0x0C,
    0x00, 0x00, 0x04, 0x3E, 0xC0, 0x6C, 0x3E, 0xE0, 0xCC, 0x18, 0xC3, 0x7C, 0x1F, 0xC1, 0x8C, 0x1F,
    0xC0, 0xF8, 0x00, 0x00, 0x02, 0x1D, 0xE3, 0xFE, 0x07, 0xA3, 0xDE, 0x0D, 0xE1, 0x9E, 0x31, 0xE2,
    0x1E, 0x01, 0xE0, 0x02, 0x00, 0x00, 0x02, 0x3F, 0xE0, 0x7E, 0x3D, 0xE0, 0xDE, 0x19, 0xE3, 0x1E,
    0x0F, 0xE0, 0x06, 0x00, 0x60, 0x02, 0x00, 0x00, 0x02, 0x1F, 0xE0, 0x7A, 0x3D, 0xE2, 0xDE, 0x19,
    0xA3, 0x1A, 0x09, 0xE0, 0x80, 0x0F, 0xE0, 0xFE, 0x00, 0x00, 0x14, 0x3F, 0x61, 0xFC, 0x3D, 0xC1,
    0x96, 0x39, 0x40, 0xFC, 0x0F, 0xC1, 0xFC, 0x1F, 0xE0, 0xFE, 0x00, 0x00, 0x02, 0x1F, 0xE0, 0x7E,
    0x3F, 0xE0, 0xDE, 0x19, 0xE1, 0x1E, 0x0F, 0xE0, 0x86, 0x0F, 0xE0, 0xFE, 0x00, 0x00, 0x0A, 0x1F,
    0xE0, 0x7E, 0x3D, 0xE0, 0xDE, 0x39, 0xE0, 0x82, 0x0F, 0xE0, 0xD6, 0x0F, 0x60, 0xFE, 0x00, 0x00,
    0x14, 0x3F, 0x40, 0xDC, 0x3D, 0xC1, 0x94, 0x31, 0x42, 0x24, 0x03, 0x00, 0xF8, 0x1C, 0xE0, 0x00,
    0x00, 0x00, 0x04, 0x3F, 0x60, 0x7E, 0x3D, 0xE0, 0xDE, 0x39, 0x63, 0x14, 0x0C, 0x80, 0xCC, 0x1F,
    0xE1, 0x32, 0x00, 0x00, 0x14, 0x3F, 0xE0, 0x7E, 0x3D, 0xE0, 0xDE, 0x19, 0x63, 0x14, 0x0F, 0xC1,
    0x86, 0x0F, 0xC0, 0x78, 0x00, 0x00, 0x0C, 0x3E, 0xC1, 0xEE, 0x06, 0xE3, 0xEC, 0x04, 0xC0, 0xCE,
    0x38, 0xC3, 0x0C, 0x00, 0xC0, 0x0C, 0x00, 0x00, 0x08, 0x3E, 0xC0, 0x6E, 0x3C, 0xC0, 0xCE, 0x38,
    0xC2, 0x08, 0x1F, 0x80, 0x0C, 0x00, 0xC0, 0x08, 0x00, 0x00, 0x08, 0x3E, 0xC0, 0x6E, 0x7C, 0x80,
    0xCE, 0x38, 0xC2, 0xF8, 0x1F, 0x83, 0x0C, 0x1F, 0x80, 0xF0, 0x00, 0x00, 0x02, 0x1E, 0x61, 0xF6,
    0x02, 0x63, 0xFE, 0x07, 0xE0, 0xC6, 0x18, 0x63, 0x06, 0x00, 0x60, 0x02, 0x00, 0x00, 0x02, 0x1F,
    0x60, 0x36, 0x1F, 0xE0, 0x66, 0x18, 0x61, 0x06, 0x0F, 0xE0, 0x06, 0x00, 0x60, 0x02, 0x00, 0x00,
    0x04, 0x3E, 0x40, 0x64, 0x3F, 0xC0, 0xFC, 0x18, 0x43, 0x04, 0x08, 0x41, 0x80, 0x1F, 0xC0, 0xFC,
    0x00, 0x00, 0x06, 0x3E, 0x60, 0x66, 0x3F, 0xE0, 0xC6, 0x38, 0x60, 0x04, 0x1F, 0xC1, 0x80, 0x1F,
    0xC0, 0xFC, 0x00, 0x00, 0x04, 0x1E, 0x61, 0xEE, 0x3F, 0xC0, 0xC6, 0x38, 0x40, 0xFC, 0x0F, 0xE1,
    0xFC, 0x1F, 0xC0, 0xFE, 0x00, 0x00, 0x04, 0x1E, 0x60, 0x66, 0x3F, 0xE0, 0xC6, 0x38, 0x63, 0x04,
    0x1F, 0xE1, 0x86, 0x1F, 0xE0, 0xFC, 0x00, 0x00, 0x04, 0x3E, 0x60, 0x66, 0x3F, 0xE0, 0xC6, 0x38,
    0x63, 0x04, 0x1F, 0xE1, 0xFE, 0x1B, 0xE0, 0xFC, 0x00, 0x00, 0x04, 0x3E, 0x41, 0xE4, 0x3F, 0xC0,
    0xCC, 0x38, 0x43, 0x34, 0x03, 0x40, 0x78, 0x1C, 0xC1, 0x04, 0x00, 0x03, 0xEC, 0x1E, 0xC3, 0xFC,
    0x3D, 0xC1, 0x84, 0x30, 0xC0, 0x88, 0x09, 0x81, 0xDC, 0x37, 0x60, 0x00, 0x00, 0x00, 0x06, 0x1F,
    0x60, 0x36, 0x3F, 0xE0, 0xC6, 0x18, 0x63, 0x7E, 0x0F, 0xC1, 0x86, 0x0F, 0xC0, 0x78, 0x00, 0x00,
    0x02, 0x1D, 0xE3, 0xFE, 0x05, 0xE3, 0xFE, 0x0F, 0xE0, 0x9E, 0x31, 0xE2, 0x1E, 0x01, 0xE0, 0x02,
    0x00, 0x00, 0x02, 0x3F, 0xE0, 0x7E, 0x3F, 0xE0, 0xDE, 0x39, 0xE3, 0x1E, 0x0F, 0xE0, 0x06, 0x00,
    0x60, 0x02, 0x00, 0x00, 0x02, 0x3E, 0xE0, 0x6E, 0x3F, 0xE0, 0xFE, 0x18, 0xE3, 0x1E, 0x08, 0xE0,
    0x80, 0x0F, 0xE0, 0xFE, 0x00, 0x00, 0x14, 0x3D, 0xE1, 0xFC, 0x3F, 0xC1, 0x9E, 0x31, 0xC0, 0xFC,
    0x0F, 0xC1, 0xFC, 0x1F, 0xE0, 0xFE, 0x00, 0x00, 0x02, 0x1E, 0xE0, 0x6E, 0x3F, 0xE0, 0xDE, 0x38,
    0xE3, 0x1E, 0x0F, 0xE0, 0x86, 0x0F, 0xE0, 0xFE, 0x00, 0x00, 0x0A, 0x1E, 0xE0, 0x6E, 0x3F, 0xE0,
    0xDE, 0x38, 0xE2, 0x02, 0x0F, 0xE0, 0xFE, 0x0D, 0x60, 0xFE, 0x00, 0x00, 0x02, 0x3F, 0xE0, 0x7E,
    0x3F, 0xE0, 0xDE, 0x19, 0xE3, 0x16, 0x03, 0x00, 0x78, 0x1C, 0xE1, 0x86, 0x00, 0x00, 0x12, 0x3F,
    0xE0, 0x7E, 0x3F, 0xE0, 0xDE, 0x19, 0xE3, 0x1E, 0x0F, 0xC1, 0x86, 0x0F, 0xE0, 0x78, 0x00, 0x00,
    0x04, 0x3E, 0x40, 0x7C, 0x3E, 0xC0, 0xFC, 0x1B, 0xC3, 0x04, 0x18, 0x41, 0x80, 0x1F, 0xC0, 0xFC,
    0x00, 0x00, 0x04, 0x1E, 0x61, 0xFE, 0x3F, 0xE0, 0xDE, 0x38, 0x40, 0xFC, 0x0F, 0xE1, 0xFC, 0x1F,
    0xC0, 0xFE, 0x00, 0x00, 0x04, 0x1E, 0x60, 0x7E, 0x3E, 0x60, 0xFE, 0x38, 0x63, 0x04, 0x1F, 0xE1,
    0x86, 0x1F, 0xE0, 0xFC, 0x00, 0x00, 0x06, 0x1F, 0x60, 0x7E, 0x3E, 0x60, 0xFE, 0x38, 0x63, 0x04,
    0x1F, 0xE1, 0xFE, 0x1B, 0xE0, 0xFC, 0x00, 0x00, 0x04, 0x3E, 0x40, 0x7C, 0x3E, 0xC0, 0xFC, 0x19,
    0xC3, 0x24, 0x03, 0x40, 0x78, 0x1C, 0xC1, 0x84, 0x00, 0x03, 0xC4, 0x3F, 0xC3, 0xFC, 0x3D, 0xC1,
    0xBC, 0x30, 0x40, 0x98, 0x09, 0x81, 0xDC, 0x37, 0x60, 0x00, 0x00, 0x00, 0x04, 0x1E, 0x60, 0x3E,
    0x3E, 0x60, 0xFE, 0x18, 0x63, 0x7C, 0x0F, 0xC1, 0x86, 0x0F, 0xC0, 0x78, 0x00, 0x00, 0x02, 0x1D,
    0xE3, 0xFE, 0x07, 0xE3, 0xDE, 0x0F, 0xE1, 0xBE, 0x31, 0xE0, 0x1E, 0x01, 0x60, 0x02, 0x00, 0x00,
    0x00, 0x1F, 0xC1, 0xFC, 0x00, 0xC1, 0xFC, 0x00, 0xC0, 0x6C, 0x06, 0x03, 0xFE, 0x00, 0x00, 0x00,
    0x00, 0x01, 0xFC, 0x03, 0xC1, 0xFC, 0x06, 0xC0, 0x6C, 0x3F, 0xE1, 0xFC, 0x1F, 0xC0, 0x04, 0x00,
    0x40, 0x00, 0x00, 0x01, 0xFC, 0x0F, 0xC1, 0xFC, 0x1E, 0xC0, 0x64, 0x3F, 0xE3, 0xFE, 0x10, 0x01,
    0x00, 0x1F, 0xC0, 0x00, 0x00, 0x01, 0xFC, 0x1F, 0xC3, 0xFC, 0x06, 0xC3, 0xFE, 0x19, 0x01, 0xFC,
    0x1F, 0xC3, 0xF8, 0x1F, 0xC0, 0x00, 0x00, 0x01, 0xFC, 0x03, 0xC3, 0xFC, 0x06, 0xC0, 0x6C, 0x3F,
    0xE1, 0xFC, 0x3F, 0xC3, 0x04, 0x1F, 0xC0, 0x00, 0x00, 0x01, 0xFC, 0x1F, 0xC1, 0xFC, 0x06, 0x43,
    0xFE, 0x3F, 0xE1, 0x04, 0x1F, 0xC1, 0x84, 0x1F, 0xC0, 0x00, 0x00, 0x01, 0xFC, 0x03, 0xC1, 0xFC,
    0x06, 0xC0, 0x6C, 0x3F, 0xE0, 0x20, 0x06, 0x00, 0xF8, 0x18, 0xC0, 0x00, 0x00, 0x01, 0xFC, 0x03,
    0xC3, 0xFC, 0x06, 0xC0, 0x6C, 0x3F, 0xE0, 0xF0, 0x1F, 0xC3, 0x0C, 0x1F, 0x80, 0x00, 0x00, 0x00,
    0x08, 0x3E, 0xC0, 0x3C, 0x3F, 0x83, 0xFE, 0x0B, 0xE1, 0x88, 0x3F, 0xC3, 0xCC, 0x00, 0xC0, 0x08,
    0x00, 0x00, 0x08, 0x3E, 0xC3, 0xEC, 0x3E, 0xE0, 0xAC, 0x7F, 0xC3, 0x08, 0x1F, 0x80, 0x0C, 0x00,
    0xC0, 0x08, 0x00, 0x00, 0x04, 0x3F, 0xC0, 0x3C, 0x3F, 0xE0, 0xAE, 0x3F, 0xC3, 0xEC, 0x10, 0xC1,
    0x00, 0x1F, 0xC1, 0xFC, 0x00, 0x00, 0x08, 0x3E, 0xC3, 0xEE, 0x3E, 0xE1, 0xAC, 0x7E, 0xC1, 0xF8,
    0x1F, 0xC1, 0xF8, 0x3F, 0xC1, 0xFC, 0x00, 0x00, 0x08, 0x3E, 0xC3, 0xEC, 0x3E, 0xE1, 0xAC, 0x7F,
    0xC3, 0xE8, 0x1F, 0x83, 0x0C, 0x3F, 0xC1, 0xF8, 0x00, 0x00, 0x04, 0x3F, 0xC1, 0xFC, 0x3F, 0x60,
    0xAC, 0x3F, 0xC3, 0x6C, 0x0F, 0x81, 0x8C, 0x1F, 0xC0, 0xF8, 0x00, 0x00, 0x02, 0x3F, 0xE0, 0x7E,
    0x1F, 0xE3, 0xEE, 0x1E, 0xE1, 0x9E, 0x3F, 0xE3, 0x1E, 0x01, 0xE0, 0x02, 0x00, 0x00, 0x02, 0x3F,
    0xE1, 0xFE, 0x3F, 0xE0, 0xBE, 0x3F, 0xE3, 0xFA, 0x0F, 0xC1, 0x86, 0x0F, 0xE0, 0x7C, 0x00, 0x00,
    0x02, 0x1F, 0x60, 0x36, 0x1F, 0x61, 0xF6, 0x0D, 0x60, 0xC6, 0x3F, 0xE3, 0xE6, 0x00, 0x60, 0x02,
    0x00, 0x00, 0x04, 0x1F, 0x41, 0xF4, 0x1F, 0x40, 0xD4, 0x3F, 0x40, 0xFC, 0x0F, 0xC1, 0xFC, 0x1F,
    0xE0, 0xFE, 0x00, 0x00, 0x00, 0x1F, 0xC1, 0xFC, 0x00, 0xC1, 0xFC, 0x08, 0xC0, 0xBC, 0x0B, 0x03,
    0xFE, 0x00, 0x00, 0x00, 0x00, 0x01, 0xFC, 0x1F, 0xC0, 0x0C, 0x1F, 0xC0, 0x0C, 0x3F, 0xE3, 0xFE,
    0x02, 0x00, 0x20, 0x02, 0x00, 0x00, 0x00, 0x01, 0xFC, 0x00, 0xC1, 0xFC, 0x10, 0xC3, 0xFE, 0x3F,
    0xE0, 0x20, 0x1F, 0xC0, 0x04, 0x00, 0x40, 0x00, 0x00, 0x01, 0xFC, 0x0F, 0xC1, 0xFC, 0x00, 0xC3,
    0xFE, 0x3F, 0xE1, 0x20, 0x12, 0x01, 0x84, 0x1F, 0xC0, 0x00, 0x00, 0x01, 0xFC, 0x01, 0xE1, 0xFC,
    0x1C, 0xE3, 0xFE, 0x1F, 0xC1, 0xFE, 0x1F, 0xE1, 0xFC, 0x1F, 0xE0, 0x00, 0x00, 0x01, 0xFC, 0x0B,
    0xC1, 0xFC, 0x00, 0xC3, 0xFE, 0x02, 0x01, 0xFC, 0x1F, 0xC1, 0x04, 0x1F, 0xC0, 0x00, 0x00, 0x01,
    0xFC, 0x0B, 0xC1, 0xFC, 0x00, 0xC3, 0xFE, 0x02, 0x01, 0x24, 0x1F, 0xC1, 0x8C, 0x1F, 0xC0, 0x00,
    0x00, 0x01, 0xFC, 0x03, 0xC1, 0xFC, 0x00, 0xC3, 0xFE, 0x02, 0x00, 0x20, 0x06, 0x00, 0xF8, 0x18,
    0xC0, 0x00, 0x00, 0x01, 0xFC, 0x0F, 0xE1, 0xFC, 0x08, 0x43, 0xFE, 0x3F, 0xE0, 0xF8, 0x1D, 0xC1,
    0x86, 0x0F, 0xC0, 0x00, 0x00, 0x00, 0x04, 0x1F, 0x60, 0x36, 0x3F, 0x60, 0x36, 0x3F, 0xE3, 0xD6,
    0x0D, 0xE0, 0xC6, 0x0C, 0x60, 0x04, 0x00, 0x00, 0x02, 0x1F, 0x60, 0x36, 0x1F, 0x60, 0x36, 0x3F,
    0xE0, 0x4E, 0x0C, 0x61, 0x80, 0x1F, 0xE0, 0xFE, 0x00, 0x00, 0x04, 0x1F, 0x61, 0xF6, 0x1F, 0x63,
    0xF6, 0x04, 0xE0, 0xFE, 0x0F, 0xE0, 0xFE, 0x1F, 0xE0, 0xFE, 0x00, 0x00, 0x06, 0x1F, 0x61, 0xF6,
    0x1F, 0x63, 0xF6, 0x3F, 0xE0, 0x5E, 0x0F, 0xC1, 0x86, 0x0F, 0xE0, 0x78, 0x00, 0x00, 0x0A, 0x1F,
    0xE0, 0x7E, 0x1F, 0xE1, 0x6E, 0x3F, 0xE3, 0xFE, 0x0B, 0xE0, 0x8E, 0x08, 0xE0, 0x02, 0x00, 0x00,
    0x0A, 0x1F, 0xE1, 0xFE, 0x1E, 0xE3, 0xFE, 0x1F, 0xE0, 0x9E, 0x0F, 0xC1, 0x86, 0x0F, 0xE0, 0x7C,
    0x00, 0x00, 0x02, 0x1F, 0x60, 0x36, 0x1F, 0x60, 0x16, 0x3F, 0xE3, 0xF6, 0x04, 0x60, 0x46, 0x04,
    0x60, 0x02, 0x00, 0x00, 0x02, 0x1F, 0x60, 0x36, 0x1F, 0x60, 0x3E, 0x3F, 0xE0, 0x42, 0x0F, 0xE0,
    0x06, 0x00, 0x60, 0x02, 0x00, 0x00, 0x02, 0x1F, 0x60, 0x36, 0x1F, 0x60, 0x36, 0x3F, 0xE0, 0x46,
    0x0C, 0x61, 0x80, 0x1F, 0xE0, 0xFE, 0x00, 0x00, 0xE4, 0x1F, 0x41, 0xF4, 0x1B, 0x43, 0xFC, 0x0C,
    0x40, 0xFC, 0x0F, 0xC1, 0xFC, 0x1F, 0xE0, 0xFE, 0x00, 0x00, 0x02, 0x1F, 0x60, 0xF6, 0x1F, 0x61,
    0xFE, 0x1F, 0x60, 0x66, 0x0F, 0xE0, 0x86, 0x0F, 0xE0, 0xFE, 0x00, 0x00, 0x02, 0x1F, 0x60, 0xF6,
    0x1F, 0x61, 0xBE, 0x1F, 0xE0, 0x60, 0x0F, 0xE0, 0xFE, 0x0F, 0x60, 0xFE, 0x00, 0x00, 0x04, 0x1F,
    0x40, 0x34, 0x3F, 0x40, 0x34, 0x3F, 0x40, 0xC4, 0x0B, 0x40, 0x78, 0x1C, 0xE1, 0x86, 0x00, 0x00,
    0x04, 0x1F, 0x40, 0x34, 0x1F, 0x40, 0x34, 0x3F, 0xC0, 0x44, 0x0F, 0xC1, 0x84, 0x0F, 0xC0, 0x78,
    0x00, 0x01, 0xFC, 0x1F, 0xC0, 0x0C, 0x1F, 0xC0, 0x0C, 0x3F, 0xE0, 0x98, 0x09, 0x80, 0x98, 0x09,
    0x80, 0x00, 0x00, 0x01, 0xF8, 0x1F, 0xC1, 0xFC, 0x10, 0xC3, 0xFE, 0x3F, 0xE0, 0xD8, 0x31, 0x03,
    0x00, 0x3F, 0xC0, 0x00, 0x00, 0x01, 0xFC, 0x07, 0xC1, 0xFC, 0x3F, 0xC7, 0xFE, 0x09, 0x81, 0xFC,
    0x1F, 0xC3, 0xF8, 0x3F, 0xC0, 0x00, 0x00, 0x01, 0xFC, 0x07, 0xC3, 0xFC, 0x00, 0xC7, 0xFE, 0x3F,
    0xE1, 0xF8, 0x3F, 0xC3, 0x0C, 0x3F, 0xC0, 0x00, 0x00, 0x00, 0x00, 0x1F, 0xC1, 0xFC, 0x00, 0x41,
    0xFC, 0x00, 0xC0, 0x0C, 0x00, 0x43, 0xFE, 0x00, 0x00, 0x00, 0x00, 0x01, 0xFC, 0x00, 0xC1, 0xFC,
    0x10, 0xC3, 0xFE, 0x3F, 0xE1, 0xFC, 0x1F, 0xC0, 0x04, 0x00, 0x40, 0x00, 0x00, 0x01, 0xFC, 0x0F,
    0xC0, 0xFC, 0x1F, 0xC0, 0x0C, 0x3F, 0xE1, 0x00, 0x10, 0x01, 0x80, 0x1F, 0xC0, 0x00, 0x00, 0x01,
    0xFC, 0x03, 0xC1, 0xFC, 0x00, 0xC3, 0xFE, 0x1F, 0xC1, 0xFC, 0x1F, 0xC1, 0xF8, 0x1F, 0xC0, 0x00,
    0x00, 0x01, 0xFC, 0x00, 0xC1, 0xFC, 0x10, 0xC3, 0xFE, 0x3F, 0xE1, 0xFC, 0x1F, 0xC1, 0x04, 0x1F,
    0xC0, 0x00, 0x00, 0x01, 0xFC, 0x00, 0xC1, 0xFC, 0x10, 0xC3, 0xFE, 0x3F, 0xE1, 0x04, 0x1F, 0xC1,
    0x04, 0x1F, 0xC0, 0x00, 0x00, 0x01, 0xFC, 0x0F, 0xC1, 0xFC, 0x18, 0xC3, 0xFE, 0x3F, 0xE0, 0xF8,
    0x1F, 0xC1, 0x8C, 0x1F, 0xC0, 0x00, 0x00, 0x00, 0x02, 0x1F, 0x60, 0xF6, 0x03, 0x61, 0xF6, 0x06,
    0x60, 0x66, 0x1C, 0x61, 0x06, 0x00, 0x60, 0x02, 0x00, 0x00, 0x02, 0x1F, 0x60, 0x36, 0x1F, 0x60,
    0x66, 0x1C, 0x61, 0x06, 0x0F, 0xE0, 0x06, 0x00, 0x60, 0x02, 0x00, 0x00, 0x04, 0x3F, 0x40, 0x34,
    0x3E, 0x40, 0x64, 0x1C, 0x43, 0x04, 0x08, 0x41, 0x80, 0x1F, 0xC0, 0xFE, 0x00, 0x00, 0x04, 0x1F,
    0x43, 0xE4, 0x3E, 0x41, 0xC4, 0x38, 0x40, 0xFC, 0x0F, 0xC1, 0xFC, 0x1F, 0xC0, 0xFE, 0x00, 0x00,
    0x02, 0x1F, 0x60, 0x36, 0x1F, 0x60, 0x66, 0x1C, 0x61, 0x06, 0x0F, 0xE0, 0x86, 0x0F, 0xE0, 0xFE,
    0x00, 0x00, 0x02, 0x1F, 0x61, 0xF6, 0x1E, 0x60, 0xE6, 0x1C, 0x60, 0x82, 0x0F, 0xE0, 0xD6, 0x0F,
    0xE0, 0xFE, 0x00, 0x00, 0x04, 0x3E, 0xC0, 0x6C, 0x3E, 0xC0, 0xCC, 0x18, 0xC3, 0x2C, 0x02, 0x40,
    0x70, 0x1D, 0xC1, 0x04, 0x00, 0x00, 0x04, 0x1F, 0x40, 0x34, 0x3E, 0x40, 0xE4, 0x18, 0x41, 0x7C,
    0x0F, 0xC1, 0x86, 0x0F, 0xC0, 0x78, 0x00, 0x00, 0x08, 0x3E, 0x87, 0xC8, 0x60, 0x87, 0xCE, 0x60,
    0xE6, 0x08, 0x7F, 0x81, 0x08, 0x00, 0x80, 0x08, 0x00, 0x00, 0x08, 0x3E, 0xC6, 0x0C, 0x3C, 0xE6,
    0x0C, 0x3E, 0xC0, 0x08, 0x1F, 0x80, 0x0C, 0x00, 0xC0, 0x08, 0x00, 0x00, 0x08, 0x3E, 0xC6, 0x08,
    0x3C, 0xE2, 0xCE, 0x7E, 0x83, 0xEC, 0x10, 0xC1, 0x00, 0x1F, 0xC1, 0xFC, 0x00, 0x00, 0x08, 0x3E,
    0xC7, 0xCE, 0x3C, 0xE7, 0xEC, 0x3E, 0x81, 0xF8, 0x1F, 0xC1, 0xF8, 0x3F, 0xC1, 0xFC, 0x00, 0x03,
    0xEC, 0x7C, 0xC7, 0xCE, 0x7C, 0xC7, 0xEC, 0x10, 0x83, 0xF8, 0x3C, 0xC3, 0x8C, 0x3E, 0xC0, 0x00,
    0x00, 0x00, 0x08, 0x3E, 0xC6, 0x0C, 0x3C, 0xE6, 0x0C, 0x3E, 0xC0, 0x88, 0x1F, 0xC1, 0x0C, 0x1F,
    0xC1, 0xF8, 0x00, 0x00, 0x08, 0x3E, 0xC6, 0x0C, 0x3C, 0xE6, 0x2C, 0x3E, 0xC1, 0x08, 0x1F, 0xC1,
    0x2C, 0x1F, 0xC1, 0xF8, 0x00, 0x00, 0x08, 0x3E, 0xC6, 0x0C, 0x3C, 0xE6, 0x0C, 0x3E, 0x80, 0x0C,
    0x06, 0x80, 0xF0, 0x19, 0xC3, 0x0C, 0x00, 0x00, 0x08, 0x3E, 0xC6, 0x0C, 0x3C, 0xE6, 0x0C, 0x3E,
    0xC0, 0x08, 0x09, 0x81, 0x98, 0x37, 0xC2, 0x20, 0x00, 0x00, 0x04, 0x3E, 0xC3, 0x0C, 0x3E, 0xE3,
    0x0C, 0x3E, 0xC0, 0x0C, 0x1F, 0x81, 0x8C, 0x1F, 0xC0, 0xF8, 0x00, 0x00, 0x02, 0x3D, 0xE3, 0xDE,
    0x21, 0x63, 0xDE, 0x31, 0xE2, 0x16, 0x3F, 0xE0, 0x1E, 0x01, 0x60, 0x02, 0x00, 0x00, 0x02, 0x1F,
    0xE3, 0x5E, 0x3F, 0xE3, 0x1E, 0x1F, 0xE0, 0x1E, 0x0F, 0xE0, 0x06, 0x00, 0x60, 0x02, 0x00, 0x00,
    0x14, 0x3D, 0xE3, 0x16, 0x3D, 0xE3, 0x1E, 0x3F, 0x61, 0xDE, 0x19, 0x61, 0x80, 0x1F, 0xC0, 0xFE,
    0x00, 0x00, 0x14, 0x3D, 0x63, 0xDC, 0x3D, 0xC3, 0xF6, 0x3D, 0x40, 0xFC, 0x0F, 0xC1, 0xFC, 0x1F,
    0xE0, 0xFE, 0x00, 0x00, 0x02, 0x3F, 0xE3, 0x1E, 0x3F, 0xE3, 0x5E, 0x1F, 0xE0, 0x1E, 0x0F, 0xE0,
    0x86, 0x0F, 0xE0, 0xFE, 0x00, 0x00, 0x02, 0x3F, 0xE3, 0x5E, 0x3D, 0xE3, 0x3A, 0x1F, 0xE0, 0x02,
    0x0F, 0xE0, 0xFE, 0x0F, 0x60, 0xFE, 0x00, 0x00, 0x14, 0x3D, 0x63, 0x16, 0x3D, 0xE3, 0x1E, 0x3F,
    0x61, 0xD6, 0x03, 0x40, 0x78, 0x1C, 0xE1, 0x86, 0x00, 0x00, 0x04, 0x3D, 0xE3, 0x1E, 0x3D, 0xC3,
    0x5E, 0x3F, 0x60, 0x14, 0x0C, 0x80, 0xCC, 0x1F, 0xE0, 0x22, 0x00, 0x00, 0x14, 0x3D, 0xE3, 0x1E,
    0x3D, 0xE3, 0x5E, 0x3F, 0x60, 0x14, 0x0F, 0xC1, 0x86, 0x0F, 0xC0, 0x78, 0x00, 0x00, 0x08, 0x3E,
    0x87, 0xCC, 0x60, 0xE7, 0xC8, 0x60, 0xC6, 0x0E, 0x7F, 0x81, 0x08, 0x00, 0x80, 0x08, 0x00, 0x00,
    0x08, 0x3E, 0xC6, 0x0E, 0x3C, 0x86, 0x0E, 0x3E, 0xC0, 0x08, 0x1F, 0x83, 0x0C, 0x1F, 0x80, 0xF0,
    0x00, 0x00, 0x06, 0x3F, 0x63, 0x06, 0x30, 0x63, 0xFE, 0x30, 0x63, 0x06, 0x3F, 0x60, 0x86, 0x00,
    0x60, 0x06, 0x00, 0x00, 0x02, 0x3E, 0x63, 0x06, 0x3E, 0xE3, 0x06, 0x3F, 0x60, 0x86, 0x0F, 0xE0,
    0x06, 0x00, 0x60, 0x02, 0x00, 0x00, 0x04, 0x3E, 0x43, 0x04, 0x3F, 0xC3, 0x0C, 0x3E, 0x43, 0xE4,
    0x08, 0x41, 0x80, 0x1F, 0xC0, 0xFE, 0x00, 0x00, 0x04, 0x3E, 0x43, 0x1C, 0x3F, 0xC3, 0xE4, 0x1C,
    0x40, 0xFC, 0x0F, 0xC1, 0xFC, 0x1F, 0xC0, 0xFE, 0x00, 0x00, 0x04, 0x3E, 0x63, 0x0E, 0x3F, 0xE3,
    0x06, 0x3F, 0x61, 0xDE, 0x0F, 0xE1, 0xD6, 0x1F, 0xE1, 0xFC, 0x00, 0x00, 0x06, 0x3E, 0x63, 0x06,
    0x3F, 0xE3, 0x06, 0x3F, 0x60, 0x46, 0x0F, 0xE0, 0x86, 0x0F, 0xE0, 0xFE, 0x00, 0x00, 0x06, 0x3E,
    0x63, 0x4E, 0x3F, 0xE3, 0x06, 0x1F, 0x60, 0x84, 0x0F, 0xE0, 0xFE, 0x0F, 0x60, 0xFE, 0x00, 0x00,
    0x04, 0x3E, 0x43, 0x0C, 0x3F, 0xC3, 0x04, 0x3E, 0x40, 0x04, 0x03, 0x40, 0x78, 0x1C, 0xC1, 0x04,
    0x00, 0x00, 0x04, 0x3E, 0x43, 0x0C, 0x3F, 0xC3, 0x04, 0x3E, 0x40, 0x04, 0x0C, 0x80, 0xDC, 0x37,
    0x60, 0x22, 0x00, 0x00, 0x04, 0x3E, 0x63, 0x06, 0x3F, 0xE3, 0x06, 0x3F, 0x60, 0x06, 0x0F, 0xC0,
    0x86, 0x0F, 0xC0, 0x78, 0x00, 0x00, 0x02, 0x1D, 0xE3, 0xDE, 0x21, 0xE3, 0xF6, 0x31, 0xE2, 0x1E,
    0x3D, 0xE1, 0x1E, 0x01, 0x60, 0x02, 0x00, 0x00, 0x02, 0x1E, 0xE3, 0x1E, 0x3F, 0xE3, 0x0E, 0x3F,
    0xE1, 0xFE, 0x0F, 0xE0, 0x06, 0x00, 0x60, 0x02, 0x00, 0x00, 0x04, 0x3D, 0xE3, 0x1C, 0x3F, 0xC3,
    0x1C, 0x3D, 0xC1, 0xDE, 0x09, 0xC1, 0x80, 0x1F, 0xC0, 0xFE, 0x00, 0x00, 0x04, 0x3D, 0xE3, 0xBC,
    0x3F, 0xC3, 0xDE, 0x3D, 0x40, 0xFC, 0x0F, 0xC1, 0xFC, 0x1F, 0xE0, 0xFE, 0x00, 0x00, 0x0A, 0x1E,
    0xE3, 0x1E, 0x3F, 0xE3, 0x0E, 0x3E, 0xE0, 0x0E, 0x0F, 0xE0, 0x86, 0x0F, 0xE0, 0xFE, 0x00, 0x00,
    0x02, 0x3E, 0xE3, 0x1E, 0x3F, 0xE3, 0x0E, 0x1F, 0xE0, 0x02, 0x0F, 0xE0, 0xFE, 0x0F, 0x60, 0xFE,
    0x00, 0x00, 0x04, 0x3D, 0xE3, 0x1C, 0x3F, 0xC3, 0x1C, 0x3F, 0xC0, 0x16, 0x03, 0x40, 0x78, 0x1C,
    0xC1, 0x86, 0x00, 0x00, 0x14, 0x3D, 0xE3, 0x1C, 0x3F, 0xC3, 0x5C, 0x3D, 0xE0, 0x1C, 0x0F, 0xC1,
    0x84, 0x0F, 0xC0, 0x78, 0x00, 0x00, 0x02, 0x1E, 0x63, 0x0E, 0x30, 0xE3, 0xE6, 0x30, 0xE3, 0x0E,
    0x3F, 0x60, 0x86, 0x00, 0x60, 0x02, 0x00, 0x00, 0x04, 0x3E, 0x43, 0x5C, 0x3C, 0x43, 0x1C, 0x3E,
    0x43, 0xE4, 0x08, 0x41, 0x80, 0x1F, 0xC0, 0xFE, 0x00, 0x00, 0x04, 0x3C, 0xC6, 0x1C, 0x3C, 0xC6,
    0x3C, 0x3E, 0xC0, 0x04, 0x09, 0x81, 0x98, 0x37, 0xE2, 0x20, 0x00, 0x00, 0x02, 0x1D, 0xE3, 0xDE,
    0x23, 0xE3, 0xDE, 0x33, 0xE2, 0x3E, 0x3C, 0xE1, 0x1E, 0x01, 0xE0, 0x02, 0x00, 0x00, 0x04, 0x3D,
    0xE3, 0x3C, 0x3D, 0xC3, 0x3C, 0x3F, 0xC3, 0xDC, 0x09, 0xC1, 0x80, 0x1F, 0xC0, 0xFE, 0x00, 0x00,
    0x00, 0x1F, 0xC1, 0x80, 0x1F, 0xC1, 0x00, 0x1F, 0xC1, 0xFC, 0x02, 0x03, 0xFE, 0x00, 0x00, 0x00,
    0x00, 0x01, 0xFC, 0x1F, 0xC1, 0xF8, 0x1F, 0xC1, 0xFC, 0x3F, 0xE3, 0xFE, 0x1F, 0xC0, 0x0C, 0x00,
    0xC0, 0x00, 0x00, 0x01, 0xFC, 0x18, 0x01, 0xFC, 0x1F, 0xC1, 0xFC, 0x3F, 0xE3, 0xFE, 0x10, 0x01,
    0x00, 0x1F, 0xC0, 0x00, 0x00, 0x01, 0xFC, 0x1F, 0xC1, 0xFC, 0x1F, 0xC1, 0xFC, 0x3F, 0xE1, 0xFC,
    0x1F, 0xC1, 0xFC, 0x1F, 0xC1, 0xFC, 0x00, 0x01, 0xFC, 0x1F, 0xC1, 0xFC, 0x18, 0x01, 0xFC, 0x3F,
    0xE3, 0xFE, 0x1F, 0xC1, 0x84, 0x1F, 0xC1, 0xFC, 0x00, 0x01, 0xFC, 0x1F, 0xC1, 0xFC, 0x1F, 0xC1,
    0xFC, 0x3F, 0xE3, 0xFE, 0x1A, 0x41, 0xFC, 0x1B, 0x41, 0xFC, 0x00, 0x01, 0xFC, 0x1F, 0xC1, 0xFC,
    0x1F, 0xC1, 0xFC, 0x3F, 0xE0, 0x20, 0x07, 0x00, 0xF8, 0x18, 0xC0, 0x00, 0x00, 0x01, 0xFC, 0x1F,
    0xC1, 0xFC, 0x1F, 0xC1, 0xFC, 0x3F, 0xE0, 0x70, 0x1F, 0xC1, 0x84, 0x1F, 0xC0, 0x00, 0x00, 0x01,
    0xFC, 0x1F, 0xC1, 0xFC, 0x18, 0x01, 0xFC, 0x3F, 0xE3, 0xFE, 0x1F, 0xC0, 0xD8, 0x1F, 0xC1, 0xFC,
    0x00, 0x00, 0x08, 0x3E, 0xC3, 0x0C, 0x3E, 0x83, 0x0E, 0x3E, 0xE0, 0x88, 0x3F, 0xC7, 0xFC, 0x00,
    0xC0, 0x08, 0x00, 0x00, 0x08, 0x3E, 0xC3, 0xEC, 0x3E, 0xC3, 0xEE, 0x0E, 0xC7, 0xFC, 0x00, 0xC1,
    0x00, 0x1F, 0xC1, 0xFC, 0x00, 0x00, 0x02, 0x1F, 0xE3, 0xFA, 0x3F, 0xA3, 0x1E, 0x3F, 0xE0, 0xDA,
    0x3F, 0xE1, 0x1A, 0x01, 0xE0, 0x02, 0x00, 0x00, 0x02, 0x1F, 0x61, 0x86, 0x1F, 0x61, 0x86, 0x1F,
    0x60, 0x46, 0x3F, 0xE1, 0xF6, 0x00, 0x60, 0x02, 0x00, 0x00, 0x04, 0x3F, 0x43, 0xE4, 0x3E, 0x43,
    0xF4, 0x0D, 0x43, 0xF4, 0x00, 0x41, 0x80, 0x1F, 0xC1, 0xFE, 0x00, 0x00, 0x02, 0x1F, 0x61, 0xF6,
    0x1F, 0x61, 0xF6, 0x0F, 0xE3, 0xFE, 0x03, 0x60, 0x38, 0x1E, 0xE1, 0x82, 0x00, 0x00, 0x04, 0x1F,
    0x41, 0xE4, 0x1E, 0x41, 0xF4, 0x3F, 0x43, 0xF4, 0x0F, 0xC1, 0x84, 0x0F, 0xC0, 0x78, 0x00, 0x00,
    0x00, 0x3F, 0xC3, 0x00, 0x3F, 0x83, 0x00, 0x3F, 0xC1, 0xFC, 0x09, 0x87, 0xFE, 0x36, 0x40, 0x00,
    0x00, 0x01, 0xFC, 0x18, 0x01, 0xFC, 0x1A, 0x81, 0xFC, 0x0D, 0xC3, 0xFE, 0x02, 0x00, 0x20, 0x02,
    0x00, 0x00, 0x00, 0x01, 0xFC, 0x1F, 0xC1, 0xF8, 0x1F, 0xC1, 0xFC, 0x3F, 0xE0, 0x70, 0x1F, 0xC0,
    0x0C, 0x00, 0xC0, 0x00, 0x00, 0x01, 0xFC, 0x1A, 0x81, 0xFC, 0x1F, 0xC1, 0xFC, 0x3F, 0xE3, 0xFE,
    0x12, 0x01, 0x00, 0x1F, 0xC0, 0x00, 0x00, 0x01, 0xFC, 0x1F, 0xC1, 0xFC, 0x1F, 0xC1, 0xFC, 0x3F,
    0xE1, 0xFC, 0x1F, 0xC1, 0xFC, 0x1F, 0xC1, 0xFC, 0x00, 0x01, 0xFC, 0x1F, 0xC1, 0xFC, 0x18, 0x01,
    0xFC, 0x3F, 0xE3, 0xFE, 0x1F, 0xC1, 0x84, 0x1F, 0xC1, 0xFC, 0x00, 0x01, 0xFC, 0x1F, 0xC1, 0xFC,
    0x18, 0x01, 0xFC, 0x3F, 0xE3, 0xFE, 0x12, 0x41, 0xFC, 0x1F, 0xC1, 0xFC, 0x00, 0x01, 0xFC, 0x1F,
    0xC1, 0xFC, 0x18, 0x01, 0xFC, 0x3F, 0xE3, 0xFE, 0x02, 0x00, 0x70, 0x1F, 0xC1, 0x8C, 0x00, 0x01,
    0xFC, 0x1F, 0xC1, 0xFC, 0x1F, 0xC1, 0xFC, 0x3F, 0xE0, 0x70, 0x1F, 0xC1, 0x84, 0x1F, 0xC0, 0x00,
    0x00, 0x00, 0x04, 0x3F, 0x63, 0xE6, 0x3F, 0x63, 0xF6, 0x1F, 0x63, 0xF6, 0x0D, 0xE0, 0xDE, 0x0C,
    0x60, 0x04, 0x00, 0x01, 0xE4, 0x3F, 0x43, 0xE4, 0x3E, 0x43, 0xF4, 0x3F, 0xC0, 0xDC, 0x08, 0x80,
    0xDC, 0x3F, 0xE0, 0x22, 0x00, 0x00, 0x02, 0x3E, 0xE3, 0xCE, 0x3E, 0xE1, 0xEE, 0x3F, 0xE3, 0xEE,
    0x0B, 0xE0, 0x9E, 0x08, 0xE0, 0x02, 0x00, 0x00, 0x02, 0x1F, 0x61, 0xF6, 0x1F, 0x61, 0xF6, 0x1F,
    0x63, 0xFE, 0x04, 0x60, 0x46, 0x04, 0x60, 0x02, 0x00, 0x00, 0x02, 0x1F, 0x61, 0xF6, 0x1F, 0x61,
    0xF6, 0x3F, 0xE3, 0xE6, 0x0F, 0xE0, 0xFE, 0x00, 0x60, 0x02, 0x00, 0x00, 0x02, 0x1F, 0x61, 0xF6,
    0x1F, 0x61, 0xF6, 0x3F, 0xE3, 0xFE, 0x04, 0x61, 0x80, 0x1F, 0xE0, 0xFE, 0x00, 0x00, 0xF2, 0x1F,
    0x61, 0xF6, 0x1F, 0x61, 0xFE, 0x3F, 0x60, 0xFE, 0x0F, 0xE1, 0xFE, 0x1F, 0xE0, 0xFE, 0x00, 0x00,
    0x12, 0x1F, 0x61, 0xF6, 0x1F, 0x61, 0xF6, 0x3F, 0xE0, 0x66, 0x0F, 0xE0, 0x86, 0x0F, 0xE0, 0xFE,
    0x00, 0x00, 0xF2, 0x1F, 0x61, 0xF6, 0x1F, 0x61, 0xF6, 0x3F, 0xE0, 0x62, 0x0E, 0x60, 0xFE, 0x1F,
    0xE0, 0xFE, 0x00, 0x00, 0x04, 0x1F, 0x41, 0xE4, 0x1E, 0x41, 0xF4, 0x3F, 0xC3, 0xE4, 0x0F, 0xC1,
    0x84, 0x0F, 0xC0, 0x78, 0x00, 0x01, 0xFC, 0x30, 0x03, 0xF8, 0x37, 0x83, 0xFC, 0x06, 0x87, 0xFE,
    0x09, 0x80, 0x98, 0x09, 0x80, 0x00, 0x00, 0x01, 0xFC, 0x34, 0x03, 0xF8, 0x3F, 0x81, 0xF8, 0x7F,
    0xE3, 0xFE, 0x1D, 0x83, 0x00, 0x3F, 0xC0, 0x00, 0x00, 0x01, 0xF8, 0x3F, 0x83, 0xF8, 0x3F, 0x83,
    0xFC, 0x7F, 0xE1, 0xF8, 0x1F, 0xC1, 0xF8, 0x3F, 0xC1, 0xFC, 0x00, 0x01, 0xFC, 0x3F, 0x83, 0xF8,
    0x30, 0x01, 0xFC, 0x7F, 0xE3, 0xFE, 0x1F, 0xC3, 0x0C, 0x3F, 0xC1, 0xFC, 0x00, 0x01, 0xFC, 0x1F,
    0xC1, 0xFC, 0x1F, 0xC1, 0xFC, 0x3F, 0xE0, 0xF8, 0x1F, 0xC1, 0x8C, 0x1F, 0xC0, 0x00, 0x00, 0x00,
    0x00, 0x1F, 0xC1, 0x80, 0x1F, 0xC1, 0xFC, 0x10, 0x01, 0xFC, 0x00, 0x03, 0xFE, 0x00, 0x00, 0x00,
    0x00, 0x01, 0xFC, 0x1F, 0xC1, 0xFC, 0x1F, 0xC1, 0xFC, 0x3F, 0xE0, 0x00, 0x1F, 0xC0, 0x04, 0x00,
    0x40, 0x00, 0x00, 0x01, 0xFC, 0x18, 0x01, 0xFC, 0x1F, 0xC1, 0xFC, 0x3F, 0xE3, 0xFE, 0x10, 0x01,
    0x00, 0x1F, 0xC0, 0x00, 0x00, 0x01, 0xFC, 0x1F, 0xC1, 0xFC, 0x1F, 0xC1, 0xFC, 0x3F, 0xE0, 0xFC,
    0x1F, 0xC1, 0x00, 0x1F, 0xC0, 0x00, 0x00, 0x01, 0xFC, 0x1F, 0xC1, 0xF8, 0x1F, 0xC1, 0xFC, 0x3F,
    0xE1, 0xFC, 0x1F, 0xC1, 0xFC, 0x1F, 0xC1, 0xFC, 0x00, 0x00, 0xF8, 0x1F, 0xC1, 0xF8, 0x1F, 0xC1,
    0xFC, 0x3F, 0xE1, 0xDC, 0x1F, 0xC1, 0xF4, 0x1F, 0xC1, 0xFC, 0x00, 0x01, 0xFC, 0x1F, 0xC1, 0xF8,
    0x1F, 0xC1, 0xFC, 0x3F, 0xE0, 0xF8, 0x1F, 0xC1, 0x04, 0x1F, 0xC0, 0x00, 0x00, 0x01, 0xFC, 0x1F,
    0xC1, 0xF8, 0x1F, 0xC1, 0xFC, 0x3F, 0xE1, 0x04, 0x1F, 0xC1, 0x8C, 0x1F, 0xC0, 0x00, 0x00, 0x01,
    0xFC, 0x1F, 0xC1, 0xFC, 0x1F, 0xC1, 0xFC, 0x3F, 0xE0, 0x20, 0x06, 0x00, 0xF8, 0x18, 0xC0, 0x00,
    0x00, 0x00, 0x02, 0x1F, 0x61, 0x86, 0x1F, 0x61, 0x86, 0x1F, 0x60, 0xF6, 0x3F, 0xE1, 0xE6, 0x00,
    0x60, 0x02, 0x00, 0x00, 0x04, 0x3F, 0x43, 0xE4, 0x3E, 0x43, 0xF4, 0x0F, 0x43, 0xF4, 0x00, 0x41,
    0x80, 0x1F, 0xC1, 0xFE, 0x00, 0x00, 0xF2, 0x1F, 0x61, 0xF6, 0x1F, 0x61, 0xFE, 0x3F, 0xE0, 0xFE,
    0x0F, 0xE1, 0xFE, 0x1F, 0xE0, 0xFE, 0x00, 0x00, 0x02, 0x1F, 0x61, 0xF6, 0x1F, 0x61, 0xF6, 0x3F,
    0xE3, 0xF6, 0x0F, 0xE1, 0x86, 0x1F, 0xE0, 0xFE, 0x00, 0x00, 0xF2, 0x1F, 0x61, 0xF6, 0x1F, 0x61,
    0xF6, 0x3F, 0xE0, 0x02, 0x08, 0x60, 0xFE, 0x0F, 0xE0, 0xFE, 0x00, 0x00, 0x04, 0x3F, 0x43, 0xE4,
    0x30, 0x43, 0xE4, 0x30, 0x43, 0x04, 0x3F, 0x40, 0x84, 0x00, 0x40, 0x04, 0x00, 0x00, 0x04, 0x3F,
    0x43, 0x04, 0x3E, 0x43, 0x04, 0x3F, 0x40, 0x84, 0x1F, 0xC0, 0x04, 0x00, 0x40, 0x04, 0x00, 0x00,
    0x04, 0x3F, 0x43, 0x04, 0x3E, 0x43, 0x04, 0x3F, 0x41, 0xE4, 0x08, 0x41, 0x80, 0x1F, 0xC0, 0xFE,
    0x00, 0x00, 0x04, 0x3F, 0x43, 0xE4, 0x3E, 0x43, 0xF4, 0x1F, 0x40, 0xFC, 0x0F, 0xC1, 0xFC, 0x1F,
    0xC0, 0xFE, 0x00, 0x00, 0x04, 0x3F, 0x43, 0x04, 0x3E, 0x43, 0x04, 0x3F, 0x40, 0x44, 0x1F, 0xC1,
    0x84, 0x1F, 0xC0, 0xFC, 0x00, 0x00, 0x04, 0x3F, 0x43, 0x04, 0x3E, 0x43, 0x14, 0x3F, 0x40, 0x04,
    0x1F, 0xC0, 0xFC, 0x1F, 0xC0, 0xFC, 0x00, 0x00, 0x04, 0x3E, 0xC3, 0x0C, 0x3E, 0xC3, 0x0C, 0x3F,
    0xC0, 0x2C, 0x02, 0x40, 0x70, 0x1D, 0xC1, 0x04, 0x00, 0x00, 0x04, 0x3F, 0x43, 0x04, 0x3E, 0x43,
    0x04, 0x3F, 0x40, 0x04, 0x0F, 0xC1, 0x84, 0x0F, 0xC0, 0x78, 0x00, 0x00, 0x08, 0x3E, 0xC3, 0xEC,
    0x34, 0x83, 0x4E, 0x34, 0xE3, 0x68, 0x7F, 0xC0, 0x0C, 0x00, 0xC0, 0x08, 0x00, 0x00, 0x08, 0x3E,
    0xC3, 0x6C, 0x34, 0xE3, 0x6C, 0x7E, 0xC0, 0x08, 0x1F, 0x80, 0x0C, 0x00, 0xC0, 0x08, 0x00, 0x00,
    0x08, 0x3E, 0xC3, 0x6C, 0x34, 0xE3, 0x6C, 0x7E, 0xC0, 0x08, 0x3F, 0xC0, 0xCC, 0x0C, 0xC0, 0xC8,
    0x00, 0x00, 0x08, 0x3E, 0xC3, 0xE8, 0x34, 0xE1, 0x4E, 0x7F, 0x83, 0xEC, 0x10, 0xC1, 0x00, 0x1F,
    0xC1, 0xFC, 0x00, 0x00, 0x08, 0x3E, 0xC3, 0x4E, 0x14, 0xE3, 0xEC, 0x3E, 0xC1, 0xF8, 0x1F, 0xC1,
    0xF8, 0x1F, 0xC1, 0xFC, 0x00, 0x00, 0x08, 0x3E, 0xC3, 0x4E, 0x34, 0xE3, 0xFC, 0x3C, 0xC3, 0xF8,
    0x1E, 0xC3, 0xEC, 0x3F, 0xC3, 0xF8, 0x00, 0x00, 0x08, 0x3E, 0xC3, 0x6C, 0x34, 0xE3, 0x68, 0x7E,
    0xC0, 0x08, 0x1F, 0xC1, 0x0C, 0x1F, 0xC1, 0xF8, 0x00, 0x00, 0x08, 0x3E, 0xC3, 0x6C, 0x14, 0xE3,
    0xEC, 0x3E, 0xC0, 0x08, 0x1F, 0xC1, 0x2C, 0x1F, 0xC1, 0xF8, 0x00, 0x00, 0x08, 0x3E, 0xC3, 0xEC,
    0x34, 0xE3, 0x6C, 0x7F, 0xC0, 0x0C, 0x06, 0x00, 0x70, 0x1D, 0xC1, 0x0C, 0x00, 0x00, 0x08, 0x3E,
    0xC3, 0x6C, 0x34, 0xE3, 0x68, 0x7F, 0xC0, 0x88, 0x19, 0x81, 0x98, 0x37, 0x40, 0x00, 0x00, 0x00,
    0x04, 0x3F, 0xC1, 0xEC, 0x16, 0xE1, 0x6C, 0x3F, 0xC0, 0x0C, 0x1F, 0x81, 0x8C, 0x1F, 0xC0, 0xF8,
    0x00, 0x00, 0x08, 0x3E, 0xC3, 0x4E, 0x14, 0xE3, 0xEC, 0x3E, 0xC1, 0xF8, 0x1F, 0x81, 0xF8, 0x1F,
    0x81, 0xFC, 0x00, 0x00, 0x02, 0x1F, 0xA3, 0xFA, 0x16, 0xA1, 0x6E, 0x16, 0xE1, 0x6A, 0x3F, 0xA1,
    0x9A, 0x01, 0xA0, 0x02, 0x00, 0x00, 0x02, 0x3F, 0xE1, 0xFE, 0x16, 0xE1, 0x7E, 0x3F, 0xE0, 0x9E,
    0x0F, 0xE0, 0x06, 0x00, 0x60, 0x02, 0x00, 0x00, 0x04, 0x3F, 0xE3, 0xD6, 0x15, 0xE1, 0x5E, 0x3F,
    0x63, 0xDE, 0x09, 0x61, 0x80, 0x1F, 0xE0, 0xFE, 0x00, 0x00, 0x04, 0x3F, 0x63, 0x5C, 0x15, 0xC3,
    0xF6, 0x3D, 0x40, 0xFC, 0x0F, 0xC1, 0xFC, 0x1F, 0xE0, 0xFE, 0x00, 0x00, 0x0A, 0x3F, 0xE1, 0xFE,
    0x16, 0xE1, 0x7E, 0x3F, 0xE0, 0x1E, 0x0F, 0xE0, 0x86, 0x0F, 0xE0, 0xFE, 0x00, 0x00, 0x0A, 0x3F,
    0xE1, 0xFE, 0x16, 0xE1, 0xFE, 0x3F, 0xE0, 0x82, 0x0F, 0xE0, 0xD6, 0x0F, 0xE0, 0xFE, 0x00, 0x00,
    0x04, 0x3F, 0xE3, 0xDE, 0x15, 0xE3, 0x5E, 0x3F, 0x60, 0x16, 0x03, 0x40, 0x38, 0x1C, 0xE1, 0x86,
    0x00, 0x00, 0x14, 0x3F, 0x63, 0xDE, 0x15, 0xE3, 0xD6, 0x3F, 0x60, 0x0C, 0x0C, 0xC1, 0xDC, 0x17,
    0x60, 0x20, 0x00, 0x00, 0x02, 0x3F, 0xE1, 0xFA, 0x16, 0xE1, 0x7E, 0x3F, 0xA0, 0x1A, 0x0F, 0xC0,
    0xC6, 0x0F, 0xE0, 0x7C, 0x00, 0x00, 0x08, 0x3E, 0xC3, 0xEE, 0x34, 0xE3, 0x48, 0x34, 0xC3, 0x6E,
    0x7F, 0xC0, 0x0C, 0x00, 0xC0, 0x08, 0x00, 0x00, 0x08, 0x3E, 0xC3, 0x4E, 0x34, 0xC3, 0x6E, 0x7E,
    0xC0, 0x08, 0x1F, 0x80, 0x0C, 0x00, 0xC0, 0x08, 0x00, 0x00, 0x02, 0x3F, 0x61, 0xF6, 0x1A, 0x61,
    0xBE, 0x1A, 0x61, 0xB6, 0x3F, 0x60, 0x06, 0x00, 0x60, 0x02, 0x00, 0x00, 0x02, 0x1F, 0x61, 0xA6,
    0x1A, 0xE1, 0xA6, 0x3F, 0x60, 0x06, 0x0F, 0xE0, 0x06, 0x00, 0x60, 0x02, 0x00, 0x00, 0x04, 0x3F,
    0x41, 0xE4, 0x17, 0xC1, 0x64, 0x3F, 0x43, 0xF4, 0x08, 0x41, 0x80, 0x1F, 0xC0, 0xFE, 0x00, 0x00,
    0x04, 0x3F, 0x61, 0x6C, 0x16, 0xC3, 0xF6, 0x3F, 0x40, 0xFC, 0x00, 0x61, 0xFC, 0x1F, 0xC0, 0xFE,
    0x00, 0x00, 0x06, 0x1F, 0x61, 0xB6, 0x1A, 0xE1, 0xB6, 0x3F, 0x60, 0x06, 0x0F, 0xE0, 0x86, 0x0F,
    0xE0, 0xFE, 0x00, 0x00, 0x02, 0x1F, 0x61, 0xAE, 0x1A, 0xE1, 0xB6, 0x3F, 0x60, 0x82, 0x0F, 0xE0,
    0xFE, 0x0F, 0x60, 0xFE, 0x00, 0x00, 0x04, 0x3F, 0x41, 0xE4, 0x17, 0xC1, 0x64, 0x3F, 0x40, 0x04,
    0x03, 0x40, 0x78, 0x1C, 0xE1, 0x86, 0x00, 0x01, 0xE4, 0x3F, 0x41, 0x6C, 0x16, 0xC3, 0xF4, 0x3E,
    0x40, 0x88, 0x0C, 0x81, 0xDC, 0x37, 0x60, 0x00, 0x00, 0x00, 0x04, 0x3F, 0x41, 0xE4, 0x17, 0xC1,
    0x64, 0x3F, 0x40, 0x04, 0x0F, 0xC1, 0x84, 0x0F, 0xC0, 0x78, 0x00, 0x00, 0x0A, 0x1E, 0xA3, 0xFA,
    0x16, 0xA1, 0x7A, 0x16, 0xA1, 0x6A, 0x3F, 0xA1, 0x8A, 0x00, 0xA0, 0x02, 0x00, 0x00, 0x02, 0x3F,
    0xE1, 0xEE, 0x17, 0xE1, 0x6E, 0x3F, 0xE0, 0x8E, 0x0F, 0xE0, 0x06, 0x00, 0x60, 0x02, 0x00, 0x00,
    0x04, 0x3F, 0xE3, 0xDC, 0x17, 0xC1, 0x5C, 0x3F, 0xC3, 0x9E, 0x09, 0xC1, 0x80, 0x1F, 0xE0, 0xFE,
    0x00, 0x00, 0x04, 0x3F, 0xE3, 0x7C, 0x17, 0xC3, 0xFE, 0x3D, 0x40, 0xFC, 0x0F, 0xE1, 0xFC, 0x1F,
    0xE0, 0xFE, 0x00, 0x00, 0x02, 0x3F, 0xE1, 0xEE, 0x17, 0xE1, 0x7E, 0x3F, 0xE0, 0x1E, 0x0F, 0xE0,
    0x86, 0x0F, 0xE0, 0xFE, 0x00, 0x00, 0x02, 0x3F, 0xE1, 0x7E, 0x17, 0xE1, 0xFE, 0x3F, 0xE0, 0x02,
    0x0F, 0xE0, 0xFE, 0x0F, 0x60, 0xFE, 0x00, 0x00, 0x04, 0x3F, 0xE3, 0x5C, 0x17, 0xC3, 0x5C, 0x3F,
    0xC0, 0x14, 0x03, 0x40, 0x78, 0x1C, 0xE1, 0x86, 0x00, 0x00, 0x0A, 0x3F, 0xE1, 0xEE, 0x17, 0xE1,
    0x7E, 0x3F, 0xE0, 0x1A, 0x0F, 0xC0, 0xC6, 0x0F, 0xE0, 0x7C, 0x00, 0x00, 0x02, 0x3F, 0x61, 0xF6,
    0x1A, 0xE1, 0xA6, 0x1A, 0xE1, 0xAE, 0x3F, 0x61, 0xC6, 0x00, 0x60, 0x02, 0x00, 0x00, 0x04, 0x3F,
    0x41, 0xFC, 0x16, 0xC1, 0x6C, 0x3F, 0x43, 0xF4, 0x08, 0x41, 0x80, 0x1F, 0xC0, 0xFE, 0x00, 0x00,
    0x04, 0x3F, 0x41, 0x6C, 0x16, 0xC3, 0xFC, 0x3E, 0x40, 0xFC, 0x0F, 0xE1, 0xFC, 0x1F, 0xC0, 0xFE,
    0x00, 0x00, 0x02, 0x1F, 0x61, 0xAE, 0x1A, 0x61, 0xAE, 0x3F, 0x60, 0x06, 0x0F, 0xE0, 0x86, 0x0F,
    0xE0, 0xFE, 0x00, 0x00, 0x02, 0x1F, 0x61, 0xAE, 0x1A, 0xE1, 0xBE, 0x3F, 0x60, 0x82, 0x0F, 0xE0,
    0xFE, 0x0F, 0x60, 0xFE, 0x00, 0x00, 0x04, 0x3F, 0x41, 0x6C, 0x16, 0xC1, 0x7C, 0x3F, 0x40, 0x8C,
    0x0C, 0x80, 0xDC, 0x17, 0x60, 0x20, 0x00, 0x00, 0x04, 0x3F, 0x41, 0x7C, 0x16, 0xC1, 0x7C, 0x3F,
    0x40, 0x04, 0x0F, 0xC1, 0x84, 0x0F, 0xC0, 0x78, 0x00, 0x00, 0x02, 0x1E, 0xE3, 0xEE, 0x17, 0xA1,
    0x6E, 0x17, 0xA1, 0x7A, 0x3E, 0xE1, 0x8E, 0x00, 0xE0, 0x02, 0x00, 0x00, 0x04, 0x3F, 0xE3, 0x7C,
    0x15, 0xC3, 0xFE, 0x3E, 0xC0, 0xFC, 0x0F, 0xE0, 0xFC, 0x1F, 0xE0, 0xFE, 0x00, 0x00, 0x06, 0x3E,
    0xE1, 0x7E, 0x17, 0xE1, 0xFE, 0x3E, 0xE0, 0x02, 0x0F, 0xE0, 0xFE, 0x0F, 0x60, 0xFE, 0x00, 0x00,
    0x04, 0x3F, 0xE3, 0x7C, 0x15, 0xC1, 0x7C, 0x3F, 0xC2, 0x9C, 0x03, 0x40, 0x78, 0x1C, 0xE1, 0x84,
    0x00, 0x00, 0x00, 0x1F, 0xC3, 0xFC, 0x09, 0x80, 0x98, 0x0D, 0x83, 0xFC, 0x02, 0x03, 0xFE, 0x3F,
    0xE0, 0x00, 0x00, 0x01, 0xFC, 0x1F, 0xC0, 0x98, 0x1F, 0xC0, 0x60, 0x3F, 0xE0, 0x00, 0x1F, 0xC0,
    0x0C, 0x00, 0xC0, 0x00, 0x00, 0x01, 0xFC, 0x1F, 0xC0, 0xC8, 0x1F, 0xC1, 0xFC, 0x3F, 0xE3, 0xFE,
    0x10, 0x01, 0x00, 0x1F, 0xC0, 0x00, 0x00, 0x01, 0xFC, 0x1F, 0xC0, 0xC8, 0x1F, 0xC1, 0xF4, 0x3F,
    0xE1, 0xFC, 0x1F, 0xC1, 0xFC, 0x1F, 0xC1, 0xFC, 0x00, 0x01, 0xFC, 0x1F, 0xC0, 0xC8, 0x1F, 0xC0,
    0x60, 0x3F, 0xE0, 0x00, 0x1F, 0xC1, 0x04, 0x1F, 0xC0, 0x00, 0x00, 0x01, 0xFC, 0x1F, 0xC0, 0xC8,
    0x1F, 0xC1, 0xFC, 0x3F, 0xE3, 0xDE, 0x1A, 0xC1, 0xFC, 0x1B, 0xC1, 0xFC, 0x00, 0x01, 0xFC, 0x1F,
    0xC0, 0x98, 0x1F, 0xC0, 0x60, 0x3F, 0xE0, 0x20, 0x06, 0x00, 0xF8, 0x18, 0xC0, 0x00, 0x00, 0x01,
    0xFC, 0x1F, 0xC0, 0xC8, 0x1F, 0xC0, 0x70, 0x3F, 0xE0, 0x78, 0x1F, 0xC1, 0x84, 0x0F, 0xC0, 0x00,
    0x00, 0x00, 0x04, 0x3F, 0xC1, 0xFC, 0x12, 0xC1, 0xAE, 0x3F, 0xE0, 0xCC, 0x3F, 0xC3, 0xEC, 0x00,
    0xC0, 0x04, 0x00, 0x00, 0x04, 0x3F, 0xC1, 0xAC, 0x1F, 0xE3, 0xFC, 0x3F, 0xC3, 0xFC, 0x0F, 0x81,
    0x8C, 0x1F, 0xC0, 0xF8, 0x00, 0x00, 0x02, 0x1F, 0xE1, 0xFE, 0x09, 0x60, 0x96, 0x1F, 0xE0, 0x66,
    0x1F, 0xE1, 0xF6, 0x00, 0x60, 0x02, 0x00, 0x00, 0x02, 0x1F, 0x61, 0xB6, 0x1B, 0x61, 0xF6, 0x07,
    0xE3, 0xFE, 0x08, 0x60, 0x80, 0x0F, 0xE0, 0xFE, 0x00, 0x00, 0x00, 0x3F, 0xC1, 0xFC, 0x09, 0x80,
    0x98, 0x1F, 0xC1, 0xFC, 0x0D, 0x83, 0xFE, 0x36, 0xC0, 0x00, 0x00, 0x03, 0xFC, 0x1F, 0x80, 0x98,
    0x3F, 0xC3, 0xF8, 0x7F, 0xE3, 0xFE, 0x10, 0x03, 0x00, 0x1F, 0xC0, 0x00, 0x00, 0x03, 0xFC, 0x3F,
    0xC0, 0x98, 0x3F, 0xC1, 0xF8, 0x7F, 0xE1, 0xF8, 0x1F, 0xC1, 0xFC, 0x3F, 0xC1, 0xFC, 0x00, 0x03,
    0xFC, 0x3F, 0xC0, 0x98, 0x3F, 0xC3, 0xF8, 0x7F, 0xE3, 0x6E, 0x1F, 0xC3, 0xFC, 0x36, 0xC1, 0xFC,
    0x00, 0x01, 0xFC, 0x1F, 0xC0, 0x98, 0x1F, 0xC1, 0xFC, 0x3F, 0xE3, 0xFE, 0x02, 0x00, 0x70, 0x1D,
    0xC1, 0x04, 0x00, 0x01, 0xFC, 0x1F, 0xC0, 0x98, 0x09, 0x81, 0xFC, 0x00, 0x03, 0xFE, 0x02, 0x00,
    0x20, 0x02, 0x00, 0x00, 0x00, 0x01, 0xFC, 0x1F, 0xC0, 0x98, 0x1F, 0xC0, 0x00, 0x3F, 0xE0, 0x70,
    0x1F, 0xC0, 0x0C, 0x00, 0xC0, 0x00, 0x00, 0x01, 0xFC, 0x1F, 0xC0, 0x88, 0x1F, 0xC1, 0xFC, 0x3F,
    0xE0, 0x20, 0x12, 0x01, 0x00, 0x1F, 0xC0, 0x00, 0x00, 0x01, 0xFC, 0x1F, 0xC0, 0xC8, 0x1F, 0xC0,
    0x00, 0x3F, 0xE0, 0x70, 0x1F, 0xC1, 0x00, 0x1F, 0xC0, 0x00, 0x00, 0x01, 0xFC, 0x1F, 0xC0, 0xC8,
    0x1F, 0xC3, 0xFE, 0x3F, 0xE1, 0xFC, 0x1F, 0xC1, 0xFC, 0x1F, 0xC1, 0xFC, 0x00, 0x01, 0xFC, 0x1F,
    0xC0, 0x98, 0x1F, 0xC3, 0xFE, 0x3F, 0xE1, 0xFC, 0x1F, 0xC1, 0xF4, 0x3F, 0xC1, 0xFC, 0x00, 0x01,
    0xFC, 0x1F, 0xC0, 0xC8, 0x1F, 0xC3, 0xFE, 0x3F, 0xE0, 0x20, 0x1F, 0xC1, 0x04, 0x1F, 0xC0, 0x00,
    0x00, 0x01, 0xFC, 0x1F, 0xC0, 0xC8, 0x1F, 0xC1, 0xFC, 0x3F, 0xE0, 0x20, 0x1F, 0xC1, 0xFC, 0x1B,
    0xC1, 0xFC, 0x00, 0x01, 0xFC, 0x1F, 0xC0, 0x98, 0x1F, 0xC1, 0xFC, 0x3F, 0xE0, 0x20, 0x02, 0x00,
    0x70, 0x1D, 0xC1, 0x04, 0x00, 0x01, 0xFC, 0x1F, 0xC0, 0xC8, 0x1F, 0xC3, 0xFE, 0x3F, 0xE0, 0x78,
    0x1F, 0xC1, 0x84, 0x0F, 0xC0, 0x00, 0x00, 0x00, 0x06, 0x3F, 0xE1, 0xB6, 0x1B, 0x61, 0xF6, 0x01,
    0xE3, 0xFE, 0x05, 0xE0, 0x5E, 0x04, 0x60, 0x06, 0x00, 0x00, 0x06, 0x1F, 0x61, 0xA6, 0x1F, 0x61,
    0xF6, 0x3F, 0xE0, 0xDE, 0x0F, 0xC1, 0x86, 0x0F, 0xE0, 0x7C, 0x00, 0x00, 0x02, 0x1F, 0xE0, 0x96,
    0x09, 0x61, 0xFE, 0x00, 0x63, 0xFE, 0x06, 0x60, 0x66, 0x06, 0x60, 0x02, 0x00, 0x00, 0x04, 0x3F,
    0x41, 0xA4, 0x1A, 0x41, 0xF4, 0x3F, 0xC3, 0xF4, 0x0C, 0x41, 0x00, 0x1F, 0xC1, 0xFC, 0x00, 0x00,
    0x04, 0x3F, 0x41, 0xA4, 0x1F, 0x43, 0xF4, 0x3F, 0x41, 0xFC, 0x1F, 0xC1, 0xFC, 0x1F, 0xC1, 0xFC,
    0x00, 0x00, 0x02, 0x1F, 0xE0, 0x96, 0x1F, 0xE1, 0xFE, 0x3F, 0xE0, 0x66, 0x0F, 0xE0, 0x86, 0x0F,
    0xE0, 0xFE, 0x00, 0x00, 0x04, 0x1F, 0x41, 0xA4, 0x1F, 0x41, 0xF4, 0x3F, 0xC3, 0xC4, 0x0F, 0x40,
    0x38, 0x0E, 0xE0, 0x86, 0x00, 0x01, 0xFC, 0x1F, 0xC0, 0x88, 0x09, 0x81, 0xFC, 0x00, 0x03, 0xFE,
    0x08, 0x80, 0x88, 0x08, 0x80, 0x00, 0x00, 0x01, 0xFC, 0x1F, 0xC0, 0x88, 0x1F, 0xC1, 0xFC, 0x3F,
    0xE0, 0x58, 0x14, 0x81, 0x00, 0x1F, 0xC0, 0x00, 0x00, 0x03, 0xFC, 0x3F, 0xC0, 0x98, 0x3F, 0xC3,
    0xFC, 0x7F, 0xE1, 0xF8, 0x1F, 0xC1, 0xFC, 0x3F, 0xC1, 0xFC, 0x00, 0x03, 0xFC, 0x3F, 0xC0, 0x98,
    0x3F, 0xC3, 0xFC, 0x7F, 0xE0, 0x98, 0x1F, 0xC3, 0x0C, 0x3F, 0xC1, 0xFC, 0x00, 0x01, 0xFC, 0x1F,
    0xC0, 0xC8, 0x1F, 0xC0, 0x00, 0x3F, 0xE0, 0x8C, 0x0B, 0x80, 0x78, 0x1C, 0xC0, 0x00, 0x00, 0x01,
    0xFC, 0x1F, 0xC0, 0xC8, 0x1F, 0xC3, 0xFE, 0x3F, 0xE0, 0xD8, 0x1F, 0xC1, 0x84, 0x0F, 0xC0, 0x00,
    0x00, 0x00, 0x00, 0x1F, 0xC1, 0xFC, 0x09, 0x80, 0xD8, 0x0D, 0x81, 0xFC, 0x00, 0x03, 0xFE, 0x3F,
    0xE0, 0x00, 0x00, 0x01, 0xFC, 0x1F, 0xC0, 0x98, 0x1F, 0xC1, 0xFC, 0x3F, 0xE3, 0xFE, 0x10, 0x01,
    0xB8, 0x1F, 0xC0, 0x00, 0x00, 0x01, 0xFC, 0x1F, 0xC0, 0x98, 0x1F, 0xC1, 0xFC, 0x3F, 0xE1, 0xFC,
    0x1F, 0xC1, 0xFC, 0x1F, 0xC1, 0xFC, 0x00, 0x01, 0xFC, 0x1F, 0xC0, 0xD8, 0x1F, 0xC0, 0x00, 0x3F,
    0xE0, 0x00, 0x1F, 0xC1, 0x04, 0x1F, 0xC0, 0x00, 0x00, 0x01, 0xFC, 0x1F, 0xC0, 0x98, 0x1F, 0xC1,
    0xFC, 0x3F, 0xE0, 0x00, 0x1F, 0xC1, 0xFC, 0x1E, 0xC1, 0xFC, 0x00, 0x01, 0xFC, 0x1F, 0xC0, 0xD8,
    0x1F, 0xC0, 0x00, 0x3F, 0xE0, 0x20, 0x06, 0x00, 0xF8, 0x18, 0xC0, 0x00, 0x00, 0x00, 0x02, 0x3F,
    0xE1, 0xF6, 0x1B, 0x61, 0xB6, 0x1B, 0x61, 0xB6, 0x3F, 0xE0, 0x06, 0x00, 0x60, 0x02, 0x00, 0x00,
    0x02, 0x1F, 0x61, 0xB6, 0x1B, 0x61, 0xB6, 0x3F, 0xE0, 0x06, 0x0F, 0xE0, 0x06, 0x00, 0x60, 0x02,
    0x00, 0x00, 0x04, 0x3F, 0x41, 0xF4, 0x12, 0x41, 0x24, 0x3F, 0x43, 0xF4, 0x18, 0x41, 0x80, 0x1F,
    0xC1, 0xFE, 0x00, 0x00, 0x04, 0x3F, 0x41, 0xA4, 0x12, 0x43, 0xF6, 0x3F, 0x40, 0xFC, 0x0F, 0xC1,
    0xFC, 0x1F, 0xC1, 0xFE, 0x00, 0x00, 0x02, 0x1F, 0x61, 0xB6, 0x1B, 0x61, 0xB6, 0x3F, 0xE0, 0x06,
    0x0F, 0xE0, 0x86, 0x0F, 0xE0, 0xFE, 0x00, 0x00, 0x02, 0x1F, 0x61, 0xB6, 0x1B, 0x61, 0xFE, 0x3F,
    0xE0, 0x82, 0x0F, 0xE0, 0xD6, 0x0F, 0xE0, 0xFE, 0x00, 0x00, 0x04, 0x3F, 0x41, 0xE4, 0x12, 0x41,
    0xA4, 0x3F, 0x40, 0x04, 0x03, 0x00, 0x78, 0x1C, 0xE1, 0x04, 0x00, 0x00, 0x04, 0x3F, 0x41, 0xE4,
    0x12, 0x41, 0xB4, 0x3F, 0x40, 0x04, 0x0F, 0xC1, 0x86, 0x1F, 0xC0, 0x78, 0x00, 0x00, 0x8C, 0x3E,
    0xC7, 0xFC, 0x0C, 0xC3, 0xEE, 0x33, 0xE3, 0x3C, 0x1E, 0xC0, 0x8C, 0x00, 0xC0, 0x0C, 0x00, 0x00,
    0x84, 0x3F, 0xC1, 0xEC, 0x3E, 0x63, 0x34, 0x3E, 0xC0, 0xC4, 0x1F, 0xC0, 0x0C, 0x00, 0xC0, 0x04,
    0x00, 0x00, 0x84, 0x3E, 0xC3, 0xFC, 0x1E, 0xE3, 0x3E, 0x36, 0xC1, 0xEC, 0x10, 0xC1, 0x00, 0x1F,
    0xC1, 0xFC, 0x00, 0x00, 0x84, 0x3F, 0xC1, 0xEE, 0x36, 0x63, 0x3C, 0x1E, 0x41, 0xFC, 0x0F, 0xC1,
    0xFC, 0x1F, 0xC1, 0xFC, 0x00, 0x00, 0x8C, 0x3F, 0xC1, 0xEE, 0x32, 0xE3, 0x3C, 0x1E, 0xC1, 0xDC,
    0x1F, 0xC3, 0xFC, 0x3F, 0xC1, 0xFC, 0x00, 0x00, 0x84, 0x3F, 0xC1, 0xEC, 0x1E, 0x63, 0x34, 0x3E,
    0xC1, 0xCC, 0x1F, 0xC1, 0x04, 0x1F, 0xC1, 0xFC, 0x00, 0x00, 0x84, 0x3F, 0xC1, 0xEC, 0x3E, 0x63,
    0x34, 0x3E, 0xC0, 0x84, 0x1F, 0xC1, 0xFC, 0x1A, 0xC1, 0xFC, 0x00, 0x00, 0x8C, 0x3F, 0xC1, 0xEC,
    0x3E, 0xE3, 0x2C, 0x3E, 0xC0, 0xCC, 0x02, 0x40, 0x70, 0x1D, 0xC1, 0x04, 0x00, 0x00, 0x8C, 0x3E,
    0xC3, 0xFC, 0x1E, 0xE3, 0x3C, 0x3E, 0xC0, 0xEC, 0x0F, 0x81, 0x8C, 0x1F, 0xC0, 0xF8, 0x00, 0x00,
    0x02, 0x09, 0xE3, 0xFE, 0x1D, 0x63, 0xDE, 0x37, 0xE3, 0x7A, 0x1D, 0xE0, 0x9E, 0x01, 0xE0, 0x02,
    0x00, 0x00, 0x82, 0x3F, 0xE3, 0xF6, 0x1D, 0xE3, 0x7E, 0x3D, 0xE1, 0x92, 0x0F, 0xE0, 0x06, 0x00,
    0x60, 0x06, 0x00, 0x00, 0x94, 0x3F, 0xE3, 0xF6, 0x1D, 0xE3, 0x7E, 0x37, 0xE1, 0xDE, 0x09, 0xE1,
    0x80, 0x1F, 0xC0, 0xFE, 0x00, 0x00, 0x92, 0x3F, 0x63, 0xDE, 0x35, 0xE3, 0x7E, 0x1D, 0x20, 0xFE,
    0x0F, 0xE1, 0xFE, 0x1F, 0xE0, 0xFE, 0x00, 0x00, 0x10, 0x3F, 0xE3, 0xFE, 0x1D, 0xE3, 0x7E, 0x3D,
    0xE1, 0xDE, 0x0F, 0xE1, 0x86, 0x1F, 0xE0, 0xFE, 0x00, 0x00, 0x92, 0x3F, 0xE3, 0xFE, 0x3D, 0xE3,
    0x7E, 0x3D, 0xE0, 0x80, 0x1F, 0xE1, 0xFE, 0x1B, 0x60, 0xFE, 0x00, 0x00, 0x94, 0x3F, 0xE3, 0xFE,
    0x1D, 0xE3, 0x7E, 0x3D, 0xE1, 0x96, 0x03, 0x40, 0x38, 0x1E, 0xE1, 0x86, 0x00, 0x00, 0x90, 0x3F,
    0xE3, 0xFE, 0x1D, 0xE3, 0x7E, 0x3D, 0xE1, 0xD4, 0x0C, 0x80, 0xDC, 0x1F, 0x60, 0x20, 0x00, 0x00,
    0x94, 0x3F, 0xE3, 0xFE, 0x1D, 0xE3, 0x7E, 0x3D, 0xE1, 0x96, 0x0F, 0xC1, 0x86, 0x0F, 0xC0, 0x78,
    0x00, 0x00, 0x8C, 0x3E, 0xC7, 0xFC, 0x0C, 0xE1, 0xEC, 0x33, 0xC3, 0x3E, 0x1E, 0xC0, 0x8C, 0x00,
    0xC0, 0x0C, 0x00, 0x00, 0x84, 0x3E, 0xC3, 0xFE, 0x1E, 0xC3, 0x3E, 0x3E, 0xC0, 0xEC, 0x0F, 0x81,
    0x8C, 0x1F, 0xC0, 0xF8, 0x00, 0x00, 0x06, 0x0C, 0x63, 0xF6, 0x0C, 0x61, 0xEE, 0x13, 0xE1, 0x36,
    0x1E, 0x60, 0x46, 0x00, 0x60, 0x06, 0x00, 0x00, 0xC2, 0x3F, 0x60, 0xE6, 0x1E, 0xE3, 0x3E, 0x1E,
    0x60, 0xC6, 0x0F, 0xE0, 0x06, 0x00, 0x60, 0x02, 0x00, 0x00, 0x84, 0x3F, 0x43, 0xF4, 0x1E, 0xC3,
    0x3C, 0x36, 0x41, 0xC4, 0x08, 0x41, 0x80, 0x1F, 0xC0, 0xFE, 0x00, 0x00, 0x84, 0x3F, 0x41, 0xC4,
    0x3F, 0xC3, 0x24, 0x1C, 0x40, 0xFC, 0x0F, 0xC1, 0xFC, 0x1F, 0xC0, 0xFE, 0x00, 0x00, 0xC2, 0x3F,
    0x61, 0xE6, 0x1F, 0xE1, 0x36, 0x1E, 0x60, 0xDE, 0x1F, 0xE1, 0xF2, 0x1F, 0xE1, 0xFE, 0x00, 0x00,
    0x42, 0x3F, 0x63, 0xF6, 0x1E, 0xE3, 0x3E, 0x1E, 0x60, 0xE6, 0x0F, 0xE0, 0x86, 0x0F, 0xE0, 0xFE,
    0x00, 0x00, 0x42, 0x3F, 0x61, 0xE6, 0x1E, 0xE3, 0x3E, 0x1E, 0x60, 0x82, 0x0F, 0xE0, 0xFE, 0x0D,
    0x60, 0xFE, 0x00, 0x00, 0x84, 0x3E, 0x43, 0xF4, 0x1E, 0xC3, 0x3C, 0x36, 0x41, 0xC4, 0x03, 0x40,
    0x78, 0x1C, 0xE1, 0x86, 0x00, 0x00, 0x42, 0x3F, 0x63, 0xF6, 0x1E, 0xE3, 0x3E, 0x1E, 0x60, 0xE6,
    0x0F, 0xC0, 0x86, 0x0F, 0xE0, 0x7C, 0x00, 0x00, 0x02, 0x09, 0xE3, 0xFE, 0x1D, 0xE3, 0xFE, 0x37,
    0xE3, 0x6E, 0x1D, 0xE0, 0x9E, 0x01, 0xE0, 0x02, 0x00, 0x00, 0x8A, 0x3F, 0xE3, 0xFE, 0x1D, 0xE3,
    0x7E, 0x3C, 0xE1, 0x8A, 0x0F, 0xE0, 0x06, 0x00, 0x60, 0x02, 0x00, 0x00, 0x82, 0x3F, 0xE3, 0xEE,
    0x1D, 0xE3, 0x7E, 0x3C, 0xE1, 0x9E, 0x08, 0xE1, 0x80, 0x1F, 0xE0, 0xFE, 0x00, 0x00, 0x82, 0x3F,
    0xE3, 0xDE, 0x3F, 0xE3, 0x6E, 0x1C, 0xA0, 0xFE, 0x0F, 0xE1, 0xFE, 0x1F, 0xE0, 0xFE, 0x00, 0x00,
    0x8A, 0x3D, 0xE3, 0xFE, 0x3F, 0xE3, 0x7E, 0x3C, 0xE1, 0xDE, 0x0F, 0xE1, 0x86, 0x1F, 0xE0, 0xFE,
    0x00, 0x00, 0x8A, 0x3F, 0xE3, 0xDE, 0x3F, 0xE3, 0x7E, 0x3D, 0xE0, 0x82, 0x1F, 0xE1, 0xFE, 0x1B,
    0x60, 0xFE, 0x00, 0x00, 0x94, 0x3D, 0xC3, 0xDC, 0x3F, 0xC2, 0x7C, 0x3D, 0xC1, 0x94, 0x02, 0x40,
    0x70, 0x1D, 0xE1, 0x04, 0x00, 0x00, 0x8A, 0x3D, 0xE3, 0xFE, 0x1F, 0xE3, 0x7E, 0x3C, 0xE1, 0x9A,
    0x0F, 0xC1, 0x86, 0x0F, 0xE0, 0x7C, 0x00, 0x00, 0x46, 0x0C, 0x63, 0xF6, 0x0C, 0xE1, 0xEE, 0x13,
    0x61, 0x3E, 0x1E, 0x60, 0x46, 0x00, 0x60, 0x06, 0x00, 0x00, 0xC2, 0x3F, 0x60, 0xEE, 0x1E, 0xE3,
    0x36, 0x1F, 0xE0, 0xC2, 0x0F, 0xE0, 0xFE, 0x00, 0x60, 0x02, 0x00, 0x00, 0x84, 0x3E, 0x43, 0xF4,
    0x1D, 0xC3, 0x24, 0x37, 0xC1, 0xC4, 0x08, 0x41, 0x80, 0x1F, 0xC0, 0xFE, 0x00, 0x00, 0x84, 0x3F,
    0x41, 0xCC, 0x3E, 0xC3, 0x2C, 0x1C, 0x40, 0xFC, 0x0F, 0xC1, 0xFC, 0x1F, 0xC0, 0xFE, 0x00, 0x00,
    0xC2, 0x3F, 0x60, 0xE6, 0x1E, 0xE3, 0x36, 0x1E, 0xE0, 0xE6, 0x0F, 0xE0, 0x86, 0x0F, 0xE0, 0xFE,
    0x00, 0x00, 0x84, 0x3F, 0x61, 0xCC, 0x3E, 0xC3, 0x24, 0x3F, 0xC1, 0xC4, 0x1B, 0xC1, 0xFC, 0x1B,
    0x40, 0xFC, 0x00, 0x00, 0x84, 0x3E, 0x61, 0xCC, 0x3E, 0xC3, 0x24, 0x37, 0xC1, 0xC6, 0x03, 0x40,
    0x78, 0x1C, 0xE1, 0x86, 0x00, 0x00, 0x84, 0x3E, 0x61, 0xCC, 0x3E, 0xC3, 0x2C, 0x3E, 0xC0, 0xC4,
    0x08, 0x80, 0xDC, 0x37, 0x60, 0x22, 0x00, 0x00, 0xC2, 0x3F, 0x63, 0xF6, 0x1E, 0xE3, 0x36, 0x1F,
    0xE0, 0xE6, 0x0F, 0xC0, 0x86, 0x0F, 0xE0, 0x7C, 0x00, 0x00, 0x02, 0x09, 0xE3, 0xFE, 0x1F, 0xE3,
    0xFE, 0x36, 0xE3, 0x7E, 0x1C, 0xE0, 0x9E, 0x00, 0xE0, 0x02, 0x00, 0x00, 0x8A, 0x3F, 0xE3, 0xEE,
    0x1F, 0xE3, 0x7E, 0x37, 0xE1, 0xDE, 0x08, 0xE1, 0x80, 0x1F, 0xC0, 0xFE, 0x00, 0x00, 0x92, 0x3F,
    0xE1, 0xFE, 0x3F, 0xE3, 0x7E, 0x1D, 0xA0, 0xFE, 0x0F, 0xE1, 0xFE, 0x1F, 0xE0, 0xFE, 0x00, 0x00,
    0x92, 0x3F, 0xE3, 0xFE, 0x3F, 0xE3, 0x7E, 0x3F, 0xE0, 0x82, 0x1F, 0xE1, 0xFE, 0x1B, 0x60, 0xFE,
    0x00, 0x00, 0x00, 0x02, 0x03, 0xFE, 0x07, 0x00, 0xF8, 0x18, 0xC1, 0xDC, 0x0F, 0x80, 0x20, 0x3F,
    0xE0, 0x00, 0x00, 0x00, 0x20, 0x3F, 0xE0, 0xF8, 0x18, 0xC1, 0xFC, 0x0F, 0x83, 0xFE, 0x1F, 0x81,
    0xFC, 0x00, 0x40, 0x04, 0x00, 0x00, 0x20, 0x3F, 0xE0, 0xF8, 0x18, 0xC1, 0xFC, 0x07, 0x03, 0xFE,
    0x3D, 0xE1, 0x00, 0x1F, 0xC1, 0xFC, 0x00, 0x00, 0x20, 0x3F, 0xE0, 0xFC, 0x18, 0xC0, 0xF8, 0x3F,
    0xE3, 0xFE, 0x1F, 0xC1, 0xFC, 0x1F, 0xC1, 0xFC, 0x00, 0x00, 0x20, 0x3F, 0xE1, 0xFC, 0x18, 0xC1,
    0xF8, 0x3F, 0xE3, 0xFE, 0x1F, 0xC1, 0xFC, 0x3F, 0xC1, 0xFC, 0x00, 0x00, 0x20, 0x3F, 0xE0, 0xF8,
    0x18, 0xC1, 0xFC, 0x0F, 0x83, 0xFE, 0x1F, 0xC1, 0xAC, 0x18, 0xC1, 0xFC, 0x00, 0x00, 0x20, 0x3F,
    0xE1, 0xFC, 0x18, 0xC0, 0xFC, 0x07, 0x03, 0xFE, 0x18, 0x41, 0xFC, 0x1A, 0xC1, 0xFC, 0x00, 0x00,
    0x20, 0x3F, 0xE0, 0xF8, 0x18, 0xC1, 0xFC, 0x0F, 0x83, 0xFE, 0x02, 0x00, 0x70, 0x1D, 0xC1, 0x04,
    0x00, 0x00, 0x20, 0x3F, 0xE0, 0xF8, 0x18, 0xC1, 0xFC, 0x0F, 0x83, 0xFE, 0x0F, 0x81, 0x8C, 0x1F,
    0xC0, 0xF8, 0x00, 0x00, 0x20, 0x3F, 0xE1, 0xF8, 0x18, 0xC0, 0xF8, 0x3F, 0xE3, 0xFE, 0x1F, 0xC1,
    0xF8, 0x1F, 0xC1, 0xFC, 0x00, 0x00, 0x88, 0x3E, 0xC3, 0xFC, 0x1E, 0x83, 0x2E, 0x36, 0xE1, 0xC8,
    0x2F, 0xC7, 0xFC, 0x00, 0xC0, 0x08, 0x00, 0x00, 0x88, 0x3E, 0xC1, 0xE8, 0x36, 0xE3, 0xEE, 0x1E,
    0x87, 0xFC, 0x1F, 0x81, 0xFC, 0x00, 0xC0, 0x08, 0x00, 0x00, 0x88, 0x3E, 0xC3, 0xEC, 0x36, 0xC3,
    0x6E, 0x1C, 0xC7, 0xFC, 0x38, 0xC1, 0x08, 0x1F, 0xC1, 0xFC, 0x00, 0x00, 0x88, 0x3E, 0xC3, 0xEC,
    0x36, 0xE1, 0xEC, 0x3F, 0xC3, 0xF8, 0x1F, 0xC1, 0xF8, 0x1F, 0xC1, 0xFC, 0x00, 0x00, 0x88, 0x3F,
    0xC1, 0xE8, 0x36, 0xE3, 0xEE, 0x1E, 0x87, 0xFC, 0x02, 0xC0, 0x70, 0x1D, 0xC1, 0x0C, 0x00, 0x00,
    0x88, 0x3F, 0xC3, 0xE8, 0x36, 0xE3, 0xEE, 0x1C, 0x87, 0xEC, 0x0F, 0x81, 0x88, 0x1F, 0x80, 0xF0,
    0x00, 0x00, 0x84, 0x3F, 0xE3, 0xFE, 0x1D, 0xE3, 0x7E, 0x3D, 0xE0, 0xDE, 0x2F, 0xE3, 0xFE, 0x01,
    0xE0, 0x04, 0x00, 0x00, 0x42, 0x1F, 0xE1, 0xFE, 0x16, 0xE1, 0xEE, 0x0D, 0xE3, 0xFE, 0x0F, 0xE0,
    0xFE, 0x00, 0x60, 0x02, 0x00, 0x00, 0x94, 0x3F, 0xE1, 0xDE, 0x37, 0xE3, 0x7E, 0x1D, 0xE3, 0xFE,
    0x01, 0xE1, 0x80, 0x1F, 0xE0, 0xFE, 0x00, 0x00, 0x84, 0x3F, 0xE1, 0xDE, 0x37, 0xE3, 0x7E, 0x1D,
    0xE3, 0xFE, 0x03, 0x60, 0x30, 0x1F, 0xC1, 0x86, 0x00, 0x00, 0x94, 0x3F, 0xE1, 0xDE, 0x37, 0xE3,
    0xDE, 0x1D, 0xE3, 0xF6, 0x0F, 0xC1, 0x86, 0x1F, 0xC0, 0x78, 0x00, 0x00, 0x42, 0x1F, 0x63, 0xFE,
    0x0F, 0x61, 0x96, 0x1B, 0x60, 0xE6, 0x17, 0xE3, 0xFE, 0x00, 0x60, 0x02, 0x00, 0x00, 0x42, 0x3F,
    0x61, 0xF6, 0x1B, 0x61, 0xB6, 0x0E, 0x63, 0xFE, 0x0F, 0xC0, 0xFE, 0x00, 0x60, 0x02, 0x00, 0x00,
    0x42, 0x1F, 0x61, 0xF6, 0x1B, 0x61, 0xB6, 0x0E, 0x63, 0xFE, 0x18, 0x60, 0x80, 0x0F, 0xE0, 0xFE,
    0x00, 0x00, 0x42, 0x3F, 0x61, 0xF6, 0x1B, 0x60, 0xF6, 0x3F, 0xE1, 0xFE, 0x0F, 0xE0, 0xFE, 0x0F,
    0xE0, 0xFE, 0x00, 0x00, 0x42, 0x3F, 0x60, 0xF6, 0x1B, 0x61, 0xF6, 0x0F, 0xE3, 0xF2, 0x08, 0x60,
    0xFE, 0x0D, 0x60, 0xFE, 0x00, 0x00, 0x42, 0x3F, 0x60, 0xF6, 0x1B, 0x61, 0xF6, 0x0E, 0x63, 0xFE,
    0x01, 0x60, 0x38, 0x0E, 0xE0, 0x82, 0x00, 0x00, 0x42, 0x3F, 0x60, 0xF6, 0x1B, 0x61, 0xF6, 0x0F,
    0x63, 0xF6, 0x07, 0xC0, 0xC6, 0x0F, 0xE0, 0x7C, 0x00, 0x00, 0x00, 0x06, 0x03, 0xFC, 0x0F, 0x01,
    0xF8, 0x30, 0xC1, 0x98, 0x1F, 0x80, 0x98, 0x7F, 0xE0, 0x00, 0x00, 0x00, 0x60, 0x3F, 0xC1, 0xF8,
    0x19, 0x81, 0xFC, 0x0F, 0x87, 0xFE, 0x36, 0x43, 0x00, 0x3F, 0xC1, 0xFC, 0x00, 0x00, 0x60, 0x3F,
    0xC1, 0xF8, 0x18, 0xC1, 0xF8, 0x7F, 0xE3, 0xFC, 0x1F, 0xC1, 0xFC, 0x3F, 0xC1, 0xFC, 0x00, 0x00,
    0x60, 0x3F, 0xC1, 0xF8, 0x10, 0xC1, 0xF8, 0x0F, 0x87, 0xFE, 0x10, 0xC3, 0xFC, 0x36, 0xC1, 0xFC,
    0x00, 0x00, 0x60, 0x3F, 0xC1, 0xF8, 0x19, 0x81, 0x98, 0x1F, 0x87, 0xFE, 0x06, 0x00, 0xF0, 0x39,
    0xC0, 0x04, 0x00, 0x00, 0x20, 0x1F, 0xC3, 0xFE, 0x0F, 0x81, 0x8C, 0x1F, 0x82, 0xF8, 0x3F, 0xE0,
    0x20, 0x02, 0x00, 0x20, 0x00, 0x00, 0x20, 0x3F, 0xE0, 0xF8, 0x18, 0xC1, 0xFC, 0x0F, 0x83, 0xFE,
    0x1F, 0x81, 0xFC, 0x00, 0x40, 0x04, 0x00, 0x00, 0x20, 0x3F, 0xE0, 0xF8, 0x1D, 0xC1, 0x8C, 0x0F,
    0x83, 0xFE, 0x02, 0x01, 0x00, 0x1F, 0xC1, 0xFC, 0x00, 0x00, 0x20, 0x3F, 0xE0, 0xFC, 0x18, 0xC0,
    0xF8, 0x3F, 0xE1, 0xF8, 0x1F, 0xC1, 0xFC, 0x1F, 0xC1, 0xFC, 0x00, 0x00, 0x60, 0x3F, 0xE1, 0xF8,
    0x18, 0xC1, 0xFC, 0x3F, 0xE1, 0xEC, 0x1F, 0xC1, 0xFC, 0x3F, 0xC1, 0xFC, 0x00, 0x00, 0x20, 0x3F,
    0xE0, 0xF8, 0x18, 0xC1, 0xFC, 0x07, 0x83, 0xFE, 0x1F, 0xC1, 0x9C, 0x1A, 0xC1, 0xFC, 0x00, 0x00,
    0x20, 0x3F, 0xE0, 0xF8, 0x18, 0xC1, 0xFC, 0x3F, 0xE3, 0xFE, 0x02, 0x00, 0x70, 0x1D, 0xC1, 0x04,
    0x00, 0x00, 0x20, 0x3F, 0xE0, 0xF8, 0x18, 0xC1, 0xFC, 0x07, 0x83, 0xFE, 0x0F, 0x81, 0x8C, 0x1F,
    0xC0, 0xF8, 0x00, 0x00, 0xC4, 0x3F, 0x61, 0xE6, 0x1E, 0x63, 0x36, 0x1E, 0x63, 0xF6, 0x3F, 0x60,
    0xDE, 0x0C, 0x60, 0xC4, 0x00, 0x00, 0x42, 0x3F, 0xE1, 0xF6, 0x1B, 0x61, 0xF6, 0x0F, 0xE3, 0xFE,
    0x04, 0xE1, 0x82, 0x1F, 0xE0, 0xFE, 0x00, 0x00, 0x44, 0x3F, 0x61, 0xF4, 0x13, 0x41, 0xF4, 0x3F,
    0xC0, 0xDC, 0x1F, 0xC0, 0xFC, 0x1F, 0xC1, 0xFE, 0x00, 0x00, 0x44, 0x3F, 0x61, 0xE6, 0x13, 0x61,
    0xE6, 0x3F, 0x60, 0xDE, 0x0F, 0xC1, 0xFE, 0x18, 0x61, 0xFC, 0x00, 0x00, 0x44, 0x3F, 0x61, 0xF6,
    0x13, 0x61, 0xE6, 0x3F, 0x60, 0xDE, 0x0F, 0xC1, 0xEC, 0x1C, 0xC0, 0xF8, 0x00, 0x00, 0x82, 0x3F,
    0xE3, 0xFE, 0x3F, 0xE3, 0x7E, 0x1F, 0xE3, 0xFE, 0x0B, 0xE0, 0xBE, 0x09, 0xE0, 0x02, 0x00, 0x00,
    0xC2, 0x3F, 0xE1, 0xEE, 0x16, 0xE1, 0xEE, 0x3F, 0xE0, 0xFE, 0x0D, 0xE1, 0xFE, 0x00, 0x60, 0x02,
    0x00, 0x00, 0x94, 0x3F, 0xE1, 0xDC, 0x37, 0xC3, 0xDC, 0x3F, 0xC3, 0xFC, 0x0B, 0xE1, 0x80, 0x1F,
    0xE0, 0xFE, 0x00, 0x00, 0x84, 0x3F, 0xE3, 0xDC, 0x37, 0xC3, 0xFC, 0x3F, 0xE0, 0xFC, 0x0F, 0xC0,
    0xFC, 0x1F, 0xE0, 0xFE, 0x00, 0x00, 0x84, 0x3F, 0xE3, 0xCC, 0x36, 0xC1, 0xDC, 0x3F, 0xC0, 0xBE,
    0x0F, 0xC1, 0xFC, 0x1C, 0xC0, 0xF8, 0x00, 0x00, 0x42, 0x3F, 0xE0, 0xE6, 0x1F, 0x61, 0xB6, 0x0E,
    0x63, 0xFE, 0x3F, 0x60, 0x46, 0x04, 0x60, 0x42, 0x00, 0x00, 0x42, 0x3F, 0x61, 0xF6, 0x1B, 0x61,
    0xF6, 0x1F, 0xE3, 0xF6, 0x0E, 0xC0, 0xFE, 0x00, 0x60, 0x02, 0x00, 0x00, 0x42, 0x1F, 0x61, 0xF6,
    0x1B, 0x61, 0xB6, 0x0F, 0xE3, 0xFE, 0x04, 0x61, 0x80, 0x1F, 0xE0, 0xFE, 0x00, 0x00, 0x42, 0x1F,
    0x61, 0xF6, 0x1B, 0x61, 0xF6, 0x3F, 0xE0, 0xE6, 0x0F, 0xE0, 0xFE, 0x1F, 0xE0, 0xFE, 0x00, 0x00,
    0x42, 0x3F, 0x61, 0xF6, 0x1B, 0x61, 0xF6, 0x3F, 0xE3, 0xE6, 0x0F, 0xE0, 0x86, 0x0D, 0x60, 0xFE,
    0x00, 0x00, 0x42, 0x3F, 0x61, 0xF6, 0x1B, 0x61, 0xF6, 0x3F, 0xE1, 0x62, 0x0C, 0x60, 0xFE, 0x0F,
    0x60, 0xFE, 0x00, 0x00, 0x44, 0x3F, 0x41, 0xE4, 0x13, 0x41, 0xE4, 0x1F, 0xC3, 0xF4, 0x0E, 0x40,
    0x70, 0x1D, 0xE1, 0x86, 0x00, 0x00, 0x42, 0x3F, 0xE1, 0xF6, 0x1B, 0x61, 0xF6, 0x3F, 0xE3, 0xF6,
    0x07, 0xC0, 0xC6, 0x0C, 0xE0, 0x7C, 0x00, 0x00, 0x00, 0x3F, 0xC3, 0xFC, 0x1F, 0x83, 0x0C, 0x1F,
    0x80, 0xF0, 0x7F, 0xE0, 0x98, 0x19, 0x80, 0x90, 0x00, 0x00, 0x60, 0x3F, 0xC1, 0xF8, 0x19, 0x81,
    0x98, 0x1F, 0x87, 0xFE, 0x1F, 0x83, 0xFC, 0x00, 0xC0, 0x0C, 0x00, 0x00, 0x60, 0x3F, 0xC1, 0xF8,
    0x19, 0x81, 0x9C, 0x0F, 0x87, 0xFE, 0x0D, 0x83, 0x00, 0x3F, 0xC1, 0xFC, 0x00, 0x00, 0x60, 0x3F,
    0xC1, 0xF8, 0x19, 0xC0, 0xF8, 0x7F, 0xE1, 0xF8, 0x1F, 0xC1, 0xFC, 0x3F, 0xC1, 0xFC, 0x00, 0x00,
    0x60, 0x3F, 0xC1, 0xF8, 0x19, 0x81, 0xF8, 0x3F, 0xE3, 0xFE, 0x1F, 0x83, 0x0C, 0x36, 0xC1, 0xFC,
    0x00, 0x00, 0x20, 0x3F, 0xE0, 0xF8, 0x18, 0xC1, 0xDC, 0x0F, 0x83, 0xFE, 0x0A, 0x80, 0x70, 0x1D,
    0xC1, 0x8C, 0x00, 0x00, 0x20, 0x3F, 0xE0, 0xF8, 0x18, 0xC1, 0xFC, 0x3F, 0xE3, 0xFE, 0x0F, 0x81,
    0x8C, 0x1F, 0xC0, 0xF8, 0x00, 0x00, 0x00, 0x02, 0x03, 0xFE, 0x07, 0x00, 0xF8, 0x18, 0xC1, 0x8C,
    0x0F, 0x83, 0x26, 0x3F, 0xE0, 0x00, 0x00, 0x00, 0x20, 0x3F, 0xE0, 0xF8, 0x18, 0xC1, 0xFC, 0x0F,
    0x83, 0xFE, 0x1F, 0x81, 0xFC, 0x00, 0x40, 0x04, 0x00, 0x00, 0x20, 0x3F, 0xE0, 0xF8, 0x1D, 0xC1,
    0x8C, 0x0F, 0x83, 0xFE, 0x1F, 0xC1, 0x00, 0x1F, 0xC1, 0xFC, 0x00, 0x00, 0x20, 0x3F, 0xE1, 0xFC,
    0x18, 0xC1, 0xF8, 0x3F, 0xE3, 0xDE, 0x13, 0xC1, 0x3C, 0x1F, 0xC1, 0xD8, 0x00, 0x00, 0x20, 0x3F,
    0xE0, 0xF8, 0x18, 0xC1, 0xFC, 0x0F, 0x83, 0xFE, 0x1F, 0xC1, 0x80, 0x1F, 0xC1, 0xFC, 0x00, 0x00,
    0x20, 0x3F, 0xE1, 0xF8, 0x18, 0xC1, 0xF8, 0x3F, 0xE3, 0xFE, 0x1F, 0xC1, 0xFC, 0x1F, 0xC1, 0xFC,
    0x00, 0x00, 0x20, 0x3F, 0xE1, 0xF8, 0x18, 0xC1, 0xF8, 0x3F, 0xE1, 0xFC, 0x1F, 0xC1, 0xC4, 0x1E,
    0x41, 0xE4, 0x00, 0x00, 0x20, 0x3F, 0xE0, 0xF8, 0x18, 0xC1, 0xFC, 0x0F, 0x83, 0xFE, 0x1F, 0xC1,
    0xAC, 0x18, 0xC1, 0xFC, 0x00, 0x00, 0x20, 0x3F, 0xE0, 0xF8, 0x18, 0xC1, 0xFC, 0x3F, 0xE3, 0xFE,
    0x10, 0x41, 0xFC, 0x1A, 0xC1, 0xFC, 0x00, 0x00, 0x20, 0x3F, 0xE0, 0xF8, 0x18, 0xC1, 0xFC, 0x0F,
    0x83, 0xFE, 0x02, 0x00, 0x70, 0x1D, 0xC1, 0x8C, 0x00, 0x00, 0x20, 0x3F, 0xE0, 0xF8, 0x18, 0xC1,
    0xDC, 0x0F, 0x83, 0xFE, 0x0F, 0x81, 0x8C, 0x1F, 0xC0, 0xF8, 0x00, 0x00, 0x20, 0x3F, 0xE1, 0xFC,
    0x18, 0xC1, 0xF8, 0x3F, 0xE3, 0xFE, 0x1F, 0xC1, 0xF8, 0x1F, 0xC1, 0xFC, 0x00, 0x00, 0x42, 0x1F,
    0x63, 0xFE, 0x0F, 0x61, 0x96, 0x19, 0x60, 0xF6, 0x17, 0xE3, 0xFE, 0x00, 0x60, 0x02, 0x00, 0x00,
    0x42, 0x1F, 0x61, 0xF6, 0x1B, 0x61, 0xB6, 0x0F, 0x63, 0xFE, 0x08, 0x60, 0x80, 0x0F, 0xE0, 0xFE,
    0x00, 0x00, 0x42, 0x3F, 0x61, 0xF6, 0x1B, 0x61, 0xF6, 0x3F, 0xE1, 0xFE, 0x0F, 0xE0, 0xFE, 0x0F,
    0xE0, 0xFE, 0x00, 0x00, 0x42, 0x3F, 0x61, 0xF6, 0x1B, 0x61, 0xF6, 0x0F, 0xE3, 0xF6, 0x0F, 0xE0,
    0xFE, 0x08, 0x60, 0xFE, 0x00, 0x00, 0x42, 0x3F, 0x60, 0xF6, 0x1B, 0x61, 0xF6, 0x3F, 0xE3, 0xF2,
    0x08, 0x60, 0xFE, 0x0D, 0x60, 0xFE, 0x00, 0x00, 0x42, 0x3F, 0xE0, 0xF6, 0x1B, 0x61, 0xF6, 0x0F,
    0xE3, 0xF6, 0x07, 0xC0, 0xC6, 0x0E, 0xE0, 0x7C, 0x00, 0x00, 0x42, 0x04, 0x63, 0xFE, 0x0E, 0x61,
    0xF6, 0x19, 0x61, 0x96, 0x0F, 0x60, 0x46, 0x00, 0x60, 0x02, 0x00, 0x00, 0x42, 0x3F, 0xE1, 0xF6,
    0x1F, 0x61, 0x9E, 0x1F, 0x60, 0x62, 0x0F, 0xE0, 0x06, 0x00, 0x60, 0x02, 0x00, 0x00, 0xC4, 0x3F,
    0x43, 0xF4, 0x1E, 0x43, 0x34, 0x1F, 0x40, 0xE4, 0x08, 0x41, 0x80, 0x1F, 0xE0, 0xFE, 0x00, 0x00,
    0xC4, 0x3F, 0x41, 0xE4, 0x1B, 0x43, 0x34, 0x1E, 0x40, 0xFC, 0x0F, 0xC1, 0xFC, 0x1F, 0xC0, 0xFE,
    0x00, 0x00, 0x42, 0x3F, 0xE1, 0xF6, 0x1F, 0x61, 0x9E, 0x1F, 0x60, 0x66, 0x0F, 0xE0, 0x86, 0x0F,
    0xE0, 0xFE, 0x00, 0x00, 0x42, 0x3F, 0xE1, 0xF6, 0x1F, 0x61, 0x96, 0x1F, 0x60, 0x00, 0x0F, 0xE0,
    0xFE, 0x0D, 0x60, 0xFE, 0x00, 0x00, 0xC4, 0x3F, 0x43, 0xF4, 0x1E, 0x43, 0x34, 0x1F, 0x40, 0xE4,
    0x03, 0x40, 0x78, 0x1C, 0xE1, 0x84, 0x00, 0x00, 0x44, 0x3F, 0x43, 0xF4, 0x1F, 0x43, 0x34, 0x1F,
    0x40, 0xE4, 0x0F, 0xC1, 0x84, 0x0F, 0xC0, 0x78, 0x00, 0x00, 0x00, 0x02, 0x00, 0x20, 0x02, 0x00,
    0x20, 0x02, 0x00, 0x20, 0x00, 0x00, 0x20, 0x00, 0x00, 0x00, 0x00, 0x00, 0x00, 0x00, 0x00, 0x00,
    0x05, 0x00, 0xD8, 0x0D, 0x80, 0xD8, 0x00, 0x00, 0x00, 0x00, 0x00, 0x00, 0x00, 0x00, 0x00, 0x0D,
    0x00, 0xD0, 0x3F, 0xC0, 0xD0, 0x09, 0x03, 0xFC, 0x1B, 0x00, 0xB0, 0x0A, 0x00, 0x00, 0x00, 0x00,
    0x20, 0x07, 0x00, 0xF8, 0x18, 0x00, 0xC0, 0x07, 0x00, 0x18, 0x00, 0xC1, 0xF8, 0x0F, 0x00, 0x20,
    0x00, 0x00, 0x00, 0x39, 0x86, 0x90, 0x6B, 0x06, 0xAC, 0x7F, 0xE3, 0x52, 0x0D, 0x20, 0x9E, 0x10,
    0xC0, 0x00, 0x00, 0x00, 0x00, 0x0E, 0x00, 0xB0, 0x1B, 0x00, 0xE0, 0x0C, 0xC1, 0x6C, 0x33, 0x81,
    0xFC, 0x0E, 0x40, 0x00, 0x00, 0x00, 0x00, 0x00, 0x00, 0x00, 0x02, 0x00, 0x30, 0x02, 0x00, 0x20,
    0x00, 0x00, 0x00, 0x00, 0x00, 0x00, 0x00, 0x00, 0x30, 0x06, 0x00, 0x40, 0x04, 0x00, 0xC0, 0x0C,
    0x00, 0xC0, 0x04, 0x00, 0x60, 0x02, 0x00, 0x30, 0x00, 0x00, 0x40, 0x06, 0x00, 0x30, 0x03, 0x00,
    0x10, 0x01, 0x00, 0x10, 0x03, 0x00, 0x30, 0x06, 0x00, 0x40, 0x00, 0x00, 0x00, 0x02, 0x00, 0x60,
    0x36, 0xC1, 0xF8, 0x0F, 0x01, 0xF8, 0x36, 0xC0, 0x60, 0x02, 0x00, 0x00, 0x00, 0x00, 0x00, 0x02,
    0x00, 0x20, 0x02, 0x00, 0x60, 0x3F, 0xE0, 0x20, 0x02, 0x00, 0x20, 0x00, 0x00, 0x00, 0x00, 0x00,
    0x00, 0x00, 0x00, 0x00, 0x00, 0x00, 0x00, 0x00, 0x00, 0x00, 0x02, 0x00, 0x70, 0x03, 0x00, 0x60,
    0x00, 0x00, 0x00, 0x00, 0x00, 0x00, 0x00, 0x00, 0x00, 0x3F, 0xE0, 0x00, 0x00, 0x00, 0x00, 0x00,
    0x00, 0x00, 0x00, 0x00, 0x00, 0x00, 0x00, 0x00, 0x00, 0x00, 0x00, 0x00, 0x00, 0x00, 0x00, 0x00,
    0x00, 0x02, 0x00, 0x60, 0x00, 0x00, 0x01, 0x00, 0x20, 0x04, 0x00, 0x80, 0x10, 0x02, 0x00, 0x40,
    0x08, 0x01, 0x00, 0x20, 0x04, 0x00, 0x00, 0x00, 0x00, 0x07, 0x00, 0xF8, 0x08, 0xC1, 0x8C, 0x18,
    0xC1, 0x8C, 0x08, 0xC0, 0xF8, 0x07, 0x00, 0x00, 0x00, 0x00, 0x00, 0x06, 0x00, 0xE0, 0x06, 0x00,
    0x60, 0x06, 0x00, 0x60, 0x06, 0x01, 0xF8, 0x1F, 0x80, 0x00, 0x00, 0x00, 0x00, 0x07, 0x00, 0xF8,
    0x00, 0x80, 0x08, 0x01, 0x80, 0x30, 0x06, 0x00, 0xF8, 0x0F, 0xC0, 0x00, 0x00, 0x00, 0x00, 0x07,
    0x00, 0xF8, 0x00, 0xC0, 0x18, 0x03, 0x80, 0x0C, 0x00, 0xC0, 0xF8, 0x07, 0x00, 0x00, 0x00, 0x00,
    0x00, 0x01, 0x00, 0x38, 0x07, 0x80, 0xD8, 0x09, 0x81, 0xFC, 0x1F, 0x80, 0x18, 0x01, 0x00, 0x00,
    0x00, 0x00, 0x00, 0x0F, 0x80, 0xF8, 0x08, 0x00, 0xF8, 0x09, 0x80, 0x0C, 0x00, 0xC1, 0xF8, 0x07,
    0x00, 0x00, 0x00, 0x00, 0x00, 0x07, 0x80, 0xF8, 0x18, 0x01, 0xF0, 0x1F, 0x81, 0x8C, 0x18, 0xC0,
    0xF8, 0x07, 0x00, 0x00, 0x00, 0x00, 0x00, 0x1F, 0x80, 0xF8, 0x01, 0x00, 0x30, 0x02, 0x00, 0x60,
    0x06, 0x00, 0x60, 0x04, 0x00, 0x00, 0x00, 0x00, 0x00, 0x07, 0x00, 0xD8, 0x08, 0xC0, 0xC8, 0x0F,
    0x80, 0x8C, 0x18, 0xC0, 0xFC, 0x07, 0x00, 0x00, 0x00, 0x00, 0x00, 0x07, 0x00, 0xF8, 0x18, 0xC1,
    0x8C, 0x0D, 0xC0, 0x7C, 0x00, 0x80, 0xF8, 0x0F, 0x00, 0x00, 0x00, 0x00, 0x00, 0x00, 0x00, 0x60,
    0x02, 0x00, 0x00, 0x00, 0x00, 0x00, 0x02, 0x00, 0x60, 0x00, 0x00, 0x00, 0x00, 0x00, 0x00, 0x06,
    0x00, 0x20, 0x00, 0x00, 0x00, 0x00, 0x00, 0x70, 0x03, 0x00, 0x20, 0x06, 0x00, 0x00, 0x00, 0x00,
    0x00, 0x00, 0x60, 0x1C, 0x07, 0x01, 0xC0, 0x38, 0x00, 0xC0, 0x07, 0x00, 0x1C, 0x00, 0x60, 0x00,
    0x00, 0x00, 0x00, 0x00, 0x00, 0x00, 0x3F, 0xC3, 0xFC, 0x00, 0x03, 0xFE, 0x1F, 0xC0, 0x00, 0x00,
    0x00, 0x00, 0x00, 0x00, 0x00, 0x30, 0x01, 0xC0, 0x07, 0x00, 0x1C, 0x00, 0xE0, 0x18, 0x07, 0x01,
    0xC0, 0x30, 0x00, 0x00, 0x00, 0x00, 0x00, 0x0F, 0x80, 0x88, 0x00, 0x80, 0x18, 0x02, 0x00, 0x20,
    0x00, 0x00, 0x60, 0x00, 0x00, 0x00, 0x00, 0x00, 0x78, 0x1D, 0xC1, 0x06, 0x37, 0xA2, 0xDA, 0x29,
    0x22, 0xF6, 0x27, 0xC3, 0x00, 0x1F, 0x80, 0xF0, 0x00, 0x00, 0x00, 0x06, 0x00, 0x70, 0x0D, 0x00,
    0xD8, 0x0D, 0x81, 0xF8, 0x18, 0xC1, 0x0C, 0x00, 0x40, 0x00, 0x00, 0x00, 0x00, 0x1F, 0x01, 0xF8,
    0x10, 0x81, 0x98, 0x1F, 0x81, 0x0C, 0x10, 0xC1, 0xF8, 0x1F, 0x00, 0x00, 0x00, 0x00, 0x00, 0x07,
    0x80, 0xFC, 0x18, 0x01, 0x80, 0x18, 0x01, 0x80, 0x18, 0x00, 0xFC, 0x07, 0x80, 0x00, 0x00, 0x00,
    0x00, 0x1E, 0x03, 0xF8, 0x31, 0x83, 0x0C, 0x30, 0xC3, 0x0C, 0x31, 0x83, 0xF8, 0x1E, 0x00, 0x00,
    0x00, 0x00, 0x00, 0x1F, 0x81, 0xF8, 0x18, 0x01, 0x80, 0x1F, 0x01, 0x80, 0x18, 0x01, 0xF8, 0x0F,
    0x80, 0x00, 0x00, 0x00, 0x00, 0x0F, 0x81, 0xF8, 0x18, 0x01, 0x80, 0x1F, 0x01, 0x80, 0x18, 0x01,
    0x80, 0x08, 0x00, 0x00, 0x00, 0x00, 0x00, 0x07, 0x80, 0xFC, 0x18, 0x01, 0x00, 0x31, 0xC1, 0x1C,
    0x18, 0x40, 0xFC, 0x07, 0x80, 0x00, 0x00, 0x00, 0x00, 0x10, 0x41, 0x8C, 0x10, 0xC1, 0x8C, 0x1F,
    0xC1, 0x0C, 0x10, 0xC1, 0x8C, 0x10, 0x40, 0x00, 0x00, 0x00, 0x00, 0x0F, 0x80, 0xF8, 0x02, 0x00,
    0x20, 0x02, 0x00, 0x20, 0x02, 0x00, 0xF8, 0x0F, 0x80, 0x00, 0x00, 0x00, 0x00, 0x00, 0x80, 0x18,
    0x01, 0x80, 0x18, 0x01, 0x80, 0x18, 0x01, 0x80, 0xF8, 0x07, 0x00, 0x00, 0x00, 0x00, 0x00, 0x10,
    0x81, 0x98, 0x13, 0x01, 0x60, 0x1E, 0x01, 0xB0, 0x11, 0x81, 0x0C, 0x10, 0xC0, 0x00, 0x00, 0x00,
    0x00, 0x08, 0x01, 0x80, 0x18, 0x01, 0x80, 0x18, 0x01, 0x80, 0x18, 0x01, 0xF8, 0x0F, 0x80, 0x00,
    0x00, 0x00, 0x00, 0x30, 0x43, 0x0C, 0x38, 0xC3, 0x9C, 0x3D, 0x43, 0x74, 0x36, 0x43, 0x64, 0x20,
    0x40, 0x00, 0x00, 0x00, 0x00, 0x18, 0x41, 0x8C, 0x1C, 0xC1, 0x6C, 0x12, 0xC1, 0xBC, 0x19, 0xC1,
    0x8C, 0x10, 0xC0, 0x00, 0x00, 0x00, 0x00, 0x07, 0x81, 0xFC, 0x18, 0x63, 0x06, 0x30, 0x63, 0x06,
    0x18, 0x41, 0xFC, 0x07, 0x80, 0x00, 0x00, 0x00, 0x00, 0x1F, 0x01, 0xF8, 0x18, 0xC1, 0x08, 0x1F,
    0x81, 0xE0, 0x10, 0x01, 0x80, 0x10, 0x00, 0x00, 0x00, 0x00, 0xF0, 0x1F, 0x83, 0x0C, 0x30, 0x43,
    0x04, 0x30, 0x43, 0x0C, 0x1D, 0x80, 0xF0, 0x03, 0xC0, 0x1C, 0x00, 0x00, 0x00, 0x1F, 0x01, 0xF8,
    0x10, 0xC1, 0x08, 0x1F, 0x81, 0xF0, 0x11, 0x01, 0x98, 0x10, 0x80, 0x00, 0x00, 0x00, 0x00, 0x07,
    0x80, 0xF8, 0x18, 0x00, 0xE0, 0x07, 0x80, 0x1C, 0x00, 0xC1, 0xFC, 0x0F, 0x00, 0x00, 0x00, 0x00,
    0x00, 0x1F, 0xC1, 0xF8, 0x06, 0x00, 0x60, 0x06, 0x00, 0x60, 0x06, 0x00, 0x60, 0x02, 0x00, 0x00,
    0x00, 0x00, 0x00, 0x10, 0x41, 0x8C, 0x18, 0xC1, 0x8C, 0x18, 0xC1, 0x8C, 0x18, 0xC0, 0xF8, 0x07,
    0x00, 0x00, 0x00, 0x00, 0x00, 0x10, 0x41, 0x8C, 0x18, 0xC0, 0x88, 0x0D, 0x80, 0xD8, 0x07, 0x00,
    0x70, 0x02, 0x00, 0x00, 0x00, 0x00, 0x00, 0x42, 0x36, 0x73, 0x67, 0x22, 0x72, 0x35, 0x63, 0xDE,
    0x39, 0xE1, 0x8C, 0x18, 0xC0, 0x00, 0x00, 0x00, 0x00, 0x18, 0xC0, 0x88, 0x0D, 0x80, 0x70, 0x06,
    0x00, 0x70, 0x0D, 0x81, 0x8C, 0x18, 0xC0, 0x00, 0x00, 0x00, 0x00, 0x10, 0xC1, 0x8C, 0x0D, 0x80,
    0x50, 0x07, 0x00, 0x20, 0x02, 0x00, 0x20, 0x02, 0x00, 0x00, 0x00, 0x00, 0x00, 0x0F, 0xC0, 0xFC,
    0x01, 0x80, 0x30, 0x02, 0x00, 0x60, 0x0C, 0x01, 0xFC, 0x1F, 0xC0, 0x00, 0x00, 0x00, 0xF0, 0x0C,
    0x00, 0xC0, 0x0C, 0x00, 0xC0, 0x0C, 0x00, 0xC0, 0x0C, 0x00, 0xC0, 0x0C, 0x00, 0x70, 0x00, 0x04,
    0x00, 0x20, 0x01, 0x00, 0x08, 0x00, 0x40, 0x02, 0x00, 0x10, 0x00, 0x80, 0x04, 0x00, 0x20, 0x01,
    0x00, 0x00, 0x70, 0x01, 0x00, 0x10, 0x01, 0x00, 0x10, 0x01, 0x00, 0x10, 0x01, 0x00, 0x10, 0x03,
    0x00, 0x70, 0x00, 0x00, 0x00, 0x00, 0x00, 0x00, 0x00, 0x00, 0x20, 0x07, 0x00, 0x00, 0x00, 0x00,
    0x00, 0x00, 0x00, 0x00, 0x00, 0x00, 0x00, 0x00, 0x00, 0x00, 0x00, 0x00, 0x00, 0x7F, 0xF0, 0x00,
    0x00, 0x00, 0x00, 0x00, 0x00, 0x00, 0x00, 0x00, 0x00, 0x00, 0x00, 0x00, 0x00, 0x00, 0x20, 0x03,
    0x00, 0x00, 0x00, 0x00, 0x00, 0x00, 0x00, 0x00, 0x00, 0x00, 0x00, 0x00, 0x00, 0xF8, 0x0D, 0x80,
    0x3C, 0x0E, 0xC1, 0x8C, 0x0F, 0xC0, 0x60, 0x00, 0x00, 0x00, 0x00, 0x00, 0x00, 0x18, 0x01, 0x80,
    0x1F, 0x01, 0xF8, 0x18, 0x81, 0x8C, 0x18, 0x81, 0xF8, 0x1F, 0x00, 0x00, 0x00, 0x00, 0x00, 0x00,
    0x00, 0x70, 0x1D, 0x81, 0x80, 0x18, 0x01, 0x80, 0x0F, 0x80, 0x20, 0x00, 0x00, 0x00, 0x00, 0x00,
    0x00, 0x00, 0xC0, 0x0C, 0x06, 0xC0, 0xFC, 0x18, 0xC1, 0x8C, 0x18, 0xC1, 0xFC, 0x07, 0x80, 0x00,
    0x00, 0x00, 0x00, 0x00, 0x00, 0x78, 0x0C, 0xC1, 0xFC, 0x1F, 0xC0, 0x80, 0x0F, 0x80, 0x30, 0x00,
    0x00, 0x00, 0x00, 0x00, 0x38, 0x07, 0x80, 0x60, 0x0F, 0x81, 0xF8, 0x06, 0x00, 0x60, 0x06, 0x00,
    0x60, 0x04, 0x00, 0x00, 0x00, 0x00, 0x00, 0x0F, 0x81, 0x98, 0x19, 0x80, 0xF0, 0x1E, 0x01, 0xF8,
    0x1F, 0xC1, 0x88, 0x1F, 0x80, 0x00, 0x00, 0x00, 0x00, 0x18, 0x01, 0x80, 0x18, 0x01, 0xF8, 0x1C,
    0x81, 0x8C, 0x18, 0xC1, 0x8C, 0x18, 0xC0, 0x00, 0x00, 0x00, 0x00, 0x06, 0x00, 0x00, 0x02, 0x00,
    0x20, 0x02, 0x00, 0x20, 0x02, 0x00, 0x20, 0x02, 0x00, 0x00, 0x01, 0x80, 0x18, 0x00, 0x00, 0x18,
    0x01, 0x80, 0x18, 0x01, 0x80, 0x18, 0x01, 0x80, 0x18, 0x01, 0x00, 0xF0, 0x00, 0x00, 0x00, 0x18,
    0x01, 0x80, 0x18, 0x01, 0x98, 0x1B, 0x01, 0xE0, 0x1F, 0x01, 0x90, 0x19, 0x80, 0x00, 0x00, 0x00,
    0x00, 0x0C, 0x00, 0xC0, 0x0C, 0x00, 0xC0, 0x0C, 0x00, 0xC0, 0x0C, 0x00, 0xC0, 0x07, 0x00, 0x00,
    0x00, 0x00, 0x00, 0x00, 0x00, 0xCC, 0x7F, 0xE6, 0x23, 0x62, 0x36, 0x23, 0x62, 0x32, 0x22, 0x00,
    0x00, 0x00, 0x00, 0x00, 0x00, 0x00, 0x00, 0x30, 0x1F, 0x81, 0x8C, 0x18, 0xC1, 0x8C, 0x18, 0xC1,
    0x88, 0x00, 0x00, 0x00, 0x00, 0x00, 0x00, 0x00, 0x00, 0xF0, 0x1D, 0x81, 0x8C, 0x18, 0xC1, 0x88,
    0x0F, 0x80, 0x20, 0x00, 0x00, 0x00, 0x00, 0x00, 0x00, 0x1F, 0x01, 0xD8, 0x18, 0x81, 0x8C, 0x18,
    0x81, 0xF8, 0x1F, 0x01, 0x80, 0x18, 0x00, 0x00, 0x00, 0x00, 0x00, 0x0F, 0x81, 0xDC, 0x18, 0xC1,
    0x8C, 0x18, 0xC0, 0xFC, 0x06, 0xC0, 0x0C, 0x00, 0x80, 0x00, 0x00, 0x00, 0x00, 0x00, 0x00, 0x30,
    0x1F, 0x81, 0xC0, 0x18, 0x01, 0x80, 0x18, 0x01, 0x80, 0x00, 0x00, 0x00, 0x00, 0x00, 0x00, 0x00,
    0x00, 0xF0, 0x19, 0x81, 0xC0, 0x0F, 0x00, 0x18, 0x1F, 0x80, 0xF0, 0x00, 0x00, 0x00, 0x00, 0x00,
    0x00, 0x04, 0x00, 0x60, 0x1F, 0x80, 0x60, 0x06, 0x00, 0x60, 0x06, 0x00, 0x3C, 0x00, 0x00, 0x00,
    0x00, 0x00, 0x00, 0x00, 0x00, 0x88, 0x18, 0xC1, 0x8C, 0x18, 0xC1, 0x8C, 0x0F, 0xC0, 0xE8, 0x00,
    0x00, 0x00, 0x00, 0x00, 0x00, 0x00, 0x00, 0x00, 0x18, 0xC0, 0xD8, 0x0D, 0x80, 0x50, 0x07, 0x00,
    0x20, 0x00, 0x00, 0x00, 0x00, 0x00, 0x00, 0x00, 0x02, 0x22, 0x27, 0x23, 0x76, 0x35, 0x61, 0xDC,
    0x1D, 0xC1, 0x8C, 0x00, 0x00, 0x00, 0x00, 0x00, 0x00, 0x00, 0x00, 0x88, 0x0D, 0x80, 0x70, 0x07,
    0x00, 0x70, 0x0D, 0x80, 0x88, 0x00, 0x00, 0x00, 0x00, 0x00, 0x00, 0x18, 0xC0, 0x88, 0x0D, 0x80,
    0x50, 0x07, 0x00, 0x30, 0x02, 0x00, 0xE0, 0x0C, 0x00, 0x00, 0x00, 0x00, 0x00, 0x00, 0x00, 0xF8,
    0x01, 0x80, 0x30, 0x06, 0x00, 0xC0, 0x0F, 0x80, 0xF8, 0x00, 0x00, 0x00, 0x00, 0x00, 0x30, 0x02,
    0x00, 0x20, 0x02, 0x00, 0x60, 0x06, 0x00, 0x20, 0x02, 0x00, 0x20, 0x02, 0x00, 0x30, 0x00, 0x00,
    0x20, 0x02, 0x00, 0x20, 0x02, 0x00, 0x20, 0x02, 0x00, 0x20, 0x02, 0x00, 0x20, 0x02, 0x00, 0x20,
    0x00, 0x00, 0x40, 0x06, 0x00, 0x60, 0x06, 0x00, 0x60, 0x03, 0x00, 0x60, 0x06, 0x00, 0x60, 0x06,
    0x00, 0x40, 0x00, 0x00, 0x00, 0x00, 0x00, 0x00, 0x00, 0x03, 0xC0, 0x67, 0x70, 0x1E, 0x00, 0x00,
    0x00, 0x00, 0x00, 0x00, 0x08, 0x83, 0xFE, 0x30, 0x67, 0x8A, 0x2D, 0x22, 0x72, 0x26, 0x22, 0x72,
    0x29, 0xA3, 0x8A, 0x30, 0x63, 0xFE,
};

const CJKGlyph KoreanFont12px_Glyphs[] PROGMEM = {
    { 0x00A9, 0, 9 },  // ©
    { 0x00AB, 12, 9 },  // «
    { 0x00AE, 24, 9 },  // ®
    { 0x00B0, 36, 9 },  // °
    { 0x00B1, 48, 9 },  // ±
    { 0x00B7, 60, 9 },  // ·
    { 0x00BB, 72, 9 },  // »
    { 0x00D7, 84, 9 },  // ×
    { 0x00F7, 96, 9 },  // ÷
    { 0x2013, 108, 9 },  // –
    { 0x2014, 120, 9 },  // —
    { 0x2018, 132, 9 },  // ‘
    { 0x2019, 144, 9 },  // ’
    { 0x201C, 156, 9 },  // “
    { 0x201D, 168, 9 },  // ”
    { 0x2022, 180, 9 },  // •
    { 0x2026, 192, 12 },  // …
    { 0x2103, 210, 9 },  // ℃
    { 0x2109, 222, 9 },  // ℉
    { 0x2190, 234, 9 },  // ←
    { 0x2191, 246, 9 },  // ↑
    { 0x2192, 258, 9 },  // →
    { 0x2193, 270, 9 },  // ↓
    { 0x2713, 282, 9 },  // ✓
    { 0x2717, 294, 9 },  // ✗
    { 0x3001, 306, 12 },  // 、
    { 0x3002, 324, 12 },  // 。
    { 0x3003, 342, 12 },  // 〃
    { 0x3004, 360, 12 },  // 〄
    { 0x3005, 378, 12 },  // 々
    { 0x3006, 396, 12 },  // 〆
    { 0x3007, 414, 12 },  // 〇
    { 0x3008, 432, 12 },  // 〈
    { 0x3009, 450, 12 },  // 〉
    { 0x300A, 468, 12 },  // 《
    { 0x300B, 486, 12 },  // 》
    { 0x300C, 504, 12 },  // 「
    { 0x300D, 522, 12 },  // 」
    { 0x300E, 540, 12 },  // 『
    { 0x300F, 558, 12 },  // 』
    { 0x3010, 576, 12 },  // 【
    { 0x3011, 594, 12 },  // 】
    { 0x3012, 612, 12 },  // 〒
    { 0x3013, 630, 12 },  // 〓
    { 0x3014, 648, 12 },  // 〔
    { 0x3015, 666, 12 },  // 〕
    { 0x3016, 684, 12 },  // 〖
    { 0x3017, 702, 12 },  // 〗
    { 0x3018, 720, 12 },  // 〘
    { 0x3019, 738, 12 },  // 〙
    { 0x301A, 756, 12 },  // 〚
    { 0x301B, 774, 12 },  // 〛
    { 0x301C, 792, 12 },  // 〜
    { 0x301D, 810, 12 },  // 〝
    { 0x301E, 828, 12 },  // 〞
    { 0x301F, 846, 12 },  // 〟
    { 0x3020, 864, 12 },  // 〠
    { 0x3021, 882, 12 },  // 〡
    { 0x3022, 900, 12 },  // 〢
    { 0x3023, 918, 12 },  // 〣
    { 0x3024, 936, 12 },  // 〤
    { 0x3025, 954, 12 },  // 〥
    { 0x3026, 972, 12 },  // 〦
    { 0x3027, 990, 12 },  // 〧
    { 0x3028, 1008, 12 },  // 〨
    { 0x3029, 1026, 12 },  // 〩
    { 0x302C, 1044, 12 },  // 〬
    { 0x302D, 1062, 12 },  // 〭
    { 0x302E, 1080, 12 },  // 〮
    { 0x302F, 1098, 12 },  // 〯
    { 0x3030, 1116, 12 },  // 〰
    { 0x3031, 1134, 12 },  // 〱
    { 0x3032, 1152, 12 },  // 〲
    { 0x3033, 1170, 12 },  // 〳
    { 0x3034, 1188, 12 },  // 〴
    { 0x3035, 1206, 12 },  // 〵
    { 0x3036, 1224, 12 },  // 〶
    { 0x3037, 1242, 12 },  // 〷
    { 0x3038, 1260, 12 },  // 〸
    { 0x3039, 1278, 12 },  // 〹
    { 0x303A, 1296, 12 },  // 〺
    { 0x303B, 1314, 12 },  // 〻
    { 0x303C, 1332, 12 },  // 〼
    { 0x303D, 1350, 12 },  // 〽
    { 0x303E, 1368, 12 },  // 〾
    { 0x303F, 1386, 12 },  // 〿
    { 0x3130, 1404, 12 },  // ㄰
    { 0x3131, 1422, 12 },  // ㄱ
    { 0x3132, 1440, 12 },  // ㄲ
    { 0x3133, 1458, 12 },  // ㄳ
    { 0x3134, 1476, 12 },  // ㄴ
    { 0x3135, 1494, 12 },  // ㄵ
    { 0x3136, 1512, 12 },  // ㄶ
    { 0x3137, 1530, 12 },  // ㄷ
    { 0x3138, 1548, 12 },  // ㄸ
    { 0x3139, 1566, 12 },  // ㄹ
    { 0x313A, 1584, 12 },  // ㄺ
    { 0x313B, 1602, 12 },  // ㄻ
    { 0x313C, 1620, 12 },  // ㄼ
    { 0x313D, 1638, 12 },  // ㄽ
    { 0x313E, 1656, 12 },  // ㄾ
    { 0x313F, 1674, 12 },  // ㄿ
    { 0x3140, 1692, 12 },  // ㅀ
    { 0x3141, 1710, 12 },  // ㅁ
    { 0x3142, 1728, 12 },  // ㅂ
    { 0x3143, 1746, 12 },  // ㅃ
    { 0x3144, 1764, 12 },  // ㅄ
    { 0x3145, 1782, 12 },  // ㅅ
    { 0x3146, 1800, 12 },  // ㅆ
    { 0x3147, 1818, 12 },  // ㅇ
    { 0x3148, 1836, 12 },  // ㅈ
    { 0x3149, 1854, 12 },  // ㅉ
    { 0x314A, 1872, 12 },  // ㅊ
    { 0x314B, 1890, 12 },  // ㅋ
    { 0x314C, 1908, 12 },  // ㅌ
    { 0x314D, 1926, 12 },  // ㅍ
    { 0x314E, 1944, 12 },  // ㅎ
    { 0x314F, 1962, 12 },  // ㅏ
    { 0x3150, 1980, 12 },  // ㅐ
    { 0x3151, 1998, 12 },  // ㅑ
    { 0x3152, 2016, 12 },  // ㅒ
    { 0x3153, 2034, 12 },  // ㅓ
    { 0x3154, 2052, 12 },  // ㅔ
    { 0x3155, 2070, 12 },  // ㅕ
    { 0x3156, 2088, 12 },  // ㅖ
    { 0x3157, 2106, 12 },  // ㅗ
    { 0x3158, 2124, 12 },  // ㅘ
    { 0x3159, 2142, 12 },  // ㅙ
    { 0x315A, 2160, 12 },  // ㅚ
    { 0x315B, 2178, 12 },  // ㅛ
    { 0x315C, 2196, 12 },  // ㅜ
    { 0x315D, 2214, 12 },  // ㅝ
    { 0x315E, 2232, 12 },  // ㅞ
    { 0x315F, 2250, 12 },  // ㅟ
    { 0x3160, 2268, 12 },  // ㅠ
    { 0x3161, 2286, 12 },  // ㅡ
    { 0x3162, 2304, 12 },  // ㅢ
    { 0x3163, 2322, 12 },  // ㅣ
    { 0x3165, 2340, 12 },  // ㅥ
    { 0x3166, 2358, 12 },  // ㅦ
    { 0x3167, 2376, 12 },  // ㅧ
    { 0x3168, 2394, 12 },  // ㅨ
    { 0x3169, 2412, 12 },  // ㅩ
    { 0x316A, 2430, 12 },  // ㅪ
    { 0x316B, 2448, 12 },  // ㅫ
    { 0x316C, 2466, 12 },  // ㅬ
    { 0x316D, 2484, 12 },  // ㅭ
    { 0x316E, 2502, 12 },  // ㅮ
    { 0x316F, 2520, 12 },  // ㅯ
    { 0x3170, 2538, 12 },  // ㅰ
    { 0x3171, 2556, 12 },  // ㅱ
    { 0x3172, 2574, 12 },  // ㅲ
    { 0x3173, 2592, 12 },  // ㅳ
    { 0x3174, 2610, 12 },  // ㅴ
    { 0x3175, 2628, 12 },  // ㅵ
    { 0x3176, 2646, 12 },  // ㅶ
    { 0x3177, 2664, 12 },  // ㅷ
    { 0x3178, 2682, 12 },  // ㅸ
    { 0x3179, 2700, 12 },  // ㅹ
    { 0x317A, 2718, 12 },  // ㅺ
    { 0x317B, 2736, 12 },  // ㅻ
    { 0x317C, 2754, 12 },  // ㅼ
    { 0x317D, 2772, 12 },  // ㅽ
    { 0x317E, 2790, 12 },  // ㅾ
    { 0x317F, 2808, 12 },  // ㅿ
    { 0x3180, 2826, 12 },  // ㆀ
    { 0x3181, 2844, 12 },  // ㆁ
    { 0x3182, 2862, 12 },  // ㆂ
    { 0x3183, 2880, 12 },  // ㆃ
    { 0x3184, 2898, 12 },  // ㆄ
    { 0x3185, 2916, 12 },  // ㆅ
    { 0x3186, 2934, 12 },  // ㆆ
    { 0x3187, 2952, 12 },  // ㆇ
    { 0x3188, 2970, 12 },  // ㆈ
    { 0x3189, 2988, 12 },  // ㆉ
    { 0x318A, 3006, 12 },  // ㆊ
    { 0x318B, 3024, 12 },  // ㆋ
    { 0x318C, 3042, 12 },  // ㆌ
    { 0x318D, 3060, 12 },  // ㆍ
    { 0x318E, 3078, 12 },  // ㆎ
    { 0x318F, 3096, 12 },  // ㆏
    { 0xAC00, 3114, 12 },  // 가
    { 0xAC01, 3132, 12 },  // 각
    { 0xAC04, 3150, 12 },  // 간
    { 0xAC07, 3168, 12 },  // 갇
    { 0xAC08, 3186, 12 },  // 갈
    { 0xAC09, 3204, 12 },  // 갉
    { 0xAC0A, 3222, 12 },  // 갊
    { 0xAC10, 3240, 12 },  // 감
    { 0xAC11, 3258, 12 },  // 갑
    { 0xAC12, 3276, 12 },  // 값
    { 0xAC13, 3294, 12 },  // 갓
    { 0xAC14, 3312, 12 },  // 갔
    { 0xAC15, 3330, 12 },  // 강
    { 0xAC16, 3348, 12 },  // 갖
    { 0xAC17, 3366, 12 },  // 갗
    { 0xAC19, 3384, 12 },  // 같
    { 0xAC1A, 3402, 12 },  // 갚
    { 0xAC1B, 3420, 12 },  // 갛
    { 0xAC1C, 3438, 12 },  // 개
    { 0xAC1D, 3456, 12 },  // 객
    { 0xAC20, 3474, 12 },  // 갠
    { 0xAC24, 3492, 12 },  // 갤
    { 0xAC2C, 3510, 12 },  // 갬
    { 0xAC2D, 3528, 12 },  // 갭
    { 0xAC2F, 3546, 12 },  // 갯
    { 0xAC30, 3564, 12 },  // 갰
    { 0xAC31, 3582, 12 },  // 갱
    { 0xAC38, 3600, 12 },  // 갸
    { 0xAC39, 3618, 12 },  // 갹
    { 0xAC3C, 3636, 12 },  // 갼
    { 0xAC40, 3654, 12 },  // 걀
    { 0xAC4B, 3672, 12 },  // 걋
    { 0xAC4D, 3690, 12 },  // 걍
    { 0xAC54, 3708, 12 },  // 걔
    { 0xAC58, 3726, 12 },  // 걘
    { 0xAC5C, 3744, 12 },  // 걜
    { 0xAC70, 3762, 12 },  // 거
    { 0xAC71, 3780, 12 },  // 걱
    { 0xAC74, 3798, 12 },  // 건
    { 0xAC77, 3816, 12 },  // 걷
    { 0xAC78, 3834, 12 },  // 걸
    { 0xAC7A, 3852, 12 },  // 걺
    { 0xAC80, 3870, 12 },  // 검
    { 0xAC81, 3888, 12 },  // 겁
    { 0xAC83, 3906, 12 },  // 것
    { 0xAC84, 3924, 12 },  // 겄
    { 0xAC85, 3942, 12 },  // 겅
    { 0xAC86, 3960, 12 },  // 겆
    { 0xAC89, 3978, 12 },  // 겉
    { 0xAC8A, 3996, 12 },  // 겊
    { 0xAC8B, 4014, 12 },  // 겋
    { 0xAC8C, 4032, 12 },  // 게
    { 0xAC90, 4050, 12 },  // 겐
    { 0xAC94, 4068, 12 },  // 겔
    { 0xAC9C, 4086, 12 },  // 겜
    { 0xAC9D, 4104, 12 },  // 겝
    { 0xAC9F, 4122, 12 },  // 겟
    { 0xACA0, 4140, 12 },  // 겠
    { 0xACA1, 4158, 12 },  // 겡
    { 0xACA8, 4176, 12 },  // 겨
    { 0xACAA, 4194, 12 },  // 겪
    { 0xACAC, 4212, 12 },  // 견
    { 0xACAF, 4230, 12 },  // 겯
    { 0xACB0, 4248, 12 },  // 결
    { 0xACB8, 4266, 12 },  // 겸
    { 0xACB9, 4284, 12 },  // 겹
    { 0xACBB, 4302, 12 },  // 겻
    { 0xACBC, 4320, 12 },  // 겼
    { 0xACBD, 4338, 12 },  // 경
    { 0xACC1, 4356, 12 },  // 곁
    { 0xACC4, 4374, 12 },  // 계
    { 0xACC8, 4392, 12 },  // 곈
    { 0xACCC, 4410, 12 },  // 곌
    { 0xACD5, 4428, 12 },  // 곕
    { 0xACD7, 4446, 12 },  // 곗
    { 0xACE0, 4464, 12 },  // 고
    { 0xACE1, 4482, 12 },  // 곡
    { 0xACE4, 4500, 12 },  // 곤
    { 0xACE7, 4518, 12 },  // 곧
    { 0xACE8, 4536, 12 },  // 골
    { 0xACEA, 4554, 12 },  // 곪
    { 0xACEC, 4572, 12 },  // 곬
    { 0xACEF, 4590, 12 },  // 곯
    { 0xACF0, 4608, 12 },  // 곰
    { 0xACF1, 4626, 12 },  // 곱
    { 0xACF3, 4644, 12 },  // 곳
    { 0xACF5, 4662, 12 },  // 공
    { 0xACF6, 4680, 12 },  // 곶
    { 0xACFC, 4698, 12 },  // 과
    { 0xACFD, 4716, 12 },  // 곽
    { 0xAD00, 4734, 12 },  // 관
    { 0xAD04, 4752, 12 },  // 괄
    { 0xAD06, 4770, 12 },  // 괆
    { 0xAD0C, 4788, 12 },  // 괌
    { 0xAD0D, 4806, 12 },  // 괍
    { 0xAD0F, 4824, 12 },  // 괏
    { 0xAD11, 4842, 12 },  // 광
    { 0xAD18, 4860, 12 },  // 괘
    { 0xAD1C, 4878, 12 },  // 괜
    { 0xAD20, 4896, 12 },  // 괠
    { 0xAD29, 4914, 12 },  // 괩
    { 0xAD2C, 4932, 12 },  // 괬
    { 0xAD2D, 4950, 12 },  // 괭
    { 0xAD34, 4968, 12 },  // 괴
    { 0xAD35, 4986, 12 },  // 괵
    { 0xAD38, 5004, 12 },  // 괸
    { 0xAD3C, 5022, 12 },  // 괼
    { 0xAD44, 5040, 12 },  // 굄
    { 0xAD45, 5058, 12 },  // 굅
    { 0xAD47, 5076, 12 },  // 굇
    { 0xAD49, 5094, 12 },  // 굉
    { 0xAD50, 5112, 12 },  // 교
    { 0xAD54, 5130, 12 },  // 굔
    { 0xAD58, 5148, 12 },  // 굘
    { 0xAD61, 5166, 12 },  // 굡
    { 0xAD63, 5184, 12 },  // 굣
    { 0xAD6C, 5202, 12 },  // 구
    { 0xAD6D, 5220, 12 },  // 국
    { 0xAD70, 5238, 12 },  // 군
    { 0xAD73, 5256, 12 },  // 굳
    { 0xAD74, 5274, 12 },  // 굴
    { 0xAD75, 5292, 12 },  // 굵
    { 0xAD76, 5310, 12 },  // 굶
    { 0xAD7B, 5328, 12 },  // 굻
    { 0xAD7C, 5346, 12 },  // 굼
    { 0xAD7D, 5364, 12 },  // 굽
    { 0xAD7F, 5382, 12 },  // 굿
    { 0xAD81, 5400, 12 },  // 궁
    { 0xAD82, 5418, 12 },  // 궂
    { 0xAD88, 5436, 12 },  // 궈
    { 0xAD89, 5454, 12 },  // 궉
    { 0xAD8C, 5472, 12 },  // 권
    { 0xAD90, 5490, 12 },  // 궐
    { 0xAD9C, 5508, 12 },  // 궜
    { 0xAD9D, 5526, 12 },  // 궝
    { 0xADA4, 5544, 12 },  // 궤
    { 0xADB7, 5562, 12 },  // 궷
    { 0xADC0, 5580, 12 },  // 귀
    { 0xADC1, 5598, 12 },  // 귁
    { 0xADC4, 5616, 12 },  // 귄
    { 0xADC8, 5634, 12 },  // 귈
    { 0xADD0, 5652, 12 },  // 귐
    { 0xADD1, 5670, 12 },  // 귑
    { 0xADD3, 5688, 12 },  // 귓
    { 0xADDC, 5706, 12 },  // 규
    { 0xADE0, 5724, 12 },  // 균
    { 0xADE4, 5742, 12 },  // 귤
    { 0xADF8, 5760, 12 },  // 그
    { 0xADF9, 5778, 12 },  // 극
    { 0xADFC, 5796, 12 },  // 근
    { 0xADFF, 5814, 12 },  // 귿
    { 0xAE00, 5832, 12 },  // 글
    { 0xAE01, 5850, 12 },  // 긁
    { 0xAE08, 5868, 12 },  // 금
    { 0xAE09, 5886, 12 },  // 급
    { 0xAE0B, 5904, 12 },  // 긋
    { 0xAE0D, 5922, 12 },  // 긍
    { 0xAE14, 5940, 12 },  // 긔
    { 0xAE30, 5958, 12 },  // 기
    { 0xAE31, 5976, 12 },  // 긱
    { 0xAE34, 5994, 12 },  // 긴
    { 0xAE37, 6012, 12 },  // 긷
    { 0xAE38, 6030, 12 },  // 길
    { 0xAE3A, 6048, 12 },  // 긺
    { 0xAE40, 6066, 12 },  // 김
    { 0xAE41, 6084, 12 },  // 깁
    { 0xAE43, 6102, 12 },  // 깃
    { 0xAE45, 6120, 12 },  // 깅
    { 0xAE46, 6138, 12 },  // 깆
    { 0xAE4A, 6156, 12 },  // 깊
    { 0xAE4C, 6174, 12 },  // 까
    { 0xAE4D, 6192, 12 },  // 깍
    { 0xAE4E, 6210, 12 },  // 깎
    { 0xAE50, 6228, 12 },  // 깐
    { 0xAE54, 6246, 12 },  // 깔
    { 0xAE56, 6264, 12 },  // 깖
    { 0xAE5C, 6282, 12 },  // 깜
    { 0xAE5D, 6300, 12 },  // 깝
    { 0xAE5F, 6318, 12 },  // 깟
    { 0xAE60, 6336, 12 },  // 깠
    { 0xAE61, 6354, 12 },  // 깡
    { 0xAE65, 6372, 12 },  // 깥
    { 0xAE68, 6390, 12 },  // 깨
    { 0xAE69, 6408, 12 },  // 깩
    { 0xAE6C, 6426, 12 },  // 깬
    { 0xAE70, 6444, 12 },  // 깰
    { 0xAE78, 6462, 12 },  // 깸
    { 0xAE79, 6480, 12 },  // 깹
    { 0xAE7B, 6498, 12 },  // 깻
    { 0xAE7C, 6516, 12 },  // 깼
    { 0xAE7D, 6534, 12 },  // 깽
    { 0xAE84, 6552, 12 },  // 꺄
    { 0xAE85, 6570, 12 },  // 꺅
    { 0xAE8C, 6588, 12 },  // 꺌
    { 0xAEBC, 6606, 12 },  // 꺼
    { 0xAEBD, 6624, 12 },  // 꺽
    { 0xAEBE, 6642, 12 },  // 꺾
    { 0xAEC0, 6660, 12 },  // 껀
    { 0xAEC4, 6678, 12 },  // 껄
    { 0xAECC, 6696, 12 },  // 껌
    { 0xAECD, 6714, 12 },  // 껍
    { 0xAECF, 6732, 12 },  // 껏
    { 0xAED0, 6750, 12 },  // 껐
    { 0xAED1, 6768, 12 },  // 껑
    { 0xAEDC, 6786, 12 },  // 껜
    { 0xAEE8, 6804, 12 },  // 껨
    { 0xAEEB, 6822, 12 },  // 껫
    { 0xAEED, 6840, 12 },  // 껭
    { 0xAEF4, 6858, 12 },  // 껴
    { 0xAEF8, 6876, 12 },  // 껸
    { 0xAEFC, 6894, 12 },  // 껼
    { 0xAF07, 6912, 12 },  // 꼇
    { 0xAF08, 6930, 12 },  // 꼈
    { 0xAF0D, 6948, 12 },  // 꼍
    { 0xAF10, 6966, 12 },  // 꼐
    { 0xAF2C, 6984, 12 },  // 꼬
    { 0xAF2D, 7002, 12 },  // 꼭
    { 0xAF30, 7020, 12 },  // 꼰
    { 0xAF32, 7038, 12 },  // 꼲
    { 0xAF34, 7056, 12 },  // 꼴
    { 0xAF3C, 7074, 12 },  // 꼼
    { 0xAF3D, 7092, 12 },  // 꼽
    { 0xAF3F, 7110, 12 },  // 꼿
    { 0xAF41, 7128, 12 },  // 꽁
    { 0xAF42, 7146, 12 },  // 꽂
    { 0xAF43, 7164, 12 },  // 꽃
    { 0xAF48, 7182, 12 },  // 꽈
    { 0xAF49, 7200, 12 },  // 꽉
    { 0xAF50, 7218, 12 },  // 꽐
    { 0xAF5C, 7236, 12 },  // 꽜
    { 0xAF5D, 7254, 12 },  // 꽝
    { 0xAF64, 7272, 12 },  // 꽤
    { 0xAF65, 7290, 12 },  // 꽥
    { 0xAF79, 7308, 12 },  // 꽹
    { 0xAF80, 7326, 12 },  // 꾀
    { 0xAF84, 7344, 12 },  // 꾄
    { 0xAF88, 7362, 12 },  // 꾈
    { 0xAF90, 7380, 12 },  // 꾐
    { 0xAF91, 7398, 12 },  // 꾑
    { 0xAF95, 7416, 12 },  // 꾕
    { 0xAF9C, 7434, 12 },  // 꾜
    { 0xAFB8, 7452, 12 },  // 꾸
    { 0xAFB9, 7470, 12 },  // 꾹
    { 0xAFBC, 7488, 12 },  // 꾼
    { 0xAFC0, 7506, 12 },  // 꿀
    { 0xAFC7, 7524, 12 },  // 꿇
    { 0xAFC8, 7542, 12 },  // 꿈
    { 0xAFC9, 7560, 12 },  // 꿉
    { 0xAFCB, 7578, 12 },  // 꿋
    { 0xAFCD, 7596, 12 },  // 꿍
    { 0xAFCE, 7614, 12 },  // 꿎
    { 0xAFD4, 7632, 12 },  // 꿔
    { 0xAFDC, 7650, 12 },  // 꿜
    { 0xAFE8, 7668, 12 },  // 꿨
    { 0xAFE9, 7686, 12 },  // 꿩
    { 0xAFF0, 7704, 12 },  // 꿰
    { 0xAFF1, 7722, 12 },  // 꿱
    { 0xAFF4, 7740, 12 },  // 꿴
    { 0xAFF8, 7758, 12 },  // 꿸
    { 0xB000, 7776, 12 },  // 뀀
    { 0xB001, 7794, 12 },  // 뀁
    { 0xB004, 7812, 12 },  // 뀄
    { 0xB00C, 7830, 12 },  // 뀌
    { 0xB010, 7848, 12 },  // 뀐
    { 0xB014, 7866, 12 },  // 뀔
    { 0xB01C, 7884, 12 },  // 뀜
    { 0xB01D, 7902, 12 },  // 뀝
    { 0xB028, 7920, 12 },  // 뀨
    { 0xB044, 7938, 12 },  // 끄
    { 0xB045, 7956, 12 },  // 끅
    { 0xB048, 7974, 12 },  // 끈
    { 0xB04A, 7992, 12 },  // 끊
    { 0xB04C, 8010, 12 },  // 끌
    { 0xB04E, 8028, 12 },  // 끎
    { 0xB053, 8046, 12 },  // 끓
    { 0xB054, 8064, 12 },  // 끔
    { 0xB055, 8082, 12 },  // 끕
    { 0xB057, 8100, 12 },  // 끗
    { 0xB059, 8118, 12 },  // 끙
    { 0xB05D, 8136, 12 },  // 끝
    { 0xB07C, 8154, 12 },  // 끼
    { 0xB07D, 8172, 12 },  // 끽
    { 0xB080, 8190, 12 },  // 낀
    { 0xB084, 8208, 12 },  // 낄
    { 0xB08C, 8226, 12 },  // 낌
    { 0xB08D, 8244, 12 },  // 낍
    { 0xB08F, 8262, 12 },  // 낏
    { 0xB091, 8280, 12 },  // 낑
    { 0xB098, 8298, 12 },  // 나
    { 0xB099, 8316, 12 },  // 낙
    { 0xB09A, 8334, 12 },  // 낚
    { 0xB09C, 8352, 12 },  // 난
    { 0xB09F, 8370, 12 },  // 낟
    { 0xB0A0, 8388, 12 },  // 날
    { 0xB0A1, 8406, 12 },  // 낡
    { 0xB0A2, 8424, 12 },  // 낢
    { 0xB0A8, 8442, 12 },  // 남
    { 0xB0A9, 8460, 12 },  // 납
    { 0xB0AB, 8478, 12 },  // 낫
    { 0xB0AC, 8496, 12 },  // 났
    { 0xB0AD, 8514, 12 },  // 낭
    { 0xB0AE, 8532, 12 },  // 낮
    { 0xB0AF, 8550, 12 },  // 낯
    { 0xB0B1, 8568, 12 },  // 낱
    { 0xB0B3, 8586, 12 },  // 낳
    { 0xB0B4, 8604, 12 },  // 내
    { 0xB0B5, 8622, 12 },  // 낵
    { 0xB0B8, 8640, 12 },  // 낸
    { 0xB0BC, 8658, 12 },  // 낼
    { 0xB0C4, 8676, 12 },  // 냄
    { 0xB0C5, 8694, 12 },  // 냅
    { 0xB0C7, 8712, 12 },  // 냇
    { 0xB0C8, 8730, 12 },  // 냈
    { 0xB0C9, 8748, 12 },  // 냉
    { 0xB0D0, 8766, 12 },  // 냐
    { 0xB0D1, 8784, 12 },  // 냑
    { 0xB0D4, 8802, 12 },  // 냔
    { 0xB0D8, 8820, 12 },  // 냘
    { 0xB0E0, 8838, 12 },  // 냠
    { 0xB0E5, 8856, 12 },  // 냥
    { 0xB108, 8874, 12 },  // 너
    { 0xB109, 8892, 12 },  // 넉
    { 0xB10B, 8910, 12 },  // 넋
    { 0xB10C, 8928, 12 },  // 넌
    { 0xB110, 8946, 12 },  // 널
    { 0xB112, 8964, 12 },  // 넒
    { 0xB113, 8982, 12 },  // 넓
    { 0xB118, 9000, 12 },  // 넘
    { 0xB119, 9018, 12 },  // 넙
    { 0xB11B, 9036, 12 },  // 넛
    { 0xB11C, 9054, 12 },  // 넜
    { 0xB11D, 9072, 12 },  // 넝
    { 0xB123, 9090, 12 },  // 넣
    { 0xB124, 9108, 12 },  // 네
    { 0xB125, 9126, 12 },  // 넥
    { 0xB128, 9144, 12 },  // 넨
    { 0xB12C, 9162, 12 },  // 넬
    { 0xB134, 9180, 12 },  // 넴
    { 0xB135, 9198, 12 },  // 넵
    { 0xB137, 9216, 12 },  // 넷
    { 0xB138, 9234, 12 },  // 넸
    { 0xB139, 9252, 12 },  // 넹
    { 0xB140, 9270, 12 },  // 녀
    { 0xB141, 9288, 12 },  // 녁
    { 0xB144, 9306, 12 },  // 년
    { 0xB148, 9324, 12 },  // 녈
    { 0xB150, 9342, 12 },  // 념
    { 0xB151, 9360, 12 },  // 녑
    { 0xB154, 9378, 12 },  // 녔
    { 0xB155, 9396, 12 },  // 녕
    { 0xB158, 9414, 12 },  // 녘
    { 0xB15C, 9432, 12 },  // 녜
    { 0xB160, 9450, 12 },  // 녠
    { 0xB178, 9468, 12 },  // 노
    { 0xB179, 9486, 12 },  // 녹
    { 0xB17C, 9504, 12 },  // 논
    { 0xB180, 9522, 12 },  // 놀
    { 0xB182, 9540, 12 },  // 놂
    { 0xB188, 9558, 12 },  // 놈
    { 0xB189, 9576, 12 },  // 놉
    { 0xB18B, 9594, 12 },  // 놋
    { 0xB18D, 9612, 12 },  // 농
    { 0xB192, 9630, 12 },  // 높
    { 0xB193, 9648, 12 },  // 놓
    { 0xB194, 9666, 12 },  // 놔
    { 0xB198, 9684, 12 },  // 놘
    { 0xB19C, 9702, 12 },  // 놜
    { 0xB1A8, 9720, 12 },  // 놨
    { 0xB1CC, 9738, 12 },  // 뇌
    { 0xB1D0, 9756, 12 },  // 뇐
    { 0xB1D4, 9774, 12 },  // 뇔
    { 0xB1DC, 9792, 12 },  // 뇜
    { 0xB1DD, 9810, 12 },  // 뇝
    { 0xB1DF, 9828, 12 },  // 뇟
    { 0xB1E8, 9846, 12 },  // 뇨
    { 0xB1E9, 9864, 12 },  // 뇩
    { 0xB1EC, 9882, 12 },  // 뇬
    { 0xB1F0, 9900, 12 },  // 뇰
    { 0xB1F9, 9918, 12 },  // 뇹
    { 0xB1FB, 9936, 12 },  // 뇻
    { 0xB1FD, 9954, 12 },  // 뇽
    { 0xB204, 9972, 12 },  // 누
    { 0xB205, 9990, 12 },  // 눅
    { 0xB208, 10008, 12 },  // 눈
    { 0xB20B, 10026, 12 },  // 눋
    { 0xB20C, 10044, 12 },  // 눌
    { 0xB214, 10062, 12 },  // 눔
    { 0xB215, 10080, 12 },  // 눕
    { 0xB217, 10098, 12 },  // 눗
    { 0xB219, 10116, 12 },  // 눙
    { 0xB220, 10134, 12 },  // 눠
    { 0xB234, 10152, 12 },  // 눴
    { 0xB23C, 10170, 12 },  // 눼
    { 0xB258, 10188, 12 },  // 뉘
    { 0xB25C, 10206, 12 },  // 뉜
    { 0xB260, 10224, 12 },  // 뉠
    { 0xB268, 10242, 12 },  // 뉨
    { 0xB269, 10260, 12 },  // 뉩
    { 0xB274, 10278, 12 },  // 뉴
    { 0xB275, 10296, 12 },  // 뉵
    { 0xB27C, 10314, 12 },  // 뉼
    { 0xB284, 10332, 12 },  // 늄
    { 0xB285, 10350, 12 },  // 늅
    { 0xB289, 10368, 12 },  // 늉
    { 0xB290, 10386, 12 },  // 느
    { 0xB291, 10404, 12 },  // 늑
    { 0xB294, 10422, 12 },  // 는
    { 0xB298, 10440, 12 },  // 늘
    { 0xB299, 10458, 12 },  // 늙
    { 0xB29A, 10476, 12 },  // 늚
    { 0xB2A0, 10494, 12 },  // 늠
    { 0xB2A1, 10512, 12 },  // 늡
    { 0xB2A3, 10530, 12 },  // 늣
    { 0xB2A5, 10548, 12 },  // 능
    { 0xB2A6, 10566, 12 },  // 늦
    { 0xB2AA, 10584, 12 },  // 늪
    { 0xB2AC, 10602, 12 },  // 늬
    { 0xB2B0, 10620, 12 },  // 늰
    { 0xB2B4, 10638, 12 },  // 늴
    { 0xB2C8, 10656, 12 },  // 니
    { 0xB2C9, 10674, 12 },  // 닉
    { 0xB2CC, 10692, 12 },  // 닌
    { 0xB2D0, 10710, 12 },  // 닐
    { 0xB2D2, 10728, 12 },  // 닒
    { 0xB2D8, 10746, 12 },  // 님
    { 0xB2D9, 10764, 12 },  // 닙
    { 0xB2DB, 10782, 12 },  // 닛
    { 0xB2DD, 10800, 12 },  // 닝
    { 0xB2E2, 10818, 12 },  // 닢
    { 0xB2E4, 10836, 12 },  // 다
    { 0xB2E5, 10854, 12 },  // 닥
    { 0xB2E6, 10872, 12 },  // 닦
    { 0xB2E8, 10890, 12 },  // 단
    { 0xB2EB, 10908, 12 },  // 닫
    { 0xB2EC, 10926, 12 },  // 달
    { 0xB2ED, 10944, 12 },  // 닭
    { 0xB2EE, 10962, 12 },  // 닮
    { 0xB2EF, 10980, 12 },  // 닯
    { 0xB2F3, 10998, 12 },  // 닳
    { 0xB2F4, 11016, 12 },  // 담
    { 0xB2F5, 11034, 12 },  // 답
    { 0xB2F7, 11052, 12 },  // 닷
    { 0xB2F8, 11070, 12 },  // 닸
    { 0xB2F9, 11088, 12 },  // 당
    { 0xB2FA, 11106, 12 },  // 닺
    { 0xB2FB, 11124, 12 },  // 닻
    { 0xB2FF, 11142, 12 },  // 닿
    { 0xB300, 11160, 12 },  // 대
    { 0xB301, 11178, 12 },  // 댁
    { 0xB304, 11196, 12 },  // 댄
    { 0xB308, 11214, 12 },  // 댈
    { 0xB310, 11232, 12 },  // 댐
    { 0xB311, 11250, 12 },  // 댑
    { 0xB313, 11268, 12 },  // 댓
    { 0xB314, 11286, 12 },  // 댔
    { 0xB315, 11304, 12 },  // 댕
    { 0xB31C, 11322, 12 },  // 댜
    { 0xB354, 11340, 12 },  // 더
    { 0xB355, 11358, 12 },  // 덕
    { 0xB356, 11376, 12 },  // 덖
    { 0xB358, 11394, 12 },  // 던
    { 0xB35B, 11412, 12 },  // 덛
    { 0xB35C, 11430, 12 },  // 덜
    { 0xB35E, 11448, 12 },  // 덞
    { 0xB35F, 11466, 12 },  // 덟
    { 0xB364, 11484, 12 },  // 덤
    { 0xB365, 11502, 12 },  // 덥
    { 0xB367, 11520, 12 },  // 덧
    { 0xB369, 11538, 12 },  // 덩
    { 0xB36B, 11556, 12 },  // 덫
    { 0xB36E, 11574, 12 },  // 덮
    { 0xB370, 11592, 12 },  // 데
    { 0xB371, 11610, 12 },  // 덱
    { 0xB374, 11628, 12 },  // 덴
    { 0xB378, 11646, 12 },  // 델
    { 0xB380, 11664, 12 },  // 뎀
    { 0xB381, 11682, 12 },  // 뎁
    { 0xB383, 11700, 12 },  // 뎃
    { 0xB384, 11718, 12 },  // 뎄
    { 0xB385, 11736, 12 },  // 뎅
    { 0xB38C, 11754, 12 },  // 뎌
    { 0xB390, 11772, 12 },  // 뎐
    { 0xB394, 11790, 12 },  // 뎔
    { 0xB3A0, 11808, 12 },  // 뎠
    { 0xB3A1, 11826, 12 },  // 뎡
    { 0xB3A8, 11844, 12 },  // 뎨
    { 0xB3AC, 11862, 12 },  // 뎬
    { 0xB3C4, 11880, 12 },  // 도
    { 0xB3C5, 11898, 12 },  // 독
    { 0xB3C8, 11916, 12 },  // 돈
    { 0xB3CB, 11934, 12 },  // 돋
    { 0xB3CC, 11952, 12 },  // 돌
    { 0xB3CE, 11970, 12 },  // 돎
    { 0xB3D0, 11988, 12 },  // 돐
    { 0xB3D4, 12006, 12 },  // 돔
    { 0xB3D5, 12024, 12 },  // 돕
    { 0xB3D7, 12042, 12 },  // 돗
    { 0xB3D9, 12060, 12 },  // 동
    { 0xB3DB, 12078, 12 },  // 돛
    { 0xB3DD, 12096, 12 },  // 돝
    { 0xB3E0, 12114, 12 },  // 돠
    { 0xB3E4, 12132, 12 },  // 돤
    { 0xB3E8, 12150, 12 },  // 돨
    { 0xB3FC, 12168, 12 },  // 돼
    { 0xB410, 12186, 12 },  // 됐
    { 0xB418, 12204, 12 },  // 되
    { 0xB41C, 12222, 12 },  // 된
    { 0xB420, 12240, 12 },  // 될
    { 0xB428, 12258, 12 },  // 됨
    { 0xB429, 12276, 12 },  // 됩
    { 0xB42B, 12294, 12 },  // 됫
    { 0xB434, 12312, 12 },  // 됴
    { 0xB450, 12330, 12 },  // 두
    { 0xB451, 12348, 12 },  // 둑
    { 0xB454, 12366, 12 },  // 둔
    { 0xB458, 12384, 12 },  // 둘
    { 0xB460, 12402, 12 },  // 둠
    { 0xB461, 12420, 12 },  // 둡
    { 0xB463, 12438, 12 },  // 둣
    { 0xB465, 12456, 12 },  // 둥
    { 0xB46C, 12474, 12 },  // 둬
    { 0xB480, 12492, 12 },  // 뒀
    { 0xB488, 12510, 12 },  // 뒈
    { 0xB49D, 12528, 12 },  // 뒝
    { 0xB4A4, 12546, 12 },  // 뒤
    { 0xB4A8, 12564, 12 },  // 뒨
    { 0xB4AC, 12582, 12 },  // 뒬
    { 0xB4B5, 12600, 12 },  // 뒵
    { 0xB4B7, 12618, 12 },  // 뒷
    { 0xB4B9, 12636, 12 },  // 뒹
    { 0xB4C0, 12654, 12 },  // 듀
    { 0xB4C4, 12672, 12 },  // 듄
    { 0xB4C8, 12690, 12 },  // 듈
    { 0xB4D0, 12708, 12 },  // 듐
    { 0xB4D5, 12726, 12 },  // 듕
    { 0xB4DC, 12744, 12 },  // 드
    { 0xB4DD, 12762, 12 },  // 득
    { 0xB4E0, 12780, 12 },  // 든
    { 0xB4E3, 12798, 12 },  // 듣
    { 0xB4E4, 12816, 12 },  // 들
    { 0xB4E6, 12834, 12 },  // 듦
    { 0xB4EC, 12852, 12 },  // 듬
    { 0xB4ED, 12870, 12 },  // 듭
    { 0xB4EF, 12888, 12 },  // 듯
    { 0xB4F1, 12906, 12 },  // 등
    { 0xB4F8, 12924, 12 },  // 듸
    { 0xB514, 12942, 12 },  // 디
    { 0xB515, 12960, 12 },  // 딕
    { 0xB518, 12978, 12 },  // 딘
    { 0xB51B, 12996, 12 },  // 딛
    { 0xB51C, 13014, 12 },  // 딜
    { 0xB524, 13032, 12 },  // 딤
    { 0xB525, 13050, 12 },  // 딥
    { 0xB527, 13068, 12 },  // 딧
    { 0xB528, 13086, 12 },  // 딨
    { 0xB529, 13104, 12 },  // 딩
    { 0xB52A, 13122, 12 },  // 딪
    { 0xB530, 13140, 12 },  // 따
    { 0xB531, 13158, 12 },  // 딱
    { 0xB534, 13176, 12 },  // 딴
    { 0xB538, 13194, 12 },  // 딸
    { 0xB540, 13212, 12 },  // 땀
    { 0xB541, 13230, 12 },  // 땁
    { 0xB543, 13248, 12 },  // 땃
    { 0xB544, 13266, 12 },  // 땄
    { 0xB545, 13284, 12 },  // 땅
    { 0xB54B, 13302, 12 },  // 땋
    { 0xB54C, 13320, 12 },  // 때
    { 0xB54D, 13338, 12 },  // 땍
    { 0xB550, 13356, 12 },  // 땐
    { 0xB554, 13374, 12 },  // 땔
    { 0xB55C, 13392, 12 },  // 땜
    { 0xB55D, 13410, 12 },  // 땝
    { 0xB55F, 13428, 12 },  // 땟
    { 0xB560, 13446, 12 },  // 땠
    { 0xB561, 13464, 12 },  // 땡
    { 0xB5A0, 13482, 12 },  // 떠
    { 0xB5A1, 13500, 12 },  // 떡
    { 0xB5A4, 13518, 12 },  // 떤
    { 0xB5A8, 13536, 12 },  // 떨
    { 0xB5AA, 13554, 12 },  // 떪
    { 0xB5AB, 13572, 12 },  // 떫
    { 0xB5B0, 13590, 12 },  // 떰
    { 0xB5B1, 13608, 12 },  // 떱
    { 0xB5B3, 13626, 12 },  // 떳
    { 0xB5B4, 13644, 12 },  // 떴
    { 0xB5B5, 13662, 12 },  // 떵
    { 0xB5BB, 13680, 12 },  // 떻
    { 0xB5BC, 13698, 12 },  // 떼
    { 0xB5BD, 13716, 12 },  // 떽
    { 0xB5C0, 13734, 12 },  // 뗀
    { 0xB5C4, 13752, 12 },  // 뗄
    { 0xB5CC, 13770, 12 },  // 뗌
    { 0xB5CD, 13788, 12 },  // 뗍
    { 0xB5CF, 13806, 12 },  // 뗏
    { 0xB5D0, 13824, 12 },  // 뗐
    { 0xB5D1, 13842, 12 },  // 뗑
    { 0xB5D8, 13860, 12 },  // 뗘
    { 0xB5EC, 13878, 12 },  // 뗬
    { 0xB610, 13896, 12 },  // 또
    { 0xB611, 13914, 12 },  // 똑
    { 0xB614, 13932, 12 },  // 똔
    { 0xB618, 13950, 12 },  // 똘
    { 0xB625, 13968, 12 },  // 똥
    { 0xB62C, 13986, 12 },  // 똬
    { 0xB634, 14004, 12 },  // 똴
    { 0xB648, 14022, 12 },  // 뙈
    { 0xB664, 14040, 12 },  // 뙤
    { 0xB668, 14058, 12 },  // 뙨
    { 0xB69C, 14076, 12 },  // 뚜
    { 0xB69D, 14094, 12 },  // 뚝
    { 0xB6A0, 14112, 12 },  // 뚠
    { 0xB6A4, 14130, 12 },  // 뚤
    { 0xB6AB, 14148, 12 },  // 뚫
    { 0xB6AC, 14166, 12 },  // 뚬
    { 0xB6B1, 14184, 12 },  // 뚱
    { 0xB6D4, 14202, 12 },  // 뛔
    { 0xB6F0, 14220, 12 },  // 뛰
    { 0xB6F4, 14238, 12 },  // 뛴
    { 0xB6F8, 14256, 12 },  // 뛸
    { 0xB700, 14274, 12 },  // 뜀
    { 0xB701, 14292, 12 },  // 뜁
    { 0xB705, 14310, 12 },  // 뜅
    { 0xB728, 14328, 12 },  // 뜨
    { 0xB729, 14346, 12 },  // 뜩
    { 0xB72C, 14364, 12 },  // 뜬
    { 0xB72F, 14382, 12 },  // 뜯
    { 0xB730, 14400, 12 },  // 뜰
    { 0xB738, 14418, 12 },  // 뜸
    { 0xB739, 14436, 12 },  // 뜹
    { 0xB73B, 14454, 12 },  // 뜻
    { 0xB744, 14472, 12 },  // 띄
    { 0xB748, 14490, 12 },  // 띈
    { 0xB74C, 14508, 12 },  // 띌
    { 0xB754, 14526, 12 },  // 띔
    { 0xB755, 14544, 12 },  // 띕
    { 0xB760, 14562, 12 },  // 띠
    { 0xB764, 14580, 12 },  // 띤
    { 0xB768, 14598, 12 },  // 띨
    { 0xB770, 14616, 12 },  // 띰
    { 0xB771, 14634, 12 },  // 띱
    { 0xB773, 14652, 12 },  // 띳
    { 0xB775, 14670, 12 },  // 띵
    { 0xB77C, 14688, 12 },  // 라
    { 0xB77D, 14706, 12 },  // 락
    { 0xB780, 14724, 12 },  // 란
    { 0xB784, 14742, 12 },  // 랄
    { 0xB78C, 14760, 12 },  // 람
    { 0xB78D, 14778, 12 },  // 랍
    { 0xB78F, 14796, 12 },  // 랏
    { 0xB790, 14814, 12 },  // 랐
    { 0xB791, 14832, 12 },  // 랑
    { 0xB792, 14850, 12 },  // 랒
    { 0xB796, 14868, 12 },  // 랖
    { 0xB797, 14886, 12 },  // 랗
    { 0xB798, 14904, 12 },  // 래
    { 0xB799, 14922, 12 },  // 랙
    { 0xB79C, 14940, 12 },  // 랜
    { 0xB7A0, 14958, 12 },  // 랠
    { 0xB7A8, 14976, 12 },  // 램
    { 0xB7A9, 14994, 12 },  // 랩
    { 0xB7AB, 15012, 12 },  // 랫
    { 0xB7AC, 15030, 12 },  // 랬
    { 0xB7AD, 15048, 12 },  // 랭
    { 0xB7B4, 15066, 12 },  // 랴
    { 0xB7B5, 15084, 12 },  // 략
    { 0xB7B8, 15102, 12 },  // 랸
    { 0xB7C7, 15120, 12 },  // 럇
    { 0xB7C9, 15138, 12 },  // 량
    { 0xB7EC, 15156, 12 },  // 러
    { 0xB7ED, 15174, 12 },  // 럭
    { 0xB7F0, 15192, 12 },  // 런
    { 0xB7F4, 15210, 12 },  // 럴
    { 0xB7FC, 15228, 12 },  // 럼
    { 0xB7FD, 15246, 12 },  // 럽
    { 0xB7FF, 15264, 12 },  // 럿
    { 0xB800, 15282, 12 },  // 렀
    { 0xB801, 15300, 12 },  // 렁
    { 0xB807, 15318, 12 },  // 렇
    { 0xB808, 15336, 12 },  // 레
    { 0xB809, 15354, 12 },  // 렉
    { 0xB80C, 15372, 12 },  // 렌
    { 0xB810, 15390, 12 },  // 렐
    { 0xB818, 15408, 12 },  // 렘
    { 0xB819, 15426, 12 },  // 렙
    { 0xB81B, 15444, 12 },  // 렛
    { 0xB81D, 15462, 12 },  // 렝
    { 0xB824, 15480, 12 },  // 려
    { 0xB825, 15498, 12 },  // 력
    { 0xB828, 15516, 12 },  // 련
    { 0xB82C, 15534, 12 },  // 렬
    { 0xB834, 15552, 12 },  // 렴
    { 0xB835, 15570, 12 },  // 렵
    { 0xB837, 15588, 12 },  // 렷
    { 0xB838, 15606, 12 },  // 렸
    { 0xB839, 15624, 12 },  // 령
    { 0xB840, 15642, 12 },  // 례
    { 0xB844, 15660, 12 },  // 롄
    { 0xB851, 15678, 12 },  // 롑
    { 0xB853, 15696, 12 },  // 롓
    { 0xB85C, 15714, 12 },  // 로
    { 0xB85D, 15732, 12 },  // 록
    { 0xB860, 15750, 12 },  // 론
    { 0xB864, 15768, 12 },  // 롤
    { 0xB86C, 15786, 12 },  // 롬
    { 0xB86D, 15804, 12 },  // 롭
    { 0xB86F, 15822, 12 },  // 롯
    { 0xB871, 15840, 12 },  // 롱
    { 0xB878, 15858, 12 },  // 롸
    { 0xB87C, 15876, 12 },  // 롼
    { 0xB88D, 15894, 12 },  // 뢍
    { 0xB8A8, 15912, 12 },  // 뢨
    { 0xB8B0, 15930, 12 },  // 뢰
    { 0xB8B4, 15948, 12 },  // 뢴
    { 0xB8B8, 15966, 12 },  // 뢸
    { 0xB8C0, 15984, 12 },  // 룀
    { 0xB8C1, 16002, 12 },  // 룁
    { 0xB8C3, 16020, 12 },  // 룃
    { 0xB8C5, 16038, 12 },  // 룅
    { 0xB8CC, 16056, 12 },  // 료
    { 0xB8D0, 16074, 12 },  // 룐
    { 0xB8D4, 16092, 12 },  // 룔
    { 0xB8DD, 16110, 12 },  // 룝
    { 0xB8DF, 16128, 12 },  // 룟
    { 0xB8E1, 16146, 12 },  // 룡
    { 0xB8E8, 16164, 12 },  // 루
    { 0xB8E9, 16182, 12 },  // 룩
    { 0xB8EC, 16200, 12 },  // 룬
    { 0xB8F0, 16218, 12 },  // 룰
    { 0xB8F8, 16236, 12 },  // 룸
    { 0xB8F9, 16254, 12 },  // 룹
    { 0xB8FB, 16272, 12 },  // 룻
    { 0xB8FD, 16290, 12 },  // 룽
    { 0xB904, 16308, 12 },  // 뤄
    { 0xB918, 16326, 12 },  // 뤘
    { 0xB920, 16344, 12 },  // 뤠
    { 0xB93C, 16362, 12 },  // 뤼
    { 0xB93D, 16380, 12 },  // 뤽
    { 0xB940, 16398, 12 },  // 륀
    { 0xB944, 16416, 12 },  // 륄
    { 0xB94C, 16434, 12 },  // 륌
    { 0xB94F, 16452, 12 },  // 륏
    { 0xB951, 16470, 12 },  // 륑
    { 0xB958, 16488, 12 },  // 류
    { 0xB959, 16506, 12 },  // 륙
    { 0xB95C, 16524, 12 },  // 륜
    { 0xB960, 16542, 12 },  // 률
    { 0xB968, 16560, 12 },  // 륨
    { 0xB969, 16578, 12 },  // 륩
    { 0xB96B, 16596, 12 },  // 륫
    { 0xB96D, 16614, 12 },  // 륭
    { 0xB974, 16632, 12 },  // 르
    { 0xB975, 16650, 12 },  // 륵
    { 0xB978, 16668, 12 },  // 른
    { 0xB97C, 16686, 12 },  // 를
    { 0xB984, 16704, 12 },  // 름
    { 0xB985, 16722, 12 },  // 릅
    { 0xB987, 16740, 12 },  // 릇
    { 0xB989, 16758, 12 },  // 릉
    { 0xB98A, 16776, 12 },  // 릊
    { 0xB98D, 16794, 12 },  // 릍
    { 0xB98E, 16812, 12 },  // 릎
    { 0xB9AC, 16830, 12 },  // 리
    { 0xB9AD, 16848, 12 },  // 릭
    { 0xB9B0, 16866, 12 },  // 린
    { 0xB9B4, 16884, 12 },  // 릴
    { 0xB9BC, 16902, 12 },  // 림
    { 0xB9BD, 16920, 12 },  // 립
    { 0xB9BF, 16938, 12 },  // 릿
    { 0xB9C1, 16956, 12 },  // 링
    { 0xB9C8, 16974, 12 },  // 마
    { 0xB9C9, 16992, 12 },  // 막
    { 0xB9CC, 17010, 12 },  // 만
    { 0xB9CE, 17028, 12 },  // 많
    { 0xB9CF, 17046, 12 },  // 맏
    { 0xB9D0, 17064, 12 },  // 말
    { 0xB9D1, 17082, 12 },  // 맑
    { 0xB9D2, 17100, 12 },  // 맒
    { 0xB9D8, 17118, 12 },  // 맘
    { 0xB9D9, 17136, 12 },  // 맙
    { 0xB9DB, 17154, 12 },  // 맛
    { 0xB9DD, 17172, 12 },  // 망
    { 0xB9DE, 17190, 12 },  // 맞
    { 0xB9E1, 17208, 12 },  // 맡
    { 0xB9E3, 17226, 12 },  // 맣
    { 0xB9E4, 17244, 12 },  // 매
    { 0xB9E5, 17262, 12 },  // 맥
    { 0xB9E8, 17280, 12 },  // 맨
    { 0xB9EC, 17298, 12 },  // 맬
    { 0xB9F4, 17316, 12 },  // 맴
    { 0xB9F5, 17334, 12 },  // 맵
    { 0xB9F7, 17352, 12 },  // 맷
    { 0xB9F8, 17370, 12 },  // 맸
    { 0xB9F9, 17388, 12 },  // 맹
    { 0xB9FA, 17406, 12 },  // 맺
    { 0xBA00, 17424, 12 },  // 먀
    { 0xBA01, 17442, 12 },  // 먁
    { 0xBA08, 17460, 12 },  // 먈
    { 0xBA15, 17478, 12 },  // 먕
    { 0xBA38, 17496, 12 },  // 머
    { 0xBA39, 17514, 12 },  // 먹
    { 0xBA3C, 17532, 12 },  // 먼
    { 0xBA40, 17550, 12 },  // 멀
    { 0xBA42, 17568, 12 },  // 멂
    { 0xBA48, 17586, 12 },  // 멈
    { 0xBA49, 17604, 12 },  // 멉
    { 0xBA4B, 17622, 12 },  // 멋
    { 0xBA4D, 17640, 12 },  // 멍
    { 0xBA4E, 17658, 12 },  // 멎
    { 0xBA53, 17676, 12 },  // 멓
    { 0xBA54, 17694, 12 },  // 메
    { 0xBA55, 17712, 12 },  // 멕
    { 0xBA58, 17730, 12 },  // 멘
    { 0xBA5C, 17748, 12 },  // 멜
    { 0xBA64, 17766, 12 },  // 멤
    { 0xBA65, 17784, 12 },  // 멥
    { 0xBA67, 17802, 12 },  // 멧
    { 0xBA68, 17820, 12 },  // 멨
    { 0xBA69, 17838, 12 },  // 멩
    { 0xBA70, 17856, 12 },  // 며
    { 0xBA71, 17874, 12 },  // 멱
    { 0xBA74, 17892, 12 },  // 면
    { 0xBA78, 17910, 12 },  // 멸
    { 0xBA83, 17928, 12 },  // 몃
    { 0xBA84, 17946, 12 },  // 몄
    { 0xBA85, 17964, 12 },  // 명
    { 0xBA87, 17982, 12 },  // 몇
    { 0xBA8C, 18000, 12 },  // 몌
    { 0xBAA8, 18018, 12 },  // 모
    { 0xBAA9, 18036, 12 },  // 목
    { 0xBAAB, 18054, 12 },  // 몫
    { 0xBAAC, 18072, 12 },  // 몬
    { 0xBAB0, 18090, 12 },  // 몰
    { 0xBAB2, 18108, 12 },  // 몲
    { 0xBAB8, 18126, 12 },  // 몸
    { 0xBAB9, 18144, 12 },  // 몹
    { 0xBABB, 18162, 12 },  // 못
    { 0xBABD, 18180, 12 },  // 몽
    { 0xBAC4, 18198, 12 },  // 뫄
    { 0xBAC8, 18216, 12 },  // 뫈
    { 0xBAD8, 18234, 12 },  // 뫘
    { 0xBAD9, 18252, 12 },  // 뫙
    { 0xBAFC, 18270, 12 },  // 뫼
    { 0xBB00, 18288, 12 },  // 묀
    { 0xBB04, 18306, 12 },  // 묄
    { 0xBB0D, 18324, 12 },  // 묍
    { 0xBB0F, 18342, 12 },  // 묏
    { 0xBB11, 18360, 12 },  // 묑
    { 0xBB18, 18378, 12 },  // 묘
    { 0xBB1C, 18396, 12 },  // 묜
    { 0xBB20, 18414, 12 },  // 묠
    { 0xBB29, 18432, 12 },  // 묩
    { 0xBB2B, 18450, 12 },  // 묫
    { 0xBB34, 18468, 12 },  // 무
    { 0xBB35, 18486, 12 },  // 묵
    { 0xBB36, 18504, 12 },  // 묶
    { 0xBB38, 18522, 12 },  // 문
    { 0xBB3B, 18540, 12 },  // 묻
    { 0xBB3C, 18558, 12 },  // 물
    { 0xBB3D, 18576, 12 },  // 묽
    { 0xBB3E, 18594, 12 },  // 묾
    { 0xBB44, 18612, 12 },  // 뭄
    { 0xBB45, 18630, 12 },  // 뭅
    { 0xBB47, 18648, 12 },  // 뭇
    { 0xBB49, 18666, 12 },  // 뭉
    { 0xBB4D, 18684, 12 },  // 뭍
    { 0xBB4F, 18702, 12 },  // 뭏
    { 0xBB50, 18720, 12 },  // 뭐
    { 0xBB54, 18738, 12 },  // 뭔
    { 0xBB58, 18756, 12 },  // 뭘
    { 0xBB61, 18774, 12 },  // 뭡
    { 0xBB63, 18792, 12 },  // 뭣
    { 0xBB6C, 18810, 12 },  // 뭬
    { 0xBB88, 18828, 12 },  // 뮈
    { 0xBB8C, 18846, 12 },  // 뮌
    { 0xBB90, 18864, 12 },  // 뮐
    { 0xBBA4, 18882, 12 },  // 뮤
    { 0xBBA8, 18900, 12 },  // 뮨
    { 0xBBAC, 18918, 12 },  // 뮬
    { 0xBBB4, 18936, 12 },  // 뮴
    { 0xBBB7, 18954, 12 },  // 뮷
    { 0xBBC0, 18972, 12 },  // 므
    { 0xBBC4, 18990, 12 },  // 믄
    { 0xBBC8, 19008, 12 },  // 믈
    { 0xBBD0, 19026, 12 },  // 믐
    { 0xBBD3, 19044, 12 },  // 믓
    { 0xBBF8, 19062, 12 },  // 미
    { 0xBBF9, 19080, 12 },  // 믹
    { 0xBBFC, 19098, 12 },  // 민
    { 0xBBFF, 19116, 12 },  // 믿
    { 0xBC00, 19134, 12 },  // 밀
    { 0xBC02, 19152, 12 },  // 밂
    { 0xBC08, 19170, 12 },  // 밈
    { 0xBC09, 19188, 12 },  // 밉
    { 0xBC0B, 19206, 12 },  // 밋
    { 0xBC0C, 19224, 12 },  // 밌
    { 0xBC0D, 19242, 12 },  // 밍
    { 0xBC0F, 19260, 12 },  // 및
    { 0xBC11, 19278, 12 },  // 밑
    { 0xBC14, 19296, 12 },  // 바
    { 0xBC15, 19314, 12 },  // 박
    { 0xBC16, 19332, 12 },  // 밖
    { 0xBC17, 19350, 12 },  // 밗
    { 0xBC18, 19368, 12 },  // 반
    { 0xBC1C, 19386, 12 },  // 발
    { 0xBC1D, 19404, 12 },  // 밝
    { 0xBC24, 19422, 12 },  // 밤
    { 0xBC25, 19440, 12 },  // 밥
    { 0xBC27, 19458, 12 },  // 밧
    { 0xBC29, 19476, 12 },  // 방
    { 0xBC2D, 19494, 12 },  // 밭
    { 0xBC30, 19512, 12 },  // 배
    { 0xBC31, 19530, 12 },  // 백
    { 0xBC34, 19548, 12 },  // 밴
    { 0xBC38, 19566, 12 },  // 밸
    { 0xBC40, 19584, 12 },  // 뱀
    { 0xBC41, 19602, 12 },  // 뱁
    { 0xBC43, 19620, 12 },  // 뱃
    { 0xBC44, 19638, 12 },  // 뱄
    { 0xBC45, 19656, 12 },  // 뱅
    { 0xBC49, 19674, 12 },  // 뱉
    { 0xBC4C, 19692, 12 },  // 뱌
    { 0xBC4D, 19710, 12 },  // 뱍
    { 0xBC50, 19728, 12 },  // 뱐
    { 0xBC5D, 19746, 12 },  // 뱝
    { 0xBC84, 19764, 12 },  // 버
    { 0xBC85, 19782, 12 },  // 벅
    { 0xBC88, 19800, 12 },  // 번
    { 0xBC8B, 19818, 12 },  // 벋
    { 0xBC8C, 19836, 12 },  // 벌
    { 0xBC8E, 19854, 12 },  // 벎
    { 0xBC94, 19872, 12 },  // 범
    { 0xBC95, 19890, 12 },  // 법
    { 0xBC97, 19908, 12 },  // 벗
    { 0xBC99, 19926, 12 },  // 벙
    { 0xBC9A, 19944, 12 },  // 벚
    { 0xBCA0, 19962, 12 },  // 베
    { 0xBCA1, 19980, 12 },  // 벡
    { 0xBCA4, 19998, 12 },  // 벤
    { 0xBCA7, 20016, 12 },  // 벧
    { 0xBCA8, 20034, 12 },  // 벨
    { 0xBCB0, 20052, 12 },  // 벰
    { 0xBCB1, 20070, 12 },  // 벱
    { 0xBCB3, 20088, 12 },  // 벳
    { 0xBCB4, 20106, 12 },  // 벴
    { 0xBCB5, 20124, 12 },  // 벵
    { 0xBCBC, 20142, 12 },  // 벼
    { 0xBCBD, 20160, 12 },  // 벽
    { 0xBCC0, 20178, 12 },  // 변
    { 0xBCC4, 20196, 12 },  // 별
    { 0xBCCD, 20214, 12 },  // 볍
    { 0xBCCF, 20232, 12 },  // 볏
    { 0xBCD0, 20250, 12 },  // 볐
    { 0xBCD1, 20268, 12 },  // 병
    { 0xBCD5, 20286, 12 },  // 볕
    { 0xBCD8, 20304, 12 },  // 볘
    { 0xBCDC, 20322, 12 },  // 볜
    { 0xBCF4, 20340, 12 },  // 보
    { 0xBCF5, 20358, 12 },  // 복
    { 0xBCF6, 20376, 12 },  // 볶
    { 0xBCF8, 20394, 12 },  // 본
    { 0xBCFC, 20412, 12 },  // 볼
    { 0xBD04, 20430, 12 },  // 봄
    { 0xBD05, 20448, 12 },  // 봅
    { 0xBD07, 20466, 12 },  // 봇
    { 0xBD09, 20484, 12 },  // 봉
    { 0xBD10, 20502, 12 },  // 봐
    { 0xBD14, 20520, 12 },  // 봔
    { 0xBD24, 20538, 12 },  // 봤
    { 0xBD2C, 20556, 12 },  // 봬
    { 0xBD40, 20574, 12 },  // 뵀
    { 0xBD48, 20592, 12 },  // 뵈
    { 0xBD49, 20610, 12 },  // 뵉
    { 0xBD4C, 20628, 12 },  // 뵌
    { 0xBD50, 20646, 12 },  // 뵐
    { 0xBD58, 20664, 12 },  // 뵘
    { 0xBD59, 20682, 12 },  // 뵙
    { 0xBD64, 20700, 12 },  // 뵤
    { 0xBD68, 20718, 12 },  // 뵨
    { 0xBD80, 20736, 12 },  // 부
    { 0xBD81, 20754, 12 },  // 북
    { 0xBD84, 20772, 12 },  // 분
    { 0xBD87, 20790, 12 },  // 붇
    { 0xBD88, 20808, 12 },  // 불
    { 0xBD89, 20826, 12 },  // 붉
    { 0xBD8A, 20844, 12 },  // 붊
    { 0xBD90, 20862, 12 },  // 붐
    { 0xBD91, 20880, 12 },  // 붑
    { 0xBD93, 20898, 12 },  // 붓
    { 0xBD95, 20916, 12 },  // 붕
    { 0xBD99, 20934, 12 },  // 붙
    { 0xBD9A, 20952, 12 },  // 붚
    { 0xBD9C, 20970, 12 },  // 붜
    { 0xBDA4, 20988, 12 },  // 붤
    { 0xBDB0, 21006, 12 },  // 붰
    { 0xBDB8, 21024, 12 },  // 붸
    { 0xBDD4, 21042, 12 },  // 뷔
    { 0xBDD5, 21060, 12 },  // 뷕
    { 0xBDD8, 21078, 12 },  // 뷘
    { 0xBDDC, 21096, 12 },  // 뷜
    { 0xBDE9, 21114, 12 },  // 뷩
    { 0xBDF0, 21132, 12 },  // 뷰
    { 0xBDF4, 21150, 12 },  // 뷴
    { 0xBDF8, 21168, 12 },  // 뷸
    { 0xBE00, 21186, 12 },  // 븀
    { 0xBE03, 21204, 12 },  // 븃
    { 0xBE05, 21222, 12 },  // 븅
    { 0xBE0C, 21240, 12 },  // 브
    { 0xBE0D, 21258, 12 },  // 븍
    { 0xBE10, 21276, 12 },  // 븐
    { 0xBE14, 21294, 12 },  // 블
    { 0xBE1C, 21312, 12 },  // 븜
    { 0xBE1D, 21330, 12 },  // 븝
    { 0xBE1F, 21348, 12 },  // 븟
    { 0xBE44, 21366, 12 },  // 비
    { 0xBE45, 21384, 12 },  // 빅
    { 0xBE48, 21402, 12 },  // 빈
    { 0xBE4C, 21420, 12 },  // 빌
    { 0xBE4E, 21438, 12 },  // 빎
    { 0xBE54, 21456, 12 },  // 빔
    { 0xBE55, 21474, 12 },  // 빕
    { 0xBE57, 21492, 12 },  // 빗
    { 0xBE59, 21510, 12 },  // 빙
    { 0xBE5A, 21528, 12 },  // 빚
    { 0xBE5B, 21546, 12 },  // 빛
    { 0xBE60, 21564, 12 },  // 빠
    { 0xBE61, 21582, 12 },  // 빡
    { 0xBE64, 21600, 12 },  // 빤
    { 0xBE68, 21618, 12 },  // 빨
    { 0xBE6A, 21636, 12 },  // 빪
    { 0xBE70, 21654, 12 },  // 빰
    { 0xBE71, 21672, 12 },  // 빱
    { 0xBE73, 21690, 12 },  // 빳
    { 0xBE74, 21708, 12 },  // 빴
    { 0xBE75, 21726, 12 },  // 빵
    { 0xBE7B, 21744, 12 },  // 빻
    { 0xBE7C, 21762, 12 },  // 빼
    { 0xBE7D, 21780, 12 },  // 빽
    { 0xBE80, 21798, 12 },  // 뺀
    { 0xBE84, 21816, 12 },  // 뺄
    { 0xBE8C, 21834, 12 },  // 뺌
    { 0xBE8D, 21852, 12 },  // 뺍
    { 0xBE8F, 21870, 12 },  // 뺏
    { 0xBE90, 21888, 12 },  // 뺐
    { 0xBE91, 21906, 12 },  // 뺑
    { 0xBE98, 21924, 12 },  // 뺘
    { 0xBE99, 21942, 12 },  // 뺙
    { 0xBEA8, 21960, 12 },  // 뺨
    { 0xBED0, 21978, 12 },  // 뻐
    { 0xBED1, 21996, 12 },  // 뻑
    { 0xBED4, 22014, 12 },  // 뻔
    { 0xBED7, 22032, 12 },  // 뻗
    { 0xBED8, 22050, 12 },  // 뻘
    { 0xBEE0, 22068, 12 },  // 뻠
    { 0xBEE3, 22086, 12 },  // 뻣
    { 0xBEE4, 22104, 12 },  // 뻤
    { 0xBEE5, 22122, 12 },  // 뻥
    { 0xBEEC, 22140, 12 },  // 뻬
    { 0xBF01, 22158, 12 },  // 뼁
    { 0xBF08, 22176, 12 },  // 뼈
    { 0xBF09, 22194, 12 },  // 뼉
    { 0xBF18, 22212, 12 },  // 뼘
    { 0xBF19, 22230, 12 },  // 뼙
    { 0xBF1B, 22248, 12 },  // 뼛
    { 0xBF1C, 22266, 12 },  // 뼜
    { 0xBF1D, 22284, 12 },  // 뼝
    { 0xBF40, 22302, 12 },  // 뽀
    { 0xBF41, 22320, 12 },  // 뽁
    { 0xBF44, 22338, 12 },  // 뽄
    { 0xBF48, 22356, 12 },  // 뽈
    { 0xBF50, 22374, 12 },  // 뽐
    { 0xBF51, 22392, 12 },  // 뽑
    { 0xBF55, 22410, 12 },  // 뽕
    { 0xBF94, 22428, 12 },  // 뾔
    { 0xBFB0, 22446, 12 },  // 뾰
    { 0xBFC5, 22464, 12 },  // 뿅
    { 0xBFCC, 22482, 12 },  // 뿌
    { 0xBFCD, 22500, 12 },  // 뿍
    { 0xBFD0, 22518, 12 },  // 뿐
    { 0xBFD4, 22536, 12 },  // 뿔
    { 0xBFDC, 22554, 12 },  // 뿜
    { 0xBFDF, 22572, 12 },  // 뿟
    { 0xBFE1, 22590, 12 },  // 뿡
    { 0xC03C, 22608, 12 },  // 쀼
    { 0xC051, 22626, 12 },  // 쁑
    { 0xC058, 22644, 12 },  // 쁘
    { 0xC05C, 22662, 12 },  // 쁜
    { 0xC060, 22680, 12 },  // 쁠
    { 0xC068, 22698, 12 },  // 쁨
    { 0xC069, 22716, 12 },  // 쁩
    { 0xC090, 22734, 12 },  // 삐
    { 0xC091, 22752, 12 },  // 삑
    { 0xC094, 22770, 12 },  // 삔
    { 0xC098, 22788, 12 },  // 삘
    { 0xC0A0, 22806, 12 },  // 삠
    { 0xC0A1, 22824, 12 },  // 삡
    { 0xC0A3, 22842, 12 },  // 삣
    { 0xC0A5, 22860, 12 },  // 삥
    { 0xC0AC, 22878, 12 },  // 사
    { 0xC0AD, 22896, 12 },  // 삭
    { 0xC0AF, 22914, 12 },  // 삯
    { 0xC0B0, 22932, 12 },  // 산
    { 0xC0B3, 22950, 12 },  // 삳
    { 0xC0B4, 22968, 12 },  // 살
    { 0xC0B5, 22986, 12 },  // 삵
    { 0xC0B6, 23004, 12 },  // 삶
    { 0xC0BC, 23022, 12 },  // 삼
    { 0xC0BD, 23040, 12 },  // 삽
    { 0xC0BF, 23058, 12 },  // 삿
    { 0xC0C0, 23076, 12 },  // 샀
    { 0xC0C1, 23094, 12 },  // 상
    { 0xC0C5, 23112, 12 },  // 샅
    { 0xC0C8, 23130, 12 },  // 새
    { 0xC0C9, 23148, 12 },  // 색
    { 0xC0CC, 23166, 12 },  // 샌
    { 0xC0D0, 23184, 12 },  // 샐
    { 0xC0D8, 23202, 12 },  // 샘
    { 0xC0D9, 23220, 12 },  // 샙
    { 0xC0DB, 23238, 12 },  // 샛
    { 0xC0DC, 23256, 12 },  // 샜
    { 0xC0DD, 23274, 12 },  // 생
    { 0xC0E4, 23292, 12 },  // 샤
    { 0xC0E5, 23310, 12 },  // 샥
    { 0xC0E8, 23328, 12 },  // 샨
    { 0xC0EC, 23346, 12 },  // 샬
    { 0xC0F4, 23364, 12 },  // 샴
    { 0xC0F5, 23382, 12 },  // 샵
    { 0xC0F7, 23400, 12 },  // 샷
    { 0xC0F9, 23418, 12 },  // 샹
    { 0xC100, 23436, 12 },  // 섀
    { 0xC104, 23454, 12 },  // 섄
    { 0xC108, 23472, 12 },  // 섈
    { 0xC110, 23490, 12 },  // 섐
    { 0xC115, 23508, 12 },  // 섕
    { 0xC11C, 23526, 12 },  // 서
    { 0xC11D, 23544, 12 },  // 석
    { 0xC11E, 23562, 12 },  // 섞
    { 0xC11F, 23580, 12 },  // 섟
    { 0xC120, 23598, 12 },  // 선
    { 0xC123, 23616, 12 },  // 섣
    { 0xC124, 23634, 12 },  // 설
    { 0xC126, 23652, 12 },  // 섦
    { 0xC127, 23670, 12 },  // 섧
    { 0xC12C, 23688, 12 },  // 섬
    { 0xC12D, 23706, 12 },  // 섭
    { 0xC12F, 23724, 12 },  // 섯
    { 0xC130, 23742, 12 },  // 섰
    { 0xC131, 23760, 12 },  // 성
    { 0xC136, 23778, 12 },  // 섶
    { 0xC138, 23796, 12 },  // 세
    { 0xC139, 23814, 12 },  // 섹
    { 0xC13C, 23832, 12 },  // 센
    { 0xC140, 23850, 12 },  // 셀
    { 0xC148, 23868, 12 },  // 셈
    { 0xC149, 23886, 12 },  // 셉
    { 0xC14B, 23904, 12 },  // 셋
    { 0xC14C, 23922, 12 },  // 셌
    { 0xC14D, 23940, 12 },  // 셍
    { 0xC154, 23958, 12 },  // 셔
    { 0xC155, 23976, 12 },  // 셕
    { 0xC158, 23994, 12 },  // 션
    { 0xC15C, 24012, 12 },  // 셜
    { 0xC164, 24030, 12 },  // 셤
    { 0xC165, 24048, 12 },  // 셥
    { 0xC167, 24066, 12 },  // 셧
    { 0xC168, 24084, 12 },  // 셨
    { 0xC169, 24102, 12 },  // 셩
    { 0xC170, 24120, 12 },  // 셰
    { 0xC174, 24138, 12 },  // 셴
    { 0xC178, 24156, 12 },  // 셸
    { 0xC185, 24174, 12 },  // 솅
    { 0xC18C, 24192, 12 },  // 소
    { 0xC18D, 24210, 12 },  // 속
    { 0xC18E, 24228, 12 },  // 솎
    { 0xC190, 24246, 12 },  // 손
    { 0xC194, 24264, 12 },  // 솔
    { 0xC196, 24282, 12 },  // 솖
    { 0xC19C, 24300, 12 },  // 솜
    { 0xC19D, 24318, 12 },  // 솝
    { 0xC19F, 24336, 12 },  // 솟
    { 0xC1A1, 24354, 12 },  // 송
    { 0xC1A5, 24372, 12 },  // 솥
    { 0xC1A8, 24390, 12 },  // 솨
    { 0xC1A9, 24408, 12 },  // 솩
    { 0xC1AC, 24426, 12 },  // 솬
    { 0xC1B0, 24444, 12 },  // 솰
    { 0xC1BD, 24462, 12 },  // 솽
    { 0xC1C4, 24480, 12 },  // 쇄
    { 0xC1C8, 24498, 12 },  // 쇈
    { 0xC1CC, 24516, 12 },  // 쇌
    { 0xC1D4, 24534, 12 },  // 쇔
    { 0xC1D7, 24552, 12 },  // 쇗
    { 0xC1D8, 24570, 12 },  // 쇘
    { 0xC1E0, 24588, 12 },  // 쇠
    { 0xC1E4, 24606, 12 },  // 쇤
    { 0xC1E8, 24624, 12 },  // 쇨
    { 0xC1F0, 24642, 12 },  // 쇰
    { 0xC1F1, 24660, 12 },  // 쇱
    { 0xC1F3, 24678, 12 },  // 쇳
    { 0xC1FC, 24696, 12 },  // 쇼
    { 0xC1FD, 24714, 12 },  // 쇽
    { 0xC200, 24732, 12 },  // 숀
    { 0xC204, 24750, 12 },  // 숄
    { 0xC20C, 24768, 12 },  // 숌
    { 0xC20D, 24786, 12 },  // 숍
    { 0xC20F, 24804, 12 },  // 숏
    { 0xC211, 24822, 12 },  // 숑
    { 0xC218, 24840, 12 },  // 수
    { 0xC219, 24858, 12 },  // 숙
    { 0xC21C, 24876, 12 },  // 순
    { 0xC21F, 24894, 12 },  // 숟
    { 0xC220, 24912, 12 },  // 술
    { 0xC228, 24930, 12 },  // 숨
    { 0xC229, 24948, 12 },  // 숩
    { 0xC22B, 24966, 12 },  // 숫
    { 0xC22D, 24984, 12 },  // 숭
    { 0xC22F, 25002, 12 },  // 숯
    { 0xC231, 25020, 12 },  // 숱
    { 0xC232, 25038, 12 },  // 숲
    { 0xC234, 25056, 12 },  // 숴
    { 0xC248, 25074, 12 },  // 쉈
    { 0xC250, 25092, 12 },  // 쉐
    { 0xC251, 25110, 12 },  // 쉑
    { 0xC254, 25128, 12 },  // 쉔
    { 0xC258, 25146, 12 },  // 쉘
    { 0xC260, 25164, 12 },  // 쉠
    { 0xC265, 25182, 12 },  // 쉥
    { 0xC26C, 25200, 12 },  // 쉬
    { 0xC26D, 25218, 12 },  // 쉭
    { 0xC270, 25236, 12 },  // 쉰
    { 0xC274, 25254, 12 },  // 쉴
    { 0xC27C, 25272, 12 },  // 쉼
    { 0xC27D, 25290, 12 },  // 쉽
    { 0xC27F, 25308, 12 },  // 쉿
    { 0xC281, 25326, 12 },  // 슁
    { 0xC288, 25344, 12 },  // 슈
    { 0xC289, 25362, 12 },  // 슉
    { 0xC290, 25380, 12 },  // 슐
    { 0xC298, 25398, 12 },  // 슘
    { 0xC29B, 25416, 12 },  // 슛
    { 0xC29D, 25434, 12 },  // 슝
    { 0xC2A4, 25452, 12 },  // 스
    { 0xC2A5, 25470, 12 },  // 슥
    { 0xC2A8, 25488, 12 },  // 슨
    { 0xC2AC, 25506, 12 },  // 슬
    { 0xC2AD, 25524, 12 },  // 슭
    { 0xC2B4, 25542, 12 },  // 슴
    { 0xC2B5, 25560, 12 },  // 습
    { 0xC2B7, 25578, 12 },  // 슷
    { 0xC2B9, 25596, 12 },  // 승
    { 0xC2DC, 25614, 12 },  // 시
    { 0xC2DD, 25632, 12 },  // 식
    { 0xC2E0, 25650, 12 },  // 신
    { 0xC2E3, 25668, 12 },  // 싣
    { 0xC2E4, 25686, 12 },  // 실
    { 0xC2EB, 25704, 12 },  // 싫
    { 0xC2EC, 25722, 12 },  // 심
    { 0xC2ED, 25740, 12 },  // 십
    { 0xC2EF, 25758, 12 },  // 싯
    { 0xC2F1, 25776, 12 },  // 싱
    { 0xC2F6, 25794, 12 },  // 싶
    { 0xC2F8, 25812, 12 },  // 싸
    { 0xC2F9, 25830, 12 },  // 싹
    { 0xC2FB, 25848, 12 },  // 싻
    { 0xC2FC, 25866, 12 },  // 싼
    { 0xC300, 25884, 12 },  // 쌀
    { 0xC308, 25902, 12 },  // 쌈
    { 0xC309, 25920, 12 },  // 쌉
    { 0xC30C, 25938, 12 },  // 쌌
    { 0xC30D, 25956, 12 },  // 쌍
    { 0xC313, 25974, 12 },  // 쌓
    { 0xC314, 25992, 12 },  // 쌔
    { 0xC315, 26010, 12 },  // 쌕
    { 0xC318, 26028, 12 },  // 쌘
    { 0xC31C, 26046, 12 },  // 쌜
    { 0xC324, 26064, 12 },  // 쌤
    { 0xC325, 26082, 12 },  // 쌥
    { 0xC328, 26100, 12 },  // 쌨
    { 0xC329, 26118, 12 },  // 쌩
    { 0xC345, 26136, 12 },  // 썅
    { 0xC368, 26154, 12 },  // 써
    { 0xC369, 26172, 12 },  // 썩
    { 0xC36C, 26190, 12 },  // 썬
    { 0xC370, 26208, 12 },  // 썰
    { 0xC372, 26226, 12 },  // 썲
    { 0xC378, 26244, 12 },  // 썸
    { 0xC379, 26262, 12 },  // 썹
    { 0xC37C, 26280, 12 },  // 썼
    { 0xC37D, 26298, 12 },  // 썽
    { 0xC384, 26316, 12 },  // 쎄
    { 0xC388, 26334, 12 },  // 쎈
    { 0xC38C, 26352, 12 },  // 쎌
    { 0xC3C0, 26370, 12 },  // 쏀
    { 0xC3D8, 26388, 12 },  // 쏘
    { 0xC3D9, 26406, 12 },  // 쏙
    { 0xC3DC, 26424, 12 },  // 쏜
    { 0xC3DF, 26442, 12 },  // 쏟
    { 0xC3E0, 26460, 12 },  // 쏠
    { 0xC3E2, 26478, 12 },  // 쏢
    { 0xC3E8, 26496, 12 },  // 쏨
    { 0xC3E9, 26514, 12 },  // 쏩
    { 0xC3ED, 26532, 12 },  // 쏭
    { 0xC3F4, 26550, 12 },  // 쏴
    { 0xC3F5, 26568, 12 },  // 쏵
    { 0xC3F8, 26586, 12 },  // 쏸
    { 0xC408, 26604, 12 },  // 쐈
    { 0xC410, 26622, 12 },  // 쐐
    { 0xC424, 26640, 12 },  // 쐤
    { 0xC42C, 26658, 12 },  // 쐬
    { 0xC430, 26676, 12 },  // 쐰
    { 0xC434, 26694, 12 },  // 쐴
    { 0xC43C, 26712, 12 },  // 쐼
    { 0xC43D, 26730, 12 },  // 쐽
    { 0xC448, 26748, 12 },  // 쑈
    { 0xC464, 26766, 12 },  // 쑤
    { 0xC465, 26784, 12 },  // 쑥
    { 0xC468, 26802, 12 },  // 쑨
    { 0xC46C, 26820, 12 },  // 쑬
    { 0xC474, 26838, 12 },  // 쑴
    { 0xC475, 26856, 12 },  // 쑵
    { 0xC479, 26874, 12 },  // 쑹
    { 0xC480, 26892, 12 },  // 쒀
    { 0xC494, 26910, 12 },  // 쒔
    { 0xC49C, 26928, 12 },  // 쒜
    { 0xC4B8, 26946, 12 },  // 쒸
    { 0xC4BC, 26964, 12 },  // 쒼
    { 0xC4E9, 26982, 12 },  // 쓩
    { 0xC4F0, 27000, 12 },  // 쓰
    { 0xC4F1, 27018, 12 },  // 쓱
    { 0xC4F4, 27036, 12 },  // 쓴
    { 0xC4F8, 27054, 12 },  // 쓸
    { 0xC4FA, 27072, 12 },  // 쓺
    { 0xC4FF, 27090, 12 },  // 쓿
    { 0xC500, 27108, 12 },  // 씀
    { 0xC501, 27126, 12 },  // 씁
    { 0xC50C, 27144, 12 },  // 씌
    { 0xC510, 27162, 12 },  // 씐
    { 0xC514, 27180, 12 },  // 씔
    { 0xC51C, 27198, 12 },  // 씜
    { 0xC528, 27216, 12 },  // 씨
    { 0xC529, 27234, 12 },  // 씩
    { 0xC52C, 27252, 12 },  // 씬
    { 0xC530, 27270, 12 },  // 씰
    { 0xC538, 27288, 12 },  // 씸
    { 0xC539, 27306, 12 },  // 씹
    { 0xC53B, 27324, 12 },  // 씻
    { 0xC53D, 27342, 12 },  // 씽
    { 0xC544, 27360, 12 },  // 아
    { 0xC545, 27378, 12 },  // 악
    { 0xC548, 27396, 12 },  // 안
    { 0xC549, 27414, 12 },  // 앉
    { 0xC54A, 27432, 12 },  // 않
    { 0xC54C, 27450, 12 },  // 알
    { 0xC54D, 27468, 12 },  // 앍
    { 0xC54E, 27486, 12 },  // 앎
    { 0xC553, 27504, 12 },  // 앓
    { 0xC554, 27522, 12 },  // 암
    { 0xC555, 27540, 12 },  // 압
    { 0xC557, 27558, 12 },  // 앗
    { 0xC558, 27576, 12 },  // 았
    { 0xC559, 27594, 12 },  // 앙
    { 0xC55D, 27612, 12 },  // 앝
    { 0xC55E, 27630, 12 },  // 앞
    { 0xC560, 27648, 12 },  // 애
    { 0xC561, 27666, 12 },  // 액
    { 0xC564, 27684, 12 },  // 앤
    { 0xC568, 27702, 12 },  // 앨
    { 0xC570, 27720, 12 },  // 앰
    { 0xC571, 27738, 12 },  // 앱
    { 0xC573, 27756, 12 },  // 앳
    { 0xC574, 27774, 12 },  // 앴
    { 0xC575, 27792, 12 },  // 앵
    { 0xC57C, 27810, 12 },  // 야
    { 0xC57D, 27828, 12 },  // 약
    { 0xC580, 27846, 12 },  // 얀
    { 0xC584, 27864, 12 },  // 얄
    { 0xC587, 27882, 12 },  // 얇
    { 0xC58C, 27900, 12 },  // 얌
    { 0xC58D, 27918, 12 },  // 얍
    { 0xC58F, 27936, 12 },  // 얏
    { 0xC591, 27954, 12 },  // 양
    { 0xC595, 27972, 12 },  // 얕
    { 0xC597, 27990, 12 },  // 얗
    { 0xC598, 28008, 12 },  // 얘
    { 0xC59C, 28026, 12 },  // 얜
    { 0xC5A0, 28044, 12 },  // 얠
    { 0xC5A9, 28062, 12 },  // 얩
    { 0xC5B4, 28080, 12 },  // 어
    { 0xC5B5, 28098, 12 },  // 억
    { 0xC5B8, 28116, 12 },  // 언
    { 0xC5B9, 28134, 12 },  // 얹
    { 0xC5BB, 28152, 12 },  // 얻
    { 0xC5BC, 28170, 12 },  // 얼
    { 0xC5BD, 28188, 12 },  // 얽
    { 0xC5BE, 28206, 12 },  // 얾
    { 0xC5C4, 28224, 12 },  // 엄
    { 0xC5C5, 28242, 12 },  // 업
    { 0xC5C6, 28260, 12 },  // 없
    { 0xC5C7, 28278, 12 },  // 엇
    { 0xC5C8, 28296, 12 },  // 었
    { 0xC5C9, 28314, 12 },  // 엉
    { 0xC5CA, 28332, 12 },  // 엊
    { 0xC5CC, 28350, 12 },  // 엌
    { 0xC5CE, 28368, 12 },  // 엎
    { 0xC5D0, 28386, 12 },  // 에
    { 0xC5D1, 28404, 12 },  // 엑
    { 0xC5D4, 28422, 12 },  // 엔
    { 0xC5D8, 28440, 12 },  // 엘
    { 0xC5E0, 28458, 12 },  // 엠
    { 0xC5E1, 28476, 12 },  // 엡
    { 0xC5E3, 28494, 12 },  // 엣
    { 0xC5E5, 28512, 12 },  // 엥
    { 0xC5EC, 28530, 12 },  // 여
    { 0xC5ED, 28548, 12 },  // 역
    { 0xC5EE, 28566, 12 },  // 엮
    { 0xC5F0, 28584, 12 },  // 연
    { 0xC5F4, 28602, 12 },  // 열
    { 0xC5F6, 28620, 12 },  // 엶
    { 0xC5F7, 28638, 12 },  // 엷
    { 0xC5FC, 28656, 12 },  // 염
    { 0xC5FD, 28674, 12 },  // 엽
    { 0xC5FE, 28692, 12 },  // 엾
    { 0xC5FF, 28710, 12 },  // 엿
    { 0xC600, 28728, 12 },  // 였
    { 0xC601, 28746, 12 },  // 영
    { 0xC605, 28764, 12 },  // 옅
    { 0xC606, 28782, 12 },  // 옆
    { 0xC607, 28800, 12 },  // 옇
    { 0xC608, 28818, 12 },  // 예
    { 0xC60C, 28836, 12 },  // 옌
    { 0xC610, 28854, 12 },  // 옐
    { 0xC618, 28872, 12 },  // 옘
    { 0xC619, 28890, 12 },  // 옙
    { 0xC61B, 28908, 12 },  // 옛
    { 0xC61C, 28926, 12 },  // 옜
    { 0xC624, 28944, 12 },  // 오
    { 0xC625, 28962, 12 },  // 옥
    { 0xC628, 28980, 12 },  // 온
    { 0xC62C, 28998, 12 },  // 올
    { 0xC62D, 29016, 12 },  // 옭
    { 0xC62E, 29034, 12 },  // 옮
    { 0xC630, 29052, 12 },  // 옰
    { 0xC633, 29070, 12 },  // 옳
    { 0xC634, 29088, 12 },  // 옴
    { 0xC635, 29106, 12 },  // 옵
    { 0xC637, 29124, 12 },  // 옷
    { 0xC639, 29142, 12 },  // 옹
    { 0xC63B, 29160, 12 },  // 옻
    { 0xC640, 29178, 12 },  // 와
    { 0xC641, 29196, 12 },  // 왁
    { 0xC644, 29214, 12 },  // 완
    { 0xC648, 29232, 12 },  // 왈
    { 0xC650, 29250, 12 },  // 왐
    { 0xC651, 29268, 12 },  // 왑
    { 0xC653, 29286, 12 },  // 왓
    { 0xC654, 29304, 12 },  // 왔
    { 0xC655, 29322, 12 },  // 왕
    { 0xC65C, 29340, 12 },  // 왜
    { 0xC65D, 29358, 12 },  // 왝
    { 0xC660, 29376, 12 },  // 왠
    { 0xC66C, 29394, 12 },  // 왬
    { 0xC66F, 29412, 12 },  // 왯
    { 0xC671, 29430, 12 },  // 왱
    { 0xC678, 29448, 12 },  // 외
    { 0xC679, 29466, 12 },  // 왹
    { 0xC67C, 29484, 12 },  // 왼
    { 0xC680, 29502, 12 },  // 욀
    { 0xC688, 29520, 12 },  // 욈
    { 0xC689, 29538, 12 },  // 욉
    { 0xC68B, 29556, 12 },  // 욋
    { 0xC68D, 29574, 12 },  // 욍
    { 0xC694, 29592, 12 },  // 요
    { 0xC695, 29610, 12 },  // 욕
    { 0xC698, 29628, 12 },  // 욘
    { 0xC69C, 29646, 12 },  // 욜
    { 0xC6A4, 29664, 12 },  // 욤
    { 0xC6A5, 29682, 12 },  // 욥
    { 0xC6A7, 29700, 12 },  // 욧
    { 0xC6A9, 29718, 12 },  // 용
    { 0xC6B0, 29736, 12 },  // 우
    { 0xC6B1, 29754, 12 },  // 욱
    { 0xC6B4, 29772, 12 },  // 운
    { 0xC6B8, 29790, 12 },  // 울
    { 0xC6B9, 29808, 12 },  // 욹
    { 0xC6BA, 29826, 12 },  // 욺
    { 0xC6C0, 29844, 12 },  // 움
    { 0xC6C1, 29862, 12 },  // 웁
    { 0xC6C3, 29880, 12 },  // 웃
    { 0xC6C5, 29898, 12 },  // 웅
    { 0xC6CC, 29916, 12 },  // 워
    { 0xC6CD, 29934, 12 },  // 웍
    { 0xC6D0, 29952, 12 },  // 원
    { 0xC6D4, 29970, 12 },  // 월
    { 0xC6DC, 29988, 12 },  // 웜
    { 0xC6DD, 30006, 12 },  // 웝
    { 0xC6E0, 30024, 12 },  // 웠
    { 0xC6E1, 30042, 12 },  // 웡
    { 0xC6E8, 30060, 12 },  // 웨
    { 0xC6E9, 30078, 12 },  // 웩
    { 0xC6EC, 30096, 12 },  // 웬
    { 0xC6F0, 30114, 12 },  // 웰
    { 0xC6F8, 30132, 12 },  // 웸
    { 0xC6F9, 30150, 12 },  // 웹
    { 0xC6FD, 30168, 12 },  // 웽
    { 0xC704, 30186, 12 },  // 위
    { 0xC705, 30204, 12 },  // 윅
    { 0xC708, 30222, 12 },  // 윈
    { 0xC70C, 30240, 12 },  // 윌
    { 0xC714, 30258, 12 },  // 윔
    { 0xC715, 30276, 12 },  // 윕
    { 0xC717, 30294, 12 },  // 윗
    { 0xC719, 30312, 12 },  // 윙
    { 0xC720, 30330, 12 },  // 유
    { 0xC721, 30348, 12 },  // 육
    { 0xC724, 30366, 12 },  // 윤
    { 0xC728, 30384, 12 },  // 율
    { 0xC730, 30402, 12 },  // 윰
    { 0xC731, 30420, 12 },  // 윱
    { 0xC733, 30438, 12 },  // 윳
    { 0xC735, 30456, 12 },  // 융
    { 0xC737, 30474, 12 },  // 윷
    { 0xC73C, 30492, 12 },  // 으
    { 0xC73D, 30510, 12 },  // 윽
    { 0xC740, 30528, 12 },  // 은
    { 0xC744, 30546, 12 },  // 을
    { 0xC74A, 30564, 12 },  // 읊
    { 0xC74C, 30582, 12 },  // 음
    { 0xC74D, 30600, 12 },  // 읍
    { 0xC74F, 30618, 12 },  // 읏
    { 0xC751, 30636, 12 },  // 응
    { 0xC752, 30654, 12 },  // 읒
    { 0xC753, 30672, 12 },  // 읓
    { 0xC754, 30690, 12 },  // 읔
    { 0xC755, 30708, 12 },  // 읕
    { 0xC756, 30726, 12 },  // 읖
    { 0xC757, 30744, 12 },  // 읗
    { 0xC758, 30762, 12 },  // 의
    { 0xC75C, 30780, 12 },  // 읜
    { 0xC760, 30798, 12 },  // 읠
    { 0xC768, 30816, 12 },  // 읨
    { 0xC76B, 30834, 12 },  // 읫
    { 0xC774, 30852, 12 },  // 이
    { 0xC775, 30870, 12 },  // 익
    { 0xC778, 30888, 12 },  // 인
    { 0xC77C, 30906, 12 },  // 일
    { 0xC77D, 30924, 12 },  // 읽
    { 0xC77E, 30942, 12 },  // 읾
    { 0xC783, 30960, 12 },  // 잃
    { 0xC784, 30978, 12 },  // 임
    { 0xC785, 30996, 12 },  // 입
    { 0xC787, 31014, 12 },  // 잇
    { 0xC788, 31032, 12 },  // 있
    { 0xC789, 31050, 12 },  // 잉
    { 0xC78A, 31068, 12 },  // 잊
    { 0xC78E, 31086, 12 },  // 잎
    { 0xC790, 31104, 12 },  // 자
    { 0xC791, 31122, 12 },  // 작
    { 0xC794, 31140, 12 },  // 잔
    { 0xC796, 31158, 12 },  // 잖
    { 0xC797, 31176, 12 },  // 잗
    { 0xC798, 31194, 12 },  // 잘
    { 0xC79A, 31212, 12 },  // 잚
    { 0xC7A0, 31230, 12 },  // 잠
    { 0xC7A1, 31248, 12 },  // 잡
    { 0xC7A3, 31266, 12 },  // 잣
    { 0xC7A4, 31284, 12 },  // 잤
    { 0xC7A5, 31302, 12 },  // 장
    { 0xC7A6, 31320, 12 },  // 잦
    { 0xC7AC, 31338, 12 },  // 재
    { 0xC7AD, 31356, 12 },  // 잭
    { 0xC7B0, 31374, 12 },  // 잰
    { 0xC7B4, 31392, 12 },  // 잴
    { 0xC7BC, 31410, 12 },  // 잼
    { 0xC7BD, 31428, 12 },  // 잽
    { 0xC7BF, 31446, 12 },  // 잿
    { 0xC7C0, 31464, 12 },  // 쟀
    { 0xC7C1, 31482, 12 },  // 쟁
    { 0xC7C8, 31500, 12 },  // 쟈
    { 0xC7C9, 31518, 12 },  // 쟉
    { 0xC7CC, 31536, 12 },  // 쟌
    { 0xC7CE, 31554, 12 },  // 쟎
    { 0xC7D0, 31572, 12 },  // 쟐
    { 0xC7D8, 31590, 12 },  // 쟘
    { 0xC7DD, 31608, 12 },  // 쟝
    { 0xC7E4, 31626, 12 },  // 쟤
    { 0xC7E8, 31644, 12 },  // 쟨
    { 0xC7EC, 31662, 12 },  // 쟬
    { 0xC800, 31680, 12 },  // 저
    { 0xC801, 31698, 12 },  // 적
    { 0xC804, 31716, 12 },  // 전
    { 0xC808, 31734, 12 },  // 절
    { 0xC80A, 31752, 12 },  // 젊
    { 0xC810, 31770, 12 },  // 점
    { 0xC811, 31788, 12 },  // 접
    { 0xC813, 31806, 12 },  // 젓
    { 0xC815, 31824, 12 },  // 정
    { 0xC816, 31842, 12 },  // 젖
    { 0xC81C, 31860, 12 },  // 제
    { 0xC81D, 31878, 12 },  // 젝
    { 0xC820, 31896, 12 },  // 젠
    { 0xC824, 31914, 12 },  // 젤
    { 0xC82C, 31932, 12 },  // 젬
    { 0xC82D, 31950, 12 },  // 젭
    { 0xC82F, 31968, 12 },  // 젯
    { 0xC831, 31986, 12 },  // 젱
    { 0xC838, 32004, 12 },  // 져
    { 0xC83C, 32022, 12 },  // 젼
    { 0xC840, 32040, 12 },  // 졀
    { 0xC848, 32058, 12 },  // 졈
    { 0xC849, 32076, 12 },  // 졉
    { 0xC84C, 32094, 12 },  // 졌
    { 0xC84D, 32112, 12 },  // 졍
    { 0xC854, 32130, 12 },  // 졔
    { 0xC870, 32148, 12 },  // 조
    { 0xC871, 32166, 12 },  // 족
    { 0xC874, 32184, 12 },  // 존
    { 0xC878, 32202, 12 },  // 졸
    { 0xC87A, 32220, 12 },  // 졺
    { 0xC880, 32238, 12 },  // 좀
    { 0xC881, 32256, 12 },  // 좁
    { 0xC883, 32274, 12 },  // 좃
    { 0xC885, 32292, 12 },  // 종
    { 0xC886, 32310, 12 },  // 좆
    { 0xC887, 32328, 12 },  // 좇
    { 0xC88B, 32346, 12 },  // 좋
    { 0xC88C, 32364, 12 },  // 좌
    { 0xC88D, 32382, 12 },  // 좍
    { 0xC894, 32400, 12 },  // 좔
    { 0xC89D, 32418, 12 },  // 좝
    { 0xC89F, 32436, 12 },  // 좟
    { 0xC8A1, 32454, 12 },  // 좡
    { 0xC8A8, 32472, 12 },  // 좨
    { 0xC8BC, 32490, 12 },  // 좼
    { 0xC8BD, 32508, 12 },  // 좽
    { 0xC8C4, 32526, 12 },  // 죄
    { 0xC8C8, 32544, 12 },  // 죈
    { 0xC8CC, 32562, 12 },  // 죌
    { 0xC8D4, 32580, 12 },  // 죔
    { 0xC8D5, 32598, 12 },  // 죕
    { 0xC8D7, 32616, 12 },  // 죗
    { 0xC8D9, 32634, 12 },  // 죙
    { 0xC8E0, 32652, 12 },  // 죠
    { 0xC8E1, 32670, 12 },  // 죡
    { 0xC8E4, 32688, 12 },  // 죤
    { 0xC8F5, 32706, 12 },  // 죵
    { 0xC8FC, 32724, 12 },  // 주
    { 0xC8FD, 32742, 12 },  // 죽
    { 0xC900, 32760, 12 },  // 준
    { 0xC904, 32778, 12 },  // 줄
    { 0xC905, 32796, 12 },  // 줅
    { 0xC906, 32814, 12 },  // 줆
    { 0xC90C, 32832, 12 },  // 줌
    { 0xC90D, 32850, 12 },  // 줍
    { 0xC90F, 32868, 12 },  // 줏
    { 0xC911, 32886, 12 },  // 중
    { 0xC918, 32904, 12 },  // 줘
    { 0xC92C, 32922, 12 },  // 줬
    { 0xC934, 32940, 12 },  // 줴
    { 0xC950, 32958, 12 },  // 쥐
    { 0xC951, 32976, 12 },  // 쥑
    { 0xC954, 32994, 12 },  // 쥔
    { 0xC958, 33012, 12 },  // 쥘
    { 0xC960, 33030, 12 },  // 쥠
    { 0xC961, 33048, 12 },  // 쥡
    { 0xC963, 33066, 12 },  // 쥣
    { 0xC96C, 33084, 12 },  // 쥬
    { 0xC970, 33102, 12 },  // 쥰
    { 0xC974, 33120, 12 },  // 쥴
    { 0xC97C, 33138, 12 },  // 쥼
    { 0xC988, 33156, 12 },  // 즈
    { 0xC989, 33174, 12 },  // 즉
    { 0xC98C, 33192, 12 },  // 즌
    { 0xC990, 33210, 12 },  // 즐
    { 0xC998, 33228, 12 },  // 즘
    { 0xC999, 33246, 12 },  // 즙
    { 0xC99B, 33264, 12 },  // 즛
    { 0xC99D, 33282, 12 },  // 증
    { 0xC9C0, 33300, 12 },  // 지
    { 0xC9C1, 33318, 12 },  // 직
    { 0xC9C4, 33336, 12 },  // 진
    { 0xC9C7, 33354, 12 },  // 짇
    { 0xC9C8, 33372, 12 },  // 질
    { 0xC9CA, 33390, 12 },  // 짊
    { 0xC9D0, 33408, 12 },  // 짐
    { 0xC9D1, 33426, 12 },  // 집
    { 0xC9D3, 33444, 12 },  // 짓
    { 0xC9D5, 33462, 12 },  // 징
    { 0xC9D6, 33480, 12 },  // 짖
    { 0xC9D9, 33498, 12 },  // 짙
    { 0xC9DA, 33516, 12 },  // 짚
    { 0xC9DC, 33534, 12 },  // 짜
    { 0xC9DD, 33552, 12 },  // 짝
    { 0xC9E0, 33570, 12 },  // 짠
    { 0xC9E2, 33588, 12 },  // 짢
    { 0xC9E4, 33606, 12 },  // 짤
    { 0xC9E7, 33624, 12 },  // 짧
    { 0xC9EC, 33642, 12 },  // 짬
    { 0xC9ED, 33660, 12 },  // 짭
    { 0xC9EF, 33678, 12 },  // 짯
    { 0xC9F0, 33696, 12 },  // 짰
    { 0xC9F1, 33714, 12 },  // 짱
    { 0xC9F8, 33732, 12 },  // 째
    { 0xC9F9, 33750, 12 },  // 짹
    { 0xC9FC, 33768, 12 },  // 짼
    { 0xCA00, 33786, 12 },  // 쨀
    { 0xCA08, 33804, 12 },  // 쨈
    { 0xCA09, 33822, 12 },  // 쨉
    { 0xCA0B, 33840, 12 },  // 쨋
    { 0xCA0C, 33858, 12 },  // 쨌
    { 0xCA0D, 33876, 12 },  // 쨍
    { 0xCA14, 33894, 12 },  // 쨔
    { 0xCA18, 33912, 12 },  // 쨘
    { 0xCA29, 33930, 12 },  // 쨩
    { 0xCA4C, 33948, 12 },  // 쩌
    { 0xCA4D, 33966, 12 },  // 쩍
    { 0xCA50, 33984, 12 },  // 쩐
    { 0xCA54, 34002, 12 },  // 쩔
    { 0xCA5C, 34020, 12 },  // 쩜
    { 0xCA5D, 34038, 12 },  // 쩝
    { 0xCA5F, 34056, 12 },  // 쩟
    { 0xCA60, 34074, 12 },  // 쩠
    { 0xCA61, 34092, 12 },  // 쩡
    { 0xCA68, 34110, 12 },  // 쩨
    { 0xCA7D, 34128, 12 },  // 쩽
    { 0xCA84, 34146, 12 },  // 쪄
    { 0xCA98, 34164, 12 },  // 쪘
    { 0xCABC, 34182, 12 },  // 쪼
    { 0xCABD, 34200, 12 },  // 쪽
    { 0xCAC0, 34218, 12 },  // 쫀
    { 0xCAC4, 34236, 12 },  // 쫄
    { 0xCACC, 34254, 12 },  // 쫌
    { 0xCACD, 34272, 12 },  // 쫍
    { 0xCACF, 34290, 12 },  // 쫏
    { 0xCAD1, 34308, 12 },  // 쫑
    { 0xCAD3, 34326, 12 },  // 쫓
    { 0xCAD8, 34344, 12 },  // 쫘
    { 0xCAD9, 34362, 12 },  // 쫙
    { 0xCAE0, 34380, 12 },  // 쫠
    { 0xCAEC, 34398, 12 },  // 쫬
    { 0xCAF4, 34416, 12 },  // 쫴
    { 0xCB08, 34434, 12 },  // 쬈
    { 0xCB10, 34452, 12 },  // 쬐
    { 0xCB14, 34470, 12 },  // 쬔
    { 0xCB18, 34488, 12 },  // 쬘
    { 0xCB20, 34506, 12 },  // 쬠
    { 0xCB21, 34524, 12 },  // 쬡
    { 0xCB41, 34542, 12 },  // 쭁
    { 0xCB48, 34560, 12 },  // 쭈
    { 0xCB49, 34578, 12 },  // 쭉
    { 0xCB4C, 34596, 12 },  // 쭌
    { 0xCB50, 34614, 12 },  // 쭐
    { 0xCB58, 34632, 12 },  // 쭘
    { 0xCB59, 34650, 12 },  // 쭙
    { 0xCB5D, 34668, 12 },  // 쭝
    { 0xCB64, 34686, 12 },  // 쭤
    { 0xCB78, 34704, 12 },  // 쭸
    { 0xCB79, 34722, 12 },  // 쭹
    { 0xCB9C, 34740, 12 },  // 쮜
    { 0xCBB8, 34758, 12 },  // 쮸
    { 0xCBD4, 34776, 12 },  // 쯔
    { 0xCBE4, 34794, 12 },  // 쯤
    { 0xCBE7, 34812, 12 },  // 쯧
    { 0xCBE9, 34830, 12 },  // 쯩
    { 0xCC0C, 34848, 12 },  // 찌
    { 0xCC0D, 34866, 12 },  // 찍
    { 0xCC10, 34884, 12 },  // 찐
    { 0xCC14, 34902, 12 },  // 찔
    { 0xCC1C, 34920, 12 },  // 찜
    { 0xCC1D, 34938, 12 },  // 찝
    { 0xCC21, 34956, 12 },  // 찡
    { 0xCC22, 34974, 12 },  // 찢
    { 0xCC27, 34992, 12 },  // 찧
    { 0xCC28, 35010, 12 },  // 차
    { 0xCC29, 35028, 12 },  // 착
    { 0xCC2C, 35046, 12 },  // 찬
    { 0xCC2E, 35064, 12 },  // 찮
    { 0xCC30, 35082, 12 },  // 찰
    { 0xCC38, 35100, 12 },  // 참
    { 0xCC39, 35118, 12 },  // 찹
    { 0xCC3B, 35136, 12 },  // 찻
    { 0xCC3C, 35154, 12 },  // 찼
    { 0xCC3D, 35172, 12 },  // 창
    { 0xCC3E, 35190, 12 },  // 찾
    { 0xCC44, 35208, 12 },  // 채
    { 0xCC45, 35226, 12 },  // 책
    { 0xCC48, 35244, 12 },  // 챈
    { 0xCC4C, 35262, 12 },  // 챌
    { 0xCC54, 35280, 12 },  // 챔
    { 0xCC55, 35298, 12 },  // 챕
    { 0xCC57, 35316, 12 },  // 챗
    { 0xCC58, 35334, 12 },  // 챘
    { 0xCC59, 35352, 12 },  // 챙
    { 0xCC60, 35370, 12 },  // 챠
    { 0xCC64, 35388, 12 },  // 챤
    { 0xCC66, 35406, 12 },  // 챦
    { 0xCC68, 35424, 12 },  // 챨
    { 0xCC70, 35442, 12 },  // 챰
    { 0xCC75, 35460, 12 },  // 챵
    { 0xCC98, 35478, 12 },  // 처
    { 0xCC99, 35496, 12 },  // 척
    { 0xCC9C, 35514, 12 },  // 천
    { 0xCCA0, 35532, 12 },  // 철
    { 0xCCA8, 35550, 12 },  // 첨
    { 0xCCA9, 35568, 12 },  // 첩
    { 0xCCAB, 35586, 12 },  // 첫
    { 0xCCAC, 35604, 12 },  // 첬
    { 0xCCAD, 35622, 12 },  // 청
    { 0xCCB4, 35640, 12 },  // 체
    { 0xCCB5, 35658, 12 },  // 첵
    { 0xCCB8, 35676, 12 },  // 첸
    { 0xCCBC, 35694, 12 },  // 첼
    { 0xCCC4, 35712, 12 },  // 쳄
    { 0xCCC5, 35730, 12 },  // 쳅
    { 0xCCC7, 35748, 12 },  // 쳇
    { 0xCCC9, 35766, 12 },  // 쳉
    { 0xCCD0, 35784, 12 },  // 쳐
    { 0xCCD4, 35802, 12 },  // 쳔
    { 0xCCE4, 35820, 12 },  // 쳤
    { 0xCCEC, 35838, 12 },  // 쳬
    { 0xCCF0, 35856, 12 },  // 쳰
    { 0xCD01, 35874, 12 },  // 촁
    { 0xCD08, 35892, 12 },  // 초
    { 0xCD09, 35910, 12 },  // 촉
    { 0xCD0C, 35928, 12 },  // 촌
    { 0xCD10, 35946, 12 },  // 촐
    { 0xCD18, 35964, 12 },  // 촘
    { 0xCD19, 35982, 12 },  // 촙
    { 0xCD1B, 36000, 12 },  // 촛
    { 0xCD1D, 36018, 12 },  // 총
    { 0xCD24, 36036, 12 },  // 촤
    { 0xCD28, 36054, 12 },  // 촨
    { 0xCD2C, 36072, 12 },  // 촬
    { 0xCD39, 36090, 12 },  // 촹
    { 0xCD5C, 36108, 12 },  // 최
    { 0xCD60, 36126, 12 },  // 쵠
    { 0xCD64, 36144, 12 },  // 쵤
    { 0xCD6C, 36162, 12 },  // 쵬
    { 0xCD6D, 36180, 12 },  // 쵭
    { 0xCD6F, 36198, 12 },  // 쵯
    { 0xCD71, 36216, 12 },  // 쵱
    { 0xCD78, 36234, 12 },  // 쵸
    { 0xCD88, 36252, 12 },  // 춈
    { 0xCD94, 36270, 12 },  // 추
    { 0xCD95, 36288, 12 },  // 축
    { 0xCD98, 36306, 12 },  // 춘
    { 0xCD9C, 36324, 12 },  // 출
    { 0xCDA4, 36342, 12 },  // 춤
    { 0xCDA5, 36360, 12 },  // 춥
    { 0xCDA7, 36378, 12 },  // 춧
    { 0xCDA9, 36396, 12 },  // 충
    { 0xCDB0, 36414, 12 },  // 춰
    { 0xCDC4, 36432, 12 },  // 췄
    { 0xCDCC, 36450, 12 },  // 췌
    { 0xCDD0, 36468, 12 },  // 췐
    { 0xCDE8, 36486, 12 },  // 취
    { 0xCDEC, 36504, 12 },  // 췬
    { 0xCDF0, 36522, 12 },  // 췰
    { 0xCDF8, 36540, 12 },  // 췸
    { 0xCDF9, 36558, 12 },  // 췹
    { 0xCDFB, 36576, 12 },  // 췻
    { 0xCDFD, 36594, 12 },  // 췽
    { 0xCE04, 36612, 12 },  // 츄
    { 0xCE08, 36630, 12 },  // 츈
    { 0xCE0C, 36648, 12 },  // 츌
    { 0xCE14, 36666, 12 },  // 츔
    { 0xCE19, 36684, 12 },  // 츙
    { 0xCE20, 36702, 12 },  // 츠
    { 0xCE21, 36720, 12 },  // 측
    { 0xCE24, 36738, 12 },  // 츤
    { 0xCE28, 36756, 12 },  // 츨
    { 0xCE30, 36774, 12 },  // 츰
    { 0xCE31, 36792, 12 },  // 츱
    { 0xCE33, 36810, 12 },  // 츳
    { 0xCE35, 36828, 12 },  // 층
    { 0xCE58, 36846, 12 },  // 치
    { 0xCE59, 36864, 12 },  // 칙
    { 0xCE5C, 36882, 12 },  // 친
    { 0xCE5F, 36900, 12 },  // 칟
    { 0xCE60, 36918, 12 },  // 칠
    { 0xCE61, 36936, 12 },  // 칡
    { 0xCE68, 36954, 12 },  // 침
    { 0xCE69, 36972, 12 },  // 칩
    { 0xCE6B, 36990, 12 },  // 칫
    { 0xCE6D, 37008, 12 },  // 칭
    { 0xCE74, 37026, 12 },  // 카
    { 0xCE75, 37044, 12 },  // 칵
    { 0xCE78, 37062, 12 },  // 칸
    { 0xCE7C, 37080, 12 },  // 칼
    { 0xCE84, 37098, 12 },  // 캄
    { 0xCE85, 37116, 12 },  // 캅
    { 0xCE87, 37134, 12 },  // 캇
    { 0xCE89, 37152, 12 },  // 캉
    { 0xCE90, 37170, 12 },  // 캐
    { 0xCE91, 37188, 12 },  // 캑
    { 0xCE94, 37206, 12 },  // 캔
    { 0xCE98, 37224, 12 },  // 캘
    { 0xCEA0, 37242, 12 },  // 캠
    { 0xCEA1, 37260, 12 },  // 캡
    { 0xCEA3, 37278, 12 },  // 캣
    { 0xCEA4, 37296, 12 },  // 캤
    { 0xCEA5, 37314, 12 },  // 캥
    { 0xCEAC, 37332, 12 },  // 캬
    { 0xCEAD, 37350, 12 },  // 캭
    { 0xCEC1, 37368, 12 },  // 컁
    { 0xCEE4, 37386, 12 },  // 커
    { 0xCEE5, 37404, 12 },  // 컥
    { 0xCEE8, 37422, 12 },  // 컨
    { 0xCEEB, 37440, 12 },  // 컫
    { 0xCEEC, 37458, 12 },  // 컬
    { 0xCEF4, 37476, 12 },  // 컴
    { 0xCEF5, 37494, 12 },  // 컵
    { 0xCEF7, 37512, 12 },  // 컷
    { 0xCEF8, 37530, 12 },  // 컸
    { 0xCEF9, 37548, 12 },  // 컹
    { 0xCF00, 37566, 12 },  // 케
    { 0xCF01, 37584, 12 },  // 켁
    { 0xCF04, 37602, 12 },  // 켄
    { 0xCF08, 37620, 12 },  // 켈
    { 0xCF10, 37638, 12 },  // 켐
    { 0xCF11, 37656, 12 },  // 켑
    { 0xCF13, 37674, 12 },  // 켓
    { 0xCF15, 37692, 12 },  // 켕
    { 0xCF20, 37710, 12 },  // 켠
    { 0xCF24, 37728, 12 },  // 켤
    { 0xCF2C, 37746, 12 },  // 켬
    { 0xCF2D, 37764, 12 },  // 켭
    { 0xCF2F, 37782, 12 },  // 켯
    { 0xCF30, 37800, 12 },  // 켰
    { 0xCF31, 37818, 12 },  // 켱
    { 0xCF38, 37836, 12 },  // 켸
    { 0xCF54, 37854, 12 },  // 코
    { 0xCF55, 37872, 12 },  // 콕
    { 0xCF58, 37890, 12 },  // 콘
    { 0xCF5C, 37908, 12 },  // 콜
    { 0xCF64, 37926, 12 },  // 콤
    { 0xCF65, 37944, 12 },  // 콥
    { 0xCF67, 37962, 12 },  // 콧
    { 0xCF69, 37980, 12 },  // 콩
    { 0xCF70, 37998, 12 },  // 콰
    { 0xCF71, 38016, 12 },  // 콱
    { 0xCF74, 38034, 12 },  // 콴
    { 0xCF78, 38052, 12 },  // 콸
    { 0xCF80, 38070, 12 },  // 쾀
    { 0xCF85, 38088, 12 },  // 쾅
    { 0xCF8C, 38106, 12 },  // 쾌
    { 0xCFA1, 38124, 12 },  // 쾡
    { 0xCFA8, 38142, 12 },  // 쾨
    { 0xCFB0, 38160, 12 },  // 쾰
    { 0xCFC4, 38178, 12 },  // 쿄
    { 0xCFE0, 38196, 12 },  // 쿠
    { 0xCFE1, 38214, 12 },  // 쿡
    { 0xCFE4, 38232, 12 },  // 쿤
    { 0xCFE8, 38250, 12 },  // 쿨
    { 0xCFF0, 38268, 12 },  // 쿰
    { 0xCFF1, 38286, 12 },  // 쿱
    { 0xCFF3, 38304, 12 },  // 쿳
    { 0xCFF5, 38322, 12 },  // 쿵
    { 0xCFFC, 38340, 12 },  // 쿼
    { 0xD000, 38358, 12 },  // 퀀
    { 0xD004, 38376, 12 },  // 퀄
    { 0xD011, 38394, 12 },  // 퀑
    { 0xD018, 38412, 12 },  // 퀘
    { 0xD02D, 38430, 12 },  // 퀭
    { 0xD034, 38448, 12 },  // 퀴
    { 0xD035, 38466, 12 },  // 퀵
    { 0xD038, 38484, 12 },  // 퀸
    { 0xD03C, 38502, 12 },  // 퀼
    { 0xD044, 38520, 12 },  // 큄
    { 0xD045, 38538, 12 },  // 큅
    { 0xD047, 38556, 12 },  // 큇
    { 0xD049, 38574, 12 },  // 큉
    { 0xD050, 38592, 12 },  // 큐
    { 0xD054, 38610, 12 },  // 큔
    { 0xD058, 38628, 12 },  // 큘
    { 0xD060, 38646, 12 },  // 큠
    { 0xD06C, 38664, 12 },  // 크
    { 0xD06D, 38682, 12 },  // 큭
    { 0xD070, 38700, 12 },  // 큰
    { 0xD074, 38718, 12 },  // 클
    { 0xD07C, 38736, 12 },  // 큼
    { 0xD07D, 38754, 12 },  // 큽
    { 0xD081, 38772, 12 },  // 킁
    { 0xD0A4, 38790, 12 },  // 키
    { 0xD0A5, 38808, 12 },  // 킥
    { 0xD0A8, 38826, 12 },  // 킨
    { 0xD0AC, 38844, 12 },  // 킬
    { 0xD0B4, 38862, 12 },  // 킴
    { 0xD0B5, 38880, 12 },  // 킵
    { 0xD0B7, 38898, 12 },  // 킷
    { 0xD0B9, 38916, 12 },  // 킹
    { 0xD0C0, 38934, 12 },  // 타
    { 0xD0C1, 38952, 12 },  // 탁
    { 0xD0C4, 38970, 12 },  // 탄
    { 0xD0C8, 38988, 12 },  // 탈
    { 0xD0C9, 39006, 12 },  // 탉
    { 0xD0D0, 39024, 12 },  // 탐
    { 0xD0D1, 39042, 12 },  // 탑
    { 0xD0D3, 39060, 12 },  // 탓
    { 0xD0D4, 39078, 12 },  // 탔
    { 0xD0D5, 39096, 12 },  // 탕
    { 0xD0DC, 39114, 12 },  // 태
    { 0xD0DD, 39132, 12 },  // 택
    { 0xD0E0, 39150, 12 },  // 탠
    { 0xD0E4, 39168, 12 },  // 탤
    { 0xD0EC, 39186, 12 },  // 탬
    { 0xD0ED, 39204, 12 },  // 탭
    { 0xD0EF, 39222, 12 },  // 탯
    { 0xD0F0, 39240, 12 },  // 탰
    { 0xD0F1, 39258, 12 },  // 탱
    { 0xD0F8, 39276, 12 },  // 탸
    { 0xD10D, 39294, 12 },  // 턍
    { 0xD130, 39312, 12 },  // 터
    { 0xD131, 39330, 12 },  // 턱
    { 0xD134, 39348, 12 },  // 턴
    { 0xD138, 39366, 12 },  // 털
    { 0xD13A, 39384, 12 },  // 턺
    { 0xD140, 39402, 12 },  // 텀
    { 0xD141, 39420, 12 },  // 텁
    { 0xD143, 39438, 12 },  // 텃
    { 0xD144, 39456, 12 },  // 텄
    { 0xD145, 39474, 12 },  // 텅
    { 0xD14C, 39492, 12 },  // 테
    { 0xD14D, 39510, 12 },  // 텍
    { 0xD150, 39528, 12 },  // 텐
    { 0xD154, 39546, 12 },  // 텔
    { 0xD15C, 39564, 12 },  // 템
    { 0xD15D, 39582, 12 },  // 텝
    { 0xD15F, 39600, 12 },  // 텟
    { 0xD161, 39618, 12 },  // 텡
    { 0xD168, 39636, 12 },  // 텨
    { 0xD16C, 39654, 12 },  // 텬
    { 0xD17C, 39672, 12 },  // 텼
    { 0xD184, 39690, 12 },  // 톄
    { 0xD188, 39708, 12 },  // 톈
    { 0xD1A0, 39726, 12 },  // 토
    { 0xD1A1, 39744, 12 },  // 톡
    { 0xD1A4, 39762, 12 },  // 톤
    { 0xD1A8, 39780, 12 },  // 톨
    { 0xD1B0, 39798, 12 },  // 톰
    { 0xD1B1, 39816, 12 },  // 톱
    { 0xD1B3, 39834, 12 },  // 톳
    { 0xD1B5, 39852, 12 },  // 통
    { 0xD1BA, 39870, 12 },  // 톺
    { 0xD1BC, 39888, 12 },  // 톼
    { 0xD1C0, 39906, 12 },  // 퇀
    { 0xD1D8, 39924, 12 },  // 퇘
    { 0xD1F4, 39942, 12 },  // 퇴
    { 0xD1F8, 39960, 12 },  // 퇸
    { 0xD207, 39978, 12 },  // 툇
    { 0xD209, 39996, 12 },  // 툉
    { 0xD210, 40014, 12 },  // 툐
    { 0xD22C, 40032, 12 },  // 투
    { 0xD22D, 40050, 12 },  // 툭
    { 0xD230, 40068, 12 },  // 툰
    { 0xD234, 40086, 12 },  // 툴
    { 0xD23C, 40104, 12 },  // 툼
    { 0xD23D, 40122, 12 },  // 툽
    { 0xD23F, 40140, 12 },  // 툿
    { 0xD241, 40158, 12 },  // 퉁
    { 0xD248, 40176, 12 },  // 퉈
    { 0xD25C, 40194, 12 },  // 퉜
    { 0xD264, 40212, 12 },  // 퉤
    { 0xD280, 40230, 12 },  // 튀
    { 0xD281, 40248, 12 },  // 튁
    { 0xD284, 40266, 12 },  // 튄
    { 0xD288, 40284, 12 },  // 튈
    { 0xD290, 40302, 12 },  // 튐
    { 0xD291, 40320, 12 },  // 튑
    { 0xD295, 40338, 12 },  // 튕
    { 0xD29C, 40356, 12 },  // 튜
    { 0xD2A0, 40374, 12 },  // 튠
    { 0xD2A4, 40392, 12 },  // 튤
    { 0xD2AC, 40410, 12 },  // 튬
    { 0xD2B1, 40428, 12 },  // 튱
    { 0xD2B8, 40446, 12 },  // 트
    { 0xD2B9, 40464, 12 },  // 특
    { 0xD2BC, 40482, 12 },  // 튼
    { 0xD2BF, 40500, 12 },  // 튿
    { 0xD2C0, 40518, 12 },  // 틀
    { 0xD2C2, 40536, 12 },  // 틂
    { 0xD2C8, 40554, 12 },  // 틈
    { 0xD2C9, 40572, 12 },  // 틉
    { 0xD2CB, 40590, 12 },  // 틋
    { 0xD2D4, 40608, 12 },  // 틔
    { 0xD2D8, 40626, 12 },  // 틘
    { 0xD2DC, 40644, 12 },  // 틜
    { 0xD2E4, 40662, 12 },  // 틤
    { 0xD2E5, 40680, 12 },  // 틥
    { 0xD2F0, 40698, 12 },  // 티
    { 0xD2F1, 40716, 12 },  // 틱
    { 0xD2F4, 40734, 12 },  // 틴
    { 0xD2F8, 40752, 12 },  // 틸
    { 0xD300, 40770, 12 },  // 팀
    { 0xD301, 40788, 12 },  // 팁
    { 0xD303, 40806, 12 },  // 팃
    { 0xD305, 40824, 12 },  // 팅
    { 0xD30C, 40842, 12 },  // 파
    { 0xD30D, 40860, 12 },  // 팍
    { 0xD30E, 40878, 12 },  // 팎
    { 0xD310, 40896, 12 },  // 판
    { 0xD314, 40914, 12 },  // 팔
    { 0xD316, 40932, 12 },  // 팖
    { 0xD31C, 40950, 12 },  // 팜
    { 0xD31D, 40968, 12 },  // 팝
    { 0xD31F, 40986, 12 },  // 팟
    { 0xD320, 41004, 12 },  // 팠
    { 0xD321, 41022, 12 },  // 팡
    { 0xD325, 41040, 12 },  // 팥
    { 0xD328, 41058, 12 },  // 패
    { 0xD329, 41076, 12 },  // 팩
    { 0xD32C, 41094, 12 },  // 팬
    { 0xD330, 41112, 12 },  // 팰
    { 0xD338, 41130, 12 },  // 팸
    { 0xD339, 41148, 12 },  // 팹
    { 0xD33B, 41166, 12 },  // 팻
    { 0xD33C, 41184, 12 },  // 팼
    { 0xD33D, 41202, 12 },  // 팽
    { 0xD344, 41220, 12 },  // 퍄
    { 0xD345, 41238, 12 },  // 퍅
    { 0xD37C, 41256, 12 },  // 퍼
    { 0xD37D, 41274, 12 },  // 퍽
    { 0xD380, 41292, 12 },  // 펀
    { 0xD384, 41310, 12 },  // 펄
    { 0xD38C, 41328, 12 },  // 펌
    { 0xD38D, 41346, 12 },  // 펍
    { 0xD38F, 41364, 12 },  // 펏
    { 0xD390, 41382, 12 },  // 펐
    { 0xD391, 41400, 12 },  // 펑
    { 0xD398, 41418, 12 },  // 페
    { 0xD399, 41436, 12 },  // 펙
    { 0xD39C, 41454, 12 },  // 펜
    { 0xD3A0, 41472, 12 },  // 펠
    { 0xD3A8, 41490, 12 },  // 펨
    { 0xD3A9, 41508, 12 },  // 펩
    { 0xD3AB, 41526, 12 },  // 펫
    { 0xD3AD, 41544, 12 },  // 펭
    { 0xD3B4, 41562, 12 },  // 펴
    { 0xD3B8, 41580, 12 },  // 편
    { 0xD3BC, 41598, 12 },  // 펼
    { 0xD3C4, 41616, 12 },  // 폄
    { 0xD3C5, 41634, 12 },  // 폅
    { 0xD3C8, 41652, 12 },  // 폈
    { 0xD3C9, 41670, 12 },  // 평
    { 0xD3D0, 41688, 12 },  // 폐
    { 0xD3D8, 41706, 12 },  // 폘
    { 0xD3E1, 41724, 12 },  // 폡
    { 0xD3E3, 41742, 12 },  // 폣
    { 0xD3EC, 41760, 12 },  // 포
    { 0xD3ED, 41778, 12 },  // 폭
    { 0xD3F0, 41796, 12 },  // 폰
    { 0xD3F4, 41814, 12 },  // 폴
    { 0xD3FC, 41832, 12 },  // 폼
    { 0xD3FD, 41850, 12 },  // 폽
    { 0xD3FF, 41868, 12 },  // 폿
    { 0xD401, 41886, 12 },  // 퐁
    { 0xD408, 41904, 12 },  // 퐈
    { 0xD41D, 41922, 12 },  // 퐝
    { 0xD440, 41940, 12 },  // 푀
    { 0xD444, 41958, 12 },  // 푄
    { 0xD45C, 41976, 12 },  // 표
    { 0xD460, 41994, 12 },  // 푠
    { 0xD464, 42012, 12 },  // 푤
    { 0xD46D, 42030, 12 },  // 푭
    { 0xD46F, 42048, 12 },  // 푯
    { 0xD478, 42066, 12 },  // 푸
    { 0xD479, 42084, 12 },  // 푹
    { 0xD47C, 42102, 12 },  // 푼
    { 0xD47F, 42120, 12 },  // 푿
    { 0xD480, 42138, 12 },  // 풀
    { 0xD482, 42156, 12 },  // 풂
    { 0xD488, 42174, 12 },  // 품
    { 0xD489, 42192, 12 },  // 풉
    { 0xD48B, 42210, 12 },  // 풋
    { 0xD48D, 42228, 12 },  // 풍
    { 0xD494, 42246, 12 },  // 풔
    { 0xD4A9, 42264, 12 },  // 풩
    { 0xD4CC, 42282, 12 },  // 퓌
    { 0xD4D0, 42300, 12 },  // 퓐
    { 0xD4D4, 42318, 12 },  // 퓔
    { 0xD4DC, 42336, 12 },  // 퓜
    { 0xD4DF, 42354, 12 },  // 퓟
    { 0xD4E8, 42372, 12 },  // 퓨
    { 0xD4EC, 42390, 12 },  // 퓬
    { 0xD4F0, 42408, 12 },  // 퓰
    { 0xD4F8, 42426, 12 },  // 퓸
    { 0xD4FB, 42444, 12 },  // 퓻
    { 0xD4FD, 42462, 12 },  // 퓽
    { 0xD504, 42480, 12 },  // 프
    { 0xD508, 42498, 12 },  // 픈
    { 0xD50C, 42516, 12 },  // 플
    { 0xD514, 42534, 12 },  // 픔
    { 0xD515, 42552, 12 },  // 픕
    { 0xD517, 42570, 12 },  // 픗
    { 0xD53C, 42588, 12 },  // 피
    { 0xD53D, 42606, 12 },  // 픽
    { 0xD540, 42624, 12 },  // 핀
    { 0xD544, 42642, 12 },  // 필
    { 0xD54C, 42660, 12 },  // 핌
    { 0xD54D, 42678, 12 },  // 핍
    { 0xD54F, 42696, 12 },  // 핏
    { 0xD551, 42714, 12 },  // 핑
    { 0xD558, 42732, 12 },  // 하
    { 0xD559, 42750, 12 },  // 학
    { 0xD55C, 42768, 12 },  // 한
    { 0xD560, 42786, 12 },  // 할
    { 0xD565, 42804, 12 },  // 핥
    { 0xD568, 42822, 12 },  // 함
    { 0xD569, 42840, 12 },  // 합
    { 0xD56B, 42858, 12 },  // 핫
    { 0xD56D, 42876, 12 },  // 항
    { 0xD574, 42894, 12 },  // 해
    { 0xD575, 42912, 12 },  // 핵
    { 0xD578, 42930, 12 },  // 핸
    { 0xD57C, 42948, 12 },  // 핼
    { 0xD584, 42966, 12 },  // 햄
    { 0xD585, 42984, 12 },  // 햅
    { 0xD587, 43002, 12 },  // 햇
    { 0xD588, 43020, 12 },  // 했
    { 0xD589, 43038, 12 },  // 행
    { 0xD590, 43056, 12 },  // 햐
    { 0xD5A5, 43074, 12 },  // 향
    { 0xD5C8, 43092, 12 },  // 허
    { 0xD5C9, 43110, 12 },  // 헉
    { 0xD5CC, 43128, 12 },  // 헌
    { 0xD5D0, 43146, 12 },  // 헐
    { 0xD5D2, 43164, 12 },  // 헒
    { 0xD5D8, 43182, 12 },  // 험
    { 0xD5D9, 43200, 12 },  // 헙
    { 0xD5DB, 43218, 12 },  // 헛
    { 0xD5DD, 43236, 12 },  // 헝
    { 0xD5E4, 43254, 12 },  // 헤
    { 0xD5E5, 43272, 12 },  // 헥
    { 0xD5E8, 43290, 12 },  // 헨
    { 0xD5EC, 43308, 12 },  // 헬
    { 0xD5F4, 43326, 12 },  // 헴
    { 0xD5F5, 43344, 12 },  // 헵
    { 0xD5F7, 43362, 12 },  // 헷
    { 0xD5F9, 43380, 12 },  // 헹
    { 0xD600, 43398, 12 },  // 혀
    { 0xD601, 43416, 12 },  // 혁
    { 0xD604, 43434, 12 },  // 현
    { 0xD608, 43452, 12 },  // 혈
    { 0xD610, 43470, 12 },  // 혐
    { 0xD611, 43488, 12 },  // 협
    { 0xD613, 43506, 12 },  // 혓
    { 0xD614, 43524, 12 },  // 혔
    { 0xD615, 43542, 12 },  // 형
    { 0xD61C, 43560, 12 },  // 혜
    { 0xD620, 43578, 12 },  // 혠
    { 0xD624, 43596, 12 },  // 혤
    { 0xD62D, 43614, 12 },  // 혭
    { 0xD638, 43632, 12 },  // 호
    { 0xD639, 43650, 12 },  // 혹
    { 0xD63C, 43668, 12 },  // 혼
    { 0xD640, 43686, 12 },  // 홀
    { 0xD645, 43704, 12 },  // 홅
    { 0xD648, 43722, 12 },  // 홈
    { 0xD649, 43740, 12 },  // 홉
    { 0xD64B, 43758, 12 },  // 홋
    { 0xD64D, 43776, 12 },  // 홍
    { 0xD651, 43794, 12 },  // 홑
    { 0xD654, 43812, 12 },  // 화
    { 0xD655, 43830, 12 },  // 확
    { 0xD658, 43848, 12 },  // 환
    { 0xD65C, 43866, 12 },  // 활
    { 0xD667, 43884, 12 },  // 홧
    { 0xD669, 43902, 12 },  // 황
    { 0xD670, 43920, 12 },  // 홰
    { 0xD671, 43938, 12 },  // 홱
    { 0xD674, 43956, 12 },  // 홴
    { 0xD683, 43974, 12 },  // 횃
    { 0xD685, 43992, 12 },  // 횅
    { 0xD68C, 44010, 12 },  // 회
    { 0xD68D, 44028, 12 },  // 획
    { 0xD690, 44046, 12 },  // 횐
    { 0xD694, 44064, 12 },  // 횔
    { 0xD69D, 44082, 12 },  // 횝
    { 0xD69F, 44100, 12 },  // 횟
    { 0xD6A1, 44118, 12 },  // 횡
    { 0xD6A8, 44136, 12 },  // 효
    { 0xD6AC, 44154, 12 },  // 횬
    { 0xD6B0, 44172, 12 },  // 횰
    { 0xD6B9, 44190, 12 },  // 횹
    { 0xD6BB, 44208, 12 },  // 횻
    { 0xD6C4, 44226, 12 },  // 후
    { 0xD6C5, 44244, 12 },  // 훅
    { 0xD6C8, 44262, 12 },  // 훈
    { 0xD6CC, 44280, 12 },  // 훌
    { 0xD6D1, 44298, 12 },  // 훑
    { 0xD6D4, 44316, 12 },  // 훔
    { 0xD6D7, 44334, 12 },  // 훗
    { 0xD6D9, 44352, 12 },  // 훙
    { 0xD6E0, 44370, 12 },  // 훠
    { 0xD6E4, 44388, 12 },  // 훤
    { 0xD6E8, 44406, 12 },  // 훨
    { 0xD6F0, 44424, 12 },  // 훰
    { 0xD6F5, 44442, 12 },  // 훵
    { 0xD6FC, 44460, 12 },  // 훼
    { 0xD6FD, 44478, 12 },  // 훽
    { 0xD700, 44496, 12 },  // 휀
    { 0xD704, 44514, 12 },  // 휄
    { 0xD711, 44532, 12 },  // 휑
    { 0xD718, 44550, 12 },  // 휘
    { 0xD719, 44568, 12 },  // 휙
    { 0xD71C, 44586, 12 },  // 휜
    { 0xD720, 44604, 12 },  // 휠
    { 0xD728, 44622, 12 },  // 휨
    { 0xD729, 44640, 12 },  // 휩
    { 0xD72B, 44658, 12 },  // 휫
    { 0xD72D, 44676, 12 },  // 휭
    { 0xD734, 44694, 12 },  // 휴
    { 0xD735, 44712, 12 },  // 휵
    { 0xD738, 44730, 12 },  // 휸
    { 0xD73C, 44748, 12 },  // 휼
    { 0xD744, 44766, 12 },  // 흄
    { 0xD747, 44784, 12 },  // 흇
    { 0xD749, 44802, 12 },  // 흉
    { 0xD750, 44820, 12 },  // 흐
    { 0xD751, 44838, 12 },  // 흑
    { 0xD754, 44856, 12 },  // 흔
    { 0xD756, 44874, 12 },  // 흖
    { 0xD757, 44892, 12 },  // 흗
    { 0xD758, 44910, 12 },  // 흘
    { 0xD759, 44928, 12 },  // 흙
    { 0xD760, 44946, 12 },  // 흠
    { 0xD761, 44964, 12 },  // 흡
    { 0xD763, 44982, 12 },  // 흣
    { 0xD765, 45000, 12 },  // 흥
    { 0xD769, 45018, 12 },  // 흩
    { 0xD76C, 45036, 12 },  // 희
    { 0xD770, 45054, 12 },  // 흰
    { 0xD774, 45072, 12 },  // 흴
    { 0xD77C, 45090, 12 },  // 흼
    { 0xD77D, 45108, 12 },  // 흽
    { 0xD781, 45126, 12 },  // 힁
    { 0xD788, 45144, 12 },  // 히
    { 0xD789, 45162, 12 },  // 힉
    { 0xD78C, 45180, 12 },  // 힌
    { 0xD790, 45198, 12 },  // 힐
    { 0xD798, 45216, 12 },  // 힘
    { 0xD799, 45234, 12 },  // 힙
    { 0xD79B, 45252, 12 },  // 힛
    { 0xD79D, 45270, 12 },  // 힝
    { 0xFF01, 45288, 12 },  // ！
    { 0xFF02, 45306, 12 },  // ＂
    { 0xFF03, 45324, 12 },  // ＃
    { 0xFF04, 45342, 12 },  // ＄
    { 0xFF05, 45360, 12 },  // ％
    { 0xFF06, 45378, 12 },  // ＆
    { 0xFF07, 45396, 12 },  // ＇
    { 0xFF08, 45414, 12 },  // （
    { 0xFF09, 45432, 12 },  // ）
    { 0xFF0A, 45450, 12 },  // ＊
    { 0xFF0B, 45468, 12 },  // ＋
    { 0xFF0C, 45486, 12 },  // ，
    { 0xFF0D, 45504, 12 },  // －
    { 0xFF0E, 45522, 12 },  // ．
    { 0xFF0F, 45540, 12 },  // ／
    { 0xFF10, 45558, 12 },  // ０
    { 0xFF11, 45576, 12 },  // １
    { 0xFF12, 45594, 12 },  // ２
    { 0xFF13, 45612, 12 },  // ３
    { 0xFF14, 45630, 12 },  // ４
    { 0xFF15, 45648, 12 },  // ５
    { 0xFF16, 45666, 12 },  // ６
    { 0xFF17, 45684, 12 },  // ７
    { 0xFF18, 45702, 12 },  // ８
    { 0xFF19, 45720, 12 },  // ９
    { 0xFF1A, 45738, 12 },  // ：
    { 0xFF1B, 45756, 12 },  // ；
    { 0xFF1C, 45774, 12 },  // ＜
    { 0xFF1D, 45792, 12 },  // ＝
    { 0xFF1E, 45810, 12 },  // ＞
    { 0xFF1F, 45828, 12 },  // ？
    { 0xFF20, 45846, 12 },  // ＠
    { 0xFF21, 45864, 12 },  // Ａ
    { 0xFF22, 45882, 12 },  // Ｂ
    { 0xFF23, 45900, 12 },  // Ｃ
    { 0xFF24, 45918, 12 },  // Ｄ
    { 0xFF25, 45936, 12 },  // Ｅ
    { 0xFF26, 45954, 12 },  // Ｆ
    { 0xFF27, 45972, 12 },  // Ｇ
    { 0xFF28, 45990, 12 },  // Ｈ
    { 0xFF29, 46008, 12 },  // Ｉ
    { 0xFF2A, 46026, 12 },  // Ｊ
    { 0xFF2B, 46044, 12 },  // Ｋ
    { 0xFF2C, 46062, 12 },  // Ｌ
    { 0xFF2D, 46080, 12 },  // Ｍ
    { 0xFF2E, 46098, 12 },  // Ｎ
    { 0xFF2F, 46116, 12 },  // Ｏ
    { 0xFF30, 46134, 12 },  // Ｐ
    { 0xFF31, 46152, 12 },  // Ｑ
    { 0xFF32, 46170, 12 },  // Ｒ
    { 0xFF33, 46188, 12 },  // Ｓ
    { 0xFF34, 46206, 12 },  // Ｔ
    { 0xFF35, 46224, 12 },  // Ｕ
    { 0xFF36, 46242, 12 },  // Ｖ
    { 0xFF37, 46260, 12 },  // Ｗ
    { 0xFF38, 46278, 12 },  // Ｘ
    { 0xFF39, 46296, 12 },  // Ｙ
    { 0xFF3A, 46314, 12 },  // Ｚ
    { 0xFF3B, 46332, 12 },  // ［
    { 0xFF3C, 46350, 12 },  // ＼
    { 0xFF3D, 46368, 12 },  // ］
    { 0xFF3E, 46386, 12 },  // ＾
    { 0xFF3F, 46404, 12 },  // ＿
    { 0xFF40, 46422, 12 },  // ｀
    { 0xFF41, 46440, 12 },  // ａ
    { 0xFF42, 46458, 12 },  // ｂ
    { 0xFF43, 46476, 12 },  // ｃ
    { 0xFF44, 46494, 12 },  // ｄ
    { 0xFF45, 46512, 12 },  // ｅ
    { 0xFF46, 46530, 12 },  // ｆ
    { 0xFF47, 46548, 12 },  // ｇ
    { 0xFF48, 46566, 12 },  // ｈ
    { 0xFF49, 46584, 12 },  // ｉ
    { 0xFF4A, 46602, 12 },  // ｊ
    { 0xFF4B, 46620, 12 },  // ｋ
    { 0xFF4C, 46638, 12 },  // ｌ
    { 0xFF4D, 46656, 12 },  // ｍ
    { 0xFF4E, 46674, 12 },  // ｎ
    { 0xFF4F, 46692, 12 },  // ｏ
    { 0xFF50, 46710, 12 },  // ｐ
    { 0xFF51, 46728, 12 },  // ｑ
    { 0xFF52, 46746, 12 },  // ｒ
    { 0xFF53, 46764, 12 },  // ｓ
    { 0xFF54, 46782, 12 },  // ｔ
    { 0xFF55, 46800, 12 },  // ｕ
    { 0xFF56, 46818, 12 },  // ｖ
    { 0xFF57, 46836, 12 },  // ｗ
    { 0xFF58, 46854, 12 },  // ｘ
    { 0xFF59, 46872, 12 },  // ｙ
    { 0xFF5A, 46890, 12 },  // ｚ
    { 0xFF5B, 46908, 12 },  // ｛
    { 0xFF5C, 46926, 12 },  // ｜
    { 0xFF5D, 46944, 12 },  // ｝
    { 0xFF5E, 46962, 12 },  // ～
    { 0xFFFD, 46980, 12 },  //  
};

const CJKFont KoreanFont12px PROGMEM = {
    KoreanFont12px_Bitmap,
    KoreanFont12px_Glyphs,
    2619,   // glyphCount
    12,     // width
    12,     // height
    13, // xAdvance
    -12,    // yOffset
};

} // namespace NicheGraphics
